﻿1;"Instrumentista"
2;"Fisioterapeuta"
3;"Terapeuta Ocupacional"
4;"Farmaceutico/a"
5;"Optico/a"
6;"Podologo"
7;"Enfermero/a"
8;"Bioquimico/a"
9;"Ingeniero/a Biomedico/a"
10;"Ingeniero/a Fisicomedico/a"
11;"Bioingeniero/a"
12;"Medico/a en Alergologia"
13;"Medico/a Anestesista"
14;"Medico/a en Cardiologia"
15;"Medico/a en Gastroenterologia"
16;"Medico/a en Endocrinologia"
17;"Medico/a en Epidemiologia"
18;"Medico/a en Geriatría"
19;"Medico/a en Hepatologia"
20;"Medico/a en Hematologia"
21;"Medico/a en Infectologia"
22;"Medico/a del Deporte"
23;"Medico/a del Trabajo"
24;"Medico/a de Urgencias"
25;"Medico/a Familiar y Comunitaria"
26;"Medicina física y rehabilitación"
27;"Medicina intensiva"
28;"Medicina interna"
29;"Medicina forense"
30;"Medicina preventiva y salud pública"
31;"Nefrologo/a"
32;"Neumologo/a"
33;"Neurologo/a"
34;"Nutriologo/a"
35;"Oncología médica"
36;"Oncología radioterápica"
37;"Pediatra"
38;"Psiquiatra"
39;"Reumatologo/a"
40;"Toxicologo/a"
41;"Cirugía cardíaca"
42;"Cirugía general"
43;"Cirugía oral y maxilofacial"
44;"Cirugía ortopédica"
45;"Cirugía pediátrica"
46;"Cirugía plástica"
47;"Cirugía torácica"
48;"Neurocirugía"
49;"Angiologo/a"
50;"Dermatologo/a"
51;"Ginecologo/a"
52;"Oftalmologo/a"
53;"Otorrinolaringologo/a"
54;"Urologo/a"
55;"Traumatologo/a"
56;"Análisis clínico"
57;"Anatomía patológica"
58;"Farmacología"
59;"Genética médica"
60;"Inmunología"
61;"Medicina nuclear"
62;"Microbiología y parasitología"
63;"Neurofisiología clínica"
64;"Radiologo/a"
