﻿1;"Dispensing Solutions, Inc.";"509 Marquette Crossing";"dtween0@prlog.org";22
2;"nombre";"direccion";"email";0
3;"Roerig";"0549 Sullivan Parkway";"wcootes2@xinhuanet.com";21
4;"McKesson";"58251 Arrowood Center";"ggrigorian3@ibm.com";20
5;"Rebel Distributors Corp";"87425 Prairie Rose Street";"cworsham4@ifeng.com";16
6;"Lake Erie Medical DBA Quality Care Products L";"5 Daystar Alley";"apikhno5@sakura.ne.jp";10
7;"Wockhardt USA LLC.";"20 Talmadge Plaza";"cknight6@hugedomains.com";7
8;"Aaron Industries, Inc.";"84893 Eggendart Junction";"mnewland7@blogtalkradio.com";1
9;"HOMEOLAB USA INC.";"5054 Ridgeview Circle";"gbroschek8@phpbb.com";7
10;"Pfizer Laboratories Div Pfizer Inc";"9763 Lillian Alley";"rlecky9@webmd.com";6
11;"Supervalu Inc";"424 Shoshone Junction";"fplincka@dailymail.co.uk";1
12;"Reckitt Benckiser LLC";"1169 Forest Dale Lane";"twallesb@google.ru";10
13;"Pharmaceutical Associates, Inc,";"90 Morning Circle";"hwraightc@soup.io";6
14;"Aspen Global Inc.";"30 Memorial Junction";"llouthd@irs.gov";7
15;"Apotex Corp.";"240 Meadow Vale Place";"ebiskupiake@tamu.edu";13
16;"Preferred Pharmaceuticals, Inc.";"71464 High Crossing Place";"qkinanef@macromedia.com";14
17;"McKesson Contract Packaging";"3 Annamark Center";"cbuardg@ucla.edu";21
18;"Skin Deep";"797 Sullivan Center";"siuorioh@slate.com";21
19;"ALK-Abello, Inc.";"51 Elmside Way";"gzealei@devhub.com";17
20;"Uriel Pharmacy Inc.";"8511 Vahlen Place";"fpenddrethj@msn.com";5
21;"Physicians Total Care, Inc.";"15 Forster Parkway";"mpinckk@list-manage.com";3
22;"OMP, INC.";"0 Waxwing Pass";"kmourguel@csmonitor.com";22
23;"Nelco Laboratories, Inc.";"219 Schmedeman Terrace";"mstothertm@weather.com";20
24;"Fresenius Medical Care North America";"3726 Old Shore Drive";"etrehernen@comsenz.com";5
25;"Vitality Works, Inc.";"314 Autumn Leaf Lane";"jskarro@elegantthemes.com";1
26;"Allermed Laboratories, Inc.";"2939 Dawn Road";"trosonep@creativecommons.org";17
27;"Lake Erie Medical DBA Quality Care Products L";"50387 Gerald Hill";"jcapeloffq@webmd.com";19
28;"REMEDYREPACK INC.";"5 Grim Street";"tmadiner@examiner.com";8
29;"TOPCO Associates, LLC";"3350 Dapin Way";"stuillers@privacy.gov.au";6
30;"American Health Packaging";"3 Tomscot Junction";"ebroet@tinyurl.com";5
31;"Jubilant HollisterStier LLC";"704 Corscot Junction";"anuddu@chicagotribune.com";5
32;"Golden State Medical Supply, Inc.";"189 Bartillon Terrace";"gkirmanv@adobe.com";13
33;"Mylan Pharmaceuticals Inc.";"8 Susan Way";"alutwychew@cnn.com";13
34;"Preferred Pharmaceuticals, Inc";"111 Kim Trail";"fdumperx@shareasale.com";12
35;"Fresenius Kabi USA, LLC";"66397 Talmadge Lane";"sbenoyy@gov.uk";15
36;"Prasco Laboratories";"42 Delaware Avenue";"ayvensz@dion.ne.jp";20
37;"Zydus Pharmaceuticals (USA) Inc.";"29 Vidon Junction";"lvanyutin10@ow.ly";4
38;"Topco Associates LLC";"82 Corscot Crossing";"dkennicott11@google.com.au";14
39;"Ventura International LTD.";"796 Norway Maple Plaza";"bosgodby12@rambler.ru";20
40;"REMEDYREPACK INC.";"42136 Northland Street";"epargent13@arstechnica.com";5
41;"Bolero Home Decor, Inc.";"35389 Dovetail Lane";"rstappard14@amazon.de";6
42;"Cardinal Health";"4 Warbler Point";"eringwood15@goodreads.com";3
43;"PruGen, Inc.";"6 Main Way";"ripsgrave16@scribd.com";16
44;"State of Florida DOH Central Pharmacy";"48066 Delaware Junction";"sinwood17@ameblo.jp";8
45;"E-Z-EM Canada Inc";"41450 Melby Place";"tbridson18@alexa.com";15
46;"Genomma Lab USA, Inc.";"253 Cottonwood Circle";"porcas19@arizona.edu";22
47;"Rimmel Inc.";"88 School Street";"pgoublier1a@theguardian.com";1
48;"Coty US LLC";"4916 Mayer Circle";"fokielt1b@1688.com";6
49;"CVS";"90 Erie Way";"ggaffer1c@youtube.com";14
50;"Fallien Cosmeceuticals, LTD.";"91685 Veith Drive";"eburnip1d@sohu.com";14
51;"Aaron Industries, Inc.";"25064 Ryan Terrace";"nclapison1e@geocities.jp";23
52;"OPI Products, Inc";"63 Vidon Terrace";"mnecrews1f@sakura.ne.jp";9
53;"Jubilant HollisterStier LLC";"4059 Farmco Lane";"sstowte1g@weather.com";9
54;"Bryant Ranch Prepack";"59 8th Point";"critch1h@ca.gov";1
55;"Hy-Vee, Inc";"742 International Alley";"lstonman1i@biglobe.ne.jp";5
56;"REMEDYREPACK INC.";"8990 Farmco Terrace";"bnewstead1j@comcast.net";13
57;"PD-Rx Pharmaceuticals, Inc.";"4807 Haas Trail";"sdorricott1k@1688.com";24
58;"Premier Value (Chain Drug Consortium, LLC)";"44 Elmside Drive";"ddecruce1l@vkontakte.ru";24
59;"Nelco Laboratories, Inc.";"87497 Stoughton Way";"egrolle1m@printfriendly.com";2
60;"Noxell";"91044 Canary Crossing";"tkornousek1n@unc.edu";4
61;"Deseret Biologicals, Inc.";"449 Packers Point";"lblampey1o@nbcnews.com";4
62;"SHISEIDO AMERICAS CORPORATION";"5 Cherokee Drive";"hfoard1p@xinhuanet.com";17
63;"Nelco Laboratories, Inc.";"6092 Kedzie Place";"dwrotham1q@sun.com";17
64;"Ventura International LTD.";"0 Prairieview Plaza";"vmanns1r@zimbio.com";8
65;"HANLIM PHARM. CO., LTD.";"05481 Forest Dale Place";"cmcconnachie1s@shareasale.com";11
66;"Cobalt Laboratories";"271 Mitchell Drive";"pfelder1t@bloglines.com";23
67;"Ningbo Pulisi Daily Chemical Products Co.,Ltd";"99818 Northfield Road";"chackett1u@creativecommons.org";9
68;"Sandoz Inc";"56 Pawling Hill";"egaunson1v@sfgate.com";15
69;"7-Eleven";"9 Hintze Lane";"kmozzini1w@wikipedia.org";18
70;"Qualitest Pharmaceuticals";"9999 Mifflin Street";"rboltwood1x@yahoo.com";16
71;"Sunovion Pharmaceuticals Inc.";"30356 6th Pass";"bkitchaside1y@wunderground.com";16
72;"Kadmon Pharmaceuticals, LLC";"1 Carberry Crossing";"gmiroy1z@instagram.com";21
73;"Lake Erie Medical DBA Quality Care Products";"53 Cherokee Trail";"eandryushchenko20@pagesperso-orange.fr";3
74;"Merck Sharp & Dohme Corp.";"05 Arrowood Drive";"mgrindall21@chron.com";22
75;"Sato Pharmaceutical Co., Ltd.";"0 Sherman Point";"rfrary22@ehow.com";7
76;"Kroger Company";"23 Summit Park";"vpayley23@acquirethisname.com";15
77;"Home Sweet Homeopathics";"7914 Green Alley";"ikleinsmuntz24@creativecommons.org";16
78;"American Health Packaging";"9 Sundown Park";"jantram25@hao123.com";19
79;"Premier Value";"68 Monica Point";"jodhams26@github.io";2
80;"WOONSOCKET PRESCRIPTION CENTER,INCORPORATED";"2435 Kingsford Junction";"aparkman27@furl.net";12
81;"Budpak Inc.";"113 Duke Junction";"tlage28@livejournal.com";1
82;"TYA Pharmaceuticals";"5 Hoepker Drive";"ztelega29@hugedomains.com";16
83;"Safeway";"622 Ludington Junction";"hsandyford2a@rediff.com";3
84;"WALGREEN CO.";"1397 Arapahoe Road";"bharsant2b@dmoz.org";6
85;"Mission Hills S.A de C.V";"17030 Petterle Lane";"smance2c@cdbaby.com";10
86;"Meijer Distribution, Inc";"3 Ridge Oak Alley";"tsweedy2d@youku.com";7
87;"Lannett Company, Inc.";"886 Dayton Avenue";"rgatch2e@google.fr";13
88;"STAT Rx USA LLC";"17085 Lakewood Pass";"cmoncey2f@biblegateway.com";10
89;"Antigen Laboratories, Inc.";"42 Stang Avenue";"gpacitti2g@dyndns.org";5
90;"Accord Healthcare Inc";"2828 Lakewood Gardens Circle";"lhupka2h@gnu.org";2
91;"The Body Shop Wake Forest";"3388 Clemons Drive";"hdagnall2i@dailymotion.com";19
92;"Dispensing Solutions, Inc.";"77 Blue Bill Park Park";"cmiltonwhite2j@usgs.gov";7
93;"MICELLBio Co., Ltd";"193 Bellgrove Circle";"bbikker2k@51.la";6
94;"ALK-Abello, Inc.";"666 Claremont Point";"jrubinsztein2l@4shared.com";10
95;"Med-Health Pharma, LLC";"33287 Roxbury Drive";"eplowright2m@tinyurl.com";23
96;"Triax Pharmaceuticals, LLC";"5 Rockefeller Park";"fadams2n@chron.com";7
97;"Jafra Cosmetics International Inc";"4 Holy Cross Trail";"wgayther2o@newsvine.com";1
98;"Ulta";"0 Elka Avenue";"kcaplin2p@about.com";19
99;"Conopco Inc. d/b/a Unilever";"8 Laurel Circle";"aangric2q@last.fm";9
100;"Biocosmetics Research Labs";"0024 Cordelia Park";"gburl2r@pcworld.com";11
101;"AvKARE, Inc.";"06821 Shopko Lane";"mblurton2s@4shared.com";16
102;"Taro Pharmaceuticals U.S.A., Inc.";"5 Browning Pass";"tauton2t@businessweek.com";4
103;"Nova Homeopathic Therapeutics, Inc.";"6 Ryan Drive";"vforri2u@163.com";22
104;"Clinical Solutions Wholesale";"8100 Eagle Crest Terrace";"ecaiger2v@nationalgeographic.com";13
105;"Nelco Laboratories, Inc.";"95 Macpherson Circle";"opedrollo2w@kickstarter.com";4
106;"Allergy Laboratories, Inc.";"0014 Buell Way";"lharridge2x@apple.com";9
107;"Karalex Pharma LLC";"3 Macpherson Drive";"sbygrove2y@i2i.jp";19
108;"Jubilant HollisterStier LLC";"11002 South Circle";"amyton2z@cnet.com";24
109;"Ventura Corporation (San Juan, P.R)";"58943 Everett Place";"hravens30@webnode.com";22
110;"Aldi, Inc";"0992 Debra Circle";"pemlen31@indiatimes.com";20
111;"Bayer HealthCare LLC";"72 Tony Lane";"dtytler32@uiuc.edu";9
112;"Physicians Total Care, Inc.";"0 Northridge Place";"smatteini33@ebay.com";22
113;"Mylan Institutional Inc.";"5 Forest Court";"wszanto34@google.com.br";2
114;"Carilion Materials Management";"1870 Charing Cross Court";"ffield35@w3.org";17
115;"State of Florida DOH Central Pharmacy";"210 Anderson Hill";"bfishby36@yahoo.co.jp";22
116;"Kareway Product, Inc.";"7523 Valley Edge Way";"hdelacoste37@statcounter.com";23
117;"TONYMOLY CO., LTD.";"03 Atwood Place";"earnefield38@google.it";4
118;"GE Healthcare Inc.";"18388 Ryan Circle";"cmerkel39@bing.com";2
119;"REMEDYREPACK INC.";"030 Cascade Drive";"bpiesing3a@google.com";12
120;"State of Florida DOH Central Pharmacy";"04919 Everett Plaza";"wcharnley3b@cam.ac.uk";15
121;"Hospira Worldwide, Inc.";"85160 Ryan Junction";"wmichelotti3c@telegraph.co.uk";16
122;"CARROLL COMPANY";"08 Ridgeview Point";"hlindholm3d@walmart.com";22
123;"ALK-Abello, Inc.";"70 Jay Drive";"orosone3e@google.cn";17
124;"Hospira, Inc.";"1871 Wayridge Hill";"tsaines3f@harvard.edu";5
125;"Fenwal, Inc.";"7402 Chinook Court";"abarbrook3g@posterous.com";22
126;"GlaxoSmithKline Biologicals SA";"07 Barnett Street";"jfriett3h@globo.com";10
127;"Preferred Pharmaceuticals, Inc.";"0 Bellgrove Pass";"oherrero3i@pbs.org";22
128;"Hospira, Inc.";"8 Novick Court";"cdefraine3j@diigo.com";12
129;"Unifirst First Aid Corporation";"518 Lighthouse Bay Junction";"egannan3k@eepurl.com";15
130;"Parfums Christian Dior";"94 School Terrace";"hferrieres3l@weather.com";22
131;"Guerlain";"7165 Iowa Way";"yducarne3m@cdbaby.com";11
132;"Dharma Research, inc.";"4 Darwin Street";"cbrumbie3n@histats.com";19
133;"First Aid Research Corp.";"1166 Hazelcrest Crossing";"mwoolston3o@wisc.edu";18
134;"Physicians Total Care, Inc.";"10966 Dwight Way";"flindro3p@vinaora.com";18
135;"Antigen Laboratories, Inc.";"2103 Cherokee Circle";"nhegel3q@tmall.com";6
136;"Teva Pharmaceuticals USA Inc";"7 2nd Hill";"vdefries3r@disqus.com";1
137;"Enemeez Inc. DBA Summit Pharmaceuticals";"892 Ridgeview Plaza";"rniblock3s@yahoo.com";2
138;"Nelco Laboratories, Inc.";"000 Westport Hill";"rbaress3t@taobao.com";19
139;"SJ Creations, Inc.";"2073 Canary Drive";"dpaulson3u@blogger.com";17
140;"Phillips Company";"594 Waxwing Trail";"isteptow3v@phoca.cz";17
141;"Apotheca, Inc.";"2 Luster Crossing";"evasilyevski3w@digg.com";4
142;"Rebel Distributors Corp";"84276 Schiller Road";"mmccaghan3x@accuweather.com";2
143;"Wal-Mart Stores Inc";"56389 Oxford Street";"acorbould3y@cisco.com";5
144;"Boehringer Ingelheim Pharmaceuticals, Inc.";"3265 Loomis Lane";"gwatkins3z@g.co";5
145;"Lake Erie Medical DBA Quality Care Products L";"34 Farragut Trail";"bslevin40@shutterfly.com";6
146;"BCM Cosmetique SAS";"49 Calypso Junction";"dshoosmith41@last.fm";15
147;"Breath of Life LLC";"841 American Ash Drive";"bsneaker42@mit.edu";7
148;"HANLIM PHARM. CO., LTD.";"220 South Terrace";"ndrewell43@gizmodo.com";22
149;"Physicians Total Care, Inc.";"14 Cody Lane";"skolak44@photobucket.com";9
150;"SJ Creations, Inc.";"25 Dakota Center";"sastall45@wiley.com";23
151;"Sam's West Inc";"621 Cascade Avenue";"dneumann46@so-net.ne.jp";2
152;"Hyland's";"13219 Namekagon Way";"ascrogges47@jugem.jp";16
153;"Acella Pharmaceuticals, LLC";"02218 Troy Terrace";"dkynsey48@github.com";15
154;"Burkhart Dental Supply Inc";"1616 Farragut Street";"btippetts49@gov.uk";22
155;"Native Remedies, LLC";"56 Birchwood Parkway";"ptaffley4a@reverbnation.com";23
156;"E-Z-EM Canada Inc";"83735 Old Gate Court";"redelman4b@oakley.com";3
157;"Neutrogena Corporation";"05 Superior Avenue";"btrapp4c@freewebs.com";3
158;"Piramal Critical Care Inc";"6088 Dayton Place";"ccadogan4d@360.cn";10
159;"McKesson Medical-Surgical";"9179 Miller Plaza";"wbiaggiotti4e@people.com.cn";5
160;"GlaxoSmithKline LLC";"925 Linden Alley";"bmolloy4f@ucsd.edu";15
161;"Zogenix, Inc.";"0563 Southridge Way";"fbauckham4g@yahoo.co.jp";14
162;"Qualitest Pharmaceuticals";"38897 Elmside Way";"fpopeley4h@e-recht24.de";13
163;"Dolgencorp, LLC";"6035 Superior Alley";"mhaburne4i@umich.edu";22
164;"West-ward Pharmaceutical Corp.";"21 Iowa Center";"ebrangan4j@dell.com";15
165;"Strides Arcolab Limited";"01829 Old Gate Junction";"srainforth4k@europa.eu";24
166;"Professional Disposables International, Inc.";"733 Westridge Road";"aguswell4l@theatlantic.com";3
167;"Watson Laboratories, Inc.";"1291 Longview Junction";"vissacov4m@jimdo.com";8
168;"Aidance Skincare & Topical Solutions, LLC";"2985 Prairieview Pass";"egingold4n@ehow.com";13
169;"Stat Rx USA";"073 Boyd Terrace";"tscahill4o@webmd.com";5
170;"Carilion Materials Management";"3866 Orin Parkway";"mvitet4p@whitehouse.gov";4
171;"NCS HealthCare of KY, Inc dba Vangard Labs";"73813 Vahlen Road";"lgarlick4q@icq.com";18
172;"Zila, Inc.";"80 Continental Road";"iamey4r@tamu.edu";6
173;"Cardinal Health";"706 East Center";"ghurdman4s@amazonaws.com";8
174;"Jiangsu Province JianErKang Medical Dressing ";"93851 Westend Pass";"sclack4t@ca.gov";23
175;"NOEVIR USA INC";"4 Barnett Center";"lstroobant4u@fotki.com";6
176;"Bryant Ranch Prepack";"12 Mallard Pass";"cspondley4v@tinyurl.com";5
177;"Unit Dose Services";"44354 Larry Hill";"dburgum4w@so-net.ne.jp";5
178;"Northstar RxLLC";"62352 La Follette Junction";"aadamek4x@bing.com";18
179;"Alberto-Culver USA Inc.";"1 Mendota Way";"larnholz4y@chronoengine.com";1
180;"CLINIQUE LABORATORIES INC.";"753 Clarendon Hill";"bmitro4z@google.ru";17
181;"Johnson & Johnson Consumer Products Company, ";"35404 Michigan Center";"skeely50@macromedia.com";4
182;"Spartan Chemical Company";"55398 Sutherland Avenue";"kgiacobazzi51@weebly.com";15
183;"Teva Pharmaceuticals USA Inc";"922 Talmadge Trail";"jforsdyke52@scribd.com";10
184;"Ranbaxy Pharmaceuticals Inc.";"6 Petterle Pass";"lkadar53@hexun.com";19
185;"P and L Development of New York Corporation (";"96 Killdeer Point";"mpierse54@sohu.com";12
186;"Apotex Corp";"4626 Burrows Road";"jscrogges55@virginia.edu";19
187;"Med-Health Pharma, LLC";"4 Orin Road";"emaber56@nature.com";12
188;"Preferred Pharmaceuticals, Inc.";"85091 Lyons Center";"vbudleigh57@google.com";24
189;"Insight Pharmaceuticals";"7 Jay Avenue";"mbrocks58@tumblr.com";23
190;"Hospira Worldwide, Inc.";"10411 Mandrake Parkway";"mcutts59@bbb.org";5
191;"Cardinal Health";"9530 Di Loreto Plaza";"lburnapp5a@bravesites.com";3
192;"Qualitest Pharmaceuticals";"46511 Fairview Point";"emikalski5b@ocn.ne.jp";10
193;"Jubilant HollisterStier LLC";"96 Fieldstone Park";"cbuten5c@meetup.com";18
194;"Sanum Kehlbeck GmbH & Co. KG";"77 Superior Crossing";"bpumfrey5d@harvard.edu";9
195;"Caraco Pharmaceutical Laboratories, Ltd.";"12830 Main Avenue";"morridge5e@adobe.com";3
196;"Publix Super Markets Inc";"5091 Merry Parkway";"lflawn5f@blog.com";19
197;"Avon Products, Inc.";"14 Straubel Lane";"tdrage5g@ucoz.ru";9
198;"Eon Labs, Inc.";"3050 Jenna Center";"djallin5h@yandex.ru";20
199;"Hospira, Inc.";"44 Pankratz Way";"diliff5i@mtv.com";2
200;"Aurobindo Pharma Limited";"345 Victoria Alley";"eheadings5j@zdnet.com";21
201;"Major Pharmaceuticals";"60 Holmberg Pass";"kfitchew5k@mozilla.org";20
202;"Arbonne International, LLC";"76500 Rieder Way";"cheustace5l@dagondesign.com";6
203;"E-House Korea Holdings International";"7 Arizona Court";"csuggitt5m@github.io";19
204;"Nelco Laboratories, Inc.";"01 John Wall Lane";"jshackelton5n@behance.net";15
205;"HOMEOLAB USA INC.";"3 Mendota Junction";"kkernley5o@globo.com";14
206;"7-Eleven";"27 Corscot Circle";"bcash5p@comsenz.com";5
207;"Cardinal Health";"44266 Butterfield Drive";"ebauduccio5q@oracle.com";8
208;"Sandoz Inc";"41452 Muir Center";"ghumbles5r@fc2.com";22
209;"Stila Styles, LLC";"1 Continental Circle";"lguynemer5s@ask.com";12
210;"Cover FX Skin Care, Inc.";"0 Darwin Place";"rchittem5t@mlb.com";7
211;"Rebel Distributors Corp";"0625 Monument Park";"aklagges5u@wisc.edu";16
212;"HOMEOLAB USA INC";"1 Shasta Crossing";"bfurtado5v@pagesperso-orange.fr";8
213;"Garland Welding Supply Company";"1 Bonner Parkway";"dlachaize5w@alexa.com";11
214;"Mallinckrodt, Inc.";"41333 Dapin Lane";"sbreakwell5x@desdev.cn";16
215;"Par Pharmaceutical Inc";"8651 Fair Oaks Street";"abogges5y@gov.uk";10
216;"TARGET Corporation";"7 Dixon Lane";"cmackaig5z@techcrunch.com";15
217;"Sancilio & Company Inc";"47 Northwestern Lane";"emoxley60@senate.gov";9
218;"Ross Healthcare Inc.";"647 Sutherland Lane";"nstaniland61@angelfire.com";13
219;"Jubilant HollisterStier LLC";"8092 Fieldstone Crossing";"ereihm62@i2i.jp";7
220;"GlaxoSmithKline Consumer Heathcare LP";"31465 Northridge Parkway";"gpaviour63@upenn.edu";13
221;"Sandoz Inc";"72318 Schurz Court";"swoliter64@4shared.com";17
222;"Actavis Mid Atlantic LLC";"7655 Clemons Way";"vjezzard65@google.com.au";11
223;"State of Florida DOH Central Pharmacy";"63275 Oak Valley Circle";"rlant66@google.pl";5
224;"Cardinal Health";"79 Tomscot Point";"jambrogelli67@rambler.ru";10
225;"ACS Medical LLC";"3138 Forest Run Plaza";"acragoe68@oaic.gov.au";20
226;"GOJO Industries, Inc";"66 Russell Terrace";"acaras69@phpbb.com";14
227;"Physicians Total Care, Inc.";"9 Ohio Crossing";"rickovitz6a@163.com";24
228;"Physicians Total Care, Inc.";"45 Division Center";"cklisch6b@goo.ne.jp";12
229;"Sandoz Inc";"048 Messerschmidt Plaza";"zdowrey6c@sciencedaily.com";5
230;"Rebel Distributors Corp";"369 Lien Circle";"larntzen6d@meetup.com";14
231;"Clinical Solutions Wholesale";"13 Jenifer Circle";"rmcvitie6e@surveymonkey.com";11
232;"CLINIQUE LABORATORIES INC";"2196 Randy Junction";"cschneidau6f@shutterfly.com";18
233;"NCS HealthCare of KY, Inc dba Vangard Labs";"02 Scoville Road";"dsaenz6g@fema.gov";5
234;"SteriWeb Medical, LLC";"5978 Fair Oaks Trail";"blister6h@shop-pro.jp";13
235;"Paddock Laboratories, LLC";"50 Welch Center";"spauleit6i@hexun.com";18
236;"APP Pharmaceuticals, LLC";"37 Johnson Avenue";"ctipper6j@census.gov";24
237;"REMEDYREPACK INC.";"83 Stephen Parkway";"sshekle6k@ustream.tv";22
238;"Aphena Pharma Solutions - Tennessee, LLC";"0 Forest Dale Court";"gbaptista6l@merriam-webster.com";1
239;"CVS Pharmacy, Inc";"3 Petterle Lane";"apeet6m@comsenz.com";18
240;"Fresenius Kabi USA, LLC";"0 Pearson Way";"jsilvermann6n@tuttocitta.it";9
241;"Silarx Pharmaceutical, Inc";"1 Coleman Court";"hprando6o@twitpic.com";18
242;"Physicians Total Care, Inc.";"64 Monument Park";"eorsay6p@noaa.gov";17
243;"Ren Ltd.";"29940 Cody Trail";"jcominetti6q@constantcontact.com";5
244;"Newton Laboratories, Inc.";"62226 Crest Line Drive";"lstollen6r@posterous.com";20
245;"Physicians Total Care, Inc.";"9286 Spenser Place";"cvonderdell6s@blog.com";23
246;"Deseret Biologicals, Inc.";"2592 Lake View Drive";"bcubbini6t@hexun.com";15
247;"H and P Industries, Inc. dba Triad Group";"24 Milwaukee Trail";"gpriestner6u@posterous.com";15
248;"Peachtree Playthings, Inc.";"108 Maple Parkway";"cdufore6v@va.gov";13
249;"Western Family Foods, Inc";"52746 Lakewood Place";"lpicardo6w@mlb.com";16
250;"Forces of Nature";"57688 Swallow Drive";"htimlett6x@xing.com";9
251;"REMEDYREPACK INC.";"49144 Schlimgen Plaza";"rtyreman6y@vimeo.com";12
252;"Warner Chilcott (US), LLC";"14 Holmberg Center";"zelwood6z@spiegel.de";3
253;"Cardinal Health";"60711 Quincy Lane";"mkassel70@amazon.de";16
254;"Apotheca Company";"15554 Lerdahl Drive";"gfoxworthy71@blogger.com";4
255;"Avon Products, Inc.";"628 Birchwood Trail";"rtowne72@sohu.com";21
256;"Forces of Nature";"35730 Rowland Junction";"gscrowston73@edublogs.org";14
257;"St Marys Medical Park Pharmacy";"4 Grayhawk Point";"jgrief74@europa.eu";7
258;"Parke-Davis Div of Pfizer Inc";"9185 Fair Oaks Court";"toglethorpe75@blog.com";20
259;"Rebel Distributors Corp";"19039 Moland Circle";"mwharram76@nhs.uk";9
260;"American Health Packaging";"02 Cardinal Trail";"ncrisp77@bluehost.com";22
261;"7-Eleven";"2 5th Place";"jarro78@wikimedia.org";16
262;"J & L Medical Services LLC";"6 Fuller Park";"sspenclay79@hugedomains.com";17
263;"THE FEINSTEIN INSTITUTE FOR MEDICAL RESEARCH";"3 Merchant Road";"eingram7a@google.com.br";11
264;"GOJO Industries, Inc.";"09 Memorial Junction";"jmcomish7b@utexas.edu";3
265;"Antigen Laboratories, Inc.";"7 Arkansas Trail";"mcawsby7c@techcrunch.com";21
266;"AMOREPACIFIC";"2899 Bowman Place";"cstraker7d@ucoz.ru";17
267;"Source Naturals, Inc.";"3761 Butternut Point";"jcotter7e@booking.com";2
268;"H.J. Harkins Company, Inc.";"39 Mallory Junction";"hread7f@loc.gov";18
269;"TDS Pharm Co., Ltd";"3 Butterfield Trail";"sohern7g@google.com.hk";6
270;"Parfums Christian Dior";"4 Forest Run Hill";"ajopke7h@sbwire.com";14
271;"State of Florida DOH Central Pharmacy";"6 Iowa Court";"fdraycott7i@reddit.com";24
272;"Nelco Laboratories, Inc.";"55 Lakeland Hill";"mrandlesome7j@studiopress.com";23
273;"Apotheca Company";"576 Crescent Oaks Point";"rdunridge7k@lulu.com";21
274;"Endo Pharmaceuticals";"5 Prentice Junction";"gfontenot7l@newsvine.com";13
275;"B. Braun Medical Inc.";"9 Sycamore Hill";"dkettlestring7m@123-reg.co.uk";11
276;"Northwind Pharmaceuticals";"09692 Messerschmidt Place";"ajolley7n@xinhuanet.com";24
277;"Dukal Corporation";"9 Hollow Ridge Trail";"bdavion7o@si.edu";24
278;"Safeway";"272 Kropf Way";"doager7p@constantcontact.com";2
279;"STAT RX USA LLC";"60 Manufacturers Park";"jpollicott7q@fda.gov";24
280;"Prestige Brands Holdings, Inc.";"3823 Fair Oaks Junction";"jsheehan7r@vistaprint.com";4
281;"Aurobindo Pharma Limited";"8 Ilene Hill";"lmacintosh7s@abc.net.au";22
282;"Apotex Corp";"21 2nd Pass";"kgerrels7t@marketwatch.com";20
283;"Medline Industries, Inc.";"40 Cascade Lane";"arodge7u@tinypic.com";15
284;"Aaron Industries Inc.";"05 Caliangt Hill";"greppaport7v@earthlink.net";17
285;"Medicis Pharmaceutical Corp.";"13 Bluejay Plaza";"emedler7w@fastcompany.com";13
286;"H.J. Harkins Company, Inc.";"80691 Melby Crossing";"epetrov7x@nbcnews.com";9
287;"Cover FX Skin Care, Inc.";"0079 Lyons Avenue";"gjanicijevic7y@topsy.com";7
288;"Antigen Laboratories, Inc.";"24 Melody Avenue";"kbuzzing7z@adobe.com";13
289;"Indiana Botanic Gardens";"7 Derek Place";"skirkebye80@whitehouse.gov";11
290;"Baxter Healthcare Corporation";"1837 Bonner Point";"gdumphrey81@nhs.uk";5
291;"Tender Corporation";"866 1st Street";"ajervois82@addtoany.com";8
292;"G&W Laboratories, Inc.";"01 Reinke Crossing";"mprest83@huffingtonpost.com";18
293;"Antigen Laboratories, Inc.";"4 Anhalt Plaza";"fohartnedy84@1688.com";8
294;"Bayer HealthCare LLC";"48 Northfield Pass";"greary85@is.gd";19
295;"Watson Laboratories, Inc.";"48 Linden Alley";"hgunny86@sun.com";4
296;"HHS/Program Support Center/Supply Service Cen";"1584 Warner Park";"mspurier87@privacy.gov.au";16
297;"State of Florida DOH Central Pharmacy";"42 Carberry Street";"meakley88@weather.com";16
298;"Bolero Home Decor, Inc.";"5 Lotheville Place";"kdeehan89@jigsy.com";9
299;"Lake Erie Medical DBA Quality Care Products L";"7 Buhler Center";"lborsnall8a@amazon.de";15
300;"American Health Packaging";"72 7th Hill";"tsworn8b@sphinn.com";9
301;"Conopco Inc. d/b/a Unilever";"6 Crownhardt Circle";"cpadkin8c@xing.com";12
302;"GRAFTON PRODUCTS CORP.";"128 Algoma Plaza";"ecrewdson8d@so-net.ne.jp";19
303;"REMEDYREPACK INC.";"991 John Wall Crossing";"arockcliffe8e@weather.com";23
304;"Eon Labs, Inc.";"3 Cherokee Park";"htrevett8f@cnet.com";20
305;"Supervalu Inc";"80 Jay Alley";"zhoneywood8g@scientificamerican.com";3
306;"CONOPCO Inc. d/b/a Unilever";"17897 Toban Hill";"ethoday8h@chicagotribune.com";13
307;"Dynarex Corporation";"7253 Holmberg Avenue";"hskae8i@lycos.com";3
308;"REMEDYREPACK INC.";"37661 Park Meadow Hill";"ahazlehurst8j@ameblo.jp";10
309;"American Sales Company";"1315 Thompson Pass";"tgabriel8k@jiathis.com";16
310;"Lake Erie Medical & Surgical Supply DBA Quali";"9 Eggendart Junction";"gmcclay8l@gov.uk";13
311;"TYA Pharmaceuticals";"56 Pine View Place";"mvandijk8m@wisc.edu";15
312;"Dharma Research, Inc.";"95 Grim Parkway";"gderisly8n@theglobeandmail.com";7
313;"Rebel Distributors Corp";"93261 Heath Road";"vberntsson8o@examiner.com";23
314;"Homeocare Laboratories";"0 Northport Way";"kemmins8p@hibu.com";24
315;"Apotheca Company";"7 Northridge Drive";"rflippelli8q@deviantart.com";24
316;"Healing Natural Oils LLC";"577 Havey Crossing";"gsesser8r@gizmodo.com";20
317;"Hospira, Inc.";"12688 Gale Street";"cforder8s@mashable.com";15
318;"MedVantx, Inc.";"1 Gina Avenue";"tdewolfe8t@redcross.org";13
319;"Zep Inc.";"0 Anniversary Court";"fminucci8u@cdc.gov";20
320;"Swiss-American Products";"23 Northland Parkway";"kwharrier8v@amazon.com";14
321;"Rebel Distributors Corp";"05966 Moland Road";"ihayesman8w@pcworld.com";17
322;"Deseret Biologicals, Inc.";"77808 Elmside Hill";"lbeddows8x@weebly.com";7
323;"Deseret Biologicals, Inc.";"90 Muir Trail";"bjannings8y@archive.org";24
324;"AIRSERVE, LLC";"1 Kings Crossing";"schason8z@eventbrite.com";11
325;"Rebel Distributors Corp";"26 Glendale Court";"ipirnie90@hao123.com";15
326;"Nelco Laboratories, Inc.";"474 Briar Crest Trail";"dsemens91@census.gov";2
327;"Boca Pharmacal, LLC";"93622 Hoepker Crossing";"sdanahar92@unicef.org";1
328;"AMOREPACIFIC";"32 Dahle Point";"dgooden93@oracle.com";9
329;"Mylan Institutional LLC";"2775 Dunning Terrace";"agambie94@boston.com";5
330;"Bryant Ranch Prepack";"625 Goodland Alley";"vdeblase95@umn.edu";24
331;"PISATAP";"6 Cordelia Alley";"bkeward96@nydailynews.com";11
332;"Washington Homeopathic Products";"617 Mesta Circle";"lgildersleaves97@howstuffworks.com";10
333;"HOMEOLAB USA INC";"724 Dakota Trail";"llanchester98@paypal.com";1
334;"S+";"3317 Sachs Plaza";"hhemmingway99@addtoany.com";21
335;"Walgreen Company";"057 Sullivan Lane";"slinham9a@cdbaby.com";14
336;"Janssen Cosmetics GmbH";"93 Ruskin Avenue";"bsplaven9b@pcworld.com";9
337;"Western Family Foods Inc";"7 Village Green Street";"ygrimstead9c@eventbrite.com";12
338;"Fresenius Kabi USA, LLC";"6 Pine View Road";"nmowles9d@prweb.com";6
339;"Dermalogica, Inc.";"7 Surrey Court";"amolen9e@kickstarter.com";12
340;"Mechanical Servants, Inc.";"5436 Shasta Alley";"rfossitt9f@tumblr.com";20
341;"SHISEIDO AMERICAS CORPORATION";"3755 Mallory Street";"ekrugmann9g@ihg.com";2
342;"E-Z-EM Canada Inc";"3046 Mosinee Terrace";"lhand9h@jiathis.com";1
343;"Matrixx Initiatives, Inc.";"9298 Washington Parkway";"ctizzard9i@desdev.cn";15
344;"Larasan Pharmaceutical Corporation";"90836 Kedzie Drive";"dmenpes9j@businesswire.com";1
345;"Antigen Laboratories, Inc.";"31908 Elgar Circle";"gstorie9k@admin.ch";7
346;"Bliss World LLC";"8189 Lakewood Gardens Trail";"ccorrie9l@homestead.com";22
347;"Performance Health LLC";"08 Old Gate Place";"bmacneilley9m@ifeng.com";7
348;"STAT Rx USA LLC";"96 Fulton Pass";"jvasyunkin9n@hubpages.com";21
349;"Cardinal Health";"5 Pepper Wood Parkway";"fgiacobbo9o@quantcast.com";2
350;"Nelco Laboratories, Inc.";"8 Pankratz Pass";"wcolnet9p@goodreads.com";8
351;"Nelco Laboratories, Inc.";"8652 Corry Street";"bshoulders9q@techcrunch.com";12
352;"The Kroger Co.";"61 Cambridge Place";"lnazareth9r@usnews.com";13
353;"Watson Pharma, Inc.";"947 Melby Terrace";"ajerwood9s@marketwatch.com";14
354;"Nelco Laboratories, Inc.";"831 Pankratz Parkway";"jahren9t@slate.com";15
355;"KANEBO COSMETICS INC.";"1 Ronald Regan Road";"rdarben9u@jiathis.com";6
356;"Medicine Shoppe International Inc";"97 Cambridge Way";"dbisiker9v@sciencedirect.com";8
357;"Amneal Pharmaceuticals of New York, LLC";"10 Bultman Road";"lstallworthy9w@flavors.me";11
358;"Tarte, Inc";"91585 Division Point";"estathers9x@economist.com";20
359;"ALK-Abello, Inc.";"07060 Sunbrook Drive";"ypate9y@smugmug.com";5
360;"Jubilant HollisterStier LLC";"25178 American Avenue";"wevered9z@chronoengine.com";10
361;"Jubilant HollisterStier LLC";"214 Orin Alley";"hwalkdena0@gravatar.com";13
362;"Albion Co., Ltd";"763 Acker Drive";"nweardena1@github.io";5
363;"Watson Laboratories, Inc.";"9 Bunting Crossing";"smaleckya2@bing.com";5
364;"Chattem, Inc.";"38698 Lawn Place";"vwaelanda3@parallels.com";4
365;"NDI Solutions LLC";"46 Del Mar Trail";"mhurdedgea4@toplist.cz";5
366;"NCS HealthCare of KY, Inc dba Vangard Labs";"45239 Del Sol Way";"btuppenya5@cargocollective.com";21
367;"General Air Service & Supply Co";"8 Arrowood Hill";"mrockwilla6@hugedomains.com";5
368;"CVS Pharmacy";"2 Center Hill";"lquicka7@domainmarket.com";5
369;"Forest Laboratories, Inc.";"80498 Judy Street";"mlarrada8@craigslist.org";3
370;"Native Remedies, LLC";"99 Mallory Drive";"kearengeya9@nationalgeographic.com";4
371;"Mylan Pharmaceuticals Inc.";"392 Novick Alley";"darnholzaa@issuu.com";8
372;"Jafra Cosmetics International Inc";"18 Northland Road";"whugginsab@bbc.co.uk";24
373;"County Line Pharmaceuticals, LLC";"1989 Harbort Hill";"ahogginac@networksolutions.com";7
374;"Glenmark Generics Inc., USA";"6 Packers Way";"chaslehurstad@creativecommons.org";20
375;"Apotheca Company";"4119 Everett Plaza";"cacresae@usgs.gov";23
376;"International Labs, Inc.";"15385 Bellgrove Hill";"kloftsaf@twitter.com";10
377;"BB17, LLC";"5 Roxbury Street";"wgannanag@toplist.cz";19
378;"Caldwell Consumer Health LLC";"78585 Buhler Place";"ocornah@chron.com";21
379;"Antigen Laboratories, Inc.";"56665 Roth Way";"sbridgelandai@blog.com";3
380;"Aurobindo Pharma Limited";"894 Merry Drive";"oglederaj@ifeng.com";15
381;"Apotex Corp.";"5214 Fremont Avenue";"aripleyak@odnoklassniki.ru";14
382;"Procter & Gamble Manufacturing Company";"9760 Ruskin Court";"cgammackal@mail.ru";18
383;"Legacy Pharmaceutical Packaging";"4 Marquette Junction";"dchardinam@telegraph.co.uk";5
384;"Ningbo Dowland Daily Health Co., Ltd";"601 Stone Corner Drive";"btinghillan@wsj.com";7
385;"Mallinckrodt, Inc.";"13 Carberry Crossing";"mschulterao@goo.ne.jp";11
386;"Sun Pharma Global Inc.";"66 Loftsgordon Place";"bkillimisterap@networksolutions.com";3
387;"Nelco Laboratories, Inc.";"53267 Farmco Junction";"zsheareraq@columbia.edu";22
388;"Cardinal Health";"1954 Boyd Hill";"sromushkinar@canalblog.com";18
389;"L. Perrigo Company";"41798 Kim Road";"cedenas@dailymail.co.uk";1
390;"Nelco Laboratories, Inc.";"9 4th Road";"vjerzykat@disqus.com";14
391;"Mylan Institutional LLC";"8 Moland Center";"dsymcoxeau@buzzfeed.com";9
392;"Natures Way Holding Co.";"63 Banding Avenue";"dyanukav@berkeley.edu";11
393;"Unifirst First Aid Corporation";"974 Kensington Parkway";"smarchmentaw@msu.edu";4
394;"Merck Sharp & Dohme Corp.";"780 Paget Terrace";"wcattlemullax@is.gd";8
395;"HyVee Inc";"27960 Corscot Street";"shaslingay@examiner.com";1
396;"Jubilant HollisterStier LLC";"74640 Little Fleur Way";"btedahlaz@google.nl";20
397;"BluePoint Laboratories";"905 Banding Way";"abentinckb0@gnu.org";20
398;"Genentech, Inc.";"2910 Nelson Way";"blesmondeb1@is.gd";11
399;"Mylan Institutional LLC";"4 Division Pass";"qvollamb2@msn.com";13
400;"PD-Rx Pharmaceuticals, Inc.";"3674 Green Ridge Point";"rgoeringb3@csmonitor.com";15
401;"Novartis Pharmaceuticals Corporation";"33 Elka Alley";"jclimarb4@nydailynews.com";6
402;"REMEDYREPACK INC.";"9 Briar Crest Junction";"tlibbeb5@mozilla.org";15
403;"The Procter & Gamble Manufacturing Company";"86275 Quincy Way";"lhawkridgeb6@facebook.com";9
404;"Sun Pharmaceutical Industries Limited";"99 Sommers Pass";"karchboldb7@shutterfly.com";19
405;"Nelco Laboratories, Inc.";"7565 Bultman Terrace";"sandersb8@dell.com";15
406;"Citron Pharma LLC";"12337 7th Street";"colesb9@dailymotion.com";14
407;"Newton Laboratories, Inc.";"19 Karstens Road";"boxenfordba@phoca.cz";14
408;"Pedinol Pharmacal, Inc.";"418 Dayton Road";"rliasbb@comcast.net";12
409;"Cardinal Health";"2568 Badeau Drive";"ymccroriebc@a8.net";21
410;"Cardinal Health";"81115 Raven Alley";"speardebd@ebay.co.uk";4
411;"Richmond Pharmaceuticals, Inc.";"95095 Huxley Trail";"srhodesbe@nba.com";5
412;"Apotheca Company";"0297 Express Road";"jmeesonbf@taobao.com";22
413;"Private Label Select";"5 Kenwood Way";"dbellefantbg@facebook.com";8
414;"American Sales Company";"14 Burning Wood Park";"lokebh@i2i.jp";18
415;"Nelco Laboratories, Inc.";"6983 Carpenter Parkway";"bcottisbi@newsvine.com";21
416;"Sun Pharmaceutical Industries Limited";"585 Pond Plaza";"phousiauxbj@webeden.co.uk";14
417;"Gulf Medical Services, Inc.";"17493 Kings Junction";"sgreggorbk@hc360.com";18
418;"Ranbaxy Pharmaceuticals Inc.";"0153 Clemons Avenue";"dnettingbl@yellowbook.com";10
419;"Actelion Pharmaceuticals US, Inc.";"9465 Victoria Terrace";"sbeachbm@omniture.com";24
420;"Meijer Distribution Inc";"79886 American Ash Crossing";"gangoodbn@goo.gl";20
421;"Bryant Ranch Prepack";"2 Nelson Court";"wcribbottbo@oaic.gov.au";15
422;"G.D. Searle LLC Division of Pfizer Inc";"5334 Montana Avenue";"dwraggebp@digg.com";7
423;"Procter & Gamble Manufacturing Company";"16595 Anthes Court";"rnailebq@wiley.com";22
424;"Mylan Pharmaceuticals Inc.";"1 Hudson Street";"kmatijevicbr@spotify.com";6
425;"Hyland's";"5477 Mallard Center";"kmazeybs@simplemachines.org";18
426;"Washington Homeopathic Products";"1 Tennyson Hill";"swalkerbt@vk.com";11
427;"Avon Products, Inc";"3321 Hollow Ridge Terrace";"nospillanebu@google.ca";18
428;"Freshorize, Ltd.";"2 Jana Way";"hjarleybv@indiegogo.com";22
429;"Jubilant HollisterStier LLC";"382 Arizona Street";"melseybw@umn.edu";14
430;"Germed Manufacturing LLC";"0781 Iowa Parkway";"jrosabx@si.edu";14
431;"Watson Laboratories, Inc.";"850 Anniversary Plaza";"tbrettby@cbslocal.com";1
432;"International Beauty Exchange";"39 Erie Way";"obeesonbz@livejournal.com";20
433;"Preferred Pharmaceuticals, Inc";"030 Village Junction";"hcoilc0@sfgate.com";17
434;"VIATREXX BIO INCORPORATED";"2200 Spenser Lane";"nkovnotc1@state.tx.us";6
435;"Kroger Company";"3439 Messerschmidt Pass";"fbarrandc2@washingtonpost.com";22
436;"Torrent Pharmaceuticals Limited";"0 Sommers Center";"apresnailc3@networksolutions.com";1
437;"Napoleon Perdis Cosmetics, Inc";"895 Golf Course Junction";"blukacsc4@parallels.com";17
438;"AstraZeneca Pharmaceuticals LP";"6034 Bobwhite Point";"cwildborec5@squidoo.com";23
439;"Pfizer Laboratories Div Pfizer Inc";"63 American Ash Center";"rtrahearnc6@google.pl";14
440;"Bryant Ranch Prepack";"908 Dovetail Trail";"mmargettc7@youku.com";1
441;"Cardinal Health";"371 Little Fleur Terrace";"fskupinskic8@people.com.cn";9
442;"Air Source Industries Inc";"01754 Porter Parkway";"malvaradoc9@reverbnation.com";22
443;"Bolero Home Decor, Inc.";"8 Almo Circle";"rwhysallca@cbc.ca";23
444;"H.E.B";"4 Dakota Plaza";"gspurryercb@github.io";14
445;"Purminerals";"0 Hanson Street";"dshallocc@globo.com";15
446;"Welders Supply Company";"29 Springview Hill";"ntanncd@ezinearticles.com";1
447;"Pack Pharmaceuticals, LLC";"42330 Hazelcrest Trail";"lmcenhillce@nymag.com";4
448;"Washington Homeopathic Products";"0 Del Sol Road";"tcecerecf@tmall.com";3
449;"STERIS Corporation";"9479 Eliot Pass";"akellardcg@opera.com";8
450;"Lake Erie Medical DBA Quality Care Products L";"5077 Scofield Drive";"fwyardch@thetimes.co.uk";3
451;"Uriel Pharmacy Inc.";"943 Fair Oaks Plaza";"gnarupci@jiathis.com";13
452;"AvKARE, Inc.";"16754 Myrtle Crossing";"kswaytecj@amazon.com";14
453;"SKINFOOD CO., LTD.";"904 Oak Plaza";"ibedborock@linkedin.com";24
454;"Ventura Corporation LTD";"98793 Shopko Crossing";"kfraulocl@ucsd.edu";14
455;"Nelco Laboratories, Inc.";"385 Ridge Oak Parkway";"nlenoircm@cbsnews.com";7
456;"Lake Erie Medical DBA Quality Care Products L";"34 Thackeray Center";"slehrmanncn@printfriendly.com";18
457;"McKesson";"47450 Doe Crossing Point";"ccornelsco@twitter.com";5
458;"Aidarex Pharmaceuticals LLC";"04681 Garrison Alley";"atabbernorcp@friendfeed.com";16
459;"Fusion Brands";"8942 Russell Parkway";"bpizercq@seesaa.net";5
460;"McKesson Packaging Services Business Unit of ";"85541 Butterfield Way";"kmichelecr@hexun.com";23
461;"MAKEUP ART COSMETICS";"6167 Warrior Crossing";"pgauthorppcs@t-online.de";2
462;"Cover FX Skin Care, Inc.";"437 Springview Circle";"dpinckneyct@sfgate.com";23
463;"Mylan Institutional LLC";"5219 Starling Plaza";"wmewhacu@usda.gov";24
464;"Atlantic Biologicals Corps";"21761 Debs Lane";"cgoodlipcv@printfriendly.com";1
465;"JENAHEXAL PHARMA GMBH";"0530 Mifflin Pass";"aspittallcw@cnbc.com";7
466;"Ventura Corporation LTD";"6 Miller Avenue";"sprobackcx@theguardian.com";8
467;"H E B";"70 Anthes Avenue";"clytlecy@miibeian.gov.cn";3
468;"Baxter Healthcare Corporation";"6949 Warrior Road";"cferrericz@tripadvisor.com";2
469;"Sanofi Pasteur Inc.";"26 Basil Road";"kbellchamberd0@github.com";6
470;"AmerisourceBergen";"3 Hintze Place";"mgreenshielsd1@examiner.com";24
471;"Nelco Laboratories, Inc.";"5 Blackbird Terrace";"nrendbaekd2@ask.com";22
472;"Reckitt Benckiser LLC";"6 Sommers Parkway";"fpaxforded3@drupal.org";4
473;"Teva Pharmaceuticals USA Inc";"4 Eagan Avenue";"pspurdensd4@microsoft.com";10
474;"Cardinal Health";"11313 2nd Way";"ppralld5@ask.com";2
475;"ProPhase Labs, Inc.";"1356 Grim Road";"jhouchind6@phoca.cz";23
476;"Ventura Corporation Limited";"7 Farmco Trail";"ekerrichd7@ucoz.com";20
477;"Nelco Laboratories, Inc.";"670 Eagan Center";"bcribbinsd8@narod.ru";12
478;"Medicis Pharmaceutical Corp.";"3 Lerdahl Pass";"jsilbyd9@reddit.com";10
479;"REMEDYREPACK INC.";"0515 Sheridan Way";"sjessonda@cornell.edu";9
480;"Procter & Gamble Manufacturing Company";"31636 Mayfield Avenue";"alowdeanedb@home.pl";1
481;"KATE SOMERVILLE SKINCARE, LLC";"6 Ryan Alley";"glembkedc@hao123.com";7
482;"Aidarex Pharmaceuticals LLC";"074 Anderson Way";"gdiruggerodd@sourceforge.net";10
483;"Gurwitch Products";"7535 Mallard Circle";"ngerleitde@list-manage.com";9
484;"Airgas Merchant Gases, LLC";"7 Grayhawk Lane";"akennondf@apple.com";22
485;"Nelco Laboratories, Inc.";"05 Reinke Point";"ekyllforddg@blinklist.com";4
486;"Lake Erie Medical & Surgical Supply DBA Quali";"48107 Loeprich Drive";"lferrydh@ustream.tv";2
487;"Citra Labs LLC";"98 Susan Drive";"shanleydi@woothemes.com";7
488;"MedVantx, Inc.";"06446 Lyons Park";"mdouglissdj@yelp.com";20
489;"Major Pharmaceuticals";"43 Arkansas Place";"jsurmandk@ted.com";7
490;"Par Pharmaceutical Inc.";"051 Prentice Junction";"hdoogooddl@booking.com";18
491;"Actavis Inc.";"5 Gina Hill";"smclernondm@4shared.com";17
492;"Blenheim Pharmacal, Inc.";"816 Sloan Parkway";"spemberydn@mediafire.com";23
493;"American Regent, Inc.";"300 Heath Parkway";"aanthamdo@multiply.com";24
494;"Niconovum USA Inc.";"54770 Blaine Junction";"bpatrydp@example.com";18
495;"Cosmetics Institute Technology Co., Ltd.";"49 Village Green Junction";"kmattionidq@163.com";1
496;"PureTek Corporation";"0 Melrose Parkway";"hbeadledr@noaa.gov";18
497;"Air Liquide America Specialty Gases LLC";"513 Ridgeway Crossing";"fgeggds@mail.ru";3
498;"Direct Rx";"9897 Meadow Vale Lane";"cdorotdt@mail.ru";7
499;"Mary Kay Inc.";"250 Duke Road";"acolebournedu@japanpost.jp";12
500;"Albert Max, Inc.";"5719 Bluestem Pass";"jmeiningerdv@europa.eu";11
