CREATE DATABASE  IF NOT EXISTS `tp_basededatos` /*!40100 DEFAULT CHARACTER SET utf8 */ /*!80016 DEFAULT ENCRYPTION='N' */;
USE `tp_basededatos`;
-- MySQL dump 10.13  Distrib 8.0.20, for Win64 (x86_64)
--
-- Host: localhost    Database: tp_basededatos
-- ------------------------------------------------------
-- Server version	8.0.18

/*!40101 SET @OLD_CHARACTER_SET_CLIENT=@@CHARACTER_SET_CLIENT */;
/*!40101 SET @OLD_CHARACTER_SET_RESULTS=@@CHARACTER_SET_RESULTS */;
/*!40101 SET @OLD_COLLATION_CONNECTION=@@COLLATION_CONNECTION */;
/*!50503 SET NAMES utf8 */;
/*!40103 SET @OLD_TIME_ZONE=@@TIME_ZONE */;
/*!40103 SET TIME_ZONE='+00:00' */;
/*!40014 SET @OLD_UNIQUE_CHECKS=@@UNIQUE_CHECKS, UNIQUE_CHECKS=0 */;
/*!40014 SET @OLD_FOREIGN_KEY_CHECKS=@@FOREIGN_KEY_CHECKS, FOREIGN_KEY_CHECKS=0 */;
/*!40101 SET @OLD_SQL_MODE=@@SQL_MODE, SQL_MODE='NO_AUTO_VALUE_ON_ZERO' */;
/*!40111 SET @OLD_SQL_NOTES=@@SQL_NOTES, SQL_NOTES=0 */;

--
-- Table structure for table `centrosanitario`
--

DROP TABLE IF EXISTS `centrosanitario`;
/*!40101 SET @saved_cs_client     = @@character_set_client */;
/*!50503 SET character_set_client = utf8mb4 */;
CREATE TABLE `centrosanitario` (
  `id` int(10) unsigned NOT NULL,
  `Nombre` varchar(70) NOT NULL,
  `Direccion` tinytext NOT NULL,
  `CentroSalud` tinyint(4) NOT NULL,
  `Hospital` tinyint(4) NOT NULL,
  `PROVINCIA_idPROVINCIA` int(11) NOT NULL,
  PRIMARY KEY (`id`),
  KEY `FK_centrosanitario_provincia_idPROVINCIA` (`PROVINCIA_idPROVINCIA`),
  CONSTRAINT `FK_centrosanitario_provincia_idPROVINCIA` FOREIGN KEY (`PROVINCIA_idPROVINCIA`) REFERENCES `provincia` (`idPROVINCIA`)
) ENGINE=InnoDB DEFAULT CHARSET=utf8;
/*!40101 SET character_set_client = @saved_cs_client */;

--
-- Dumping data for table `centrosanitario`
--

LOCK TABLES `centrosanitario` WRITE;
/*!40000 ALTER TABLE `centrosanitario` DISABLE KEYS */;
INSERT INTO `centrosanitario` VALUES (1,'GENERAL MOSCONI','Pedro Naon',1,0,11),(2,'LOS SAUCES','Algarrobo Esq. Espinillos',1,0,3),(3,'LOS PINOS','Pje. Gable Car (entre Duran y Rawson)',1,0,12),(4,'NUEVA ITALIA','Jose de Quevedo esq. Dos Barrios',1,0,11),(5,'YOFRE  NORTE','Rene de Clairiac',1,0,1),(6,'VILLA RIVERA INDARTE','Chamico esq. Reartes',1,0,6),(7,'PUEYRREDON','Pje Urtubey esq. Faray Bracco',1,0,7),(8,'ACOSTA','Corrientes esq Río Paraná',1,0,20),(9,'ALBEDI OESTE','Dr. Pedro Chutro',1,0,8),(10,'COLONIA LOLA','Lola Mora',1,0,3),(11,'COLON y GRISOL','Tolosa esq. Castilla',1,0,7),(12,'FERREYRA','Armas Argentinas',1,0,1),(13,'HIPOLITO YRIGOYEN','Avellaneda',1,0,11),(14,'GENERAL BUSTOS','Diagonal IKA',1,0,19),(15,'REMEDIOS DE ESCALA','Calle 5 entre 14 y 15',1,0,17),(16,'ZUMARAN','Sebastian Gaboto',1,0,17),(17,'VILLA AZALAIS OESTE','Acampes esq. Gerchunoff',1,0,16),(18,'SAN JORGE','Barrancas del Parana esq. Jose Melian',1,0,6),(19,'SARGENTO CABRAL','Francisco Suarez',1,0,15),(20,'LAS MARGARITAS','Herminio Malvino',1,0,22),(21,'MARQUEZ DE SOBREM','Nuflo de Aguilar esq. Tomas de Irobi',1,0,23),(22,'ALBERDI SUD','Gavino Blanco (Esq. Angel Avalos)',1,0,5),(23,'ROSEDAL ANEXO','Padre Lozano (Esq. Lagunilla)',1,0,15),(24,'CUPANI','Isaac Albeniz',1,0,23),(25,'SAN MARTIN','Uspallata',1,0,22),(26,'SANTA ANA','Gurruchaga',1,0,24),(27,'PILAR','Tapalque esq. Patagonia',1,0,20),(28,'LAS VIOLETAS','Locatelli y Formosa',1,0,15),(29,'VILLA SIBURU','Boderau  3640  esq.  Pje  Publico',1,0,1),(30,'VILLA PAEZ','Emilio Conti (Esq. Silvestre Remonda)',1,0,24),(31,'LA SALLE','Curacen',1,0,4),(32,'YAPEYU','Loreto',1,0,2),(33,'ARGUELLO','Gabriel Ortega 8050. Argüello Lourdes',1,0,2),(34,'Villa 9 de Julio','Coquena (Esq. Huerpes)',1,0,14),(35,'VILLA REVOL','Chascomus',1,0,7),(36,'PATRICIA BARRERA Bº Jose Ignacio Diaz II','Gral Pedernera 2734 (Esq. Albornoz)',1,0,8),(37,'URQUIZA','Miguel de Marmol 2956',1,0,24),(38,'FERRER','Bustos y  Ferreyra 3100 (Esq. M. Baigorria)',1,0,11),(39,'LAS FLORES','Av. Armada Agentina 105',1,0,15),(40,'VILLA EL LIBERTADOR','Chiclayo',1,0,24),(41,'COMERCIAL','Virgen de Fatima Esq. Rio III',1,0,14),(42,'GUEMES','Bolivar 826',1,0,11),(43,'BELLA VISTA','Alejandro Dumas (Esq. Venus)',1,0,4),(44,'CABO FARINA','Viña del Mar 4651',1,0,24),(45,'SANTA ISABEL','Altos del Tala (Entre Catamarca e Isla Verde) S/N',1,0,3),(46,'CORONEL OLMEDO','Ruiz Huidobro (La numeracion 5850 es al lado)',1,0,13),(47,'VILLA AZALAIS ESTE','Milan 2960',1,0,13),(48,'COLINAS DEL CERRO','Las Acacias (Esq Ramon Mestre)',1,0,9),(49,'VILLA ADELA','Gabriela Mistral 4711',1,0,20),(50,'GUIÑAZU','De la Caja esq. Del Erquencho',1,0,24),(51,'VILLA URQUIZA','Humberto 1º 4900 (Esq. Fiorito)',1,0,6),(52,'INAUDI','Teniente Nivoli ( al lado Precinto)',1,0,15),(53,'LOS BOULEVARES','Bv de Los Hungaros esq Bv. De los Lombardos',1,0,23),(54,'LAS PALMAS','Miguel de Sopegna 350',1,0,7),(55,'EMPALME','Ariza 4800 (Entre Samaniego y Pichanas)',1,0,19),(56,'ARGUELLO I.P.V','Fermin  Martin S/N (Esq. Feje)',1,0,20),(57,'MALDONADO','Cartechini (Esq. Blas Parera)',1,0,10),(58,'CONGRESO','Curazao (Esq. Ralico)',1,0,4),(59,'MARQUEZ  ANEXO','Del Molino Esq. Del Precursor',1,0,17),(60,'Bº EL CERRITO (ex u.20)','Marimon esq. Sessarego',1,0,1),(61,'VILLA  CORNU','Llanquianquen 9400 entre',1,0,16),(62,'PARQUE REPUBLICA','Mariano Rosas esq. Ceferino Namuncura',1,0,17),(63,'OÑA - BIALLET MASSÉ','Los Hornillos esq. Cerro Colorado',1,0,10),(64,'SAN ROQUE','Sagento Gomez esquina Av. Kingley (al fondo )',1,0,11),(65,'MERCANTIL ANEXO','Onofre Marimon y Jose Maria Rosa',1,0,20),(66,'16 DE NOVIEMBRE','Salta S/N (o Cauque al lado del Obrador)',1,0,5),(67,'CARCANO','De las Altas Cumbres 3830',1,0,6),(68,'GRAL ARENALES','La Pirincha esq. El Crespin',1,0,20),(69,'ESTACION FLORES','Estocolmo 3689',1,0,14),(70,'COOP`. EL ARCO','Av. Sotomayor 3000 ( esq. Nicolas de la Retama)',1,0,1),(71,'LA FLORESTA ','Las Orquidias S/N ( al lado del Centro Vecinal)',1,0,22),(72,'PARQUE FUTURA','Guanazacate S/N (Esq. Aruba)',1,0,21),(73,'VILLA ESQUIU','A. Arturo Capdevila Km 10',1,0,19),(74,'CERVECEROS','Onofrio Palamara 2825( entre Reyna y Saavedra)',1,0,18),(75,'VILLA UNION','Tres Cruces (Esq. Cataneo)',1,0,22),(76,'DON BOSCO','Costamana Nº 7000 esq.Vespignani',1,0,15),(77,'PQUE. LICEO II sec','Gutierrez Najera (Esq. Olegario Andrade)',1,0,23),(78,'ALBERT  SABIN','Camino San Antonio Km 7 1/2',1,0,11),(79,'RENACIMIENTO','Manuel de Oliden 448',1,0,4),(80,'SAN LORENZO','Juan Segui 4608 (Esq. Nerena)',1,0,6),(81,'VILLA ALLENDE PARQUE','Calle 15 S/N (entre 18 y 19)',1,0,2),(82,'AMEGHINO NORTE','WARNE 1625',1,0,19),(83,'BAJO GRANDE','Cam. Chacra de la Merc. Km 6 1/2',1,0,7),(84,'PATRICIOS ESTE','Heroes de Vilcapujio 3725',1,0,22),(85,'VILLA EL LIBERTADOR','Barraquilla (entre Mercedes y Pje.Publico ex. 12)',1,0,19),(86,'SACHI','El Dorado 6050',1,0,17),(87,'VILLA LA MERCED','Ruta 19 alt. Ingreso Malvinas Argentinas',1,0,12),(88,'VILLA RIVADAVIA','Cno. San Antonio Km 8 1/2',1,0,22),(89,'ITUZAINGO ANEXO','Av. J Frank 5571',1,0,12),(90,'VILLA BUSTOS','Pje. Ancasti esq. Benjamin Viel',1,0,16),(91,'LOS CORTADEROS','Boulevar de los Polacos y Canal Norte',1,0,9),(92,'VILLA LA TELA','Avdor. Almonacid esq. Avdor Zaar',1,0,19),(93,'PQUE LICEO IIIsec','Juan  Luis Orrego 4735 ( es. Constancio Vigil)',1,0,10),(94,'CNO 60 CUADRAS','Cmo 60 cuadas  Km 3 1/2',1,0,19),(95,'JOSE I. DIAZ I sec.','Calle Publica Nº 1 Mza. 26 Lote 17    Morales de Albornoz 4500 (Impuestos)',1,0,24),(96,'CABILDO','Av. Colorado esq. Gaiman',1,0,8),(97,'MERCADO DE ABASTO','Mercado de Abasto',1,0,21),(98,'LOS ROBLES','Docentes Argentinos',1,0,10),(99,'HEROES DE MALVINAS','América Central',1,0,19),(100,'12 DE JUlIO','Manuel Lisandro Borda',1,0,20),(101,'Centro de Salud \"Martin\"','MORENO MARIANO 950',1,0,2),(102,'Centro de Salud \"Ceferino Namuncurá\"','INGENIEROS JOSE 8590',1,0,6),(103,'Centro de Salud \"Dr. Roque Coulin\"','HUMBERTO 1º 2033',1,0,5),(104,'Centro de Salud \"Emaús\"','URDINARRAIN 7900',1,0,4),(105,'Centro de Salud \"Jean Henry Dunant\"','AGNETA TTE. ALFREDO 1439',1,0,13),(106,'Centro de Salud \"Juana Azurduy\" Bº Empalme Graneros','FRAGA CNEL. ROSENDO MARIA 1087 bis',1,0,9),(107,'Centro de Salud \"Lic. José Raúl Ugarte\"','1635 980',1,0,15),(108,'Centro de Salud \"Vecinal Angel Invaldi\"','ECUADOR 645 bis',1,0,4),(109,'Centro de Salud \"Vecinal Antonio Paravano\"','BURUCUYA 929 bis',1,0,24),(110,'Centro de Salud \"Vecinal Ludueña Norte y Moreno\"','JUNIN 5236',1,0,6),(111,'Centro de Salud \"Vecinal Víctor Cué\"','PASO JUAN JOSE 5490',1,0,24),(112,'Centro de Salud Dra. Débora Ferrandini','PROVINCIAS UNIDAS 150 bis',1,0,6),(113,'Policlínico San Martín','Chubut 7145',1,0,23),(114,'Centro de Salud \"1° de Mayo\"','MENA JUAN DE DIOS 2265',1,0,10),(115,'Centro de Salud \"Alicia Moreau de Justo\"','1333 3040',1,0,21),(116,'Centro de Salud \"Casiano Casas\"','CASAS CASIANO 970',1,0,2),(117,'Centro de Salud \"Dr. Salvador Mazza\"','GRANDOLI FLODUARDO 3498',1,0,17),(118,'Centro de Salud \"Juan B. Justo\"','JUSTO JUAN B 2083',1,0,23),(119,'Centro de Salud \"Vecinal Amor al Estudio\"','JUNIN 1684',1,0,2),(120,'Centro de Salud \"Vecinal La Florida\"','BRAILLE LUIS 1205',1,0,23),(121,'Centro de Salud \"Bº Toba\"','TAREGUEC 4320',1,0,6),(122,'Centro de Salud \"Dr. David Staffieri\"','PERON PRESIDENTE JUAN DOM 4540',1,0,17),(123,'Centro de Salud \"Dr. Esteban Maradona\"','COCHABAMBA 5103',1,0,23),(124,'Centro de Salud \"Eva Duarte\"','ROUILLON ALFREDO 2095',1,0,8),(125,'Centro de Salud \"Julio A. Roca\"','DELIOT V 5323',1,0,8),(126,'Centro de Salud \"Luchemos por la vida\"','SEGUI JUAN FRANCISCO 6552',1,0,24),(127,'Centro de Salud \"Mauricio Casal\"','SEGUI JUAN FRANCISCO 5305',1,0,9),(128,'Centro de Salud \"Santa Lucía\"','1739 7691',1,0,19),(129,'Centro de Salud \"Sta. María Josefa Rossello\"','RIVAROLA DR. RODOLFO 7501',1,0,20),(130,'Centro de Salud \"Vecinal Juan Pablo II\"','FRAGA CNEL. ROSENDO MARIA 2308',1,0,2),(131,'Centro de Salud \"Vecinal Villa Urquiza\"','OCAMPO 5779',1,0,2),(132,'Centro de Salud \"El Gaucho\"','AVELLANEDA NICOLAS 5625',1,0,1),(133,'Centro de Salud \"Elena Bazzet\"','CABRINI MADRE 2717',1,0,15),(134,'Centro de Salud \"Enfermero Ariel E. Morandi\" Bº Plata','LAMADRID GREGORIO ARAOZ D 3307',1,0,2),(135,'Centro de Salud \"Itatí\"','GARIBALDI JOSE 2502',1,0,12),(136,'Centro de Salud \"Las Flores\"','FLOR DE NACAR 6983',1,0,7),(137,'Centro de Salud \"Pocho Lepratti\"','MELIAN JOSE 6386',1,0,5),(138,'Centro de Salud \"San Marcelino Champagnat\"','CASTELLANOS AARON 3935',1,0,10),(139,'Centro de Salud \"San Vicente de Paul\"','PUNTA DEL INDIO 7760',1,0,24),(140,'Centro de Salud \"Santa Teresita\"','FRANCIA 4435',1,0,13),(141,'Centro de Salud \"Tío Rolo\"','AVELLANEDA NICOLAS 6600',1,0,15),(142,'Centro de Salud \"Vecinal Las Flores Este\"','KHANTUTA 1397',1,0,10),(143,'Centro de Salud \"Vecinal Parque Sur\"','BOLONIA 5350',1,0,6),(144,'Centro de Salud \"Vecinal San Martín A\"','PIEDRAS 1469',1,0,6),(145,'Centro de Salud \"20 de Junio\" Bº Tiro Suizo','MARGIS PEDRO JOSE 5115',1,0,22),(146,'Centro de Salud \"Dr. Julio Maiztegui\"','ROSA JOSE MARIA 9201',1,0,9),(147,'Centro de Salud \"El Mangrullo\"','MANGRULLO EL 5150',1,0,22),(148,'Centro de Salud \"Luis Pasteur\"','AYOLAS JUAN DE 270',1,0,16),(149,'Centro de Salud \"Rubén Naranjo\"','SANCHEZ DE THOMPSON MARIQ 9 bis',1,0,2),(150,'Centro de Salud \"Sur\"','AYACUCHO BATALLA DE 6300',1,0,9),(151,'Centro de Salud \"Vecinal Domingo Matheu\"','CORRIENTES 3880',1,0,17),(152,'AMERISBB','AVENIDA ALEM 1044',0,1,3),(153,'CENTRO DE REPRODUCCION SA','Calle 41 487',0,1,11),(154,'CLINICA DEL NIÑO Y LA MADRE','Avenida Colón 2749',0,1,9),(155,'CLINICA DIM RIVADAVIA','Avenida Rivadavia 14252',0,1,17),(156,'CLINICA MONOVALENTE PERINAT','Calle 59 1028',0,1,13),(157,'CLINICA PRIVADA DR. PEDRO GARCIA SALINAS','25 de Mayo 170',0,1,5),(158,'CLINICA PRIVADA FUMEBA- HOSPITAL PRIVADO DEL SUR','Las Heras 164',0,1,1),(159,'CRECER','San Luis 2176 Piso 3',0,1,17),(160,'GENS CENTRO ESPECIALIZADO EN TRATAMIENTO PARA LA MUJER','ALVEAR 514',0,1,8),(161,'GESTAR ASISTENCIA SRL','Calle 63 664',0,1,7),(162,'HILLS MEDICAL CLINIC (CIRUGIA AMBULATORIA)','Avda. Fondo de la Legua Nº 35',0,1,8),(163,'HOSPITAL GENERAL MI PUEBLO','Doctor Juan Carlos Mainini 240',0,1,18),(164,'HOSPITAL INTERZONAL GENERAL AGUDOS DR. LUIS A. GUEMES','RIVADAVIA 15000',0,1,9),(165,'HOSPITAL INTERZONAL GENERAL DE AGUDOS EVA PERON','Avenida Doctor Ricardo Balbín 3GENERAL SAN MARTÍN',0,1,8),(166,'HOSPITAL INTERZONAL GENERAL DE AGUDOS DR. JOSE PENNA','Avenida Lainez 2401',0,1,8),(167,'HOSPITAL INTERZONAL GENERAL DE AGUDOS DR. OSCAR ALENDE','Av. Juan B. Justo y 164',0,1,14),(168,'HOSPITAL INTERZONAL GENERAL DE AGUDOS GENERAL SAN MAR','CALLE 1 ESQUINA 70',0,1,20),(169,'HOSPITAL MUNICIPAL NUESTRA SEÑORA DEL CARMEN','Avenida Garay 216',0,1,6),(170,'HOSPITAL MUNICIPAL RAMON SANTAMARINA','General Paz 1400',0,1,14),(171,'HOSPITAL ZONAL ESPECIALIZADO EN PEDIATRIA ARGENTINA DIEG ','Alfredo Prat 511',0,1,21),(172,'INSTITUTO DE GINECOLOGIA Y FERTILIDAD PREFER','GUEMES 2348',0,1,16),(173,'INSTITUTO DE OBSTETRICIA, GINECOLOGIA Y FERTILIDAD','José Pereyra Lucena 575',0,1,18),(174,'INSTITUTO DIAGNOSTICO PATOLOGIA FEMENINA S.A','Alsina 575',0,1,16),(175,'INSTITUTO FILUS','AVENIDA DEL LIBERTADOR 16SAN ISIDRO (SAN ISIDRO)',0,1,19),(176,'PROCREARTE - IARA','Avenida 44 1008',0,1,7),(177,'CEGYR CENTRO DE ESTUDIOS EN GINECOLOGIA Y REPRODUCCIO','Viamonte 1438',0,1,9),(178,'CENTRO MEDICO EN REPRODUCCION ASISTIDA IN VITRO BSAS','Marcelo Torcuato de Alvear 878',0,1,22),(179,'CENTRO MEDICO FERTILAB','Riobamba 1205 1º Piso Y 2º Piso',0,1,2),(180,'CENTRO MEDICO FRANCES DE GINECOLOGIA Y REPRODUCCION','Carlos Calvo 2957 1',0,1,10),(181,'CENTRO MEDICO IVI BS AS','Avenida del Libertador 5962',0,1,14),(182,'CENTRO MEDICO MONSERRAT','Hipólito Irigoyen 1210',0,1,5),(183,'CENTRO MEDICO PROCREARTE','Bulnes 1104 y Tucumán 3701',0,1,20),(184,'CIMER - CENTRO DE FERTILIZACION ASISTIDA','Avenida Forest 1166 PB Y PISO CIUDAD DE BUENOS AIRES',0,1,7),(185,'CONSULTORIOS MEDICOS RODRIGUEZ PEÑA 2087 1ºC','RODRIGUEZ PEÑA 2087 1ºC',0,1,22),(186,'CRYOBANK','Libertad 1173 4º B',0,1,19),(187,'FERTIASIST MEDICINA REPRODUCTIVA','Avenida Callao 1134 7º piso',0,1,20),(188,'HALITUS INSTITUTO MEDICO','Marcelo T. de Alvear 2084',0,1,11),(189,'HOSPITAL DE CLINICAS JOSE DE SAN MARTIN','AV. CORDOBA 2351',0,1,11),(190,'HOSPITAL ITALIANO DE BUENOS AIRES','Gascón 450',0,1,24),(191,'IFER - INSTITUTO DE GINECOLOGIA Y FERTILIDAD','Marcelo T. de Alvear 2261 7º PisCIUDAD DE BUENOS AIRES',0,1,11),(192,'INSTITUO MEDICO CER - CENTRO ESPECIALIZADO EN REPRODUCC','Humboldt 2263',0,1,20),(193,'INSTITUTO MEDICO INTEGRAL DE FERTILIDAD FECUNDITAS','Larrea 790',0,1,4),(194,'PREGNA MEDICINA REPRODUCTIVA','Juncal 3490',0,1,20),(195,'REPROFERT SRL','Humboldt 2433',0,1,11),(196,'SEREMAS - CENTRO MEDICO CON QUIROFANO Y LAB DE ESTUDIO ','Arenales 1954 Piso 1',0,1,22),(197,'MATERNIDAD PROVINCIAL 25 DE MAYO','Hernando de Pedraza 1500',0,1,9),(198,'HOSPITAL DR. JULIO CECILIO PERRANDO','Avenida 9 de Julio 1100',0,1,15),(199,'INSTITUTO DE CIRUGIA AMBULATORIA S.R.L','MONTEAGUDO 278',0,1,4),(200,'PROCREARTE NEA','Almirante Brown 438',0,1,9),(201,'SANATORIO ANTARTIDA CENTRO MEDICO PARA LA MUJER S.R.L.','SAN LORENZO 180',0,1,11),(202,'HOSPITAL REGIONAL COMODORO RIVADAVIA','Irigoyen 950',0,1,1),(203,'HOSPITAL ZONAL ANDRES ISOLA','Roberto Gómez 383',0,1,24),(204,'SANATORIO ASOCIACION ESPAÑOLA DE SOCORROS MUTUOS SA','MITRE 860',0,1,12),(205,'VITA MEDICINA REPRODUCTIVA','Pecoraro 460',0,1,22),(206,'CENTRO DE REPRODUCCION ASISTIDA CREA S.R.L.','Wenceslao Tejerina Norte 241',0,1,4),(207,'CENTRO DE REPRODUCCION HUMANA ASISTIDA GYNESIS','Avenida Rafael Núñez 5229',0,1,19),(208,'CENTRO INTEGRAL DE GINECOLOGIA OBSTETRICIA Y REPRODUCC','Boulevard Chacabuco 1089',0,1,2),(209,'CENTRO MEDICO NASCENTIS','Montevideo 359',0,1,3),(210,'CENTRO MEDICO QUIRURGICO FECUNDART','Paraná 545',0,1,8),(211,'HOSPITAL MATERNO NEONATAL','AVENIDA LA CARDEÑOSA 290',0,1,6),(212,'HOSPITAL MATERNO PROVINCIAL FELIPE LUCCINI','PASAJE LUIS CAEIRO 1545',0,1,9),(213,'HOSPITAL UNIVERSITARIO DE MATERNIDAD Y NEONATOLOGIA (H.U ','RODRIGUEZ PEÑA 285',0,1,15),(214,'SANATORIO PRIVADO ALIVE','Avenida Rafael Núñez 5229',0,1,14),(215,'CENTRO MEDICO SA','3 DE ABRIL 869',0,1,2),(216,'CENTRO DE ESTUDIOS DE REPRODUCCION Y FERTILIDAD HUMANA','Pres. Juan Domingo Perón 541',0,1,6),(217,'CENTRO MEDICO CENTRO DE MEDICINA GINECOLOGICA Y REPRO','CERVANTES 483',0,1,18),(218,'HOSPITAL SAN MARTIN','PRESIDENTE JUAN DOMINGOPARANA',0,1,13),(219,'CENTRO DE REPRODUCCION HUMANA CEREH S.R.L.','Ramírez de Velazco 549',0,1,17),(220,'CENTRO DE REPRODUCCION HUMANA-CEREH S.R.L.-LABORATORI','CORONEL OTERO 337',0,1,15),(221,'ESTABLECIMIENTO ASISTENCIAL DR. LUCIO MOLAS','RAUL B. DIAZ Y PILCOMAYO',0,1,12),(222,'HOSPITAL REGIONAL ENRIQUE VERA BARROS - CAPITAL','Olta y Madre Teresa de Calcuta LA RIOJA',0,1,23),(223,'CENTRO DE REPRODUCCION DEL OESTE.-','AVENIDA COLÓN 569',0,1,6),(224,'CLINICA DE CUYO.-','AVENIDA JOSÉ VICENTE ZAPA2A. SECCION',0,1,16),(225,'HOSPITAL ALFREDO ITALO PERRUPATO.-','RUTA PROVINCIAL 50 Y ABDALSAN MARTÍN',0,1,7),(226,'HOSPITAL ANTONIO JOSE SCARAVELLI.-','MARTIN MIGUEL DE GUEMES TUNUYAN',0,1,13),(227,'HOSPITAL CARLOS F. SAPORITI.-','INDEPENDENCIA E ITALIA',0,1,14),(228,'HOSPITAL CENTRAL.-','AVENIDA ALEM 450',0,1,1),(229,'HOSPITAL DIEGO PAROISSIEN.-','GODOY CRUZ T. 475',0,1,3),(230,'HOSPITAL TEODORO JUAN SCHESTAKOW.-','COMANDANTE TORRES 150',0,1,7),(231,'INSTITUTO DE MEDICINA REPRODUCTIVA.-','AVENIDA BELGRANO 854.-',0,1,24),(232,'INSTITUTO PRIVADO DE GINECOLOGIA Y OBSTETRICIA - CAPITAL','GENERAL PAZ 445, CAPITAL',0,1,12),(233,'O.S.E.P. HUNUC HUAR.-','CHILE 768',0,1,8),(234,'TERRAZAS ALTA MEDICINA.-','PATRICIAS MENDOCINAS 873.MENDOZA (2A. SECCIÓN)',0,1,4),(235,'TERSOGLIO INSTITUTO DE REPRODUCCION HUMANA - CAPITAL','BOULOGNE SUR MER 97, CAPMENDOZA (5A. SECCIÓN)',0,1,18),(236,'VITA INSTITUTO.-','ECHEVERRÍA 1375',0,1,3),(237,'CREAR MEDICINA REPRODUCTIVA SRL','AVENIDA BARTOLOMÉ MITRE',0,1,4),(238,'HOSPITAL ESCUELA DE AGUDOS DR. RAMON MADARIAGA.  NIVEL I','AV. MARCONI 3736',0,1,5),(239,'LABORATORIO ANALISIS CLINICOS ANGELUCCI, JUANA MATILDE - F','Bolívar 2377',0,1,18),(240,'SANATORIO BORATTI S.R.L. (MITRE 2330)','Avenida Bartolomé Mitre 2330',0,1,5),(241,'ALBOR','Padre Brentana José 554',0,1,10),(242,'CENTRO MEDICO SANTA GENOVEVA','Alderete 1501',0,1,23),(243,'CENTRO QUIRURGICO CQ (IMER SUR)','Mitre N° 564',0,1,12),(244,'HOSPITAL PROVINCIAL NEUQUEN - DR. EDUARDO CASTRO RENDO','BUENOS AIRES 450',0,1,5),(245,'CONSULTORIOS MEDICOS FERTILITY PATAGONIA','BELGRANO 100',0,1,17),(246,'HOSPITAL AREA PROGRAMA SAN CARLOS DE BARILOCHE DR. RAM','Moreno 601',0,1,15),(247,'HOSPITAL PRIVADO TRES CERRITOS','AVENIDA JUAN B. JUSTO 93',0,1,14),(248,'HOSPITAL PUBLICO MATERNO INFANTIL','AV SARMIENTO Y GRAL AREN SALTA',0,1,13),(249,'INSTITUTO MEDICO DE ALTA COMPLEJIDAD IMAC','Adolfo Guemes 82',0,1,15),(250,'SARESA','MARIANO BOEDO 23',0,1,4),(251,'CLINICA DE REPRODUCCION ASISTIDA VIDAS','General José María Paz Este 13SAN JUAN',0,1,1),(252,'CLINICA DEL PRADO','TUCUMAN SUR 468',0,1,10),(253,'HOSPITAL DR. GUILLERMO RAWSON','AVENIDA RAWSON SUR 494',0,1,14),(254,'HOSPITAL DR. MARCIAL V. QUIROGA','Av. Libertador Gral. San Martín ORIVADAVIA',0,1,3),(255,'HOSPITAL JUAN D. PERON','MAIPU 450',0,1,11),(256,'INSTITUTO DE SALUD FEMENINA (IFEM)','ITUZAINGO 1070',0,1,15),(257,'MATERNIDAD PROVINCIAL, DOCTORA TERESITA BAIGORRIA','Intersección de las Rutas del Po SAN LUIS',0,1,20),(258,'CENTRO MEDICO FERTYA MEDICINA REPRODUCTIVA','Rioja 2282',0,1,3),(259,'CENTRO MEDICO GESTANZA (REPRODUCCION ASISTIDA)','BOULEVARD OROÑO 373',0,1,19),(260,'CENTRO MEDICO PROAR II','GUEMES 2349',0,1,19),(261,'CLINICA DE GINECOLOGIA Y MATERNIDAD CENTRAL','AVENIDA GENERAL JUSTO JO SANTA FE',0,1,23),(262,'CONSULTORIO DE ENDOCRINOLOGIA Y REPRODUCCION DR CARL','BV OROÑO 55',0,1,8),(263,'HOSPITAL ESCUELA EVA PERON - GRANADERO BAIGORRIA','Av. San martín 1645',0,1,8),(264,'HOSPITAL PROVINCIAL','Leandro Alem 1450',0,1,9),(265,'HOSPITAL DR. J. B. ITURRASPE','Bv. Pellegrini 3551',0,1,4),(266,'HOSPITAL DR. JOSE MARIA CULLEN','Avenida Gobernador Freyre 215 SANTA FE',0,1,13),(267,'HOSPITAL DR. ROQUE SAENZ PEÑA','LAPRIDA FRANCISCO NARCISROSARIO',0,1,17),(268,'HOSPITAL PROVINCIAL DEL CENTENARIO','Urquiza 3101',0,1,19),(269,'INSTITUTO DE FERTILIDAD ASISTIDA','BOULEVARD OROÑO 1520',0,1,5),(270,'INSTITUTO GAMMA','ENTRE RIOS 330',0,1,3),(271,'INSTITUTO SALUTE DONNA','SUIPACHA 2224',0,1,21),(272,'PROAR CENTRO MEDICO','ITALIA 1225',0,1,7),(273,'SANATORIO CENTRO','PARAGUAY 975',0,1,1),(274,'SANATORIO DE LA MUJER','SAN LUIS 2493',0,1,20),(275,'SANATORIO MEDICO DE DIAGNOSTICO Y TRATAMIENTO','25 DE MAYO 3240',0,1,6),(276,'SANATORIO PARRA','25 de Mayo 25',0,1,8),(277,'HOSPITAL ZONAL INDEPENDENCIA','Avenida Belgrano Norte 660',0,1,3),(278,'CENTRO DE MEDICINA REPRODUCTIVA REPRODUCIR','Calle Virgen de la Merced N° 42',0,1,4),(279,'CENTRO MEDICO FERTILIA','Andrés Villa 51',0,1,20),(280,'FECUNDAR S.R.L','SAN JUAN 142',0,1,22),(281,'INSTITUTO DE MATERNIDAD Y GINECOLOGIA NUESTRA SEÑORA DE','AVENIDA MATE DE LUNA 1550',0,1,10),(282,'INSTITUTO TUCUMANO DE FERTILIDAD ITFER','CALLE BALCARCE 459',0,1,3);
/*!40000 ALTER TABLE `centrosanitario` ENABLE KEYS */;
UNLOCK TABLES;

--
-- Table structure for table `centrosanitario_funcion`
--

DROP TABLE IF EXISTS `centrosanitario_funcion`;
/*!40101 SET @saved_cs_client     = @@character_set_client */;
/*!50503 SET character_set_client = utf8mb4 */;
CREATE TABLE `centrosanitario_funcion` (
  `id` int(10) unsigned NOT NULL,
  `nombre` tinytext,
  `LUGARHOSPI_id` int(10) unsigned NOT NULL COMMENT 'FUNCION EN HOSPITAL',
  PRIMARY KEY (`id`),
  UNIQUE KEY `id_UNIQUE` (`id`),
  KEY `FK_funenhospi_lugarhospi_id` (`LUGARHOSPI_id`),
  CONSTRAINT `FK_funenhospi_lugarhospi_id` FOREIGN KEY (`LUGARHOSPI_id`) REFERENCES `centrosanitario_lugar` (`id`)
) ENGINE=InnoDB DEFAULT CHARSET=utf8;
/*!40101 SET character_set_client = @saved_cs_client */;

--
-- Dumping data for table `centrosanitario_funcion`
--

LOCK TABLES `centrosanitario_funcion` WRITE;
/*!40000 ALTER TABLE `centrosanitario_funcion` DISABLE KEYS */;
INSERT INTO `centrosanitario_funcion` VALUES (2,'Auxiliar Enfermeria',14),(3,'Director Reg. Med',13),(4,'Ayudante de Reg. Med',13),(5,'Médico Supervisor Emergencia',5),(6,'Médico Emergencia',5),(7,'Médico Supervisor Terapia Intensiva',9),(8,'Médico Terapia Intensiva',9),(9,'Jefe/a Limpiaza',8),(10,'Limpiador/a',8),(11,'Supervisior De Cirugía',20),(12,'Auxiliar De Cirguñia',20),(13,'Control De Cirguía',20),(14,'Jefe Diagnostico Imagen',18),(15,'Auxiliar Control de Imagen',18),(16,'Técnico en Imagen',18);
/*!40000 ALTER TABLE `centrosanitario_funcion` ENABLE KEYS */;
UNLOCK TABLES;

--
-- Table structure for table `centrosanitario_has_empleado`
--

DROP TABLE IF EXISTS `centrosanitario_has_empleado`;
/*!40101 SET @saved_cs_client     = @@character_set_client */;
/*!50503 SET character_set_client = utf8mb4 */;
CREATE TABLE `centrosanitario_has_empleado` (
  `idEmpleadoCentro` int(10) NOT NULL AUTO_INCREMENT,
  `centro_id` int(10) unsigned NOT NULL,
  `matricula_id` int(10) unsigned NOT NULL,
  `funcion_id` int(10) unsigned NOT NULL,
  `turno_id` int(10) NOT NULL,
  `fecIng` datetime NOT NULL DEFAULT CURRENT_TIMESTAMP,
  PRIMARY KEY (`idEmpleadoCentro`),
  UNIQUE KEY `UK_centrosanitario_has_empleado_matricula_id` (`matricula_id`),
  KEY `centro_id` (`centro_id`,`matricula_id`,`funcion_id`),
  KEY `FK_centrosanitario_has_empleado_funenhospi_id` (`funcion_id`),
  KEY `FK_centrosanitario_has_empleado_turno_idTURNO` (`turno_id`),
  CONSTRAINT `FK_centrosanitario_has_empleado_centrosanitario_id` FOREIGN KEY (`centro_id`) REFERENCES `centrosanitario` (`id`),
  CONSTRAINT `FK_centrosanitario_has_empleado_empleado_matricula` FOREIGN KEY (`matricula_id`) REFERENCES `empleado` (`matricula`),
  CONSTRAINT `FK_centrosanitario_has_empleado_funenhospi_id` FOREIGN KEY (`funcion_id`) REFERENCES `centrosanitario_funcion` (`id`),
  CONSTRAINT `FK_centrosanitario_has_empleado_turno_idTURNO` FOREIGN KEY (`turno_id`) REFERENCES `empleado_turno` (`idTURNO`)
) ENGINE=InnoDB AUTO_INCREMENT=751 DEFAULT CHARSET=utf8;
/*!40101 SET character_set_client = @saved_cs_client */;

--
-- Dumping data for table `centrosanitario_has_empleado`
--

LOCK TABLES `centrosanitario_has_empleado` WRITE;
/*!40000 ALTER TABLE `centrosanitario_has_empleado` DISABLE KEYS */;
INSERT INTO `centrosanitario_has_empleado` VALUES (1,89,18893,5,2,'2011-12-28 00:00:00'),(2,158,18894,4,2,'2013-07-17 00:00:00'),(3,50,18895,6,1,'2015-12-09 00:00:00'),(4,161,18896,10,2,'2009-05-21 00:00:00'),(5,225,18897,4,2,'2018-02-21 00:00:00'),(6,263,18898,14,1,'2007-04-05 00:00:00'),(7,266,18899,1,1,'2007-06-25 00:00:00'),(8,36,18900,16,2,'2014-10-16 00:00:00'),(9,135,18901,15,3,'2015-11-16 00:00:00'),(10,113,18902,5,3,'2012-03-03 00:00:00'),(11,71,18903,6,1,'2012-02-05 00:00:00'),(12,68,18904,7,2,'2000-08-06 00:00:00'),(13,246,18905,3,3,'2014-08-13 00:00:00'),(14,155,18906,7,2,'2013-07-18 00:00:00'),(15,204,18907,6,1,'2014-09-05 00:00:00'),(16,212,18908,9,1,'2012-03-02 00:00:00'),(17,195,18909,15,3,'2020-01-23 00:00:00'),(18,149,18910,5,1,'2003-05-04 00:00:00'),(19,134,18911,14,2,'2013-10-28 00:00:00'),(20,57,18912,3,1,'2012-11-07 00:00:00'),(21,48,18913,5,2,'2007-06-27 00:00:00'),(22,61,18914,2,2,'2011-11-18 00:00:00'),(23,49,18915,6,2,'2004-11-22 00:00:00'),(24,240,18916,5,2,'2001-01-06 00:00:00'),(25,252,18917,1,2,'2010-07-03 00:00:00'),(26,183,18918,8,3,'2001-10-14 00:00:00'),(27,157,18919,7,3,'2001-02-24 00:00:00'),(28,16,18920,3,3,'2009-02-16 00:00:00'),(29,22,18921,13,1,'2011-08-30 00:00:00'),(30,88,18922,7,3,'2004-11-09 00:00:00'),(31,145,18923,7,1,'2006-07-27 00:00:00'),(32,78,18924,11,2,'2018-12-17 00:00:00'),(33,234,18925,13,3,'2007-10-11 00:00:00'),(34,27,18926,8,1,'2005-12-01 00:00:00'),(35,15,18927,14,2,'2007-08-22 00:00:00'),(36,111,18928,15,2,'2012-08-11 00:00:00'),(37,124,18929,15,1,'2019-05-23 00:00:00'),(38,41,18930,7,3,'2018-03-13 00:00:00'),(39,15,18931,12,1,'2009-11-03 00:00:00'),(40,242,18932,14,1,'2018-10-07 00:00:00'),(41,195,18933,11,1,'2009-02-21 00:00:00'),(42,264,18934,8,1,'2003-03-25 00:00:00'),(43,57,18935,8,2,'2020-01-04 00:00:00'),(44,271,18936,4,3,'2017-10-26 00:00:00'),(45,42,18937,4,1,'2015-12-22 00:00:00'),(46,21,18938,12,3,'2016-10-11 00:00:00'),(47,71,18939,16,1,'2007-02-09 00:00:00'),(48,29,18940,13,1,'2002-12-20 00:00:00'),(49,257,18941,3,3,'2004-07-14 00:00:00'),(50,220,18942,5,3,'2000-11-01 00:00:00'),(51,38,18943,11,1,'2009-07-23 00:00:00'),(52,51,18944,8,3,'2002-03-18 00:00:00'),(53,157,18945,1,3,'2009-05-10 00:00:00'),(54,259,18946,8,1,'2000-09-19 00:00:00'),(55,168,18947,12,2,'2006-01-29 00:00:00'),(56,261,18948,11,1,'2012-01-20 00:00:00'),(57,56,18949,2,2,'2008-09-06 00:00:00'),(58,152,18950,2,2,'2005-11-14 00:00:00'),(59,229,18951,13,3,'2008-11-24 00:00:00'),(60,149,18952,2,1,'2005-06-23 00:00:00'),(61,224,18953,5,2,'2000-09-12 00:00:00'),(62,171,18954,2,3,'2015-05-07 00:00:00'),(63,31,18955,14,2,'2015-10-14 00:00:00'),(64,201,18956,13,1,'2004-02-23 00:00:00'),(65,73,18957,6,3,'2011-05-08 00:00:00'),(66,160,18958,7,3,'2011-12-23 00:00:00'),(67,46,18959,7,3,'2020-01-27 00:00:00'),(68,13,18960,12,2,'2010-01-08 00:00:00'),(69,74,18961,2,1,'2018-02-20 00:00:00'),(70,146,18962,13,1,'2008-03-16 00:00:00'),(71,205,18963,9,1,'2015-06-02 00:00:00'),(72,27,18964,4,1,'2018-07-20 00:00:00'),(73,156,18965,8,3,'2008-04-23 00:00:00'),(74,238,18966,15,3,'2017-03-28 00:00:00'),(75,61,18967,14,2,'2007-01-22 00:00:00'),(76,119,18968,3,1,'2010-03-24 00:00:00'),(77,272,27894,12,2,'2019-03-01 00:00:00'),(78,247,27895,10,1,'2017-09-19 00:00:00'),(79,272,27896,6,1,'2008-05-02 00:00:00'),(80,264,27897,9,1,'2017-01-26 00:00:00'),(81,23,27898,3,1,'2012-05-31 00:00:00'),(82,213,27899,1,1,'2005-05-02 00:00:00'),(83,200,27900,13,1,'2016-01-25 00:00:00'),(84,141,27901,16,3,'2000-04-09 00:00:00'),(85,44,27902,3,1,'2000-09-20 00:00:00'),(86,229,27903,12,1,'2004-11-09 00:00:00'),(87,84,27904,3,3,'2019-12-07 00:00:00'),(88,278,27905,4,2,'2001-10-06 00:00:00'),(89,206,27906,1,1,'2003-03-02 00:00:00'),(90,105,27907,10,3,'2017-05-09 00:00:00'),(91,130,27908,6,1,'2017-02-23 00:00:00'),(92,276,27909,16,1,'2012-02-18 00:00:00'),(93,25,27910,1,2,'2008-06-05 00:00:00'),(94,144,27911,3,3,'2009-03-10 00:00:00'),(95,88,27912,8,3,'2002-10-07 00:00:00'),(96,116,27913,9,3,'2018-10-20 00:00:00'),(97,8,27914,2,2,'2018-05-03 00:00:00'),(98,274,27915,6,2,'2003-03-04 00:00:00'),(99,52,27916,7,2,'2006-05-28 00:00:00'),(100,38,27917,11,1,'2009-04-24 00:00:00'),(101,184,27918,12,1,'2008-03-29 00:00:00'),(102,96,27919,14,2,'2017-08-22 00:00:00'),(103,210,27920,7,2,'2020-03-20 00:00:00'),(104,243,27921,5,1,'2014-04-19 00:00:00'),(105,231,27922,13,1,'2003-11-28 00:00:00'),(106,53,27923,5,2,'2000-04-12 00:00:00'),(107,177,27924,16,3,'2013-11-18 00:00:00'),(108,66,27925,10,2,'2009-04-27 00:00:00'),(109,11,27926,5,3,'2015-04-28 00:00:00'),(110,2,27927,13,3,'2013-04-13 00:00:00'),(111,214,27928,14,1,'2007-04-23 00:00:00'),(112,132,27929,7,1,'2006-02-16 00:00:00'),(113,6,27930,11,3,'2014-08-03 00:00:00'),(114,199,27931,8,1,'2005-06-06 00:00:00'),(115,169,27932,6,3,'2019-10-26 00:00:00'),(116,28,27933,5,1,'2009-01-02 00:00:00'),(117,165,27934,4,1,'2001-05-17 00:00:00'),(118,86,27935,10,1,'2006-07-17 00:00:00'),(119,191,27936,11,2,'2015-11-28 00:00:00'),(120,64,27937,8,2,'2014-12-18 00:00:00'),(121,139,27938,10,1,'2019-11-28 00:00:00'),(122,250,27939,7,1,'2020-04-30 00:00:00'),(123,134,27940,9,3,'2001-07-31 00:00:00'),(124,37,27941,12,1,'2011-07-20 00:00:00'),(125,267,27942,12,2,'2003-08-17 00:00:00'),(126,75,27943,12,3,'2014-07-09 00:00:00'),(127,19,27944,5,2,'2011-05-12 00:00:00'),(128,198,27945,9,1,'2013-01-08 00:00:00'),(129,4,27946,10,2,'2002-08-14 00:00:00'),(130,77,27947,6,3,'2011-03-06 00:00:00'),(131,262,27948,9,3,'2013-03-11 00:00:00'),(132,181,27949,4,3,'2010-04-11 00:00:00'),(133,226,27950,15,3,'2001-02-07 00:00:00'),(134,225,27951,3,3,'2018-08-06 00:00:00'),(135,122,27952,2,1,'2008-01-14 00:00:00'),(136,145,27953,6,2,'2017-12-30 00:00:00'),(137,123,27954,8,2,'2010-09-25 00:00:00'),(138,196,27955,5,1,'2019-12-04 00:00:00'),(139,183,27956,2,3,'2008-05-04 00:00:00'),(140,151,27957,9,2,'2020-01-26 00:00:00'),(141,113,27958,12,2,'2017-08-08 00:00:00'),(142,265,27959,6,3,'2003-11-02 00:00:00'),(143,44,27960,13,3,'2002-06-30 00:00:00'),(144,250,27961,7,2,'2013-05-06 00:00:00'),(145,30,27962,3,3,'2009-09-27 00:00:00'),(146,53,27963,15,3,'2013-01-05 00:00:00'),(147,121,27964,1,1,'2012-04-09 00:00:00'),(148,40,27965,8,2,'2016-01-30 00:00:00'),(149,273,27966,9,1,'2007-03-10 00:00:00'),(150,27,27967,13,1,'2008-07-13 00:00:00'),(151,257,27968,7,1,'2005-08-23 00:00:00'),(152,23,27969,1,2,'2013-04-06 00:00:00'),(153,95,32003,1,1,'2017-07-27 00:00:00'),(154,92,32004,15,3,'2002-02-10 00:00:00'),(155,279,32005,5,1,'2011-11-26 00:00:00'),(156,139,32006,1,3,'2001-09-06 00:00:00'),(157,29,32007,5,1,'2003-02-19 00:00:00'),(158,123,32008,15,3,'2001-07-20 00:00:00'),(159,272,32009,14,2,'2000-08-14 00:00:00'),(160,90,32010,2,2,'2000-07-08 00:00:00'),(161,36,32011,14,3,'2000-10-16 00:00:00'),(162,168,32012,11,1,'2019-12-14 00:00:00'),(163,149,32013,6,3,'2004-09-17 00:00:00'),(164,198,32014,16,3,'2001-11-06 00:00:00'),(165,268,32015,13,1,'2010-09-24 00:00:00'),(166,44,32016,13,3,'2007-07-27 00:00:00'),(167,131,32017,9,3,'2004-11-27 00:00:00'),(168,9,32018,3,2,'2009-08-27 00:00:00'),(169,261,32019,14,3,'2006-08-27 00:00:00'),(170,155,32020,5,2,'2007-06-20 00:00:00'),(171,281,32021,4,3,'2002-12-30 00:00:00'),(172,71,32022,14,1,'2012-10-31 00:00:00'),(173,209,32023,16,2,'2008-06-07 00:00:00'),(174,114,32024,6,3,'2013-10-31 00:00:00'),(175,48,32025,4,2,'2015-01-17 00:00:00'),(176,256,32026,13,3,'2014-07-24 00:00:00'),(177,232,32027,2,2,'2010-08-18 00:00:00'),(178,261,32028,11,2,'2009-02-19 00:00:00'),(179,257,32029,7,3,'2009-09-04 00:00:00'),(180,246,32030,14,1,'2002-01-14 00:00:00'),(181,212,32031,11,3,'2019-08-17 00:00:00'),(182,133,32032,10,1,'2005-09-26 00:00:00'),(183,199,32033,11,3,'2005-08-06 00:00:00'),(184,70,32034,13,3,'2012-09-26 00:00:00'),(185,169,32035,2,3,'2009-07-03 00:00:00'),(186,122,32036,11,3,'2012-03-12 00:00:00'),(187,86,32037,1,1,'2018-09-27 00:00:00'),(188,164,32038,12,1,'2015-05-11 00:00:00'),(189,48,32039,2,2,'2017-01-15 00:00:00'),(190,132,32040,7,2,'2000-02-29 00:00:00'),(191,25,32041,8,1,'2013-04-10 00:00:00'),(192,42,32042,7,1,'2018-11-04 00:00:00'),(193,45,32043,14,3,'2019-03-14 00:00:00'),(194,121,32044,15,2,'2001-08-27 00:00:00'),(195,28,32045,16,1,'2014-04-07 00:00:00'),(196,236,32046,12,1,'2019-03-22 00:00:00'),(197,114,32047,10,1,'2009-08-30 00:00:00'),(198,263,32048,6,2,'2020-06-14 00:00:00'),(199,239,32049,7,3,'2006-06-26 00:00:00'),(200,167,32050,9,3,'2012-08-11 00:00:00'),(201,93,32051,11,1,'2019-06-30 00:00:00'),(202,208,32052,3,2,'2005-05-27 00:00:00'),(203,266,32053,6,2,'2010-06-11 00:00:00'),(204,53,32054,6,2,'2003-09-26 00:00:00'),(205,223,32055,12,1,'2002-10-17 00:00:00'),(206,70,32056,11,3,'2013-04-30 00:00:00'),(207,256,32057,9,2,'2002-01-24 00:00:00'),(208,263,32058,3,3,'2011-08-28 00:00:00'),(209,38,32059,9,1,'2013-03-11 00:00:00'),(210,27,32060,1,2,'2000-10-20 00:00:00'),(211,281,32061,13,3,'2007-05-16 00:00:00'),(212,143,32062,15,3,'2007-04-14 00:00:00'),(213,73,32063,7,3,'2004-07-12 00:00:00'),(214,268,32064,8,2,'2009-05-01 00:00:00'),(215,95,32065,3,2,'2010-03-27 00:00:00'),(216,273,32066,16,1,'2015-12-15 00:00:00'),(217,251,32067,16,1,'2017-05-04 00:00:00'),(218,177,32068,8,3,'2002-12-16 00:00:00'),(219,246,32069,7,1,'2016-05-15 00:00:00'),(220,71,32070,13,3,'2013-11-21 00:00:00'),(221,21,32071,6,1,'2019-04-09 00:00:00'),(222,19,32072,3,2,'2003-06-23 00:00:00'),(223,121,32073,3,3,'2016-02-22 00:00:00'),(224,276,32074,9,2,'2006-06-23 00:00:00'),(225,68,32075,12,1,'2005-10-14 00:00:00'),(226,261,32076,14,2,'2009-01-23 00:00:00'),(227,115,32077,12,1,'2010-02-03 00:00:00'),(228,65,32078,10,2,'2013-06-24 00:00:00'),(229,57,32079,1,1,'2018-06-24 00:00:00'),(230,274,32080,3,3,'2011-01-07 00:00:00'),(231,27,32081,12,1,'2016-06-03 00:00:00'),(232,129,32082,10,2,'2000-09-20 00:00:00'),(233,118,32083,1,1,'2010-11-17 00:00:00'),(234,169,41003,9,2,'2017-12-20 00:00:00'),(235,131,41004,3,2,'2007-03-27 00:00:00'),(236,246,41005,14,3,'2003-07-31 00:00:00'),(237,248,41006,2,2,'2005-08-02 00:00:00'),(238,151,41007,1,1,'2001-10-30 00:00:00'),(239,212,41008,8,2,'2006-06-03 00:00:00'),(240,188,41009,1,3,'2001-11-21 00:00:00'),(241,163,41010,1,1,'2001-11-28 00:00:00'),(242,234,41011,13,3,'2005-09-28 00:00:00'),(243,173,41012,14,1,'2009-04-19 00:00:00'),(244,281,41013,16,3,'2007-05-22 00:00:00'),(245,230,41014,1,2,'2013-03-30 00:00:00'),(246,23,41015,5,1,'2008-03-18 00:00:00'),(247,123,41016,8,2,'2004-01-06 00:00:00'),(248,27,41017,9,2,'2006-06-06 00:00:00'),(249,190,41018,9,2,'2010-11-22 00:00:00'),(250,161,41019,7,3,'2017-03-12 00:00:00'),(251,70,41020,9,2,'2001-03-27 00:00:00'),(252,32,41021,9,2,'2002-08-17 00:00:00'),(253,94,41022,8,1,'2003-12-23 00:00:00'),(254,66,41023,16,3,'2011-09-25 00:00:00'),(255,211,41024,6,1,'2019-07-03 00:00:00'),(256,127,41025,11,1,'2019-06-21 00:00:00'),(257,277,41026,10,1,'2007-04-30 00:00:00'),(258,82,41027,11,2,'2005-09-21 00:00:00'),(259,90,41028,8,1,'2004-08-18 00:00:00'),(260,9,41029,8,3,'2015-06-02 00:00:00'),(261,268,41030,2,1,'2016-11-20 00:00:00'),(262,169,41031,12,1,'2019-04-15 00:00:00'),(263,206,41032,3,3,'2015-12-11 00:00:00'),(264,114,41033,3,2,'2013-07-07 00:00:00'),(265,214,41034,13,3,'2007-11-20 00:00:00'),(266,141,41035,2,2,'2017-12-14 00:00:00'),(267,49,41036,8,2,'2016-07-21 00:00:00'),(268,187,41037,8,1,'2000-06-21 00:00:00'),(269,245,41038,1,2,'2002-12-22 00:00:00'),(270,166,41039,15,3,'2017-03-29 00:00:00'),(271,226,41040,15,1,'2007-07-10 00:00:00'),(272,93,41041,11,1,'2017-11-08 00:00:00'),(273,106,41042,10,3,'2012-04-01 00:00:00'),(274,275,41043,11,2,'2007-10-09 00:00:00'),(275,27,41044,7,1,'2003-12-06 00:00:00'),(276,97,41045,9,2,'2004-08-22 00:00:00'),(277,128,41046,12,2,'2005-11-14 00:00:00'),(278,88,41047,3,1,'2015-01-02 00:00:00'),(279,251,41048,4,1,'2006-02-22 00:00:00'),(280,62,41049,6,3,'2000-04-03 00:00:00'),(281,198,41050,3,1,'2020-02-20 00:00:00'),(282,81,41051,5,1,'2012-11-20 00:00:00'),(283,217,41052,16,2,'2018-06-19 00:00:00'),(284,194,41053,5,1,'2015-10-06 00:00:00'),(285,265,41054,2,2,'2000-05-08 00:00:00'),(286,227,41055,15,2,'2015-10-03 00:00:00'),(287,83,41056,5,1,'2017-01-16 00:00:00'),(288,267,41057,7,3,'2004-06-22 00:00:00'),(289,252,41058,1,1,'2013-08-22 00:00:00'),(290,162,41059,16,2,'2014-09-14 00:00:00'),(291,21,41060,14,2,'2019-09-02 00:00:00'),(292,65,41061,6,2,'2019-10-21 00:00:00'),(293,267,41062,14,3,'2017-08-21 00:00:00'),(294,148,41063,9,3,'2018-08-27 00:00:00'),(295,238,41064,16,3,'2015-03-09 00:00:00'),(296,120,41065,12,3,'2004-04-09 00:00:00'),(297,95,41066,6,2,'2018-11-28 00:00:00'),(298,194,41067,4,1,'2002-12-19 00:00:00'),(299,247,41068,3,1,'2019-07-19 00:00:00'),(300,138,41069,6,3,'2019-05-07 00:00:00'),(301,189,41070,6,2,'2020-04-10 00:00:00'),(302,125,41071,14,2,'2010-01-19 00:00:00'),(303,33,41072,16,3,'2005-04-19 00:00:00'),(304,272,41073,11,2,'2017-02-19 00:00:00'),(305,143,41074,12,2,'2016-03-22 00:00:00'),(306,230,41075,9,2,'2017-07-24 00:00:00'),(307,176,41076,14,2,'2017-02-13 00:00:00'),(308,62,41077,10,2,'2009-05-16 00:00:00'),(309,241,41078,4,1,'2011-11-15 00:00:00'),(310,143,41079,3,3,'2020-04-03 00:00:00'),(311,270,41080,8,2,'2014-09-29 00:00:00'),(312,151,41081,13,2,'2003-02-26 00:00:00'),(313,106,41082,12,1,'2007-12-25 00:00:00'),(314,66,41083,7,3,'2014-03-22 00:00:00'),(315,55,47362,13,2,'2010-12-24 00:00:00'),(316,209,47363,14,2,'2020-04-09 00:00:00'),(317,82,47364,16,2,'2002-01-15 00:00:00'),(318,12,47365,7,1,'2018-01-30 00:00:00'),(319,153,47366,10,2,'2013-06-19 00:00:00'),(320,170,47367,3,2,'2001-06-22 00:00:00'),(321,68,47368,4,3,'2000-04-10 00:00:00'),(322,262,47369,9,2,'2000-12-15 00:00:00'),(323,57,47370,8,2,'2010-10-26 00:00:00'),(324,82,47371,11,2,'2002-09-15 00:00:00'),(325,38,47372,4,3,'2018-09-11 00:00:00'),(326,183,47373,5,3,'2017-06-29 00:00:00'),(327,11,47374,14,1,'2002-08-16 00:00:00'),(328,216,47375,8,2,'2005-04-07 00:00:00'),(329,129,47376,1,2,'2015-02-24 00:00:00'),(330,80,47377,14,1,'2004-06-08 00:00:00'),(331,275,47378,10,2,'2008-07-21 00:00:00'),(332,97,47379,11,1,'2000-10-16 00:00:00'),(333,67,47380,16,3,'2003-08-23 00:00:00'),(334,88,47381,15,3,'2015-07-13 00:00:00'),(335,210,47382,16,3,'2008-03-23 00:00:00'),(336,171,47383,12,2,'2018-01-17 00:00:00'),(337,130,47384,9,1,'2004-09-08 00:00:00'),(338,232,47385,15,2,'2009-08-09 00:00:00'),(339,195,47386,6,1,'2015-11-11 00:00:00'),(340,147,47387,6,1,'2013-12-31 00:00:00'),(341,153,47388,15,2,'2006-02-22 00:00:00'),(342,57,47389,16,2,'2019-01-05 00:00:00'),(343,170,47390,4,3,'2008-09-07 00:00:00'),(344,11,47391,11,2,'2003-03-05 00:00:00'),(345,40,47392,4,3,'2016-09-08 00:00:00'),(346,1,47393,14,1,'2012-07-18 00:00:00'),(347,52,47394,6,1,'2005-03-04 00:00:00'),(348,204,47395,7,1,'2015-06-16 00:00:00'),(349,188,47396,10,3,'2010-06-25 00:00:00'),(350,77,47397,4,1,'2015-08-22 00:00:00'),(351,267,47398,11,2,'2015-12-13 00:00:00'),(352,122,47399,5,3,'2016-10-29 00:00:00'),(353,263,47400,9,2,'2000-03-10 00:00:00'),(354,209,47401,11,2,'2006-12-19 00:00:00'),(355,68,47402,15,1,'2005-11-04 00:00:00'),(356,126,47403,12,3,'2008-07-28 00:00:00'),(357,12,47404,3,1,'2008-04-02 00:00:00'),(358,157,47405,12,3,'2017-11-29 00:00:00'),(359,153,47406,11,1,'2019-03-10 00:00:00'),(360,213,47407,13,3,'2015-11-26 00:00:00'),(361,211,47408,7,2,'2013-12-10 00:00:00'),(362,178,47409,15,2,'2000-09-02 00:00:00'),(363,20,47410,9,2,'2007-11-20 00:00:00'),(364,200,47411,14,3,'2014-10-17 00:00:00'),(365,36,47412,3,1,'2013-02-25 00:00:00'),(366,250,47413,3,1,'2012-04-04 00:00:00'),(367,43,47414,5,1,'2005-06-25 00:00:00'),(368,200,47415,10,3,'2015-07-16 00:00:00'),(369,98,47416,5,1,'2003-04-16 00:00:00'),(370,180,47417,11,2,'2018-11-04 00:00:00'),(371,15,47418,15,1,'2003-12-16 00:00:00'),(372,93,47419,7,3,'2011-09-07 00:00:00'),(373,171,47420,13,3,'2010-06-12 00:00:00'),(374,60,47421,4,3,'2001-04-24 00:00:00'),(375,101,47422,7,2,'2001-05-17 00:00:00'),(376,51,47423,4,1,'2004-10-06 00:00:00'),(377,112,47424,7,3,'2005-11-11 00:00:00'),(378,245,47425,11,2,'2009-02-12 00:00:00'),(379,180,47426,16,2,'2005-05-22 00:00:00'),(380,260,47427,3,1,'2018-01-15 00:00:00'),(381,33,47428,4,2,'2007-07-11 00:00:00'),(382,24,47429,4,3,'2006-03-15 00:00:00'),(383,168,47430,3,2,'2019-02-17 00:00:00'),(384,199,47431,1,3,'2020-01-10 00:00:00'),(385,165,47432,15,2,'2005-02-10 00:00:00'),(386,54,56363,2,2,'2006-04-05 00:00:00'),(387,30,56364,12,1,'2006-12-24 00:00:00'),(388,153,56365,14,2,'2004-12-30 00:00:00'),(389,80,56366,5,2,'2013-08-21 00:00:00'),(390,33,56367,3,2,'2007-09-07 00:00:00'),(391,215,56368,9,1,'2016-08-08 00:00:00'),(392,156,56369,1,1,'2003-12-27 00:00:00'),(393,68,56370,1,2,'2014-07-20 00:00:00'),(394,22,56371,7,3,'2011-09-06 00:00:00'),(395,55,56372,8,3,'2020-03-13 00:00:00'),(396,275,56373,15,3,'2011-10-03 00:00:00'),(397,104,56374,6,1,'2002-11-08 00:00:00'),(398,184,56375,1,2,'2014-12-14 00:00:00'),(399,173,56376,4,1,'2012-07-28 00:00:00'),(400,3,56377,16,2,'2019-10-24 00:00:00'),(401,199,56378,6,3,'2006-10-09 00:00:00'),(402,46,56379,5,3,'2015-05-09 00:00:00'),(403,223,56380,3,2,'2003-05-30 00:00:00'),(404,37,56381,11,3,'2012-01-20 00:00:00'),(405,21,56382,9,2,'2009-12-01 00:00:00'),(406,254,56383,12,2,'2003-12-06 00:00:00'),(407,113,56384,8,2,'2002-11-01 00:00:00'),(408,221,56385,10,3,'2019-12-07 00:00:00'),(409,164,56386,2,1,'2016-04-09 00:00:00'),(410,194,56387,10,2,'2005-09-16 00:00:00'),(411,207,56388,3,3,'2014-08-18 00:00:00'),(412,44,56389,15,3,'2008-07-18 00:00:00'),(413,167,56390,2,3,'2005-04-17 00:00:00'),(414,233,56391,7,1,'2014-03-07 00:00:00'),(415,247,56392,5,2,'2005-11-03 00:00:00'),(416,136,56393,14,2,'2003-02-16 00:00:00'),(417,34,56394,2,3,'2006-01-24 00:00:00'),(418,44,56395,16,3,'2008-03-14 00:00:00'),(419,265,56396,10,2,'2004-09-09 00:00:00'),(420,48,56397,8,3,'2007-06-05 00:00:00'),(421,45,56398,5,1,'2000-01-16 00:00:00'),(422,263,56399,15,3,'2003-03-15 00:00:00'),(423,190,56400,3,1,'2007-08-30 00:00:00'),(424,68,56401,15,2,'2020-04-24 00:00:00'),(425,264,56402,9,1,'2005-08-08 00:00:00'),(426,79,56403,1,1,'2011-12-01 00:00:00'),(427,38,56404,16,2,'2000-07-14 00:00:00'),(428,9,56405,9,3,'2010-09-21 00:00:00'),(429,78,56406,2,1,'2000-09-02 00:00:00'),(430,33,56407,9,1,'2004-10-10 00:00:00'),(431,84,56408,10,1,'2001-05-28 00:00:00'),(432,10,56409,9,3,'2011-12-16 00:00:00'),(433,56,56410,16,3,'2011-08-31 00:00:00'),(434,200,56411,7,3,'2018-04-22 00:00:00'),(435,60,56412,5,1,'2009-04-03 00:00:00'),(436,102,56413,14,1,'2013-08-27 00:00:00'),(437,159,56414,1,1,'2020-03-21 00:00:00'),(438,125,56415,13,1,'2010-06-26 00:00:00'),(439,128,56416,13,2,'2006-02-25 00:00:00'),(440,33,56417,10,2,'2020-02-28 00:00:00'),(441,268,56418,12,1,'2010-05-11 00:00:00'),(442,231,56419,11,1,'2012-09-19 00:00:00'),(443,251,56420,13,3,'2004-05-21 00:00:00'),(444,1,56421,5,3,'2013-06-03 00:00:00'),(445,169,56422,16,3,'2012-03-15 00:00:00'),(446,262,56423,3,1,'2017-04-20 00:00:00'),(447,92,56424,3,1,'2003-08-24 00:00:00'),(448,78,56425,16,1,'2002-09-11 00:00:00'),(449,94,56426,12,2,'2010-10-12 00:00:00'),(450,42,56427,5,1,'2007-06-08 00:00:00'),(451,20,56428,2,2,'2017-04-18 00:00:00'),(452,125,56429,1,3,'2006-01-05 00:00:00'),(453,219,56430,8,1,'2005-12-12 00:00:00'),(454,21,56431,6,1,'2001-05-11 00:00:00'),(455,86,56432,6,1,'2006-03-25 00:00:00'),(456,43,66397,1,2,'2012-04-20 00:00:00'),(457,260,66398,6,3,'2003-08-17 00:00:00'),(458,128,66399,2,1,'2000-07-02 00:00:00'),(459,100,66400,9,2,'2018-04-16 00:00:00'),(460,265,66401,12,3,'2014-04-02 00:00:00'),(461,168,66402,7,1,'2008-01-21 00:00:00'),(462,79,66403,10,2,'2017-09-24 00:00:00'),(463,169,66404,1,2,'2016-05-04 00:00:00'),(464,266,66405,6,1,'2008-08-22 00:00:00'),(465,99,66406,9,1,'2013-06-02 00:00:00'),(466,71,66407,4,2,'2010-07-01 00:00:00'),(467,230,66408,15,2,'2010-08-05 00:00:00'),(468,173,66409,3,2,'2009-01-09 00:00:00'),(469,20,66410,9,3,'2019-10-22 00:00:00'),(470,44,66411,12,2,'2018-08-31 00:00:00'),(471,80,66412,4,2,'2007-07-25 00:00:00'),(472,61,66413,9,1,'2017-04-12 00:00:00'),(473,125,66414,9,3,'2008-12-13 00:00:00'),(474,73,66415,10,2,'2000-01-22 00:00:00'),(475,281,66416,6,2,'2002-05-21 00:00:00'),(476,279,66417,10,3,'2017-05-07 00:00:00'),(477,237,66418,1,3,'2015-03-27 00:00:00'),(478,215,66419,7,1,'2005-09-11 00:00:00'),(479,48,66420,15,2,'2012-09-22 00:00:00'),(480,194,66421,5,2,'2006-05-17 00:00:00'),(481,94,66422,15,2,'2001-01-16 00:00:00'),(482,236,66423,9,1,'2008-01-29 00:00:00'),(483,8,66424,8,3,'2003-07-30 00:00:00'),(484,135,66425,10,3,'2001-07-31 00:00:00'),(485,18,66426,8,2,'2020-01-16 00:00:00'),(486,121,66427,1,2,'2012-03-13 00:00:00'),(487,69,66428,11,1,'2006-06-06 00:00:00'),(488,246,66429,13,1,'2009-02-12 00:00:00'),(489,159,66430,8,1,'2019-08-25 00:00:00'),(490,252,66431,1,2,'2008-01-16 00:00:00'),(491,120,66432,4,1,'2011-08-04 00:00:00'),(492,17,66433,3,1,'2004-04-05 00:00:00'),(493,237,66434,16,2,'2012-10-02 00:00:00'),(494,133,66435,4,3,'2013-10-09 00:00:00'),(495,262,66436,15,1,'2013-07-27 00:00:00'),(496,197,66437,12,2,'2020-02-27 00:00:00'),(497,116,66438,12,2,'2018-05-14 00:00:00'),(498,52,66439,5,1,'2015-06-22 00:00:00'),(499,249,66440,11,2,'2014-09-16 00:00:00'),(500,75,66441,13,1,'2017-03-03 00:00:00'),(501,89,66442,6,1,'2006-02-13 00:00:00'),(502,212,66443,7,1,'2004-09-20 00:00:00'),(503,108,66444,5,1,'2016-06-17 00:00:00'),(504,115,66445,12,1,'2003-07-21 00:00:00'),(505,102,66446,12,2,'2018-08-14 00:00:00'),(506,58,66447,4,1,'2002-04-03 00:00:00'),(507,39,66448,9,2,'2010-03-23 00:00:00'),(508,142,66449,6,2,'2006-02-04 00:00:00'),(509,57,66450,6,2,'2012-05-08 00:00:00'),(510,93,66451,12,2,'2007-01-29 00:00:00'),(511,238,66452,15,2,'2006-10-01 00:00:00'),(512,131,66453,8,3,'2003-01-01 00:00:00'),(513,137,66454,6,1,'2016-10-08 00:00:00'),(514,150,66455,12,2,'2020-03-27 00:00:00'),(515,196,66456,16,1,'2016-12-05 00:00:00'),(516,81,66457,9,1,'2000-10-22 00:00:00'),(517,138,66458,16,1,'2017-12-18 00:00:00'),(518,135,66459,12,2,'2016-10-28 00:00:00'),(519,60,66460,13,1,'2018-01-13 00:00:00'),(520,214,66461,8,2,'2015-08-30 00:00:00'),(521,249,66462,11,2,'2017-06-26 00:00:00'),(522,36,66463,4,3,'2003-12-10 00:00:00'),(523,26,66464,8,3,'2001-12-19 00:00:00'),(524,242,66465,15,2,'2011-07-18 00:00:00'),(525,111,66466,16,2,'2000-01-25 00:00:00'),(526,153,66467,11,1,'2007-10-10 00:00:00'),(527,72,66468,13,2,'2013-05-24 00:00:00'),(528,86,66469,7,2,'2015-09-10 00:00:00'),(529,46,66470,11,1,'2000-02-16 00:00:00'),(530,267,66471,8,1,'2013-11-23 00:00:00'),(531,67,66472,2,3,'2002-02-09 00:00:00'),(532,79,75397,2,2,'2003-06-26 00:00:00'),(533,74,75398,12,1,'2012-09-07 00:00:00'),(534,206,75399,16,1,'2010-12-04 00:00:00'),(535,154,75400,16,1,'2018-04-23 00:00:00'),(536,178,75401,15,3,'2011-02-06 00:00:00'),(537,123,75402,16,1,'2011-06-22 00:00:00'),(538,272,75403,6,1,'2010-03-28 00:00:00'),(539,163,75404,3,1,'2019-02-05 00:00:00'),(540,177,75405,6,3,'2004-08-12 00:00:00'),(541,125,75406,9,3,'2005-07-02 00:00:00'),(542,6,75407,14,2,'2014-01-31 00:00:00'),(543,135,75408,4,3,'2015-08-28 00:00:00'),(544,138,75409,14,1,'2003-02-07 00:00:00'),(545,1,75410,8,2,'2004-08-16 00:00:00'),(546,150,75411,8,3,'2006-06-25 00:00:00'),(547,69,75412,3,2,'2018-12-28 00:00:00'),(548,131,75413,4,2,'2000-01-16 00:00:00'),(549,245,75414,10,1,'2009-07-23 00:00:00'),(550,96,75415,12,1,'2017-04-09 00:00:00'),(551,162,75416,3,1,'2003-09-24 00:00:00'),(552,48,75417,8,1,'2009-07-29 00:00:00'),(553,174,75418,3,3,'2017-10-08 00:00:00'),(554,127,75419,12,1,'2000-03-26 00:00:00'),(555,25,75420,5,2,'2017-10-09 00:00:00'),(556,127,75421,7,3,'2003-01-30 00:00:00'),(557,16,75422,11,3,'2010-11-26 00:00:00'),(558,14,75423,14,3,'2015-12-13 00:00:00'),(559,85,75424,13,1,'2020-06-20 00:00:00'),(560,216,75425,2,1,'2007-07-27 00:00:00'),(561,49,75426,8,1,'2000-08-08 00:00:00'),(562,222,75427,14,3,'2005-03-28 00:00:00'),(563,221,75428,2,1,'2012-06-24 00:00:00'),(564,56,75429,14,1,'2018-12-11 00:00:00'),(565,86,75430,5,3,'2009-12-07 00:00:00'),(566,259,75431,11,2,'2010-09-04 00:00:00'),(567,213,75432,13,1,'2018-05-26 00:00:00'),(568,256,75433,2,3,'2014-08-29 00:00:00'),(569,237,75434,13,3,'2005-07-23 00:00:00'),(570,2,75435,10,1,'2001-04-19 00:00:00'),(571,141,75436,9,1,'2006-08-07 00:00:00'),(572,14,75437,10,2,'2018-02-08 00:00:00'),(573,16,75438,5,1,'2004-02-17 00:00:00'),(574,100,75439,5,1,'2019-10-23 00:00:00'),(575,79,75440,3,1,'2006-05-12 00:00:00'),(576,185,75441,3,3,'2009-08-19 00:00:00'),(577,38,75442,2,1,'2016-02-28 00:00:00'),(578,121,75443,13,2,'2013-09-26 00:00:00'),(579,207,75444,13,2,'2011-07-29 00:00:00'),(580,111,75445,2,1,'2003-11-28 00:00:00'),(581,127,75446,5,2,'2016-09-03 00:00:00'),(582,57,75447,16,1,'2017-08-04 00:00:00'),(583,257,75448,14,3,'2019-10-04 00:00:00'),(584,75,75449,4,1,'2010-04-10 00:00:00'),(585,200,75450,15,1,'2004-04-10 00:00:00'),(586,88,75451,4,2,'2010-10-23 00:00:00'),(587,242,75452,13,2,'2013-07-15 00:00:00'),(588,244,75453,13,2,'2018-07-18 00:00:00'),(589,162,75454,9,2,'2009-07-18 00:00:00'),(590,156,75455,2,2,'2016-10-19 00:00:00'),(591,6,75456,3,3,'2016-02-18 00:00:00'),(592,230,75457,10,1,'2008-01-08 00:00:00'),(593,200,75458,16,2,'2012-12-10 00:00:00'),(594,238,75459,5,1,'2016-06-15 00:00:00'),(595,128,75460,3,2,'2004-03-27 00:00:00'),(596,225,75461,4,3,'2017-02-08 00:00:00'),(597,245,75462,13,3,'2018-07-25 00:00:00'),(598,23,75463,3,2,'2000-11-27 00:00:00'),(599,45,75464,7,1,'2004-01-07 00:00:00'),(600,260,75465,12,1,'2005-10-15 00:00:00'),(601,161,75466,4,3,'2011-01-07 00:00:00'),(602,77,75467,11,1,'2008-12-22 00:00:00'),(603,74,75468,13,1,'2017-12-06 00:00:00'),(604,31,75469,9,1,'2005-04-22 00:00:00'),(605,233,75470,10,1,'2018-07-08 00:00:00'),(606,51,75471,4,2,'2011-07-15 00:00:00'),(607,168,75472,16,1,'2009-09-16 00:00:00'),(608,26,88100,1,1,'2013-01-02 00:00:00'),(609,54,88101,11,3,'2017-02-03 00:00:00'),(610,150,88102,9,3,'2018-08-14 00:00:00'),(611,251,88103,9,2,'2004-04-18 00:00:00'),(612,217,88104,11,3,'2000-08-15 00:00:00'),(613,136,88105,8,3,'2003-08-06 00:00:00'),(614,254,88106,6,1,'2012-02-18 00:00:00'),(615,178,88107,4,2,'2019-06-13 00:00:00'),(616,154,88108,8,2,'2004-12-17 00:00:00'),(617,69,88109,11,1,'2009-05-27 00:00:00'),(618,236,88110,7,3,'2018-12-01 00:00:00'),(619,157,88111,14,2,'2015-01-21 00:00:00'),(620,183,88112,3,2,'2018-05-27 00:00:00'),(621,105,88113,6,2,'2010-01-19 00:00:00'),(622,89,88114,11,3,'2018-01-22 00:00:00'),(623,159,88115,6,1,'2013-09-24 00:00:00'),(624,197,88116,9,1,'2005-04-10 00:00:00'),(625,21,88117,5,2,'2011-02-23 00:00:00'),(626,47,88118,15,2,'2003-07-11 00:00:00'),(627,57,88119,15,2,'2003-12-10 00:00:00'),(628,211,88120,12,3,'2003-08-08 00:00:00'),(629,26,88121,7,3,'2008-12-15 00:00:00'),(630,133,88122,3,3,'2001-05-09 00:00:00'),(631,143,88123,2,3,'2015-12-15 00:00:00'),(632,172,88124,9,2,'2001-12-15 00:00:00'),(633,148,88125,12,2,'2012-07-08 00:00:00'),(634,259,88126,13,2,'2006-02-10 00:00:00'),(635,15,88127,10,3,'2011-03-17 00:00:00'),(636,142,88128,2,2,'2005-03-28 00:00:00'),(637,61,88129,8,3,'2007-02-02 00:00:00'),(638,166,88130,7,1,'2018-05-01 00:00:00'),(639,240,88131,12,3,'2003-08-26 00:00:00'),(640,72,88132,11,3,'2018-08-11 00:00:00'),(641,231,88133,13,3,'2018-05-18 00:00:00'),(642,103,88134,1,2,'2011-04-05 00:00:00'),(643,216,88135,13,1,'2001-04-12 00:00:00'),(644,62,88136,10,2,'2005-02-09 00:00:00'),(645,239,88137,2,3,'2012-08-19 00:00:00'),(646,113,88138,5,1,'2001-01-29 00:00:00'),(647,210,88139,2,1,'2020-06-14 00:00:00'),(648,186,88140,11,1,'2009-01-10 00:00:00'),(649,41,88141,1,1,'2012-01-29 00:00:00'),(650,121,88142,9,1,'2017-09-05 00:00:00'),(651,18,88143,1,1,'2019-08-28 00:00:00'),(652,177,88144,13,1,'2014-11-19 00:00:00'),(653,170,88145,6,2,'2011-10-22 00:00:00'),(654,225,88146,16,2,'2002-01-17 00:00:00'),(655,28,88147,9,2,'2017-02-13 00:00:00'),(656,20,88148,15,3,'2017-11-05 00:00:00'),(657,77,88149,13,1,'2015-04-15 00:00:00'),(658,76,88150,14,2,'2007-11-22 00:00:00'),(659,74,88151,16,2,'2012-10-21 00:00:00'),(660,182,88152,11,1,'2005-01-09 00:00:00'),(661,212,88153,14,3,'2000-02-08 00:00:00'),(662,124,88154,9,1,'2012-05-26 00:00:00'),(663,83,88155,9,3,'2005-05-08 00:00:00'),(664,147,88156,11,2,'2001-03-13 00:00:00'),(665,277,88157,11,1,'2017-12-27 00:00:00'),(666,271,88158,2,1,'2016-04-03 00:00:00'),(667,6,88159,14,3,'2001-04-29 00:00:00'),(668,94,88160,14,3,'2010-01-11 00:00:00'),(669,109,88161,7,3,'2002-03-04 00:00:00'),(670,241,88162,11,1,'2014-06-09 00:00:00'),(671,23,88163,10,3,'2016-09-04 00:00:00'),(672,142,88164,2,2,'2017-08-07 00:00:00'),(673,38,88165,11,1,'2011-05-26 00:00:00'),(674,219,88166,13,3,'2007-02-03 00:00:00'),(675,230,88167,15,2,'2002-03-10 00:00:00'),(676,201,88168,4,3,'2013-10-14 00:00:00'),(677,217,88169,13,1,'2008-11-04 00:00:00'),(678,55,88170,2,1,'2006-09-08 00:00:00'),(679,224,97097,5,3,'2015-07-01 00:00:00'),(680,55,97098,11,3,'2017-03-23 00:00:00'),(681,243,97099,16,3,'2006-05-07 00:00:00'),(682,117,97100,8,3,'2018-06-16 00:00:00'),(683,149,97101,10,3,'2011-05-10 00:00:00'),(684,82,97102,9,3,'2007-11-25 00:00:00'),(685,60,97103,12,3,'2014-11-05 00:00:00'),(686,174,97104,5,2,'2013-11-15 00:00:00'),(687,175,97105,7,2,'2002-03-26 00:00:00'),(688,224,97106,14,1,'2016-08-31 00:00:00'),(689,191,97107,1,2,'2013-01-28 00:00:00'),(690,95,97108,5,2,'2009-04-12 00:00:00'),(691,89,97109,4,3,'2005-10-28 00:00:00'),(692,131,97110,6,1,'2020-01-05 00:00:00'),(693,231,97111,4,2,'2002-06-20 00:00:00'),(694,119,97112,1,2,'2012-03-25 00:00:00'),(695,208,97113,12,3,'2003-05-04 00:00:00'),(696,213,97114,12,3,'2016-06-22 00:00:00'),(697,252,97115,7,3,'2012-02-01 00:00:00'),(698,72,97116,3,3,'2016-08-24 00:00:00'),(699,275,97117,11,2,'2015-03-23 00:00:00'),(700,38,97118,14,2,'2000-08-07 00:00:00'),(701,268,97119,14,2,'2011-06-01 00:00:00'),(702,231,97120,2,1,'2012-07-20 00:00:00'),(703,205,97121,2,1,'2016-09-09 00:00:00'),(704,32,97122,2,1,'2015-08-03 00:00:00'),(705,151,97123,10,1,'2018-07-06 00:00:00'),(706,22,97124,8,3,'2010-11-10 00:00:00'),(707,150,97125,14,2,'2010-09-22 00:00:00'),(708,252,97126,1,1,'2004-09-14 00:00:00'),(709,247,97127,15,3,'2012-05-28 00:00:00'),(710,199,97128,1,2,'2004-04-26 00:00:00'),(711,22,97129,7,3,'2014-04-07 00:00:00'),(712,39,97130,3,3,'2005-05-23 00:00:00'),(713,78,97131,13,2,'2018-10-31 00:00:00'),(714,234,97132,15,3,'2016-03-13 00:00:00'),(715,112,97133,8,1,'2017-09-26 00:00:00'),(716,183,97134,15,1,'2016-03-17 00:00:00'),(717,237,97135,13,2,'2007-01-25 00:00:00'),(718,10,97136,10,2,'2018-07-24 00:00:00'),(719,273,97137,11,2,'2014-12-15 00:00:00'),(720,248,97138,1,2,'2016-12-09 00:00:00'),(721,189,97139,15,3,'2005-06-01 00:00:00'),(722,249,97140,7,2,'2020-02-11 00:00:00'),(723,60,97141,2,1,'2002-06-03 00:00:00'),(724,213,97142,15,1,'2010-11-05 00:00:00'),(725,192,97143,10,1,'2017-11-13 00:00:00'),(726,145,97144,6,3,'2019-08-05 00:00:00'),(727,123,97145,8,1,'2018-01-18 00:00:00'),(728,197,97146,3,1,'2002-11-29 00:00:00'),(729,140,97147,4,3,'2009-01-24 00:00:00'),(730,201,97148,4,1,'2001-12-09 00:00:00'),(731,91,97149,6,1,'2014-10-13 00:00:00'),(732,135,97150,12,2,'2012-02-11 00:00:00'),(733,148,97151,16,1,'2003-11-11 00:00:00'),(734,172,97152,11,3,'2009-09-27 00:00:00'),(735,102,97153,3,3,'2000-02-27 00:00:00'),(736,110,97154,4,2,'2010-06-16 00:00:00'),(737,23,97155,14,1,'2006-09-01 00:00:00'),(738,47,97156,13,1,'2007-04-26 00:00:00'),(739,186,97157,12,3,'2015-01-25 00:00:00'),(740,1,97158,9,1,'2019-09-22 00:00:00'),(741,191,97159,16,2,'2003-03-04 00:00:00'),(742,33,97160,9,2,'2007-04-01 00:00:00'),(743,238,97161,11,1,'2014-10-07 00:00:00'),(744,190,97162,14,2,'2001-12-17 00:00:00'),(745,253,97163,15,2,'2002-07-28 00:00:00'),(746,160,97164,1,2,'2008-01-12 00:00:00'),(747,146,97165,10,2,'2013-06-15 00:00:00'),(748,121,97166,14,3,'2006-07-10 00:00:00'),(749,112,97167,16,3,'2004-11-20 00:00:00'),(750,51,99999,8,2,'2002-08-19 00:00:00');
/*!40000 ALTER TABLE `centrosanitario_has_empleado` ENABLE KEYS */;
UNLOCK TABLES;

--
-- Table structure for table `centrosanitario_has_telefono`
--

DROP TABLE IF EXISTS `centrosanitario_has_telefono`;
/*!40101 SET @saved_cs_client     = @@character_set_client */;
/*!50503 SET character_set_client = utf8mb4 */;
CREATE TABLE `centrosanitario_has_telefono` (
  `CENTROSANITARIO_id` int(10) unsigned NOT NULL,
  `TELEFONO_id` int(10) unsigned NOT NULL,
  PRIMARY KEY (`CENTROSANITARIO_id`,`TELEFONO_id`),
  KEY `fk_CENTROSANITARIO_has_TELEFONO_CENTROSANITARIO1_idx` (`CENTROSANITARIO_id`),
  KEY `fk_CENTROSANITARIO_has_TELEFONO_TELEFONO1_idx` (`TELEFONO_id`),
  CONSTRAINT `fk_CENTROSANITARIO_has_TELEFONO_CENTROSANITARIO1` FOREIGN KEY (`CENTROSANITARIO_id`) REFERENCES `centrosanitario` (`id`),
  CONSTRAINT `fk_CENTROSANITARIO_has_TELEFONO_TELEFONO1` FOREIGN KEY (`TELEFONO_id`) REFERENCES `telefono` (`idTelefono`)
) ENGINE=InnoDB DEFAULT CHARSET=utf8;
/*!40101 SET character_set_client = @saved_cs_client */;

--
-- Dumping data for table `centrosanitario_has_telefono`
--

LOCK TABLES `centrosanitario_has_telefono` WRITE;
/*!40000 ALTER TABLE `centrosanitario_has_telefono` DISABLE KEYS */;
INSERT INTO `centrosanitario_has_telefono` VALUES (1,297),(2,298),(3,299),(4,300),(5,301),(6,302),(7,303),(8,304),(9,305),(10,306),(11,307),(12,308),(13,309),(14,310),(15,311),(16,312),(17,313),(18,314),(19,315),(20,316),(21,317),(22,318),(23,319),(24,320),(25,321),(26,322),(27,323),(28,324),(29,325),(30,326),(31,327),(32,328),(33,329),(34,330),(35,331),(36,332),(37,333),(38,334),(39,335),(40,336),(41,337),(42,338),(43,339),(44,340),(45,341),(46,342),(47,343),(48,344),(49,345),(50,346),(51,347),(52,348),(53,349),(54,350),(55,351),(56,352),(57,353),(58,354),(59,355),(60,356),(61,357),(62,358),(63,359),(64,360),(65,361),(66,362),(67,363),(68,364),(69,365),(70,366),(71,367),(72,368),(73,369),(74,370),(75,371),(76,372),(77,373),(78,374),(79,375),(80,376),(81,377),(82,378),(83,379),(84,380),(85,381),(86,382),(87,383),(88,384),(89,385),(90,386),(91,387),(92,388),(93,389),(94,390),(95,391),(96,392),(97,393),(98,394),(99,395),(100,396),(101,397),(102,398),(103,399),(104,400),(105,401),(106,402),(107,403),(110,404),(111,405),(112,406),(114,407),(116,408),(117,409),(118,410),(119,411),(120,412),(121,413),(122,414),(123,415),(124,416),(125,417),(126,418),(127,419),(128,420),(129,421),(132,422),(133,423),(134,424),(136,425),(137,426),(138,427),(139,428),(140,429),(141,430),(142,431),(143,432),(144,433),(145,434),(146,435),(147,436),(148,437),(149,438),(150,439),(151,440),(152,441),(153,442),(154,443),(155,444),(156,445),(157,446),(158,447),(159,448),(160,449),(161,450),(162,451),(163,452),(164,453),(165,454),(166,455),(167,456),(168,457),(170,458),(171,459),(172,460),(173,461),(174,462),(175,463),(176,464),(177,465),(178,466),(179,467),(180,468),(181,469),(182,470),(183,471),(184,472),(185,473),(186,474),(187,475),(188,476),(189,477),(190,478),(191,479),(192,480),(193,481),(194,482),(195,483),(196,484),(198,485),(199,486),(200,487),(201,488),(202,489),(203,490),(204,491),(205,492),(206,493),(207,494),(208,495),(209,496),(210,497),(211,498),(212,499),(213,500),(214,501),(215,502),(216,503),(217,504),(218,505),(219,506),(220,507),(221,508),(222,509),(223,510),(224,511),(225,512),(226,513),(227,514),(228,515),(229,516),(230,517),(231,518),(232,519),(233,520),(234,521),(235,522),(236,523),(237,524),(238,525),(239,526),(240,527),(241,528),(242,529),(243,530),(244,531),(245,532),(246,533),(247,534),(248,535),(249,536),(250,537),(251,538),(252,539),(253,540),(254,541),(255,542),(256,543),(257,544),(259,545),(261,546),(262,547),(263,548),(264,549),(265,550),(266,551),(267,552),(268,553),(269,554),(270,555),(272,556),(273,557),(274,558),(275,559),(276,560),(277,561),(278,562),(279,563),(280,564),(281,565);
/*!40000 ALTER TABLE `centrosanitario_has_telefono` ENABLE KEYS */;
UNLOCK TABLES;

--
-- Table structure for table `centrosanitario_lugar`
--

DROP TABLE IF EXISTS `centrosanitario_lugar`;
/*!40101 SET @saved_cs_client     = @@character_set_client */;
/*!50503 SET character_set_client = utf8mb4 */;
CREATE TABLE `centrosanitario_lugar` (
  `id` int(10) unsigned NOT NULL AUTO_INCREMENT,
  `lugar` tinytext NOT NULL,
  PRIMARY KEY (`id`)
) ENGINE=InnoDB AUTO_INCREMENT=21 DEFAULT CHARSET=utf8;
/*!40101 SET character_set_client = @saved_cs_client */;

--
-- Dumping data for table `centrosanitario_lugar`
--

LOCK TABLES `centrosanitario_lugar` WRITE;
/*!40000 ALTER TABLE `centrosanitario_lugar` DISABLE KEYS */;
INSERT INTO `centrosanitario_lugar` VALUES (2,'Admisión'),(3,'Central Esterilización'),(4,'Comunicación'),(5,'Emergencia'),(6,'Mantenimiento/Energía'),(7,'Nutrición'),(8,'Limpieza'),(9,'Unidad de Tratamientos Intensivos'),(10,'Laboratorios'),(11,'Lavandería'),(12,'Materiales'),(13,'Registros Médicos'),(14,'Enfermería'),(15,'Fisioterapia'),(16,'Planificación'),(17,'Radioterapia'),(18,'Radiología'),(19,'Servicio Social'),(20,'Servicio Quirurgico');
/*!40000 ALTER TABLE `centrosanitario_lugar` ENABLE KEYS */;
UNLOCK TABLES;

--
-- Table structure for table `diagtriage`
--

DROP TABLE IF EXISTS `diagtriage`;
/*!40101 SET @saved_cs_client     = @@character_set_client */;
/*!50503 SET character_set_client = utf8mb4 */;
CREATE TABLE `diagtriage` (
  `TRIAGECOLOR_id` int(11) unsigned NOT NULL,
  `idDiagTriage` int(11) unsigned NOT NULL AUTO_INCREMENT,
  `COVID_RIESGO` tinyint(1) NOT NULL,
  `PACIENTE_id` int(11) unsigned NOT NULL,
  PRIMARY KEY (`idDiagTriage`),
  UNIQUE KEY `PACIENTE_id` (`PACIENTE_id`),
  KEY `FK_diagtriage_triage_color_idTRIAGE` (`TRIAGECOLOR_id`),
  CONSTRAINT `FK_diagtriage_paciente_idPACIENTE` FOREIGN KEY (`PACIENTE_id`) REFERENCES `paciente` (`idPACIENTE`),
  CONSTRAINT `FK_diagtriage_triage_color_idTRIAGE` FOREIGN KEY (`TRIAGECOLOR_id`) REFERENCES `triage_color` (`idTRIAGE`)
) ENGINE=InnoDB AUTO_INCREMENT=501 DEFAULT CHARSET=utf8;
/*!40101 SET character_set_client = @saved_cs_client */;

--
-- Dumping data for table `diagtriage`
--

LOCK TABLES `diagtriage` WRITE;
/*!40000 ALTER TABLE `diagtriage` DISABLE KEYS */;
INSERT INTO `diagtriage` VALUES (3,1,0,1),(3,2,0,2),(3,3,0,3),(4,4,0,4),(3,5,0,5),(4,6,0,6),(2,7,1,7),(3,8,0,8),(3,9,0,9),(3,10,0,10),(2,11,1,11),(3,12,0,12),(4,13,0,13),(1,14,1,14),(4,15,0,15),(1,16,1,16),(4,17,0,17),(4,18,0,18),(1,19,1,19),(3,20,1,20),(3,21,1,21),(1,22,1,22),(2,23,1,23),(4,24,0,24),(1,25,1,25),(5,26,0,26),(3,27,0,27),(3,28,0,28),(4,29,0,29),(2,30,1,30),(4,31,0,31),(2,32,1,32),(4,33,0,33),(4,34,0,34),(3,35,0,35),(2,36,1,36),(3,37,0,37),(2,38,1,38),(3,39,0,39),(1,40,1,40),(3,41,0,41),(4,42,0,42),(1,43,1,43),(3,44,0,44),(5,45,0,45),(4,46,0,46),(4,47,0,47),(4,48,0,48),(3,49,0,49),(1,50,1,50),(5,51,0,51),(4,52,0,52),(4,53,0,53),(1,54,1,54),(3,55,1,55),(3,56,0,56),(1,57,1,57),(2,58,1,58),(3,59,0,59),(3,60,0,60),(3,61,0,61),(3,62,0,62),(5,63,0,63),(4,64,0,64),(3,65,0,65),(5,66,0,66),(4,67,0,67),(4,68,0,68),(3,69,1,69),(2,70,1,70),(1,71,1,71),(3,72,0,72),(1,73,1,73),(3,74,0,74),(2,75,1,75),(3,76,0,76),(3,77,0,77),(1,78,1,78),(4,79,0,79),(2,80,1,80),(3,81,0,81),(3,82,0,82),(4,83,0,83),(4,84,0,84),(3,85,0,85),(3,86,0,86),(4,87,0,87),(3,88,0,88),(3,89,0,89),(1,90,1,90),(4,91,0,91),(3,92,1,92),(3,93,1,93),(2,94,1,94),(3,95,0,95),(5,96,0,96),(5,97,0,97),(4,98,0,98),(3,99,0,99),(3,100,0,100),(1,101,1,101),(3,102,0,102),(2,103,1,103),(3,104,0,104),(3,105,0,105),(3,106,0,106),(5,107,0,107),(3,108,0,108),(4,109,0,109),(2,110,1,110),(4,111,0,111),(4,112,0,112),(5,113,0,113),(4,114,0,114),(2,115,1,115),(4,116,0,116),(3,117,0,117),(3,118,0,118),(3,119,0,119),(4,120,0,120),(1,121,1,121),(3,122,1,122),(2,123,1,123),(4,124,0,124),(4,125,0,125),(4,126,0,126),(3,127,1,127),(1,128,1,128),(2,129,1,129),(5,130,0,130),(4,131,0,131),(1,132,1,132),(5,133,0,133),(4,134,0,134),(4,135,0,135),(3,136,0,136),(1,137,1,137),(3,138,0,138),(4,139,0,139),(5,140,0,140),(3,141,0,141),(5,142,0,142),(4,143,0,143),(5,144,0,144),(4,145,0,145),(3,146,0,146),(3,147,1,147),(4,148,0,148),(2,149,1,149),(4,150,0,150),(1,151,1,151),(4,152,0,152),(5,153,0,153),(3,154,1,154),(4,155,0,155),(1,156,1,156),(4,157,0,157),(4,158,0,158),(3,159,1,159),(1,160,1,160),(4,161,0,161),(4,162,0,162),(4,163,0,163),(4,164,0,164),(4,165,0,165),(2,166,1,166),(5,167,0,167),(5,168,0,168),(3,169,0,169),(3,170,0,170),(3,171,0,171),(2,172,1,172),(3,173,0,173),(2,174,1,174),(2,175,1,175),(3,176,1,176),(4,177,0,177),(1,178,1,178),(3,179,1,179),(3,180,0,180),(5,181,0,181),(3,182,0,182),(3,183,0,183),(1,184,1,184),(3,185,0,185),(3,186,0,186),(4,187,0,187),(5,188,0,188),(3,189,0,189),(4,190,0,190),(1,191,1,191),(3,192,0,192),(4,193,0,193),(3,194,0,194),(3,195,1,195),(5,196,0,196),(3,197,0,197),(3,198,0,198),(4,199,0,199),(3,200,0,200),(2,201,1,201),(3,202,0,202),(4,203,0,203),(3,204,0,204),(5,205,0,205),(4,206,0,206),(3,207,0,207),(3,208,0,208),(2,209,1,209),(4,210,0,210),(1,211,1,211),(3,212,0,212),(5,213,0,213),(1,214,1,214),(3,215,0,215),(3,216,0,216),(2,217,1,217),(2,218,1,218),(2,219,1,219),(1,220,1,220),(2,221,1,221),(1,222,1,222),(3,223,0,223),(3,224,0,224),(1,225,1,225),(1,226,1,226),(5,227,0,227),(2,228,1,228),(1,229,1,229),(5,230,0,230),(4,231,0,231),(3,232,0,232),(3,233,0,233),(3,234,0,234),(4,235,0,235),(1,236,1,236),(1,237,1,237),(2,238,1,238),(3,239,0,239),(4,240,0,240),(1,241,1,241),(1,242,1,242),(3,243,1,243),(3,244,0,244),(3,245,0,245),(1,246,1,246),(3,247,0,247),(5,248,0,248),(1,249,1,249),(4,250,0,250),(4,251,0,251),(5,252,0,252),(3,253,0,253),(2,254,1,254),(3,255,0,255),(3,256,0,256),(5,257,0,257),(1,258,1,258),(3,259,0,259),(5,260,0,260),(4,261,0,261),(4,262,0,262),(3,263,0,263),(5,264,0,264),(3,265,0,265),(5,266,0,266),(2,267,1,267),(4,268,0,268),(4,269,0,269),(2,270,1,270),(2,271,1,271),(4,272,0,272),(3,273,1,273),(4,274,0,274),(3,275,0,275),(1,276,1,276),(3,277,0,277),(3,278,0,278),(5,279,0,279),(5,280,0,280),(5,281,0,281),(5,282,0,282),(3,283,0,283),(4,284,0,284),(1,285,1,285),(5,286,0,286),(3,287,0,287),(5,288,0,288),(4,289,0,289),(2,290,1,290),(3,291,0,291),(3,292,0,292),(4,293,0,293),(3,294,0,294),(2,295,1,295),(3,296,1,296),(4,297,0,297),(5,298,0,298),(2,299,1,299),(3,300,0,300),(4,301,0,301),(3,302,0,302),(5,303,0,303),(4,304,0,304),(4,305,0,305),(3,306,0,306),(4,307,0,307),(3,308,0,308),(3,309,0,309),(4,310,0,310),(1,311,1,311),(3,312,0,312),(1,313,1,313),(4,314,0,314),(1,315,1,315),(3,316,0,316),(3,317,1,317),(4,318,0,318),(1,319,1,319),(3,320,0,320),(3,321,1,321),(3,322,0,322),(3,323,0,323),(4,324,0,324),(3,325,0,325),(1,326,1,326),(1,327,1,327),(5,328,0,328),(3,329,0,329),(4,330,0,330),(4,331,0,331),(5,332,0,332),(5,333,0,333),(1,334,1,334),(3,335,0,335),(3,336,0,336),(5,337,0,337),(4,338,0,338),(1,339,1,339),(5,340,0,340),(2,341,1,341),(3,342,0,342),(3,343,0,343),(2,344,1,344),(3,345,0,345),(3,346,0,346),(3,347,1,347),(4,348,0,348),(4,349,0,349),(2,350,1,350),(2,351,1,351),(4,352,0,352),(4,353,0,353),(1,354,1,354),(2,355,1,355),(3,356,1,356),(3,357,0,357),(4,358,0,358),(4,359,0,359),(3,360,0,360),(2,361,1,361),(4,362,0,362),(4,363,0,363),(3,364,0,364),(3,365,0,365),(2,366,1,366),(5,367,0,367),(2,368,1,368),(2,369,1,369),(3,370,1,370),(1,371,1,371),(2,372,1,372),(3,373,0,373),(1,374,1,374),(1,375,1,375),(4,376,0,376),(3,377,0,377),(2,378,1,378),(4,379,0,379),(2,380,1,380),(3,381,0,381),(3,382,0,382),(3,383,1,383),(4,384,0,384),(5,385,0,385),(1,386,1,386),(3,387,0,387),(4,388,0,388),(2,389,1,389),(3,390,0,390),(5,391,0,391),(5,392,0,392),(3,393,0,393),(3,394,0,394),(3,395,0,395),(3,396,0,396),(4,397,0,397),(5,398,0,398),(3,399,0,399),(4,400,0,400),(5,401,0,401),(5,402,0,402),(1,403,1,403),(4,404,0,404),(4,405,0,405),(5,406,0,406),(4,407,0,407),(3,408,0,408),(5,409,0,409),(1,410,1,410),(3,411,0,411),(5,412,0,412),(3,413,0,413),(4,414,0,414),(3,415,0,415),(5,416,0,416),(2,417,1,417),(3,418,1,418),(3,419,0,419),(3,420,0,420),(1,421,1,421),(5,422,0,422),(3,423,0,423),(4,424,0,424),(5,425,0,425),(1,426,1,426),(4,427,0,427),(3,428,0,428),(1,429,1,429),(3,430,0,430),(5,431,0,431),(3,432,0,432),(4,433,0,433),(3,434,0,434),(5,435,0,435),(1,436,1,436),(1,437,1,437),(3,438,0,438),(3,439,0,439),(3,440,1,440),(3,441,0,441),(5,442,0,442),(2,443,1,443),(3,444,0,444),(2,445,1,445),(3,446,0,446),(1,447,1,447),(3,448,0,448),(2,449,1,449),(5,450,0,450),(2,451,1,451),(1,452,1,452),(3,453,0,453),(3,454,0,454),(2,455,1,455),(4,456,0,456),(3,457,0,457),(4,458,0,458),(3,459,0,459),(3,460,0,460),(2,461,1,461),(5,462,0,462),(2,463,1,463),(3,464,0,464),(3,465,0,465),(3,466,0,466),(4,467,0,467),(4,468,0,468),(4,469,0,469),(1,470,1,470),(2,471,1,471),(3,472,0,472),(3,473,1,473),(4,474,0,474),(5,475,0,475),(3,476,0,476),(4,477,0,477),(3,478,0,478),(3,479,0,479),(1,480,1,480),(4,481,0,481),(4,482,0,482),(3,483,1,483),(4,484,0,484),(3,485,0,485),(4,486,0,486),(2,487,1,487),(5,488,0,488),(1,489,1,489),(1,490,1,490),(5,491,0,491),(3,492,1,492),(4,493,0,493),(4,494,0,494),(3,495,0,495),(3,496,0,496),(5,497,0,497),(4,498,0,498),(3,499,0,499),(5,500,0,500);
/*!40000 ALTER TABLE `diagtriage` ENABLE KEYS */;
UNLOCK TABLES;

--
-- Table structure for table `droga`
--

DROP TABLE IF EXISTS `droga`;
/*!40101 SET @saved_cs_client     = @@character_set_client */;
/*!50503 SET character_set_client = utf8mb4 */;
CREATE TABLE `droga` (
  `id` int(10) NOT NULL AUTO_INCREMENT,
  `nombre` varchar(45) NOT NULL,
  PRIMARY KEY (`id`)
) ENGINE=InnoDB AUTO_INCREMENT=5858850 DEFAULT CHARSET=utf8;
/*!40101 SET character_set_client = @saved_cs_client */;

--
-- Dumping data for table `droga`
--

LOCK TABLES `droga` WRITE;
/*!40000 ALTER TABLE `droga` DISABLE KEYS */;
INSERT INTO `droga` VALUES (252474,'Aritate'),(253050,'Meloperasine'),(254956,'Mepatabid'),(277140,'Tamsutate'),(284825,'Decoconde'),(310192,'Zylalondine'),(332582,'Adisinon'),(334382,'Napothromymuc'),(334828,'Basperafen'),(340664,'Robispolam'),(356159,'Tamosoprodex'),(357407,'Aerochloridezon'),(385195,'Gentazone'),(400627,'Arisonde'),(414478,'Benytraphane'),(476358,'Banbutamdine'),(480331,'Adipazon'),(500605,'Mirachloriderex'),(521151,'Enafatec'),(525790,'Monosildine'),(530397,'Syndotate'),(537998,'Monobutamnal'),(542460,'Metopuridar'),(552655,'Panazotex'),(588616,'Irehydronide'),(596816,'Lastetanlat'),(615052,'Lisifapren'),(617220,'Nitochloridevir'),(622759,'Tylosilvir'),(631889,'Acaxanon'),(636538,'Metrooxelol'),(669202,'Diclolonlam'),(676881,'Noradipixel'),(695760,'Miradipimuc'),(728121,'Fibragofen'),(742675,'Noraniino'),(760178,'Acixade'),(761852,'Aditamvant'),(788271,'Hepasiphane'),(811715,'Furosonxin'),(819677,'Monoclovant'),(821283,'Doxasoprovant'),(825824,'Flupazol'),(827062,'Bunanal'),(851897,'Ibunaxel'),(856055,'Valcozotex'),(857435,'Acytanzon'),(864590,'Rythmotamnor'),(865127,'Tamsuthromylat'),(876764,'Indosponal'),(881783,'Mykonavir'),(882061,'Acoxacose'),(888318,'Cloxalol'),(893888,'Fenosoncose'),(911281,'Gabaxadene'),(913502,'Levosiino'),(913615,'Alpoxadex'),(940016,'Ciclosponide'),(947593,'Fibracarpamcose'),(958174,'Adeltannor'),(974013,'Actipuricose'),(974187,'Iprohydrozon'),(976085,'Xylosonvir'),(976883,'Neuthromyvase'),(1003728,'Pentotafen'),(1009182,'Pipechlorideino'),(1023858,'Monothromypin'),(1036170,'Hibitamtec'),(1050552,'Bucarpamlol'),(1057522,'Banzoxin'),(1064102,'Hapacarpamzyl'),(1071381,'Vomasonliq'),(1077002,'Adisiltad'),(1079744,'Parabutamlat'),(1082600,'Furocarpamhex'),(1083581,'Pentotamban'),(1085178,'Nitobutamzon'),(1087449,'Ebispotan'),(1089095,'Iodosihex'),(1090005,'Valcosilxel'),(1094732,'Amcidrophane'),(1115102,'Acospotriol'),(1118462,'Dextrocurtex'),(1128589,'Levosopronide'),(1130893,'Indomanide'),(1131270,'Famocarpamvex'),(1135577,'Adipurite'),(1149261,'Flosilino'),(1152878,'Fluxapren'),(1158265,'Carvipurisine'),(1159719,'Losasponide'),(1165482,'Konixafen'),(1169109,'Infacarpamcose'),(1180049,'Lidohydrozyl'),(1181058,'Actitamdene'),(1187227,'Metrodipifast'),(1188326,'Enapavex'),(1194854,'Lefucurpin'),(1195590,'Ulcoperipex'),(1201878,'Clothromyfen'),(1206708,'Osazoque'),(1212050,'Omecarpamvir'),(1215835,'Enasonpren'),(1245617,'Candipavant'),(1255391,'Protantad'),(1259419,'Diclopaban'),(1264501,'Diclonivant'),(1266670,'Serraoxecose'),(1268823,'Tamsunanon'),(1271151,'Herpeperitex'),(1292599,'Polimazyl'),(1298306,'Chlorsonvase'),(1298466,'Aprogolat'),(1314073,'Acesoproque'),(1314111,'Interoxecose'),(1321352,'Ibusixol'),(1333928,'Endofamuc'),(1342264,'Zylaoxepex'),(1360010,'Aeroconxin'),(1363365,'Micolonne'),(1375498,'Oxispovant'),(1375977,'Gynonadine'),(1377661,'Xylofaxel'),(1381171,'Diclocarpamban'),(1385417,'Chlorpanon'),(1394650,'Tamotavir'),(1397690,'Dynapurinor'),(1401252,'Lisiclovir'),(1407457,'Doxperivex'),(1410298,'Acoconnal'),(1413273,'Aprodrovase'),(1423893,'Adigohex'),(1437232,'Medicloque'),(1446516,'Kitabutamliq'),(1446607,'Doxathromynide'),(1447633,'Konioxelol'),(1448585,'Dextrosildex'),(1449810,'Herpezomuc'),(1450250,'Loxadipizon'),(1451221,'Vomagonide'),(1463291,'Influzotriol'),(1475244,'Infatamnon'),(1486743,'Alpoclosol'),(1489778,'Ribatradene'),(1501200,'Interoxesine'),(1507508,'Logopurivase'),(1513301,'Furoperapren'),(1513669,'Actisoprolam'),(1515937,'Iregodene'),(1521863,'Allerhydropos'),(1524884,'Minicurpren'),(1552166,'Adelsoprolat'),(1555408,'Alfihydrotan'),(1574787,'Metoxanal'),(1606718,'Betaxafen'),(1611309,'Clotansol'),(1623174,'Levotratriol'),(1623499,'Ecohydrotad'),(1629485,'Haloclobid'),(1644966,'Duothromyvex'),(1653023,'Ulcosimuc'),(1656788,'Tenotamlat'),(1679820,'Bilonnide'),(1683745,'Acyhydrode'),(1698552,'Logoxaque'),(1705708,'Oxybutamzyl'),(1721906,'Epicarpamxin'),(1748229,'Amfobutamtex'),(1755129,'Doxyfamuc'),(1784850,'Gabadipilol'),(1786829,'Tamosoprodex'),(1790326,'Cloconne'),(1799960,'Loxazolat'),(1823734,'Dichloridefast'),(1837011,'Oxyoxezol'),(1847447,'Acoconrex'),(1850541,'Oxitafen'),(1855009,'Furozotad'),(1856777,'Neosoprolat'),(1862384,'Adioxeino'),(1869816,'Loxafazon'),(1873546,'Ribaxadorm'),(1887299,'Iridrotec'),(1894308,'Halotratriol'),(1897914,'Velosoprotriol'),(1911391,'Decoperine'),(1914219,'Dexinidex'),(1940339,'Calcichlorideque'),(1941186,'Enahydrotex'),(1944969,'Acopurilam'),(1948169,'Viromaphane'),(1955261,'Kitathromynal'),(1982792,'Ofloxapos'),(1994147,'Lastedropex'),(1995132,'Lisisoprotex'),(1999760,'Renaperanon'),(2010905,'Reduclovir'),(2013895,'Gabazocose'),(2014778,'Ireoxedine'),(2014874,'Hapalonpos'),(2035489,'Valcotammuc'),(2047934,'Chlortracin'),(2050497,'Betaperaxel'),(2066140,'Doxasonxin'),(2073291,'Mirachloridemuc'),(2074800,'Calcizolat'),(2104036,'Allolonvant'),(2121999,'Lomanide'),(2122435,'Oflopavase'),(2122935,'Adibutamnal'),(2130536,'Serraperavex'),(2131461,'Lidosoprobid'),(2176873,'Adigocin'),(2187112,'Tridrovir'),(2188463,'Interspovase'),(2195152,'Acythromyque'),(2195899,'Adeltraxin'),(2225218,'Adidipicin'),(2269832,'Indanadene'),(2302197,'Carviperine'),(2304187,'Perisildar'),(2304425,'Flonafast'),(2323062,'Medixavex'),(2339094,'Acefacose'),(2340426,'Lefuhydrocin'),(2341194,'Zytonalol'),(2345595,'Velopuricept'),(2350109,'Moxiperivir'),(2378300,'Duradipiliq'),(2379849,'Abeoxede'),(2392368,'Calcitaliq'),(2402402,'Radithromylol'),(2402439,'Dexisonhex'),(2404935,'Mecosonvex'),(2417285,'Captosildorm'),(2432057,'Alfucarpamvir'),(2432758,'Gabasilvase'),(2434340,'Xylosoproxel'),(2449900,'Doxaxanon'),(2451683,'Betaconmuc'),(2460082,'Lidosicose'),(2481641,'Medinisol'),(2489166,'Kitathromyxin'),(2491332,'Actilonvir'),(2494258,'Pentozoque'),(2498698,'Carvithromysine'),(2529878,'Metrocarpampin'),(2543303,'Actiperilat'),(2547351,'Neucondex'),(2559930,'Nevocurino'),(2592891,'Lisixadorm'),(2623156,'Ribapuridine'),(2625744,'Irufavant'),(2639485,'Dextroxavant'),(2646219,'Moxinidar'),(2660733,'Arixalol'),(2671631,'Mecoperamuc'),(2683398,'Adelgobid'),(2696034,'Alpotasol'),(2716005,'Episilliq'),(2717245,'Benyperitan'),(2727729,'Ibuoxelol'),(2754597,'Paratrate'),(2757821,'Dermoperamuc'),(2776677,'Isothromytan'),(2784160,'Aerohydroino'),(2814624,'Indozoliq'),(2819171,'Diclopurinon'),(2822019,'Allertamdorm'),(2824005,'Osaperisine'),(2829443,'Arisopromuc'),(2847140,'Adicarpamzyl'),(2859909,'Levocarpamxel'),(2875018,'Virooxerex'),(2886504,'Abehydrolam'),(2887341,'Neucarpamxin'),(2891022,'Moxininon'),(2904894,'Minioxenal'),(2909521,'Nitoclofen'),(2913059,'Reduxazon'),(2913857,'Loxaxanon'),(2922828,'Acticlopin'),(2932800,'Banchloridexol'),(2939414,'Redubutamfast'),(2942001,'Ditamvant'),(2949657,'Pipexaban'),(2956652,'Decopurifen'),(2959638,'Carvioxefen'),(2978488,'Acaxacose'),(2993928,'Robicloxin'),(3001197,'Felosilvase'),(3005416,'Cefatravex'),(3023071,'Candioxefen'),(3034656,'Acisilnor'),(3037972,'Alpotatan'),(3038333,'Acyfavase'),(3048153,'Ibuperilol'),(3051875,'Ketospotec'),(3056430,'Moxisiban'),(3061429,'Zapratambid'),(3082956,'Neusoprovir'),(3088037,'Adeltrazol'),(3089468,'Etoclopren'),(3127934,'Ciclonivant'),(3144340,'Gentahydrofen'),(3152836,'Aprodipizyl'),(3160063,'Betapaino'),(3162795,'Kitanixin'),(3167901,'Serraspohex'),(3167966,'Zaprasonque'),(3182844,'Zylasixol'),(3182987,'Panatamzyl'),(3184058,'Flozodex'),(3186726,'Isolonde'),(3227054,'Adelpatan'),(3229921,'Allernabid'),(3233344,'Lastetamtex'),(3233391,'Amfopatriol'),(3237232,'Septoxaxol'),(3238230,'Gynooxede'),(3244308,'Tylotanfen'),(3244902,'Duozoban'),(3246682,'Triconpos'),(3249404,'Lefucarpamnon'),(3251877,'Laxobutamtex'),(3264945,'Epiperabid'),(3265798,'Azihydroque'),(3285039,'Mecotraxin'),(3286638,'Ibuperazyl'),(3298162,'Iripaphane'),(3305248,'Tamsufadar'),(3307755,'Enaoxexin'),(3318511,'Doxtaphane'),(3327572,'Acychlorideino'),(3327783,'Fenooxelat'),(3328095,'Chlorgocin'),(3332326,'Actilonfen'),(3343078,'Acatamcin'),(3360129,'Radisiltad'),(3372074,'Calciclosol'),(3392047,'Acytaque'),(3413781,'Afsondar'),(3418673,'Dynaclodar'),(3436525,'Pantoxapin'),(3439957,'Lyosonpex'),(3442627,'Napoxadex'),(3443885,'Azicarpamde'),(3449578,'Lisitandex'),(3480089,'Rythmopalam'),(3490823,'Konilontriol'),(3504819,'Zapratanban'),(3506037,'Banchloridevant'),(3509375,'Adelnatan'),(3531583,'Dexatanpos'),(3531711,'Bicurpin'),(3536950,'Enacurxin'),(3550543,'Irufabid'),(3563083,'Acysidar'),(3579094,'Indaspode'),(3597439,'Diclonamuc'),(3608821,'Doxmapren'),(3623768,'Neoperixol'),(3635837,'Captosiltan'),(3644711,'Durasoprovase'),(3652127,'Xylosoprobid'),(3654677,'Loxasonbid'),(3664514,'Norafapren'),(3673078,'Adiclodorm'),(3676930,'Iruclorex'),(3685705,'Adelhydromuc'),(3704744,'Aeropuripex'),(3704773,'Peridipivir'),(3715386,'Iprocarpamban'),(3727237,'Cyclosillam'),(3728965,'Calcimadorm'),(3732470,'Indonanor'),(3746259,'Duoninon'),(3765162,'Gynozoque'),(3770449,'Doxagoxol'),(3771935,'Adizodex'),(3779526,'Bisilzol'),(3783694,'Vomasoncin'),(3791417,'Lastetaphane'),(3801489,'Bupazol'),(3806235,'Tenofazol'),(3813123,'Metrochloridevant'),(3821014,'Clotamhex'),(3835300,'Furotamte'),(3840652,'Doxanaque'),(3845084,'Dextrohydropos'),(3861794,'Panaperahex'),(3863617,'Tamsubutamnon'),(3869070,'Clotantan'),(3873852,'Mepapadex'),(3892791,'Oxyhydronor'),(3897555,'Vovedipivir'),(3918529,'Tyloxamuc'),(3921334,'Zithroclode'),(3932857,'Metosilino'),(3941593,'Acochloridelol'),(3943254,'Herpesoproban'),(3956288,'Adihydroliq'),(3959329,'Benysoprode'),(3962843,'Xylotrafen'),(3966184,'Logomasine'),(3974742,'Chlorlonlam'),(3974874,'Aritraino'),(3988591,'Adiconde'),(3995175,'Novofaxin'),(3997336,'Haloperivant'),(3997673,'Acaside'),(4001389,'Pentotadene'),(4029606,'Iprospobid'),(4030503,'Napobutammuc'),(4046755,'Cefahydrovir'),(4062417,'Butrabid'),(4064007,'Amcinidorm'),(4066212,'Lastelonde'),(4085345,'Vovethromydex'),(4097729,'Polylondorm'),(4100254,'Halosidar'),(4114350,'Natagovir'),(4115135,'Carvigopex'),(4120690,'Ometanzyl'),(4126603,'Natasiltad'),(4127867,'Zaprafapin'),(4129202,'Amcipuricept'),(4142344,'Metobutamtec'),(4143743,'Furoxatad'),(4151832,'Tamotradex'),(4151862,'Abegotad'),(4164299,'Endoconxol'),(4173610,'Isoperafen'),(4183574,'Alfusilpin'),(4191689,'Zytosoprovir'),(4206950,'Cycloxafen'),(4207078,'Septotantriol'),(4211471,'Vitaoxelam'),(4212527,'Gentathromypin'),(4218676,'Acytatad'),(4256423,'Flupaban'),(4272516,'Flutaliq'),(4290795,'Felocarpamtad'),(4291577,'Triperitec'),(4311389,'Flothromyxel'),(4314884,'Oximadine'),(4328049,'Ramimavir'),(4344137,'Osaxasol'),(4349741,'Deltanatad'),(4350647,'Nevogotec'),(4357276,'Ibuoxezyl'),(4358183,'Felohydrocept'),(4358632,'Diclotrafen'),(4365370,'Cefatandorm'),(4365938,'Metonidex'),(4366515,'Levooxecose'),(4376055,'Konicurrex'),(4376228,'Mucosonxol'),(4394194,'Syndosifen'),(4406153,'Zalefaino'),(4409526,'Ecodrolat'),(4423873,'Halotamhex'),(4424017,'Virotande'),(4453477,'Mirasoprodex'),(4470718,'Fibrataxol'),(4483094,'Metocurpex'),(4503866,'Abepatan'),(4506077,'Herpethromydine'),(4516145,'Iprotampren'),(4517066,'Acifacose'),(4524612,'Tripurilol'),(4538174,'Vitasitan'),(4565337,'Ibusiltriol'),(4568922,'Acoxatriol'),(4572472,'Amfotamtan'),(4581749,'Enapaxel'),(4582302,'Ofloperirex'),(4602663,'Tamsugoxin'),(4617742,'Diclosilpren'),(4619016,'Acicloque'),(4619091,'Hibitatec'),(4632377,'Famoninor'),(4646330,'Afpacose'),(4663545,'Adinifen'),(4671598,'Lisioxeino'),(4683554,'Muconidar'),(4694389,'Lisimalat'),(4697302,'Dynazozyl'),(4708321,'Irethromyte'),(4722109,'Aftamnal'),(4741037,'Adichloridedex'),(4750048,'Acaperique'),(4753637,'Acipadene'),(4776763,'Candizotec'),(4777825,'Konitaxin'),(4806232,'Azithromynon'),(4808170,'Hibicurque'),(4831263,'Captoperizon'),(4838648,'Novooxeino'),(4843284,'Vitalonzol'),(4845358,'Clotazyl'),(4847070,'Pipenimuc'),(4858576,'Neospotad'),(4861237,'Pipehydrotec'),(4884047,'Ramidrocose'),(4891838,'Allohydropren'),(4897727,'Oxycarpamdar'),(4911933,'Bastazol'),(4913246,'Fenopazon'),(4919771,'Zapramaque'),(4928345,'Herpesonino'),(4968041,'Tylotandene'),(5014767,'Adeltadine'),(5021812,'Dioxevase'),(5021860,'Noratamtan'),(5027540,'Abesoprobid'),(5058150,'Medinanal'),(5060066,'Hepaspocose'),(5072356,'Xylothromyque'),(5076632,'Ramichloridedex'),(5079082,'Ramiperadorm'),(5085981,'Zytobutamnide'),(5088092,'Flocarpamzyl'),(5100318,'Doxyzovex'),(5108631,'Dermamapos'),(5118107,'Serranahex'),(5120448,'Hepaxaphane'),(5125406,'Radisoncose'),(5145922,'Acotanhex'),(5157678,'Allohydroxin'),(5170005,'Velochloridenor'),(5182853,'Panatratex'),(5201706,'Betadrophane'),(5202635,'Noraconxel'),(5204812,'Endomadene'),(5237599,'Veloperide'),(5244746,'Alfugosine'),(5246641,'Muconaxol'),(5264138,'Felohydrovant'),(5272263,'Duolonvir'),(5276731,'Aprofasine'),(5289317,'Mepaoxerex'),(5322899,'Tamospotan'),(5329270,'Acyhydrodene'),(5329976,'Robigodene'),(5337706,'Tenoperadar'),(5342984,'Serratampren'),(5345758,'Exothromysol'),(5350807,'Acosildine'),(5361893,'Epinaino'),(5373759,'Redudipifen'),(5391679,'Vomaspodar'),(5428696,'Hibidrozon'),(5429547,'Furosoprofast'),(5447123,'Iodohydrozyl'),(5450914,'Acyxalol'),(5452193,'Basconphane'),(5466779,'Ibusipex'),(5522636,'Napothromydorm'),(5525049,'Metrohydrotan'),(5527319,'Nitocurque'),(5538095,'Endothromyde'),(5548595,'Minizofen'),(5550110,'Lastetafast'),(5551757,'Neothromyvant'),(5561064,'Duotamlol'),(5578046,'Medrobutamfen'),(5581411,'Betaconque'),(5600783,'Laxotamfen'),(5601784,'Osacurxin'),(5609958,'Neupafast'),(5614261,'Velocurnide'),(5623542,'Acoconxol'),(5646648,'Zapracarpamtex'),(5646696,'Tamochloridelol'),(5649191,'Lefucarpamtan'),(5649531,'Bancurnon'),(5657380,'Gabasildene'),(5659840,'Acetalol'),(5662804,'Dicloconphane'),(5663616,'Ramisipos'),(5673206,'Velogofen'),(5725932,'Lyofanal'),(5738757,'Indathromyque'),(5741497,'Acaclote'),(5747727,'Actithromydene'),(5756146,'Hapagodex'),(5766204,'Simeperahex'),(5767904,'Irutaxin'),(5769453,'Miraspodene'),(5774435,'Herpechloridedine'),(5776704,'Alposoprovir'),(5781769,'Captodrolol'),(5792537,'Nevocurnon'),(5812549,'Ibulonpin'),(5819741,'Parasilol'),(5832786,'Nevolontec'),(5842501,'Affalol'),(5858849,'Carvisonfen');
/*!40000 ALTER TABLE `droga` ENABLE KEYS */;
UNLOCK TABLES;

--
-- Table structure for table `empleado`
--

DROP TABLE IF EXISTS `empleado`;
/*!40101 SET @saved_cs_client     = @@character_set_client */;
/*!50503 SET character_set_client = utf8mb4 */;
CREATE TABLE `empleado` (
  `matricula` int(10) unsigned NOT NULL,
  `PERSONA_DNI` int(10) unsigned NOT NULL AUTO_INCREMENT,
  `TITULOCURSO_id` int(10) unsigned NOT NULL,
  PRIMARY KEY (`matricula`) USING BTREE,
  UNIQUE KEY `PERSONA_DNI` (`PERSONA_DNI`) USING BTREE,
  KEY `FK_empleado_titulocurso_idTITULOCURSO` (`TITULOCURSO_id`),
  CONSTRAINT `FK_empleado_PERSONA_DNI` FOREIGN KEY (`PERSONA_DNI`) REFERENCES `persona` (`DNI`),
  CONSTRAINT `FK_empleado_titulocurso_idTITULOCURSO` FOREIGN KEY (`TITULOCURSO_id`) REFERENCES `empleado_titulacion` (`idTITULOCURSO`)
) ENGINE=InnoDB AUTO_INCREMENT=3908897756 DEFAULT CHARSET=utf8;
/*!40101 SET character_set_client = @saved_cs_client */;

--
-- Dumping data for table `empleado`
--

LOCK TABLES `empleado` WRITE;
/*!40000 ALTER TABLE `empleado` DISABLE KEYS */;
INSERT INTO `empleado` VALUES (18893,2959489060,1),(18894,3388985592,3),(18895,3479400929,15),(18896,1146076903,23),(18897,429500588,31),(18898,1146076842,37),(18899,2539464600,44),(18900,1575573514,51),(18901,429500592,60),(18902,1575573543,3),(18903,3388985616,9),(18905,2539464470,22),(18906,2109967864,25),(18907,2109967855,28),(18908,2959488873,30),(18909,1575573571,32),(18910,2959489030,39),(18911,3388985649,42),(18912,2109967647,58),(18913,3908897646,62),(18914,3908897523,5),(18915,3479401003,21),(18916,1575573537,31),(18917,3908897608,37),(18918,1146076840,42),(18919,429500519,47),(18920,2109967687,62),(18921,3793,7),(18922,2539464525,11),(18923,2959488963,22),(18924,3479400971,32),(18925,3479400885,35),(18926,3908897561,4),(18927,2539464400,24),(18928,429500622,41),(18929,3388985738,51),(18930,1146076837,15),(18931,1575573472,22),(18932,1146076748,2),(18933,3388985759,12),(18934,3479400787,37),(18935,2959488870,39),(18936,3388985682,57),(18937,2539464591,15),(18938,1575573621,18),(18939,3388985596,28),(18940,3908897554,34),(18941,3479400923,42),(18942,3842,45),(18943,3851,3),(18944,3854,11),(18945,3876,16),(18946,3479400946,27),(18947,2109967858,34),(18948,1575573490,37),(18949,3479400899,43),(18950,429500525,51),(18951,3750,61),(18952,2109967819,12),(18953,3479400944,24),(18954,2959488977,33),(18956,3388985604,51),(18957,3908897582,58),(18958,3388985598,2),(18959,3908897732,9),(18960,2959488933,18),(18961,3388985667,28),(18962,2109967664,33),(18964,2109967755,50),(18965,3388985709,52),(18966,3479400805,1),(18967,2109967654,18),(18968,3908897691,41),(27894,3908897535,2),(27895,3479400881,13),(27896,429500523,19),(27897,2539464460,24),(27898,429500448,36),(27899,429500551,43),(27900,2959489075,47),(27901,1146076901,55),(27902,2959489085,2),(27903,3479400914,7),(27904,2539464513,14),(27905,2959489042,19),(27906,2109967780,23),(27907,2109967676,26),(27908,3388985783,29),(27909,3908897707,31),(27910,3908897568,38),(27911,1575573525,40),(27912,2109967853,44),(27913,2539464465,60),(27914,3908897643,4),(27915,2109967867,17),(27916,3479400985,27),(27917,1146076722,32),(27918,1575573604,38),(27919,3908897719,46),(27920,3479401020,59),(27921,1146076869,1),(27922,429500587,10),(27923,1575573503,14),(27924,429500691,26),(27925,3908897670,33),(27926,2959488868,41),(27927,3859,12),(27928,2109967746,39),(27929,429500524,50),(27932,3479400949,58),(27933,2109967764,5),(27934,2539464625,19),(27935,1575573606,38),(27936,2109967734,40),(27937,3908897511,2),(27938,3908897737,16),(27939,2959489028,24),(27940,2959489062,33),(27941,3388985631,40),(27942,3388985791,43),(27943,2539464596,54),(27944,2959488926,9),(27945,1575573452,14),(27946,429500586,23),(27947,1575573515,30),(27948,3479400926,35),(27949,1146076905,40),(27950,1575573445,44),(27951,2959488979,55),(27953,3388985661,13),(27955,3388985732,37),(27956,429500615,50),(27957,2109967658,55),(27958,3388985800,59),(27959,2539464615,8),(27960,1146076909,17),(27961,2109967842,22),(27962,1575573483,32),(27963,3961,35),(27964,1575573533,41),(27965,1146076863,51),(27966,3957,54),(27967,3908897581,4),(27968,429500471,40),(27969,1575573680,46),(32003,3479400793,16),(32004,2539464575,26),(32005,429500616,28),(32006,429500529,33),(32007,3914,41),(32008,1146076925,50),(32009,2959488943,63),(32010,2959488895,1),(32011,3388985677,6),(32012,3479400838,13),(32013,2959488935,24),(32014,429500581,43),(32015,2539464443,52),(32016,1575573650,61),(32017,1575573464,15),(32018,3908897687,20),(32019,3908897735,40),(32020,3935,52),(32021,429500694,6),(32022,2959488924,16),(32023,2109967816,20),(32024,2959489082,34),(32025,3388985628,39),(32026,2959489047,45),(32027,1575573442,62),(32028,3388985700,3),(32029,2959489045,17),(32030,2109967720,27),(32031,3714,31),(32032,3388985651,42),(32033,2959488982,52),(32034,2959489027,61),(32035,1146076787,5),(32036,2539464418,10),(32037,3388985787,27),(32038,1146076833,34),(32040,3388985792,49),(32041,3790,59),(32042,2539464568,64),(32043,2109967729,10),(32044,3479401027,14),(32045,2959488915,22),(32046,2109967668,27),(32047,1146076915,50),(32048,429500633,59),(32050,2539464476,9),(32051,2109967844,23),(32052,2539464607,27),(32053,1146076710,30),(32054,429500517,41),(32055,3479400950,49),(32057,1146076900,59),(32058,3479400785,1),(32059,2109967731,4),(32061,3721,21),(32062,429500535,33),(32063,3908897665,53),(32064,1146076782,2),(32065,1575573496,25),(32066,3479400961,30),(32067,3388985696,44),(32068,3908897746,48),(32069,2109967740,61),(32070,2959488956,11),(32071,3388985627,16),(32072,3908897545,25),(32073,3908897600,34),(32074,3479400814,47),(32075,3479400867,57),(32076,3910,62),(32077,3841,9),(32078,429500469,16),(32079,2539464416,21),(32080,2539464518,23),(32081,3908897638,27),(32082,2109967845,37),(32083,2109967869,45),(41003,2109967721,12),(41005,3908897688,27),(41006,1146076800,29),(41007,3912,38),(41009,2959488920,53),(41010,2109967824,64),(41011,3479400986,5),(41012,3908897715,10),(41013,3757,18),(41014,429500495,41),(41015,3908897679,46),(41016,2109967830,59),(41017,3479400869,13),(41018,2959488888,18),(41019,2959488884,25),(41020,3388985635,44),(41021,3908897553,60),(41022,3908897755,15),(41023,1575573453,19),(41024,2959489049,27),(41025,3921,37),(41026,1575573605,40),(41027,2539464598,46),(41028,429500671,1),(41029,3812,6),(41030,3908897610,19),(41031,1575573570,30),(41032,3479400990,32),(41033,3479400806,49),(41034,2109967673,59),(41035,2959489067,1),(41036,3479400841,9),(41037,1575573612,17),(41039,3908897739,42),(41040,2539464459,47),(41042,3908897550,60),(41044,2109967885,11),(41045,429500558,20),(41046,1146076719,25),(41048,3958,55),(41049,2539464549,63),(41050,3479400846,6),(41051,2959489052,10),(41052,3388985768,25),(41053,2539464472,29),(41055,1575573561,48),(41056,1146076829,50),(41057,3388985795,53),(41058,2539464572,64),(41059,3857,2),(41060,1575573508,7),(41061,2109967889,20),(41062,2539464631,25),(41063,1146076921,49),(41064,3908897695,1),(41065,2959489094,23),(41067,1146076841,38),(41068,3728,45),(41069,3388985727,56),(41070,3388985818,4),(41071,2959489063,15),(41072,3479400890,23),(41073,3388985708,26),(41074,2109967823,46),(41075,429500441,55),(41077,3388985657,3),(41078,429500684,11),(41079,3388985780,17),(41080,2539464624,22),(41081,1146076862,25),(41082,3479401005,30),(41083,1146076732,38),(47362,2109967650,4),(47363,3479400955,14),(47364,3388985812,30),(47365,1575573512,48),(47366,3908897659,58),(47367,3807,8),(47368,3479400868,27),(47369,3388985758,49),(47370,3865,64),(47371,2959489037,3),(47372,3824,8),(47374,3479401011,24),(47375,2959489026,39),(47376,3479401013,45),(47377,2959489024,50),(47380,2539464559,8),(47381,1575573663,38),(47383,2959489004,59),(47384,1575573602,16),(47385,3479400947,20),(47386,3908897633,28),(47387,2539464494,40),(47388,1575573617,45),(47389,1575573616,64),(47390,3777,13),(47391,3755,26),(47392,1575573661,37),(47394,1575573632,48),(47395,2539464477,55),(47397,1146076834,16),(47398,3908897598,18),(47400,3908897713,33),(47401,3811,47),(47402,429500455,51),(47403,2109967762,60),(47404,1146076810,64),(47405,3479400863,7),(47406,2109967837,12),(47407,3809,35),(47408,3388985636,44),(47409,3926,62),(47410,1575573634,6),(47411,3852,15),(47412,429500446,24),(47413,1146076922,28),(47414,1146076850,36),(47415,2109967719,39),(47416,2539464441,58),(47417,3908897596,6),(47418,2539464613,11),(47419,429500575,15),(47420,2109967694,31),(47422,2109967674,53),(47423,1146076933,5),(47424,3388985612,14),(47425,1575573577,30),(47426,429500569,42),(47427,3942,53),(47428,3479400854,2),(47429,3908897743,13),(47430,1146076807,31),(56363,1146076885,9),(56364,2959488952,18),(56365,3952,34),(56366,3818,54),(56367,2539464623,62),(56368,1146076778,17),(56369,2959489066,36),(56370,1575573521,56),(56371,3388985614,2),(56372,3388985773,6),(56373,2539464570,10),(56375,429500640,28),(56376,2109967771,41),(56378,1146076852,53),(56379,3388985730,64),(56380,2959489036,3),(56382,3907,44),(56383,3479400960,55),(56384,1146076774,11),(56385,1146076755,18),(56386,3479400789,25),(56388,3388985829,43),(56389,2959488864,57),(56390,1146076766,12),(56392,2539464386,28),(56393,1146076806,39),(56394,3479400924,41),(56395,3388985684,54),(56396,2539464378,57),(56397,1575573678,8),(56398,3388985652,17),(56399,2539464429,23),(56401,3908897701,45),(56402,2959489073,48),(56403,2959489038,53),(56404,3839,61),(56405,3767,1),(56406,2959488981,11),(56407,3908897717,22),(56408,3479400904,38),(56409,2959489005,56),(56410,3388985658,5),(56411,2109967750,10),(56412,1146076735,17),(56413,3479400996,26),(56416,2959489057,47),(56417,1146076880,62),(56418,1575573552,8),(56419,3388985803,14),(56421,2539464604,35),(56422,2539464380,47),(56423,3479400860,3),(56424,1575573444,10),(56426,2539464503,40),(56427,3908897632,48),(56429,429500635,5),(56430,3479400833,24),(56431,3953,34),(56432,3908897674,39),(66397,2539464452,7),(66399,1146076832,21),(66400,3908897727,39),(66401,1146076756,42),(66402,2959489014,4),(66403,2109967665,20),(66404,3388985781,34),(66405,2539464375,45),(66406,1575573487,48),(66407,3479400876,53),(66408,1146076724,7),(66409,3908897686,29),(66410,3908897663,33),(66412,2959489006,56),(66415,2109967691,9),(66416,2539464412,28),(66417,3937,31),(66418,429500489,43),(66419,3908897677,50),(66420,3388985699,52),(66421,2109967836,61),(66423,2959489089,7),(66425,2959489048,26),(66427,2109967822,53),(66428,2109967834,60),(66429,3479400937,2),(66430,2539464601,8),(66431,1575573601,18),(66432,3947,29),(66433,429500508,31),(66434,3746,36),(66435,429500577,50),(66436,3479400813,53),(66437,3908897538,4),(66438,1575573513,15),(66440,2539464444,31),(66441,2109967852,42),(66442,2539464388,46),(66443,2109967657,52),(66444,1575573629,58),(66445,429500462,19),(66446,1575573614,26),(66447,2109967854,32),(66448,3908897680,47),(66449,1575573666,55),(66450,1146076873,8),(66451,2539464608,45),(66452,1575573631,50),(66454,1575573585,64),(66455,2109967887,7),(66456,3856,19),(66457,2959489039,22),(66458,3388985704,32),(66459,3908897678,40),(66460,3930,43),(66462,1575573560,64),(66464,2959488959,20),(66465,3908897569,31),(66466,1575573547,39),(66467,3771,45),(66468,2539464495,56),(66471,2539464389,32),(66472,429500590,43),(75397,3479400908,5),(75398,3479400984,10),(75399,2539464620,20),(75400,3908897599,22),(75401,3479400864,40),(75402,3908897693,49),(75403,1146076768,12),(75404,3803,21),(75405,3955,37),(75408,2959488883,1),(75409,1146076859,26),(75410,2539464545,30),(75411,3796,34),(75412,3388985752,55),(75415,3758,5),(75418,2539464438,42),(75420,2109967748,51),(75421,1575573520,57),(75422,3954,63),(75423,2539464617,5),(75424,3388985737,14),(75425,2109967789,23),(75426,2959489058,36),(75427,429500556,47),(75429,2959489053,63),(75430,429500531,7),(75431,2109967723,16),(75432,2959488955,25),(75433,3756,30),(75434,1146076791,35),(75435,1575573558,38),(75436,3388985762,52),(75437,1575573647,61),(75438,429500512,6),(75442,2959489084,43),(75443,1146076937,49),(75444,3388985588,54),(75445,3388985646,13),(75446,3479400897,21),(75447,2539464528,31),(75448,3388985655,39),(75449,3479400920,52),(75450,1146076894,63),(75451,3388985770,31),(75452,3479400948,46),(75453,3908897647,57),(75454,3479400918,60),(75455,3908897711,5),(75456,3388985750,18),(75457,2539464461,21),(75458,429500686,29),(75460,2539464458,42),(75462,3479400945,62),(75463,2959488919,7),(75464,3388985690,19),(75465,3950,24),(75467,2539464453,44),(75468,2109967752,49),(75469,2959488931,63),(75470,2539464530,12),(75471,2959488860,28),(75472,3479400862,36),(88101,3388985633,35),(88102,429500485,52),(88103,2539464447,57),(88104,429500646,61),(88105,3388985724,16),(88106,429500477,35),(88107,2959489021,54),(88110,2539464385,14),(88111,1146076764,22),(88114,1146076861,63),(88115,3388985603,13),(88116,3908897592,21),(88117,3908897560,25),(88118,3479400848,36),(88119,1575573477,49),(88120,2109967838,56),(88121,2109967843,60),(88122,3908897709,8),(88123,3915,10),(88124,3388985698,15),(88125,2109967787,29),(88126,1575573519,34),(88129,3388985744,55),(88132,3908897513,14),(88133,429500576,23),(88134,3479400993,32),(88135,3388985723,44),(88136,429500463,56),(88137,3776,63),(88138,3479400970,9),(88139,1146076893,28),(88141,429500670,44),(88142,2109967848,62),(88143,2109967849,5),(88145,3479400815,20),(88146,429500530,46),(88147,2109967891,58),(88149,2109967898,18),(88151,3388985676,41),(88153,3881,54),(88154,3963,63),(88155,2959489043,4),(88156,429500533,16),(88157,3908897720,20),(88158,1575573626,39),(88159,3479400902,52),(88160,2109967742,63),(88161,2539464589,6),(88162,2109967652,21),(88163,429500557,36),(88165,3479400799,6),(88166,3388985779,8),(88167,3908897733,14),(88168,3479400827,20),(88169,2539464487,29),(88170,1575573494,44),(97097,3828,8),(97099,429500547,45),(97103,1575573586,33),(97104,1575573669,51),(97105,3710,55),(97106,1575573676,63),(97107,2959489013,11),(97108,3908897698,16),(97109,1575573628,23),(97110,2539464519,43),(97111,1146076881,51),(97112,1575573566,12),(97113,3388985637,17),(97115,1146076888,29),(97116,3731,47),(97118,3388985615,58),(97119,2959488892,2),(97120,3388985716,9),(97123,1575573501,33),(97124,3908897584,35),(97125,429500520,44),(97126,2539464507,54),(97127,3908897718,56),(97128,2959488881,3),(97129,2959488950,11),(97133,3479400794,46),(97134,3479400816,62),(97135,2109967739,7),(97136,3388985715,13),(97137,3908897552,32),(97138,3908897634,35),(97139,3908897754,56),(97140,429500482,4),(97141,3908897589,8),(97143,3748,37),(97144,1146076773,57),(97146,2109967883,12),(97147,3843,19),(97148,2539464527,29),(97149,429500690,42),(97150,429500442,52),(97151,3479400821,56),(97152,3908897728,3),(97153,2539464410,9),(97154,429500668,17),(97155,3479400900,34),(97157,2959488898,54),(97159,3479400989,12),(97160,3936,27),(97161,2109967857,43),(97162,429500634,61),(97163,1146076917,7),(97166,1146076821,26),(97167,1575573505,33),(99999,1146076889,6);
/*!40000 ALTER TABLE `empleado` ENABLE KEYS */;
UNLOCK TABLES;

--
-- Table structure for table `empleado_control_semanal`
--

DROP TABLE IF EXISTS `empleado_control_semanal`;
/*!40101 SET @saved_cs_client     = @@character_set_client */;
/*!50503 SET character_set_client = utf8mb4 */;
CREATE TABLE `empleado_control_semanal` (
  `idCheckSem` int(11) unsigned NOT NULL AUTO_INCREMENT,
  `EMPLEADO_id` int(11) unsigned NOT NULL,
  `FechaEstudio` date NOT NULL,
  `COVID_POS` tinyint(1) NOT NULL,
  PRIMARY KEY (`idCheckSem`),
  KEY `FK_paciente_control_semanal` (`EMPLEADO_id`),
  CONSTRAINT `FK_paciente_control_semanal` FOREIGN KEY (`EMPLEADO_id`) REFERENCES `empleado` (`matricula`)
) ENGINE=InnoDB AUTO_INCREMENT=3251 DEFAULT CHARSET=utf8;
/*!40101 SET character_set_client = @saved_cs_client */;

--
-- Dumping data for table `empleado_control_semanal`
--

LOCK TABLES `empleado_control_semanal` WRITE;
/*!40000 ALTER TABLE `empleado_control_semanal` DISABLE KEYS */;
INSERT INTO `empleado_control_semanal` VALUES (1,18893,'2020-06-01',0),(2,18894,'2020-06-01',0),(3,18895,'2020-06-01',0),(4,18896,'2020-06-01',0),(5,18897,'2020-06-01',0),(6,18898,'2020-06-01',1),(7,18899,'2020-06-01',0),(8,18900,'2020-06-01',1),(9,18901,'2020-06-01',0),(10,18902,'2020-06-01',0),(11,18903,'2020-06-01',1),(12,18904,'2020-06-01',1),(13,18905,'2020-06-01',1),(14,18906,'2020-06-01',0),(15,18907,'2020-06-01',1),(16,18908,'2020-06-01',0),(17,18909,'2020-06-01',1),(18,18910,'2020-06-01',0),(19,18911,'2020-06-01',0),(20,18912,'2020-06-01',1),(21,18913,'2020-06-01',1),(22,18914,'2020-06-01',1),(23,18915,'2020-06-01',1),(24,18916,'2020-06-01',0),(25,18917,'2020-06-01',0),(26,18918,'2020-06-01',1),(27,18919,'2020-06-01',1),(28,18920,'2020-06-01',0),(29,18921,'2020-06-01',0),(30,18922,'2020-06-01',0),(31,18923,'2020-06-01',0),(32,18924,'2020-06-01',1),(33,18925,'2020-06-01',0),(34,18926,'2020-06-01',0),(35,18927,'2020-06-01',0),(36,18928,'2020-06-01',1),(37,18929,'2020-06-01',0),(38,18930,'2020-06-01',1),(39,18931,'2020-06-01',1),(40,18932,'2020-06-01',0),(41,18933,'2020-06-01',0),(42,18934,'2020-06-01',1),(43,18935,'2020-06-01',0),(44,18936,'2020-06-01',0),(45,18937,'2020-06-01',0),(46,18938,'2020-06-01',0),(47,18939,'2020-06-01',1),(48,18940,'2020-06-01',1),(49,18941,'2020-06-01',0),(50,18942,'2020-06-01',0),(51,18943,'2020-06-01',1),(52,18944,'2020-06-01',0),(53,18945,'2020-06-01',1),(54,18946,'2020-06-01',1),(55,18947,'2020-06-01',1),(56,18948,'2020-06-01',0),(57,18949,'2020-06-01',1),(58,18950,'2020-06-01',0),(59,18951,'2020-06-01',0),(60,18952,'2020-06-01',1),(61,18953,'2020-06-01',1),(62,18954,'2020-06-01',0),(63,18955,'2020-06-01',0),(64,18956,'2020-06-01',0),(65,18957,'2020-06-01',1),(66,18958,'2020-06-01',1),(67,18959,'2020-06-01',1),(68,18960,'2020-06-01',0),(69,18961,'2020-06-01',0),(70,18962,'2020-06-01',0),(71,18963,'2020-06-01',1),(72,18964,'2020-06-01',1),(73,18965,'2020-06-01',1),(74,18966,'2020-06-01',1),(75,18967,'2020-06-01',1),(76,18968,'2020-06-01',0),(77,27894,'2020-06-01',1),(78,27895,'2020-06-01',1),(79,27896,'2020-06-01',0),(80,27897,'2020-06-01',1),(81,27898,'2020-06-01',0),(82,27899,'2020-06-01',1),(83,27900,'2020-06-01',1),(84,27901,'2020-06-01',0),(85,27902,'2020-06-01',0),(86,27903,'2020-06-01',0),(87,27904,'2020-06-01',0),(88,27905,'2020-06-01',1),(89,27906,'2020-06-01',0),(90,27907,'2020-06-01',0),(91,27908,'2020-06-01',1),(92,27909,'2020-06-01',1),(93,27910,'2020-06-01',0),(94,27911,'2020-06-01',0),(95,27912,'2020-06-01',0),(96,27913,'2020-06-01',1),(97,27914,'2020-06-01',0),(98,27915,'2020-06-01',1),(99,27916,'2020-06-01',0),(100,27917,'2020-06-01',0),(101,27918,'2020-06-01',1),(102,27919,'2020-06-01',0),(103,27920,'2020-06-01',0),(104,27921,'2020-06-01',1),(105,27922,'2020-06-01',0),(106,27923,'2020-06-01',0),(107,27924,'2020-06-01',0),(108,27925,'2020-06-01',0),(109,27926,'2020-06-01',0),(110,27927,'2020-06-01',1),(111,27928,'2020-06-01',1),(112,27929,'2020-06-01',0),(113,27930,'2020-06-01',0),(114,27931,'2020-06-01',1),(115,27932,'2020-06-01',0),(116,27933,'2020-06-01',1),(117,27934,'2020-06-01',0),(118,27935,'2020-06-01',0),(119,27936,'2020-06-01',0),(120,27937,'2020-06-01',0),(121,27938,'2020-06-01',0),(122,27939,'2020-06-01',0),(123,27940,'2020-06-01',0),(124,27941,'2020-06-01',1),(125,27942,'2020-06-01',1),(126,27943,'2020-06-01',0),(127,27944,'2020-06-01',1),(128,27945,'2020-06-01',0),(129,27946,'2020-06-01',1),(130,27947,'2020-06-01',1),(131,27948,'2020-06-01',1),(132,27949,'2020-06-01',1),(133,27950,'2020-06-01',1),(134,27951,'2020-06-01',0),(135,27952,'2020-06-01',1),(136,27953,'2020-06-01',0),(137,27954,'2020-06-01',0),(138,27955,'2020-06-01',1),(139,27956,'2020-06-01',1),(140,27957,'2020-06-01',0),(141,27958,'2020-06-01',0),(142,27959,'2020-06-01',1),(143,27960,'2020-06-01',1),(144,27961,'2020-06-01',1),(145,27962,'2020-06-01',0),(146,27963,'2020-06-01',1),(147,27964,'2020-06-01',0),(148,27965,'2020-06-01',0),(149,27966,'2020-06-01',1),(150,27967,'2020-06-01',0),(151,27968,'2020-06-01',1),(152,27969,'2020-06-01',1),(153,32003,'2020-06-01',1),(154,32004,'2020-06-01',1),(155,32005,'2020-06-01',1),(156,32006,'2020-06-01',0),(157,32007,'2020-06-01',0),(158,32008,'2020-06-01',1),(159,32009,'2020-06-01',1),(160,32010,'2020-06-01',1),(161,32011,'2020-06-01',1),(162,32012,'2020-06-01',1),(163,32013,'2020-06-01',0),(164,32014,'2020-06-01',1),(165,32015,'2020-06-01',0),(166,32016,'2020-06-01',0),(167,32017,'2020-06-01',0),(168,32018,'2020-06-01',0),(169,32019,'2020-06-01',0),(170,32020,'2020-06-01',0),(171,32021,'2020-06-01',1),(172,32022,'2020-06-01',1),(173,32023,'2020-06-01',1),(174,32024,'2020-06-01',1),(175,32025,'2020-06-01',0),(176,32026,'2020-06-01',1),(177,32027,'2020-06-01',0),(178,32028,'2020-06-01',1),(179,32029,'2020-06-01',0),(180,32030,'2020-06-01',1),(181,32031,'2020-06-01',1),(182,32032,'2020-06-01',0),(183,32033,'2020-06-01',0),(184,32034,'2020-06-01',1),(185,32035,'2020-06-01',0),(186,32036,'2020-06-01',0),(187,32037,'2020-06-01',0),(188,32038,'2020-06-01',1),(189,32039,'2020-06-01',0),(190,32040,'2020-06-01',0),(191,32041,'2020-06-01',1),(192,32042,'2020-06-01',1),(193,32043,'2020-06-01',1),(194,32044,'2020-06-01',0),(195,32045,'2020-06-01',1),(196,32046,'2020-06-01',0),(197,32047,'2020-06-01',0),(198,32048,'2020-06-01',0),(199,32049,'2020-06-01',1),(200,32050,'2020-06-01',0),(201,32051,'2020-06-01',1),(202,32052,'2020-06-01',0),(203,32053,'2020-06-01',0),(204,32054,'2020-06-01',1),(205,32055,'2020-06-01',1),(206,32056,'2020-06-01',1),(207,32057,'2020-06-01',1),(208,32058,'2020-06-01',0),(209,32059,'2020-06-01',0),(210,32060,'2020-06-01',0),(211,32061,'2020-06-01',0),(212,32062,'2020-06-01',1),(213,32063,'2020-06-01',0),(214,32064,'2020-06-01',1),(215,32065,'2020-06-01',0),(216,32066,'2020-06-01',1),(217,32067,'2020-06-01',0),(218,32068,'2020-06-01',1),(219,32069,'2020-06-01',0),(220,32070,'2020-06-01',0),(221,32071,'2020-06-01',0),(222,32072,'2020-06-01',0),(223,32073,'2020-06-01',0),(224,32074,'2020-06-01',0),(225,32075,'2020-06-01',1),(226,32076,'2020-06-01',1),(227,32077,'2020-06-01',0),(228,32078,'2020-06-01',1),(229,32079,'2020-06-01',1),(230,32080,'2020-06-01',0),(231,32081,'2020-06-01',1),(232,32082,'2020-06-01',0),(233,32083,'2020-06-01',1),(234,41003,'2020-06-01',0),(235,41004,'2020-06-01',1),(236,41005,'2020-06-01',0),(237,41006,'2020-06-01',0),(238,41007,'2020-06-01',0),(239,41008,'2020-06-01',0),(240,41009,'2020-06-01',1),(241,41010,'2020-06-01',0),(242,41011,'2020-06-01',0),(243,41012,'2020-06-01',1),(244,41013,'2020-06-01',0),(245,41014,'2020-06-01',1),(246,41015,'2020-06-01',0),(247,41016,'2020-06-01',1),(248,41017,'2020-06-01',1),(249,41018,'2020-06-01',1),(250,41019,'2020-06-01',0),(251,41020,'2020-06-01',0),(252,41021,'2020-06-01',0),(253,41022,'2020-06-01',0),(254,41023,'2020-06-01',1),(255,41024,'2020-06-01',0),(256,41025,'2020-06-01',0),(257,41026,'2020-06-01',0),(258,41027,'2020-06-01',1),(259,41028,'2020-06-01',1),(260,41029,'2020-06-01',1),(261,41030,'2020-06-01',0),(262,41031,'2020-06-01',0),(263,41032,'2020-06-01',1),(264,41033,'2020-06-01',1),(265,41034,'2020-06-01',1),(266,41035,'2020-06-01',1),(267,41036,'2020-06-01',1),(268,41037,'2020-06-01',1),(269,41038,'2020-06-01',0),(270,41039,'2020-06-01',0),(271,41040,'2020-06-01',0),(272,41041,'2020-06-01',1),(273,41042,'2020-06-01',0),(274,41043,'2020-06-01',1),(275,41044,'2020-06-01',1),(276,41045,'2020-06-01',0),(277,41046,'2020-06-01',0),(278,41047,'2020-06-01',1),(279,41048,'2020-06-01',0),(280,41049,'2020-06-01',0),(281,41050,'2020-06-01',1),(282,41051,'2020-06-01',1),(283,41052,'2020-06-01',0),(284,41053,'2020-06-01',1),(285,41054,'2020-06-01',1),(286,41055,'2020-06-01',1),(287,41056,'2020-06-01',1),(288,41057,'2020-06-01',1),(289,41058,'2020-06-01',0),(290,41059,'2020-06-01',1),(291,41060,'2020-06-01',1),(292,41061,'2020-06-01',0),(293,41062,'2020-06-01',1),(294,41063,'2020-06-01',1),(295,41064,'2020-06-01',1),(296,41065,'2020-06-01',0),(297,41066,'2020-06-01',1),(298,41067,'2020-06-01',0),(299,41068,'2020-06-01',1),(300,41069,'2020-06-01',1),(301,41070,'2020-06-01',1),(302,41071,'2020-06-01',0),(303,41072,'2020-06-01',1),(304,41073,'2020-06-01',1),(305,41074,'2020-06-01',0),(306,41075,'2020-06-01',0),(307,41076,'2020-06-01',1),(308,41077,'2020-06-01',0),(309,41078,'2020-06-01',0),(310,41079,'2020-06-01',0),(311,41080,'2020-06-01',0),(312,41081,'2020-06-01',1),(313,41082,'2020-06-01',0),(314,41083,'2020-06-01',1),(315,47362,'2020-06-01',0),(316,47363,'2020-06-01',1),(317,47364,'2020-06-01',1),(318,47365,'2020-06-01',1),(319,47366,'2020-06-01',0),(320,47367,'2020-06-01',1),(321,47368,'2020-06-01',1),(322,47369,'2020-06-01',0),(323,47370,'2020-06-01',0),(324,47371,'2020-06-01',0),(325,47372,'2020-06-01',0),(326,47373,'2020-06-01',0),(327,47374,'2020-06-01',0),(328,47375,'2020-06-01',1),(329,47376,'2020-06-01',1),(330,47377,'2020-06-01',0),(331,47378,'2020-06-01',0),(332,47379,'2020-06-01',0),(333,47380,'2020-06-01',1),(334,47381,'2020-06-01',0),(335,47382,'2020-06-01',0),(336,47383,'2020-06-01',0),(337,47384,'2020-06-01',1),(338,47385,'2020-06-01',1),(339,47386,'2020-06-01',0),(340,47387,'2020-06-01',1),(341,47388,'2020-06-01',0),(342,47389,'2020-06-01',1),(343,47390,'2020-06-01',0),(344,47391,'2020-06-01',0),(345,47392,'2020-06-01',1),(346,47393,'2020-06-01',1),(347,47394,'2020-06-01',1),(348,47395,'2020-06-01',1),(349,47396,'2020-06-01',0),(350,47397,'2020-06-01',0),(351,47398,'2020-06-01',1),(352,47399,'2020-06-01',0),(353,47400,'2020-06-01',1),(354,47401,'2020-06-01',0),(355,47402,'2020-06-01',0),(356,47403,'2020-06-01',0),(357,47404,'2020-06-01',1),(358,47405,'2020-06-01',0),(359,47406,'2020-06-01',1),(360,47407,'2020-06-01',0),(361,47408,'2020-06-01',1),(362,47409,'2020-06-01',1),(363,47410,'2020-06-01',0),(364,47411,'2020-06-01',0),(365,47412,'2020-06-01',1),(366,47413,'2020-06-01',1),(367,47414,'2020-06-01',1),(368,47415,'2020-06-01',0),(369,47416,'2020-06-01',0),(370,47417,'2020-06-01',1),(371,47418,'2020-06-01',0),(372,47419,'2020-06-01',0),(373,47420,'2020-06-01',1),(374,47421,'2020-06-01',0),(375,47422,'2020-06-01',0),(376,47423,'2020-06-01',1),(377,47424,'2020-06-01',1),(378,47425,'2020-06-01',1),(379,47426,'2020-06-01',1),(380,47427,'2020-06-01',1),(381,47428,'2020-06-01',0),(382,47429,'2020-06-01',1),(383,47430,'2020-06-01',0),(384,47431,'2020-06-01',0),(385,47432,'2020-06-01',0),(386,56363,'2020-06-01',1),(387,56364,'2020-06-01',0),(388,56365,'2020-06-01',0),(389,56366,'2020-06-01',0),(390,56367,'2020-06-01',0),(391,56368,'2020-06-01',0),(392,56369,'2020-06-01',0),(393,56370,'2020-06-01',0),(394,56371,'2020-06-01',0),(395,56372,'2020-06-01',0),(396,56373,'2020-06-01',1),(397,56374,'2020-06-01',1),(398,56375,'2020-06-01',1),(399,56376,'2020-06-01',0),(400,56377,'2020-06-01',0),(401,56378,'2020-06-01',1),(402,56379,'2020-06-01',1),(403,56380,'2020-06-01',0),(404,56381,'2020-06-01',1),(405,56382,'2020-06-01',0),(406,56383,'2020-06-01',1),(407,56384,'2020-06-01',1),(408,56385,'2020-06-01',1),(409,56386,'2020-06-01',1),(410,56387,'2020-06-01',1),(411,56388,'2020-06-01',0),(412,56389,'2020-06-01',0),(413,56390,'2020-06-01',0),(414,56391,'2020-06-01',0),(415,56392,'2020-06-01',0),(416,56393,'2020-06-01',0),(417,56394,'2020-06-01',0),(418,56395,'2020-06-01',1),(419,56396,'2020-06-01',1),(420,56397,'2020-06-01',0),(421,56398,'2020-06-01',1),(422,56399,'2020-06-01',1),(423,56400,'2020-06-01',0),(424,56401,'2020-06-01',0),(425,56402,'2020-06-01',1),(426,56403,'2020-06-01',0),(427,56404,'2020-06-01',1),(428,56405,'2020-06-01',1),(429,56406,'2020-06-01',1),(430,56407,'2020-06-01',1),(431,56408,'2020-06-01',1),(432,56409,'2020-06-01',1),(433,56410,'2020-06-01',0),(434,56411,'2020-06-01',1),(435,56412,'2020-06-01',1),(436,56413,'2020-06-01',0),(437,56414,'2020-06-01',1),(438,56415,'2020-06-01',0),(439,56416,'2020-06-01',0),(440,56417,'2020-06-01',1),(441,56418,'2020-06-01',0),(442,56419,'2020-06-01',0),(443,56420,'2020-06-01',0),(444,56421,'2020-06-01',0),(445,56422,'2020-06-01',0),(446,56423,'2020-06-01',1),(447,56424,'2020-06-01',0),(448,56425,'2020-06-01',1),(449,56426,'2020-06-01',1),(450,56427,'2020-06-01',1),(451,56428,'2020-06-01',1),(452,56429,'2020-06-01',0),(453,56430,'2020-06-01',1),(454,56431,'2020-06-01',1),(455,56432,'2020-06-01',1),(456,66397,'2020-06-01',1),(457,66398,'2020-06-01',1),(458,66399,'2020-06-01',1),(459,66400,'2020-06-01',1),(460,66401,'2020-06-01',1),(461,66402,'2020-06-01',1),(462,66403,'2020-06-01',1),(463,66404,'2020-06-01',0),(464,66405,'2020-06-01',0),(465,66406,'2020-06-01',1),(466,66407,'2020-06-01',1),(467,66408,'2020-06-01',0),(468,66409,'2020-06-01',1),(469,66410,'2020-06-01',0),(470,66411,'2020-06-01',0),(471,66412,'2020-06-01',1),(472,66413,'2020-06-01',1),(473,66414,'2020-06-01',0),(474,66415,'2020-06-01',1),(475,66416,'2020-06-01',0),(476,66417,'2020-06-01',1),(477,66418,'2020-06-01',0),(478,66419,'2020-06-01',1),(479,66420,'2020-06-01',1),(480,66421,'2020-06-01',1),(481,66422,'2020-06-01',0),(482,66423,'2020-06-01',0),(483,66424,'2020-06-01',1),(484,66425,'2020-06-01',1),(485,66426,'2020-06-01',1),(486,66427,'2020-06-01',0),(487,66428,'2020-06-01',1),(488,66429,'2020-06-01',0),(489,66430,'2020-06-01',1),(490,66431,'2020-06-01',1),(491,66432,'2020-06-01',0),(492,66433,'2020-06-01',1),(493,66434,'2020-06-01',0),(494,66435,'2020-06-01',0),(495,66436,'2020-06-01',1),(496,66437,'2020-06-01',0),(497,66438,'2020-06-01',1),(498,66439,'2020-06-01',0),(499,66440,'2020-06-01',1),(500,66441,'2020-06-01',1),(501,66442,'2020-06-01',0),(502,66443,'2020-06-01',1),(503,66444,'2020-06-01',1),(504,66445,'2020-06-01',1),(505,66446,'2020-06-01',1),(506,66447,'2020-06-01',0),(507,66448,'2020-06-01',0),(508,66449,'2020-06-01',0),(509,66450,'2020-06-01',0),(510,66451,'2020-06-01',0),(511,66452,'2020-06-01',0),(512,66453,'2020-06-01',0),(513,66454,'2020-06-01',0),(514,66455,'2020-06-01',0),(515,66456,'2020-06-01',0),(516,66457,'2020-06-01',1),(517,66458,'2020-06-01',1),(518,66459,'2020-06-01',0),(519,66460,'2020-06-01',0),(520,66461,'2020-06-01',1),(521,66462,'2020-06-01',0),(522,66463,'2020-06-01',0),(523,66464,'2020-06-01',1),(524,66465,'2020-06-01',0),(525,66466,'2020-06-01',1),(526,66467,'2020-06-01',1),(527,66468,'2020-06-01',0),(528,66469,'2020-06-01',0),(529,66470,'2020-06-01',0),(530,66471,'2020-06-01',1),(531,66472,'2020-06-01',0),(532,75397,'2020-06-01',0),(533,75398,'2020-06-01',1),(534,75399,'2020-06-01',1),(535,75400,'2020-06-01',1),(536,75401,'2020-06-01',0),(537,75402,'2020-06-01',1),(538,75403,'2020-06-01',0),(539,75404,'2020-06-01',1),(540,75405,'2020-06-01',0),(541,75406,'2020-06-01',0),(542,75407,'2020-06-01',1),(543,75408,'2020-06-01',1),(544,75409,'2020-06-01',0),(545,75410,'2020-06-01',0),(546,75411,'2020-06-01',0),(547,75412,'2020-06-01',0),(548,75413,'2020-06-01',0),(549,75414,'2020-06-01',1),(550,75415,'2020-06-01',1),(551,75416,'2020-06-01',0),(552,75417,'2020-06-01',1),(553,75418,'2020-06-01',1),(554,75419,'2020-06-01',0),(555,75420,'2020-06-01',0),(556,75421,'2020-06-01',0),(557,75422,'2020-06-01',0),(558,75423,'2020-06-01',1),(559,75424,'2020-06-01',0),(560,75425,'2020-06-01',1),(561,75426,'2020-06-01',0),(562,75427,'2020-06-01',0),(563,75428,'2020-06-01',0),(564,75429,'2020-06-01',1),(565,75430,'2020-06-01',0),(566,75431,'2020-06-01',1),(567,75432,'2020-06-01',1),(568,75433,'2020-06-01',1),(569,75434,'2020-06-01',0),(570,75435,'2020-06-01',1),(571,75436,'2020-06-01',1),(572,75437,'2020-06-01',0),(573,75438,'2020-06-01',1),(574,75439,'2020-06-01',1),(575,75440,'2020-06-01',1),(576,75441,'2020-06-01',0),(577,75442,'2020-06-01',1),(578,75443,'2020-06-01',0),(579,75444,'2020-06-01',0),(580,75445,'2020-06-01',0),(581,75446,'2020-06-01',0),(582,75447,'2020-06-01',0),(583,75448,'2020-06-01',0),(584,75449,'2020-06-01',0),(585,75450,'2020-06-01',0),(586,75451,'2020-06-01',1),(587,75452,'2020-06-01',1),(588,75453,'2020-06-01',0),(589,75454,'2020-06-01',1),(590,75455,'2020-06-01',0),(591,75456,'2020-06-01',0),(592,75457,'2020-06-01',0),(593,75458,'2020-06-01',0),(594,75459,'2020-06-01',1),(595,75460,'2020-06-01',1),(596,75461,'2020-06-01',1),(597,75462,'2020-06-01',0),(598,75463,'2020-06-01',1),(599,75464,'2020-06-01',0),(600,75465,'2020-06-01',0),(601,75466,'2020-06-01',1),(602,75467,'2020-06-01',0),(603,75468,'2020-06-01',1),(604,75469,'2020-06-01',1),(605,75470,'2020-06-01',1),(606,75471,'2020-06-01',1),(607,75472,'2020-06-01',1),(608,88100,'2020-06-01',0),(609,88101,'2020-06-01',1),(610,88102,'2020-06-01',1),(611,88103,'2020-06-01',1),(612,88104,'2020-06-01',0),(613,88105,'2020-06-01',0),(614,88106,'2020-06-01',1),(615,88107,'2020-06-01',0),(616,88108,'2020-06-01',1),(617,88109,'2020-06-01',1),(618,88110,'2020-06-01',0),(619,88111,'2020-06-01',0),(620,88112,'2020-06-01',0),(621,88113,'2020-06-01',1),(622,88114,'2020-06-01',1),(623,88115,'2020-06-01',0),(624,88116,'2020-06-01',0),(625,88117,'2020-06-01',1),(626,88118,'2020-06-01',1),(627,88119,'2020-06-01',0),(628,88120,'2020-06-01',1),(629,88121,'2020-06-01',0),(630,88122,'2020-06-01',1),(631,88123,'2020-06-01',1),(632,88124,'2020-06-01',1),(633,88125,'2020-06-01',1),(634,88126,'2020-06-01',0),(635,88127,'2020-06-01',0),(636,88128,'2020-06-01',1),(637,88129,'2020-06-01',0),(638,88130,'2020-06-01',0),(639,88131,'2020-06-01',1),(640,88132,'2020-06-01',1),(641,88133,'2020-06-01',0),(642,88134,'2020-06-01',1),(643,88135,'2020-06-01',1),(644,88136,'2020-06-01',1),(645,88137,'2020-06-01',1),(646,88138,'2020-06-01',0),(647,88139,'2020-06-01',1),(648,88140,'2020-06-01',1),(649,88141,'2020-06-01',0),(650,88142,'2020-06-01',0),(651,18893,'2020-06-08',0),(652,18894,'2020-06-08',1),(653,18895,'2020-06-08',0),(654,18896,'2020-06-08',0),(655,18897,'2020-06-08',1),(656,18898,'2020-06-08',1),(657,18899,'2020-06-08',1),(658,18900,'2020-06-08',0),(659,18901,'2020-06-08',0),(660,18902,'2020-06-08',1),(661,18903,'2020-06-08',0),(662,18904,'2020-06-08',0),(663,18905,'2020-06-08',0),(664,18906,'2020-06-08',0),(665,18907,'2020-06-08',1),(666,18908,'2020-06-08',1),(667,18909,'2020-06-08',0),(668,18910,'2020-06-08',0),(669,18911,'2020-06-08',0),(670,18912,'2020-06-08',1),(671,18913,'2020-06-08',1),(672,18914,'2020-06-08',1),(673,18915,'2020-06-08',1),(674,18916,'2020-06-08',0),(675,18917,'2020-06-08',1),(676,18918,'2020-06-08',0),(677,18919,'2020-06-08',1),(678,18920,'2020-06-08',0),(679,18921,'2020-06-08',1),(680,18922,'2020-06-08',0),(681,18923,'2020-06-08',1),(682,18924,'2020-06-08',0),(683,18925,'2020-06-08',0),(684,18926,'2020-06-08',1),(685,18927,'2020-06-08',0),(686,18928,'2020-06-08',1),(687,18929,'2020-06-08',0),(688,18930,'2020-06-08',0),(689,18931,'2020-06-08',1),(690,18932,'2020-06-08',1),(691,18933,'2020-06-08',0),(692,18934,'2020-06-08',0),(693,18935,'2020-06-08',1),(694,18936,'2020-06-08',0),(695,18937,'2020-06-08',0),(696,18938,'2020-06-08',1),(697,18939,'2020-06-08',1),(698,18940,'2020-06-08',0),(699,18941,'2020-06-08',0),(700,18942,'2020-06-08',1),(701,18943,'2020-06-08',0),(702,18944,'2020-06-08',0),(703,18945,'2020-06-08',0),(704,18946,'2020-06-08',1),(705,18947,'2020-06-08',1),(706,18948,'2020-06-08',0),(707,18949,'2020-06-08',0),(708,18950,'2020-06-08',0),(709,18951,'2020-06-08',1),(710,18952,'2020-06-08',0),(711,18953,'2020-06-08',1),(712,18954,'2020-06-08',0),(713,18955,'2020-06-08',1),(714,18956,'2020-06-08',1),(715,18957,'2020-06-08',1),(716,18958,'2020-06-08',0),(717,18959,'2020-06-08',1),(718,18960,'2020-06-08',1),(719,18961,'2020-06-08',1),(720,18962,'2020-06-08',1),(721,18963,'2020-06-08',0),(722,18964,'2020-06-08',0),(723,18965,'2020-06-08',1),(724,18966,'2020-06-08',0),(725,18967,'2020-06-08',0),(726,18968,'2020-06-08',0),(727,27894,'2020-06-08',1),(728,27895,'2020-06-08',1),(729,27896,'2020-06-08',0),(730,27897,'2020-06-08',0),(731,27898,'2020-06-08',0),(732,27899,'2020-06-08',0),(733,27900,'2020-06-08',1),(734,27901,'2020-06-08',1),(735,27902,'2020-06-08',1),(736,27903,'2020-06-08',0),(737,27904,'2020-06-08',0),(738,27905,'2020-06-08',0),(739,27906,'2020-06-08',1),(740,27907,'2020-06-08',1),(741,27908,'2020-06-08',1),(742,27909,'2020-06-08',1),(743,27910,'2020-06-08',1),(744,27911,'2020-06-08',1),(745,27912,'2020-06-08',1),(746,27913,'2020-06-08',1),(747,27914,'2020-06-08',1),(748,27915,'2020-06-08',0),(749,27916,'2020-06-08',1),(750,27917,'2020-06-08',1),(751,27918,'2020-06-08',1),(752,27919,'2020-06-08',0),(753,27920,'2020-06-08',0),(754,27921,'2020-06-08',0),(755,27922,'2020-06-08',0),(756,27923,'2020-06-08',1),(757,27924,'2020-06-08',0),(758,27925,'2020-06-08',0),(759,27926,'2020-06-08',1),(760,27927,'2020-06-08',0),(761,27928,'2020-06-08',0),(762,27929,'2020-06-08',1),(763,27930,'2020-06-08',1),(764,27931,'2020-06-08',1),(765,27932,'2020-06-08',1),(766,27933,'2020-06-08',0),(767,27934,'2020-06-08',1),(768,27935,'2020-06-08',1),(769,27936,'2020-06-08',0),(770,27937,'2020-06-08',0),(771,27938,'2020-06-08',0),(772,27939,'2020-06-08',1),(773,27940,'2020-06-08',0),(774,27941,'2020-06-08',0),(775,27942,'2020-06-08',1),(776,27943,'2020-06-08',1),(777,27944,'2020-06-08',0),(778,27945,'2020-06-08',1),(779,27946,'2020-06-08',0),(780,27947,'2020-06-08',0),(781,27948,'2020-06-08',1),(782,27949,'2020-06-08',0),(783,27950,'2020-06-08',0),(784,27951,'2020-06-08',1),(785,27952,'2020-06-08',1),(786,27953,'2020-06-08',0),(787,27954,'2020-06-08',0),(788,27955,'2020-06-08',1),(789,27956,'2020-06-08',0),(790,27957,'2020-06-08',0),(791,27958,'2020-06-08',0),(792,27959,'2020-06-08',0),(793,27960,'2020-06-08',1),(794,27961,'2020-06-08',0),(795,27962,'2020-06-08',1),(796,27963,'2020-06-08',0),(797,27964,'2020-06-08',1),(798,27965,'2020-06-08',0),(799,27966,'2020-06-08',1),(800,27967,'2020-06-08',0),(801,27968,'2020-06-08',0),(802,27969,'2020-06-08',0),(803,32003,'2020-06-08',0),(804,32004,'2020-06-08',0),(805,32005,'2020-06-08',0),(806,32006,'2020-06-08',1),(807,32007,'2020-06-08',1),(808,32008,'2020-06-08',1),(809,32009,'2020-06-08',0),(810,32010,'2020-06-08',0),(811,32011,'2020-06-08',1),(812,32012,'2020-06-08',0),(813,32013,'2020-06-08',1),(814,32014,'2020-06-08',1),(815,32015,'2020-06-08',1),(816,32016,'2020-06-08',1),(817,32017,'2020-06-08',0),(818,32018,'2020-06-08',1),(819,32019,'2020-06-08',1),(820,32020,'2020-06-08',0),(821,32021,'2020-06-08',1),(822,32022,'2020-06-08',1),(823,32023,'2020-06-08',0),(824,32024,'2020-06-08',0),(825,32025,'2020-06-08',0),(826,32026,'2020-06-08',1),(827,32027,'2020-06-08',0),(828,32028,'2020-06-08',0),(829,32029,'2020-06-08',1),(830,32030,'2020-06-08',0),(831,32031,'2020-06-08',0),(832,32032,'2020-06-08',0),(833,32033,'2020-06-08',0),(834,32034,'2020-06-08',0),(835,32035,'2020-06-08',1),(836,32036,'2020-06-08',1),(837,32037,'2020-06-08',0),(838,32038,'2020-06-08',0),(839,32039,'2020-06-08',1),(840,32040,'2020-06-08',0),(841,32041,'2020-06-08',0),(842,32042,'2020-06-08',0),(843,32043,'2020-06-08',1),(844,32044,'2020-06-08',0),(845,32045,'2020-06-08',1),(846,32046,'2020-06-08',0),(847,32047,'2020-06-08',1),(848,32048,'2020-06-08',0),(849,32049,'2020-06-08',1),(850,32050,'2020-06-08',0),(851,32051,'2020-06-08',1),(852,32052,'2020-06-08',1),(853,32053,'2020-06-08',0),(854,32054,'2020-06-08',0),(855,32055,'2020-06-08',0),(856,32056,'2020-06-08',0),(857,32057,'2020-06-08',0),(858,32058,'2020-06-08',0),(859,32059,'2020-06-08',1),(860,32060,'2020-06-08',1),(861,32061,'2020-06-08',0),(862,32062,'2020-06-08',0),(863,32063,'2020-06-08',0),(864,32064,'2020-06-08',0),(865,32065,'2020-06-08',0),(866,32066,'2020-06-08',0),(867,32067,'2020-06-08',0),(868,32068,'2020-06-08',1),(869,32069,'2020-06-08',1),(870,32070,'2020-06-08',1),(871,32071,'2020-06-08',1),(872,32072,'2020-06-08',1),(873,32073,'2020-06-08',0),(874,32074,'2020-06-08',1),(875,32075,'2020-06-08',1),(876,32076,'2020-06-08',0),(877,32077,'2020-06-08',0),(878,32078,'2020-06-08',0),(879,32079,'2020-06-08',1),(880,32080,'2020-06-08',1),(881,32081,'2020-06-08',1),(882,32082,'2020-06-08',0),(883,32083,'2020-06-08',1),(884,41003,'2020-06-08',1),(885,41004,'2020-06-08',0),(886,41005,'2020-06-08',0),(887,41006,'2020-06-08',1),(888,41007,'2020-06-08',0),(889,41008,'2020-06-08',0),(890,41009,'2020-06-08',0),(891,41010,'2020-06-08',0),(892,41011,'2020-06-08',0),(893,41012,'2020-06-08',0),(894,41013,'2020-06-08',0),(895,41014,'2020-06-08',0),(896,41015,'2020-06-08',1),(897,41016,'2020-06-08',0),(898,41017,'2020-06-08',0),(899,41018,'2020-06-08',0),(900,41019,'2020-06-08',1),(901,41020,'2020-06-08',1),(902,41021,'2020-06-08',1),(903,41022,'2020-06-08',1),(904,41023,'2020-06-08',0),(905,41024,'2020-06-08',1),(906,41025,'2020-06-08',0),(907,41026,'2020-06-08',1),(908,41027,'2020-06-08',0),(909,41028,'2020-06-08',1),(910,41029,'2020-06-08',0),(911,41030,'2020-06-08',1),(912,41031,'2020-06-08',1),(913,41032,'2020-06-08',1),(914,41033,'2020-06-08',1),(915,41034,'2020-06-08',0),(916,41035,'2020-06-08',0),(917,41036,'2020-06-08',1),(918,41037,'2020-06-08',1),(919,41038,'2020-06-08',1),(920,41039,'2020-06-08',1),(921,41040,'2020-06-08',1),(922,41041,'2020-06-08',1),(923,41042,'2020-06-08',1),(924,41043,'2020-06-08',1),(925,41044,'2020-06-08',1),(926,41045,'2020-06-08',0),(927,41046,'2020-06-08',1),(928,41047,'2020-06-08',0),(929,41048,'2020-06-08',1),(930,41049,'2020-06-08',1),(931,41050,'2020-06-08',1),(932,41051,'2020-06-08',0),(933,41052,'2020-06-08',0),(934,41053,'2020-06-08',0),(935,41054,'2020-06-08',0),(936,41055,'2020-06-08',0),(937,41056,'2020-06-08',0),(938,41057,'2020-06-08',0),(939,41058,'2020-06-08',0),(940,41059,'2020-06-08',0),(941,41060,'2020-06-08',0),(942,41061,'2020-06-08',0),(943,41062,'2020-06-08',1),(944,41063,'2020-06-08',0),(945,41064,'2020-06-08',1),(946,41065,'2020-06-08',1),(947,41066,'2020-06-08',1),(948,41067,'2020-06-08',1),(949,41068,'2020-06-08',1),(950,41069,'2020-06-08',1),(951,41070,'2020-06-08',0),(952,41071,'2020-06-08',1),(953,41072,'2020-06-08',0),(954,41073,'2020-06-08',1),(955,41074,'2020-06-08',0),(956,41075,'2020-06-08',0),(957,41076,'2020-06-08',1),(958,41077,'2020-06-08',1),(959,41078,'2020-06-08',1),(960,41079,'2020-06-08',1),(961,41080,'2020-06-08',1),(962,41081,'2020-06-08',0),(963,41082,'2020-06-08',1),(964,41083,'2020-06-08',0),(965,47362,'2020-06-08',0),(966,47363,'2020-06-08',0),(967,47364,'2020-06-08',0),(968,47365,'2020-06-08',0),(969,47366,'2020-06-08',1),(970,47367,'2020-06-08',0),(971,47368,'2020-06-08',0),(972,47369,'2020-06-08',0),(973,47370,'2020-06-08',1),(974,47371,'2020-06-08',0),(975,47372,'2020-06-08',1),(976,47373,'2020-06-08',1),(977,47374,'2020-06-08',0),(978,47375,'2020-06-08',1),(979,47376,'2020-06-08',0),(980,47377,'2020-06-08',0),(981,47378,'2020-06-08',1),(982,47379,'2020-06-08',1),(983,47380,'2020-06-08',0),(984,47381,'2020-06-08',0),(985,47382,'2020-06-08',1),(986,47383,'2020-06-08',0),(987,47384,'2020-06-08',0),(988,47385,'2020-06-08',1),(989,47386,'2020-06-08',0),(990,47387,'2020-06-08',0),(991,47388,'2020-06-08',0),(992,47389,'2020-06-08',1),(993,47390,'2020-06-08',0),(994,47391,'2020-06-08',1),(995,47392,'2020-06-08',0),(996,47393,'2020-06-08',1),(997,47394,'2020-06-08',0),(998,47395,'2020-06-08',0),(999,47396,'2020-06-08',0),(1000,47397,'2020-06-08',0),(1001,47398,'2020-06-08',0),(1002,47399,'2020-06-08',1),(1003,47400,'2020-06-08',0),(1004,47401,'2020-06-08',0),(1005,47402,'2020-06-08',1),(1006,47403,'2020-06-08',1),(1007,47404,'2020-06-08',0),(1008,47405,'2020-06-08',0),(1009,47406,'2020-06-08',1),(1010,47407,'2020-06-08',1),(1011,47408,'2020-06-08',0),(1012,47409,'2020-06-08',0),(1013,47410,'2020-06-08',0),(1014,47411,'2020-06-08',0),(1015,47412,'2020-06-08',0),(1016,47413,'2020-06-08',0),(1017,47414,'2020-06-08',1),(1018,47415,'2020-06-08',0),(1019,47416,'2020-06-08',1),(1020,47417,'2020-06-08',1),(1021,47418,'2020-06-08',1),(1022,47419,'2020-06-08',0),(1023,47420,'2020-06-08',1),(1024,47421,'2020-06-08',0),(1025,47422,'2020-06-08',1),(1026,47423,'2020-06-08',0),(1027,47424,'2020-06-08',1),(1028,47425,'2020-06-08',1),(1029,47426,'2020-06-08',1),(1030,47427,'2020-06-08',1),(1031,47428,'2020-06-08',0),(1032,47429,'2020-06-08',0),(1033,47430,'2020-06-08',1),(1034,47431,'2020-06-08',1),(1035,47432,'2020-06-08',1),(1036,56363,'2020-06-08',0),(1037,56364,'2020-06-08',0),(1038,56365,'2020-06-08',0),(1039,56366,'2020-06-08',1),(1040,56367,'2020-06-08',1),(1041,56368,'2020-06-08',0),(1042,56369,'2020-06-08',1),(1043,56370,'2020-06-08',1),(1044,56371,'2020-06-08',1),(1045,56372,'2020-06-08',0),(1046,56373,'2020-06-08',1),(1047,56374,'2020-06-08',0),(1048,56375,'2020-06-08',1),(1049,56376,'2020-06-08',1),(1050,56377,'2020-06-08',0),(1051,56378,'2020-06-08',1),(1052,56379,'2020-06-08',0),(1053,56380,'2020-06-08',0),(1054,56381,'2020-06-08',1),(1055,56382,'2020-06-08',0),(1056,56383,'2020-06-08',1),(1057,56384,'2020-06-08',1),(1058,56385,'2020-06-08',0),(1059,56386,'2020-06-08',1),(1060,56387,'2020-06-08',0),(1061,56388,'2020-06-08',1),(1062,56389,'2020-06-08',1),(1063,56390,'2020-06-08',1),(1064,56391,'2020-06-08',1),(1065,56392,'2020-06-08',1),(1066,56393,'2020-06-08',0),(1067,56394,'2020-06-08',1),(1068,56395,'2020-06-08',0),(1069,56396,'2020-06-08',0),(1070,56397,'2020-06-08',1),(1071,56398,'2020-06-08',0),(1072,56399,'2020-06-08',0),(1073,56400,'2020-06-08',1),(1074,56401,'2020-06-08',1),(1075,56402,'2020-06-08',1),(1076,56403,'2020-06-08',0),(1077,56404,'2020-06-08',1),(1078,56405,'2020-06-08',1),(1079,56406,'2020-06-08',1),(1080,56407,'2020-06-08',0),(1081,56408,'2020-06-08',0),(1082,56409,'2020-06-08',0),(1083,56410,'2020-06-08',0),(1084,56411,'2020-06-08',0),(1085,56412,'2020-06-08',1),(1086,56413,'2020-06-08',1),(1087,56414,'2020-06-08',0),(1088,56415,'2020-06-08',0),(1089,56416,'2020-06-08',1),(1090,56417,'2020-06-08',1),(1091,56418,'2020-06-08',1),(1092,56419,'2020-06-08',1),(1093,56420,'2020-06-08',0),(1094,56421,'2020-06-08',0),(1095,56422,'2020-06-08',0),(1096,56423,'2020-06-08',1),(1097,56424,'2020-06-08',0),(1098,56425,'2020-06-08',1),(1099,56426,'2020-06-08',1),(1100,56427,'2020-06-08',0),(1101,56428,'2020-06-08',1),(1102,56429,'2020-06-08',1),(1103,56430,'2020-06-08',0),(1104,56431,'2020-06-08',0),(1105,56432,'2020-06-08',0),(1106,66397,'2020-06-08',0),(1107,66398,'2020-06-08',0),(1108,66399,'2020-06-08',0),(1109,66400,'2020-06-08',1),(1110,66401,'2020-06-08',1),(1111,66402,'2020-06-08',1),(1112,66403,'2020-06-08',1),(1113,66404,'2020-06-08',1),(1114,66405,'2020-06-08',1),(1115,66406,'2020-06-08',0),(1116,66407,'2020-06-08',1),(1117,66408,'2020-06-08',1),(1118,66409,'2020-06-08',1),(1119,66410,'2020-06-08',1),(1120,66411,'2020-06-08',1),(1121,66412,'2020-06-08',0),(1122,66413,'2020-06-08',1),(1123,66414,'2020-06-08',1),(1124,66415,'2020-06-08',1),(1125,66416,'2020-06-08',0),(1126,66417,'2020-06-08',1),(1127,66418,'2020-06-08',0),(1128,66419,'2020-06-08',0),(1129,66420,'2020-06-08',1),(1130,66421,'2020-06-08',0),(1131,66422,'2020-06-08',0),(1132,66423,'2020-06-08',1),(1133,66424,'2020-06-08',1),(1134,66425,'2020-06-08',1),(1135,66426,'2020-06-08',1),(1136,66427,'2020-06-08',0),(1137,66428,'2020-06-08',1),(1138,66429,'2020-06-08',1),(1139,66430,'2020-06-08',1),(1140,66431,'2020-06-08',1),(1141,66432,'2020-06-08',0),(1142,66433,'2020-06-08',0),(1143,66434,'2020-06-08',1),(1144,66435,'2020-06-08',0),(1145,66436,'2020-06-08',1),(1146,66437,'2020-06-08',0),(1147,66438,'2020-06-08',1),(1148,66439,'2020-06-08',1),(1149,66440,'2020-06-08',0),(1150,66441,'2020-06-08',1),(1151,66442,'2020-06-08',1),(1152,66443,'2020-06-08',1),(1153,66444,'2020-06-08',1),(1154,66445,'2020-06-08',0),(1155,66446,'2020-06-08',1),(1156,66447,'2020-06-08',0),(1157,66448,'2020-06-08',0),(1158,66449,'2020-06-08',0),(1159,66450,'2020-06-08',0),(1160,66451,'2020-06-08',0),(1161,66452,'2020-06-08',0),(1162,66453,'2020-06-08',1),(1163,66454,'2020-06-08',0),(1164,66455,'2020-06-08',1),(1165,66456,'2020-06-08',1),(1166,66457,'2020-06-08',0),(1167,66458,'2020-06-08',1),(1168,66459,'2020-06-08',1),(1169,66460,'2020-06-08',1),(1170,66461,'2020-06-08',0),(1171,66462,'2020-06-08',0),(1172,66463,'2020-06-08',1),(1173,66464,'2020-06-08',1),(1174,66465,'2020-06-08',0),(1175,66466,'2020-06-08',0),(1176,66467,'2020-06-08',0),(1177,66468,'2020-06-08',0),(1178,66469,'2020-06-08',0),(1179,66470,'2020-06-08',1),(1180,66471,'2020-06-08',0),(1181,66472,'2020-06-08',0),(1182,75397,'2020-06-08',1),(1183,75398,'2020-06-08',1),(1184,75399,'2020-06-08',1),(1185,75400,'2020-06-08',1),(1186,75401,'2020-06-08',1),(1187,75402,'2020-06-08',1),(1188,75403,'2020-06-08',1),(1189,75404,'2020-06-08',1),(1190,75405,'2020-06-08',1),(1191,75406,'2020-06-08',1),(1192,75407,'2020-06-08',0),(1193,75408,'2020-06-08',0),(1194,75409,'2020-06-08',1),(1195,75410,'2020-06-08',0),(1196,75411,'2020-06-08',1),(1197,75412,'2020-06-08',1),(1198,75413,'2020-06-08',1),(1199,75414,'2020-06-08',0),(1200,75415,'2020-06-08',1),(1201,75416,'2020-06-08',1),(1202,75417,'2020-06-08',0),(1203,75418,'2020-06-08',1),(1204,75419,'2020-06-08',1),(1205,75420,'2020-06-08',1),(1206,75421,'2020-06-08',0),(1207,75422,'2020-06-08',1),(1208,75423,'2020-06-08',1),(1209,75424,'2020-06-08',0),(1210,75425,'2020-06-08',0),(1211,75426,'2020-06-08',0),(1212,75427,'2020-06-08',0),(1213,75428,'2020-06-08',0),(1214,75429,'2020-06-08',0),(1215,75430,'2020-06-08',1),(1216,75431,'2020-06-08',1),(1217,75432,'2020-06-08',0),(1218,75433,'2020-06-08',1),(1219,75434,'2020-06-08',0),(1220,75435,'2020-06-08',1),(1221,75436,'2020-06-08',0),(1222,75437,'2020-06-08',0),(1223,75438,'2020-06-08',0),(1224,75439,'2020-06-08',0),(1225,75440,'2020-06-08',0),(1226,75441,'2020-06-08',0),(1227,75442,'2020-06-08',1),(1228,75443,'2020-06-08',0),(1229,75444,'2020-06-08',0),(1230,75445,'2020-06-08',0),(1231,75446,'2020-06-08',0),(1232,75447,'2020-06-08',0),(1233,75448,'2020-06-08',0),(1234,75449,'2020-06-08',0),(1235,75450,'2020-06-08',1),(1236,75451,'2020-06-08',0),(1237,75452,'2020-06-08',0),(1238,75453,'2020-06-08',0),(1239,75454,'2020-06-08',1),(1240,75455,'2020-06-08',0),(1241,75456,'2020-06-08',1),(1242,75457,'2020-06-08',1),(1243,75458,'2020-06-08',0),(1244,75459,'2020-06-08',0),(1245,75460,'2020-06-08',1),(1246,75461,'2020-06-08',1),(1247,75462,'2020-06-08',1),(1248,75463,'2020-06-08',0),(1249,75464,'2020-06-08',1),(1250,75465,'2020-06-08',0),(1251,75466,'2020-06-08',1),(1252,75467,'2020-06-08',1),(1253,75468,'2020-06-08',0),(1254,75469,'2020-06-08',0),(1255,75470,'2020-06-08',1),(1256,75471,'2020-06-08',1),(1257,75472,'2020-06-08',1),(1258,88100,'2020-06-08',0),(1259,88101,'2020-06-08',1),(1260,88102,'2020-06-08',0),(1261,88103,'2020-06-08',1),(1262,88104,'2020-06-08',0),(1263,88105,'2020-06-08',0),(1264,88106,'2020-06-08',1),(1265,88107,'2020-06-08',1),(1266,88108,'2020-06-08',0),(1267,88109,'2020-06-08',0),(1268,88110,'2020-06-08',1),(1269,88111,'2020-06-08',0),(1270,88112,'2020-06-08',1),(1271,88113,'2020-06-08',0),(1272,88114,'2020-06-08',1),(1273,88115,'2020-06-08',0),(1274,88116,'2020-06-08',1),(1275,88117,'2020-06-08',1),(1276,88118,'2020-06-08',1),(1277,88119,'2020-06-08',0),(1278,88120,'2020-06-08',0),(1279,88121,'2020-06-08',1),(1280,88122,'2020-06-08',0),(1281,88123,'2020-06-08',1),(1282,88124,'2020-06-08',0),(1283,88125,'2020-06-08',0),(1284,88126,'2020-06-08',0),(1285,88127,'2020-06-08',0),(1286,88128,'2020-06-08',0),(1287,88129,'2020-06-08',1),(1288,88130,'2020-06-08',0),(1289,88131,'2020-06-08',0),(1290,88132,'2020-06-08',1),(1291,88133,'2020-06-08',1),(1292,88134,'2020-06-08',1),(1293,88135,'2020-06-08',0),(1294,88136,'2020-06-08',0),(1295,88137,'2020-06-08',0),(1296,88138,'2020-06-08',0),(1297,88139,'2020-06-08',0),(1298,88140,'2020-06-08',0),(1299,88141,'2020-06-08',1),(1300,88142,'2020-06-08',0),(1301,18893,'2020-06-15',1),(1302,18894,'2020-06-15',0),(1303,18895,'2020-06-15',1),(1304,18896,'2020-06-15',1),(1305,18897,'2020-06-15',0),(1306,18898,'2020-06-15',1),(1307,18899,'2020-06-15',0),(1308,18900,'2020-06-15',0),(1309,18901,'2020-06-15',1),(1310,18902,'2020-06-15',0),(1311,18903,'2020-06-15',1),(1312,18904,'2020-06-15',1),(1313,18905,'2020-06-15',0),(1314,18906,'2020-06-15',0),(1315,18907,'2020-06-15',1),(1316,18908,'2020-06-15',1),(1317,18909,'2020-06-15',0),(1318,18910,'2020-06-15',0),(1319,18911,'2020-06-15',1),(1320,18912,'2020-06-15',0),(1321,18913,'2020-06-15',0),(1322,18914,'2020-06-15',0),(1323,18915,'2020-06-15',1),(1324,18916,'2020-06-15',0),(1325,18917,'2020-06-15',0),(1326,18918,'2020-06-15',1),(1327,18919,'2020-06-15',1),(1328,18920,'2020-06-15',1),(1329,18921,'2020-06-15',0),(1330,18922,'2020-06-15',0),(1331,18923,'2020-06-15',1),(1332,18924,'2020-06-15',1),(1333,18925,'2020-06-15',0),(1334,18926,'2020-06-15',1),(1335,18927,'2020-06-15',0),(1336,18928,'2020-06-15',0),(1337,18929,'2020-06-15',1),(1338,18930,'2020-06-15',1),(1339,18931,'2020-06-15',1),(1340,18932,'2020-06-15',0),(1341,18933,'2020-06-15',0),(1342,18934,'2020-06-15',0),(1343,18935,'2020-06-15',1),(1344,18936,'2020-06-15',0),(1345,18937,'2020-06-15',0),(1346,18938,'2020-06-15',0),(1347,18939,'2020-06-15',0),(1348,18940,'2020-06-15',1),(1349,18941,'2020-06-15',1),(1350,18942,'2020-06-15',0),(1351,18943,'2020-06-15',0),(1352,18944,'2020-06-15',1),(1353,18945,'2020-06-15',1),(1354,18946,'2020-06-15',1),(1355,18947,'2020-06-15',0),(1356,18948,'2020-06-15',0),(1357,18949,'2020-06-15',0),(1358,18950,'2020-06-15',1),(1359,18951,'2020-06-15',1),(1360,18952,'2020-06-15',0),(1361,18953,'2020-06-15',0),(1362,18954,'2020-06-15',0),(1363,18955,'2020-06-15',0),(1364,18956,'2020-06-15',0),(1365,18957,'2020-06-15',1),(1366,18958,'2020-06-15',1),(1367,18959,'2020-06-15',1),(1368,18960,'2020-06-15',0),(1369,18961,'2020-06-15',0),(1370,18962,'2020-06-15',1),(1371,18963,'2020-06-15',0),(1372,18964,'2020-06-15',0),(1373,18965,'2020-06-15',1),(1374,18966,'2020-06-15',1),(1375,18967,'2020-06-15',1),(1376,18968,'2020-06-15',0),(1377,27894,'2020-06-15',0),(1378,27895,'2020-06-15',1),(1379,27896,'2020-06-15',0),(1380,27897,'2020-06-15',1),(1381,27898,'2020-06-15',1),(1382,27899,'2020-06-15',1),(1383,27900,'2020-06-15',0),(1384,27901,'2020-06-15',1),(1385,27902,'2020-06-15',1),(1386,27903,'2020-06-15',1),(1387,27904,'2020-06-15',0),(1388,27905,'2020-06-15',0),(1389,27906,'2020-06-15',0),(1390,27907,'2020-06-15',1),(1391,27908,'2020-06-15',1),(1392,27909,'2020-06-15',1),(1393,27910,'2020-06-15',1),(1394,27911,'2020-06-15',0),(1395,27912,'2020-06-15',1),(1396,27913,'2020-06-15',1),(1397,27914,'2020-06-15',1),(1398,27915,'2020-06-15',0),(1399,27916,'2020-06-15',0),(1400,27917,'2020-06-15',0),(1401,27918,'2020-06-15',1),(1402,27919,'2020-06-15',0),(1403,27920,'2020-06-15',1),(1404,27921,'2020-06-15',1),(1405,27922,'2020-06-15',0),(1406,27923,'2020-06-15',0),(1407,27924,'2020-06-15',0),(1408,27925,'2020-06-15',0),(1409,27926,'2020-06-15',1),(1410,27927,'2020-06-15',0),(1411,27928,'2020-06-15',0),(1412,27929,'2020-06-15',1),(1413,27930,'2020-06-15',0),(1414,27931,'2020-06-15',1),(1415,27932,'2020-06-15',1),(1416,27933,'2020-06-15',0),(1417,27934,'2020-06-15',1),(1418,27935,'2020-06-15',1),(1419,27936,'2020-06-15',1),(1420,27937,'2020-06-15',0),(1421,27938,'2020-06-15',0),(1422,27939,'2020-06-15',0),(1423,27940,'2020-06-15',1),(1424,27941,'2020-06-15',1),(1425,27942,'2020-06-15',1),(1426,27943,'2020-06-15',0),(1427,27944,'2020-06-15',0),(1428,27945,'2020-06-15',1),(1429,27946,'2020-06-15',1),(1430,27947,'2020-06-15',1),(1431,27948,'2020-06-15',1),(1432,27949,'2020-06-15',1),(1433,27950,'2020-06-15',0),(1434,27951,'2020-06-15',1),(1435,27952,'2020-06-15',0),(1436,27953,'2020-06-15',1),(1437,27954,'2020-06-15',0),(1438,27955,'2020-06-15',0),(1439,27956,'2020-06-15',1),(1440,27957,'2020-06-15',1),(1441,27958,'2020-06-15',1),(1442,27959,'2020-06-15',1),(1443,27960,'2020-06-15',0),(1444,27961,'2020-06-15',0),(1445,27962,'2020-06-15',0),(1446,27963,'2020-06-15',0),(1447,27964,'2020-06-15',1),(1448,27965,'2020-06-15',1),(1449,27966,'2020-06-15',1),(1450,27967,'2020-06-15',1),(1451,27968,'2020-06-15',0),(1452,27969,'2020-06-15',0),(1453,32003,'2020-06-15',1),(1454,32004,'2020-06-15',0),(1455,32005,'2020-06-15',0),(1456,32006,'2020-06-15',1),(1457,32007,'2020-06-15',1),(1458,32008,'2020-06-15',0),(1459,32009,'2020-06-15',0),(1460,32010,'2020-06-15',0),(1461,32011,'2020-06-15',0),(1462,32012,'2020-06-15',0),(1463,32013,'2020-06-15',1),(1464,32014,'2020-06-15',0),(1465,32015,'2020-06-15',0),(1466,32016,'2020-06-15',1),(1467,32017,'2020-06-15',1),(1468,32018,'2020-06-15',1),(1469,32019,'2020-06-15',0),(1470,32020,'2020-06-15',1),(1471,32021,'2020-06-15',0),(1472,32022,'2020-06-15',1),(1473,32023,'2020-06-15',1),(1474,32024,'2020-06-15',0),(1475,32025,'2020-06-15',0),(1476,32026,'2020-06-15',0),(1477,32027,'2020-06-15',0),(1478,32028,'2020-06-15',1),(1479,32029,'2020-06-15',1),(1480,32030,'2020-06-15',0),(1481,32031,'2020-06-15',1),(1482,32032,'2020-06-15',0),(1483,32033,'2020-06-15',1),(1484,32034,'2020-06-15',0),(1485,32035,'2020-06-15',0),(1486,32036,'2020-06-15',1),(1487,32037,'2020-06-15',0),(1488,32038,'2020-06-15',0),(1489,32039,'2020-06-15',1),(1490,32040,'2020-06-15',1),(1491,32041,'2020-06-15',1),(1492,32042,'2020-06-15',0),(1493,32043,'2020-06-15',0),(1494,32044,'2020-06-15',1),(1495,32045,'2020-06-15',0),(1496,32046,'2020-06-15',1),(1497,32047,'2020-06-15',0),(1498,32048,'2020-06-15',1),(1499,32049,'2020-06-15',0),(1500,32050,'2020-06-15',0),(1501,32051,'2020-06-15',0),(1502,32052,'2020-06-15',1),(1503,32053,'2020-06-15',1),(1504,32054,'2020-06-15',0),(1505,32055,'2020-06-15',1),(1506,32056,'2020-06-15',0),(1507,32057,'2020-06-15',1),(1508,32058,'2020-06-15',1),(1509,32059,'2020-06-15',1),(1510,32060,'2020-06-15',0),(1511,32061,'2020-06-15',0),(1512,32062,'2020-06-15',0),(1513,32063,'2020-06-15',1),(1514,32064,'2020-06-15',0),(1515,32065,'2020-06-15',1),(1516,32066,'2020-06-15',0),(1517,32067,'2020-06-15',1),(1518,32068,'2020-06-15',1),(1519,32069,'2020-06-15',0),(1520,32070,'2020-06-15',1),(1521,32071,'2020-06-15',0),(1522,32072,'2020-06-15',1),(1523,32073,'2020-06-15',0),(1524,32074,'2020-06-15',0),(1525,32075,'2020-06-15',1),(1526,32076,'2020-06-15',0),(1527,32077,'2020-06-15',0),(1528,32078,'2020-06-15',1),(1529,32079,'2020-06-15',0),(1530,32080,'2020-06-15',0),(1531,32081,'2020-06-15',1),(1532,32082,'2020-06-15',0),(1533,32083,'2020-06-15',1),(1534,41003,'2020-06-15',1),(1535,41004,'2020-06-15',0),(1536,41005,'2020-06-15',1),(1537,41006,'2020-06-15',1),(1538,41007,'2020-06-15',1),(1539,41008,'2020-06-15',0),(1540,41009,'2020-06-15',1),(1541,41010,'2020-06-15',0),(1542,41011,'2020-06-15',0),(1543,41012,'2020-06-15',1),(1544,41013,'2020-06-15',1),(1545,41014,'2020-06-15',1),(1546,41015,'2020-06-15',1),(1547,41016,'2020-06-15',1),(1548,41017,'2020-06-15',0),(1549,41018,'2020-06-15',0),(1550,41019,'2020-06-15',1),(1551,41020,'2020-06-15',1),(1552,41021,'2020-06-15',0),(1553,41022,'2020-06-15',0),(1554,41023,'2020-06-15',0),(1555,41024,'2020-06-15',0),(1556,41025,'2020-06-15',0),(1557,41026,'2020-06-15',1),(1558,41027,'2020-06-15',1),(1559,41028,'2020-06-15',0),(1560,41029,'2020-06-15',0),(1561,41030,'2020-06-15',1),(1562,41031,'2020-06-15',1),(1563,41032,'2020-06-15',0),(1564,41033,'2020-06-15',1),(1565,41034,'2020-06-15',1),(1566,41035,'2020-06-15',0),(1567,41036,'2020-06-15',0),(1568,41037,'2020-06-15',0),(1569,41038,'2020-06-15',1),(1570,41039,'2020-06-15',0),(1571,41040,'2020-06-15',1),(1572,41041,'2020-06-15',1),(1573,41042,'2020-06-15',1),(1574,41043,'2020-06-15',1),(1575,41044,'2020-06-15',0),(1576,41045,'2020-06-15',1),(1577,41046,'2020-06-15',1),(1578,41047,'2020-06-15',1),(1579,41048,'2020-06-15',1),(1580,41049,'2020-06-15',1),(1581,41050,'2020-06-15',0),(1582,41051,'2020-06-15',1),(1583,41052,'2020-06-15',0),(1584,41053,'2020-06-15',0),(1585,41054,'2020-06-15',1),(1586,41055,'2020-06-15',1),(1587,41056,'2020-06-15',0),(1588,41057,'2020-06-15',0),(1589,41058,'2020-06-15',1),(1590,41059,'2020-06-15',1),(1591,41060,'2020-06-15',0),(1592,41061,'2020-06-15',0),(1593,41062,'2020-06-15',1),(1594,41063,'2020-06-15',1),(1595,41064,'2020-06-15',1),(1596,41065,'2020-06-15',1),(1597,41066,'2020-06-15',1),(1598,41067,'2020-06-15',0),(1599,41068,'2020-06-15',1),(1600,41069,'2020-06-15',0),(1601,41070,'2020-06-15',0),(1602,41071,'2020-06-15',1),(1603,41072,'2020-06-15',0),(1604,41073,'2020-06-15',1),(1605,41074,'2020-06-15',0),(1606,41075,'2020-06-15',0),(1607,41076,'2020-06-15',1),(1608,41077,'2020-06-15',1),(1609,41078,'2020-06-15',0),(1610,41079,'2020-06-15',1),(1611,41080,'2020-06-15',0),(1612,41081,'2020-06-15',0),(1613,41082,'2020-06-15',1),(1614,41083,'2020-06-15',0),(1615,47362,'2020-06-15',0),(1616,47363,'2020-06-15',0),(1617,47364,'2020-06-15',0),(1618,47365,'2020-06-15',0),(1619,47366,'2020-06-15',1),(1620,47367,'2020-06-15',0),(1621,47368,'2020-06-15',1),(1622,47369,'2020-06-15',1),(1623,47370,'2020-06-15',1),(1624,47371,'2020-06-15',0),(1625,47372,'2020-06-15',0),(1626,47373,'2020-06-15',0),(1627,47374,'2020-06-15',0),(1628,47375,'2020-06-15',1),(1629,47376,'2020-06-15',1),(1630,47377,'2020-06-15',0),(1631,47378,'2020-06-15',1),(1632,47379,'2020-06-15',1),(1633,47380,'2020-06-15',0),(1634,47381,'2020-06-15',0),(1635,47382,'2020-06-15',1),(1636,47383,'2020-06-15',1),(1637,47384,'2020-06-15',0),(1638,47385,'2020-06-15',1),(1639,47386,'2020-06-15',1),(1640,47387,'2020-06-15',1),(1641,47388,'2020-06-15',1),(1642,47389,'2020-06-15',0),(1643,47390,'2020-06-15',0),(1644,47391,'2020-06-15',0),(1645,47392,'2020-06-15',1),(1646,47393,'2020-06-15',1),(1647,47394,'2020-06-15',0),(1648,47395,'2020-06-15',0),(1649,47396,'2020-06-15',0),(1650,47397,'2020-06-15',1),(1651,47398,'2020-06-15',1),(1652,47399,'2020-06-15',0),(1653,47400,'2020-06-15',1),(1654,47401,'2020-06-15',0),(1655,47402,'2020-06-15',0),(1656,47403,'2020-06-15',0),(1657,47404,'2020-06-15',0),(1658,47405,'2020-06-15',0),(1659,47406,'2020-06-15',1),(1660,47407,'2020-06-15',0),(1661,47408,'2020-06-15',0),(1662,47409,'2020-06-15',0),(1663,47410,'2020-06-15',1),(1664,47411,'2020-06-15',1),(1665,47412,'2020-06-15',1),(1666,47413,'2020-06-15',0),(1667,47414,'2020-06-15',1),(1668,47415,'2020-06-15',0),(1669,47416,'2020-06-15',1),(1670,47417,'2020-06-15',0),(1671,47418,'2020-06-15',1),(1672,47419,'2020-06-15',0),(1673,47420,'2020-06-15',0),(1674,47421,'2020-06-15',0),(1675,47422,'2020-06-15',0),(1676,47423,'2020-06-15',0),(1677,47424,'2020-06-15',1),(1678,47425,'2020-06-15',0),(1679,47426,'2020-06-15',1),(1680,47427,'2020-06-15',1),(1681,47428,'2020-06-15',0),(1682,47429,'2020-06-15',0),(1683,47430,'2020-06-15',1),(1684,47431,'2020-06-15',0),(1685,47432,'2020-06-15',0),(1686,56363,'2020-06-15',1),(1687,56364,'2020-06-15',0),(1688,56365,'2020-06-15',1),(1689,56366,'2020-06-15',0),(1690,56367,'2020-06-15',1),(1691,56368,'2020-06-15',0),(1692,56369,'2020-06-15',1),(1693,56370,'2020-06-15',1),(1694,56371,'2020-06-15',1),(1695,56372,'2020-06-15',1),(1696,56373,'2020-06-15',0),(1697,56374,'2020-06-15',0),(1698,56375,'2020-06-15',1),(1699,56376,'2020-06-15',1),(1700,56377,'2020-06-15',1),(1701,56378,'2020-06-15',1),(1702,56379,'2020-06-15',0),(1703,56380,'2020-06-15',0),(1704,56381,'2020-06-15',0),(1705,56382,'2020-06-15',0),(1706,56383,'2020-06-15',1),(1707,56384,'2020-06-15',1),(1708,56385,'2020-06-15',0),(1709,56386,'2020-06-15',0),(1710,56387,'2020-06-15',1),(1711,56388,'2020-06-15',0),(1712,56389,'2020-06-15',1),(1713,56390,'2020-06-15',0),(1714,56391,'2020-06-15',1),(1715,56392,'2020-06-15',0),(1716,56393,'2020-06-15',0),(1717,56394,'2020-06-15',0),(1718,56395,'2020-06-15',1),(1719,56396,'2020-06-15',1),(1720,56397,'2020-06-15',0),(1721,56398,'2020-06-15',0),(1722,56399,'2020-06-15',0),(1723,56400,'2020-06-15',0),(1724,56401,'2020-06-15',0),(1725,56402,'2020-06-15',0),(1726,56403,'2020-06-15',0),(1727,56404,'2020-06-15',0),(1728,56405,'2020-06-15',0),(1729,56406,'2020-06-15',1),(1730,56407,'2020-06-15',0),(1731,56408,'2020-06-15',1),(1732,56409,'2020-06-15',1),(1733,56410,'2020-06-15',1),(1734,56411,'2020-06-15',0),(1735,56412,'2020-06-15',1),(1736,56413,'2020-06-15',0),(1737,56414,'2020-06-15',1),(1738,56415,'2020-06-15',1),(1739,56416,'2020-06-15',0),(1740,56417,'2020-06-15',0),(1741,56418,'2020-06-15',0),(1742,56419,'2020-06-15',1),(1743,56420,'2020-06-15',1),(1744,56421,'2020-06-15',0),(1745,56422,'2020-06-15',0),(1746,56423,'2020-06-15',0),(1747,56424,'2020-06-15',0),(1748,56425,'2020-06-15',0),(1749,56426,'2020-06-15',1),(1750,56427,'2020-06-15',1),(1751,56428,'2020-06-15',1),(1752,56429,'2020-06-15',0),(1753,56430,'2020-06-15',1),(1754,56431,'2020-06-15',0),(1755,56432,'2020-06-15',0),(1756,66397,'2020-06-15',1),(1757,66398,'2020-06-15',1),(1758,66399,'2020-06-15',0),(1759,66400,'2020-06-15',1),(1760,66401,'2020-06-15',1),(1761,66402,'2020-06-15',1),(1762,66403,'2020-06-15',1),(1763,66404,'2020-06-15',1),(1764,66405,'2020-06-15',0),(1765,66406,'2020-06-15',1),(1766,66407,'2020-06-15',0),(1767,66408,'2020-06-15',1),(1768,66409,'2020-06-15',0),(1769,66410,'2020-06-15',1),(1770,66411,'2020-06-15',0),(1771,66412,'2020-06-15',0),(1772,66413,'2020-06-15',0),(1773,66414,'2020-06-15',1),(1774,66415,'2020-06-15',0),(1775,66416,'2020-06-15',0),(1776,66417,'2020-06-15',0),(1777,66418,'2020-06-15',0),(1778,66419,'2020-06-15',0),(1779,66420,'2020-06-15',0),(1780,66421,'2020-06-15',0),(1781,66422,'2020-06-15',0),(1782,66423,'2020-06-15',0),(1783,66424,'2020-06-15',0),(1784,66425,'2020-06-15',0),(1785,66426,'2020-06-15',0),(1786,66427,'2020-06-15',0),(1787,66428,'2020-06-15',0),(1788,66429,'2020-06-15',1),(1789,66430,'2020-06-15',1),(1790,66431,'2020-06-15',0),(1791,66432,'2020-06-15',1),(1792,66433,'2020-06-15',0),(1793,66434,'2020-06-15',0),(1794,66435,'2020-06-15',1),(1795,66436,'2020-06-15',0),(1796,66437,'2020-06-15',1),(1797,66438,'2020-06-15',0),(1798,66439,'2020-06-15',1),(1799,66440,'2020-06-15',0),(1800,66441,'2020-06-15',0),(1801,66442,'2020-06-15',1),(1802,66443,'2020-06-15',0),(1803,66444,'2020-06-15',1),(1804,66445,'2020-06-15',1),(1805,66446,'2020-06-15',0),(1806,66447,'2020-06-15',0),(1807,66448,'2020-06-15',1),(1808,66449,'2020-06-15',1),(1809,66450,'2020-06-15',0),(1810,66451,'2020-06-15',0),(1811,66452,'2020-06-15',1),(1812,66453,'2020-06-15',0),(1813,66454,'2020-06-15',0),(1814,66455,'2020-06-15',1),(1815,66456,'2020-06-15',1),(1816,66457,'2020-06-15',1),(1817,66458,'2020-06-15',0),(1818,66459,'2020-06-15',0),(1819,66460,'2020-06-15',0),(1820,66461,'2020-06-15',1),(1821,66462,'2020-06-15',0),(1822,66463,'2020-06-15',1),(1823,66464,'2020-06-15',1),(1824,66465,'2020-06-15',1),(1825,66466,'2020-06-15',0),(1826,66467,'2020-06-15',1),(1827,66468,'2020-06-15',0),(1828,66469,'2020-06-15',1),(1829,66470,'2020-06-15',0),(1830,66471,'2020-06-15',0),(1831,66472,'2020-06-15',1),(1832,75397,'2020-06-15',0),(1833,75398,'2020-06-15',1),(1834,75399,'2020-06-15',1),(1835,75400,'2020-06-15',1),(1836,75401,'2020-06-15',1),(1837,75402,'2020-06-15',1),(1838,75403,'2020-06-15',1),(1839,75404,'2020-06-15',1),(1840,75405,'2020-06-15',1),(1841,75406,'2020-06-15',0),(1842,75407,'2020-06-15',1),(1843,75408,'2020-06-15',1),(1844,75409,'2020-06-15',1),(1845,75410,'2020-06-15',0),(1846,75411,'2020-06-15',0),(1847,75412,'2020-06-15',1),(1848,75413,'2020-06-15',0),(1849,75414,'2020-06-15',0),(1850,75415,'2020-06-15',1),(1851,75416,'2020-06-15',0),(1852,75417,'2020-06-15',0),(1853,75418,'2020-06-15',1),(1854,75419,'2020-06-15',1),(1855,75420,'2020-06-15',0),(1856,75421,'2020-06-15',0),(1857,75422,'2020-06-15',1),(1858,75423,'2020-06-15',1),(1859,75424,'2020-06-15',1),(1860,75425,'2020-06-15',0),(1861,75426,'2020-06-15',1),(1862,75427,'2020-06-15',1),(1863,75428,'2020-06-15',1),(1864,75429,'2020-06-15',0),(1865,75430,'2020-06-15',0),(1866,75431,'2020-06-15',1),(1867,75432,'2020-06-15',0),(1868,75433,'2020-06-15',0),(1869,75434,'2020-06-15',1),(1870,75435,'2020-06-15',0),(1871,75436,'2020-06-15',0),(1872,75437,'2020-06-15',1),(1873,75438,'2020-06-15',0),(1874,75439,'2020-06-15',1),(1875,75440,'2020-06-15',0),(1876,75441,'2020-06-15',1),(1877,75442,'2020-06-15',1),(1878,75443,'2020-06-15',0),(1879,75444,'2020-06-15',1),(1880,75445,'2020-06-15',0),(1881,75446,'2020-06-15',0),(1882,75447,'2020-06-15',0),(1883,75448,'2020-06-15',0),(1884,75449,'2020-06-15',0),(1885,75450,'2020-06-15',0),(1886,75451,'2020-06-15',0),(1887,75452,'2020-06-15',1),(1888,75453,'2020-06-15',1),(1889,75454,'2020-06-15',0),(1890,75455,'2020-06-15',1),(1891,75456,'2020-06-15',0),(1892,75457,'2020-06-15',0),(1893,75458,'2020-06-15',1),(1894,75459,'2020-06-15',0),(1895,75460,'2020-06-15',1),(1896,75461,'2020-06-15',1),(1897,75462,'2020-06-15',1),(1898,75463,'2020-06-15',0),(1899,75464,'2020-06-15',0),(1900,75465,'2020-06-15',1),(1901,75466,'2020-06-15',0),(1902,75467,'2020-06-15',1),(1903,75468,'2020-06-15',0),(1904,75469,'2020-06-15',1),(1905,75470,'2020-06-15',1),(1906,75471,'2020-06-15',0),(1907,75472,'2020-06-15',1),(1908,88100,'2020-06-15',0),(1909,88101,'2020-06-15',1),(1910,88102,'2020-06-15',0),(1911,88103,'2020-06-15',0),(1912,88104,'2020-06-15',1),(1913,88105,'2020-06-15',1),(1914,88106,'2020-06-15',0),(1915,88107,'2020-06-15',0),(1916,88108,'2020-06-15',0),(1917,88109,'2020-06-15',0),(1918,88110,'2020-06-15',0),(1919,88111,'2020-06-15',1),(1920,88112,'2020-06-15',0),(1921,88113,'2020-06-15',1),(1922,88114,'2020-06-15',0),(1923,88115,'2020-06-15',0),(1924,88116,'2020-06-15',1),(1925,88117,'2020-06-15',1),(1926,88118,'2020-06-15',1),(1927,88119,'2020-06-15',1),(1928,88120,'2020-06-15',1),(1929,88121,'2020-06-15',1),(1930,88122,'2020-06-15',1),(1931,88123,'2020-06-15',0),(1932,88124,'2020-06-15',0),(1933,88125,'2020-06-15',0),(1934,88126,'2020-06-15',0),(1935,88127,'2020-06-15',0),(1936,88128,'2020-06-15',1),(1937,88129,'2020-06-15',0),(1938,88130,'2020-06-15',0),(1939,88131,'2020-06-15',1),(1940,88132,'2020-06-15',1),(1941,88133,'2020-06-15',0),(1942,88134,'2020-06-15',0),(1943,88135,'2020-06-15',1),(1944,88136,'2020-06-15',0),(1945,88137,'2020-06-15',0),(1946,88138,'2020-06-15',1),(1947,88139,'2020-06-15',1),(1948,88140,'2020-06-15',0),(1949,88141,'2020-06-15',0),(1950,88142,'2020-06-15',1),(1951,18893,'2020-06-22',0),(1952,18894,'2020-06-22',0),(1953,18895,'2020-06-22',1),(1954,18896,'2020-06-22',0),(1955,18897,'2020-06-22',0),(1956,18898,'2020-06-22',0),(1957,18899,'2020-06-22',0),(1958,18900,'2020-06-22',1),(1959,18901,'2020-06-22',1),(1960,18902,'2020-06-22',0),(1961,18903,'2020-06-22',0),(1962,18904,'2020-06-22',1),(1963,18905,'2020-06-22',1),(1964,18906,'2020-06-22',1),(1965,18907,'2020-06-22',0),(1966,18908,'2020-06-22',0),(1967,18909,'2020-06-22',0),(1968,18910,'2020-06-22',0),(1969,18911,'2020-06-22',1),(1970,18912,'2020-06-22',1),(1971,18913,'2020-06-22',0),(1972,18914,'2020-06-22',0),(1973,18915,'2020-06-22',0),(1974,18916,'2020-06-22',0),(1975,18917,'2020-06-22',1),(1976,18918,'2020-06-22',1),(1977,18919,'2020-06-22',1),(1978,18920,'2020-06-22',1),(1979,18921,'2020-06-22',0),(1980,18922,'2020-06-22',1),(1981,18923,'2020-06-22',0),(1982,18924,'2020-06-22',1),(1983,18925,'2020-06-22',0),(1984,18926,'2020-06-22',0),(1985,18927,'2020-06-22',1),(1986,18928,'2020-06-22',0),(1987,18929,'2020-06-22',1),(1988,18930,'2020-06-22',1),(1989,18931,'2020-06-22',0),(1990,18932,'2020-06-22',0),(1991,18933,'2020-06-22',0),(1992,18934,'2020-06-22',1),(1993,18935,'2020-06-22',1),(1994,18936,'2020-06-22',1),(1995,18937,'2020-06-22',1),(1996,18938,'2020-06-22',0),(1997,18939,'2020-06-22',0),(1998,18940,'2020-06-22',0),(1999,18941,'2020-06-22',1),(2000,18942,'2020-06-22',0),(2001,18943,'2020-06-22',1),(2002,18944,'2020-06-22',1),(2003,18945,'2020-06-22',0),(2004,18946,'2020-06-22',1),(2005,18947,'2020-06-22',1),(2006,18948,'2020-06-22',0),(2007,18949,'2020-06-22',0),(2008,18950,'2020-06-22',1),(2009,18951,'2020-06-22',1),(2010,18952,'2020-06-22',1),(2011,18953,'2020-06-22',1),(2012,18954,'2020-06-22',0),(2013,18955,'2020-06-22',1),(2014,18956,'2020-06-22',0),(2015,18957,'2020-06-22',0),(2016,18958,'2020-06-22',0),(2017,18959,'2020-06-22',1),(2018,18960,'2020-06-22',0),(2019,18961,'2020-06-22',1),(2020,18962,'2020-06-22',1),(2021,18963,'2020-06-22',0),(2022,18964,'2020-06-22',0),(2023,18965,'2020-06-22',1),(2024,18966,'2020-06-22',1),(2025,18967,'2020-06-22',1),(2026,18968,'2020-06-22',1),(2027,27894,'2020-06-22',1),(2028,27895,'2020-06-22',1),(2029,27896,'2020-06-22',1),(2030,27897,'2020-06-22',0),(2031,27898,'2020-06-22',1),(2032,27899,'2020-06-22',1),(2033,27900,'2020-06-22',0),(2034,27901,'2020-06-22',1),(2035,27902,'2020-06-22',1),(2036,27903,'2020-06-22',0),(2037,27904,'2020-06-22',0),(2038,27905,'2020-06-22',0),(2039,27906,'2020-06-22',0),(2040,27907,'2020-06-22',0),(2041,27908,'2020-06-22',0),(2042,27909,'2020-06-22',1),(2043,27910,'2020-06-22',1),(2044,27911,'2020-06-22',0),(2045,27912,'2020-06-22',1),(2046,27913,'2020-06-22',0),(2047,27914,'2020-06-22',1),(2048,27915,'2020-06-22',0),(2049,27916,'2020-06-22',1),(2050,27917,'2020-06-22',0),(2051,27918,'2020-06-22',1),(2052,27919,'2020-06-22',1),(2053,27920,'2020-06-22',1),(2054,27921,'2020-06-22',1),(2055,27922,'2020-06-22',0),(2056,27923,'2020-06-22',1),(2057,27924,'2020-06-22',1),(2058,27925,'2020-06-22',1),(2059,27926,'2020-06-22',0),(2060,27927,'2020-06-22',1),(2061,27928,'2020-06-22',1),(2062,27929,'2020-06-22',0),(2063,27930,'2020-06-22',1),(2064,27931,'2020-06-22',0),(2065,27932,'2020-06-22',1),(2066,27933,'2020-06-22',1),(2067,27934,'2020-06-22',0),(2068,27935,'2020-06-22',1),(2069,27936,'2020-06-22',0),(2070,27937,'2020-06-22',1),(2071,27938,'2020-06-22',1),(2072,27939,'2020-06-22',0),(2073,27940,'2020-06-22',0),(2074,27941,'2020-06-22',0),(2075,27942,'2020-06-22',1),(2076,27943,'2020-06-22',0),(2077,27944,'2020-06-22',1),(2078,27945,'2020-06-22',0),(2079,27946,'2020-06-22',0),(2080,27947,'2020-06-22',0),(2081,27948,'2020-06-22',0),(2082,27949,'2020-06-22',0),(2083,27950,'2020-06-22',0),(2084,27951,'2020-06-22',1),(2085,27952,'2020-06-22',1),(2086,27953,'2020-06-22',0),(2087,27954,'2020-06-22',1),(2088,27955,'2020-06-22',1),(2089,27956,'2020-06-22',0),(2090,27957,'2020-06-22',0),(2091,27958,'2020-06-22',0),(2092,27959,'2020-06-22',1),(2093,27960,'2020-06-22',0),(2094,27961,'2020-06-22',0),(2095,27962,'2020-06-22',1),(2096,27963,'2020-06-22',1),(2097,27964,'2020-06-22',1),(2098,27965,'2020-06-22',1),(2099,27966,'2020-06-22',0),(2100,27967,'2020-06-22',1),(2101,27968,'2020-06-22',1),(2102,27969,'2020-06-22',1),(2103,32003,'2020-06-22',0),(2104,32004,'2020-06-22',1),(2105,32005,'2020-06-22',0),(2106,32006,'2020-06-22',1),(2107,32007,'2020-06-22',0),(2108,32008,'2020-06-22',1),(2109,32009,'2020-06-22',1),(2110,32010,'2020-06-22',1),(2111,32011,'2020-06-22',1),(2112,32012,'2020-06-22',0),(2113,32013,'2020-06-22',1),(2114,32014,'2020-06-22',0),(2115,32015,'2020-06-22',1),(2116,32016,'2020-06-22',1),(2117,32017,'2020-06-22',0),(2118,32018,'2020-06-22',0),(2119,32019,'2020-06-22',0),(2120,32020,'2020-06-22',1),(2121,32021,'2020-06-22',1),(2122,32022,'2020-06-22',1),(2123,32023,'2020-06-22',0),(2124,32024,'2020-06-22',0),(2125,32025,'2020-06-22',1),(2126,32026,'2020-06-22',1),(2127,32027,'2020-06-22',1),(2128,32028,'2020-06-22',1),(2129,32029,'2020-06-22',0),(2130,32030,'2020-06-22',0),(2131,32031,'2020-06-22',0),(2132,32032,'2020-06-22',1),(2133,32033,'2020-06-22',1),(2134,32034,'2020-06-22',1),(2135,32035,'2020-06-22',1),(2136,32036,'2020-06-22',1),(2137,32037,'2020-06-22',1),(2138,32038,'2020-06-22',0),(2139,32039,'2020-06-22',0),(2140,32040,'2020-06-22',0),(2141,32041,'2020-06-22',1),(2142,32042,'2020-06-22',0),(2143,32043,'2020-06-22',1),(2144,32044,'2020-06-22',0),(2145,32045,'2020-06-22',0),(2146,32046,'2020-06-22',1),(2147,32047,'2020-06-22',1),(2148,32048,'2020-06-22',1),(2149,32049,'2020-06-22',0),(2150,32050,'2020-06-22',0),(2151,32051,'2020-06-22',0),(2152,32052,'2020-06-22',0),(2153,32053,'2020-06-22',0),(2154,32054,'2020-06-22',1),(2155,32055,'2020-06-22',1),(2156,32056,'2020-06-22',0),(2157,32057,'2020-06-22',0),(2158,32058,'2020-06-22',0),(2159,32059,'2020-06-22',1),(2160,32060,'2020-06-22',1),(2161,32061,'2020-06-22',1),(2162,32062,'2020-06-22',0),(2163,32063,'2020-06-22',1),(2164,32064,'2020-06-22',0),(2165,32065,'2020-06-22',1),(2166,32066,'2020-06-22',0),(2167,32067,'2020-06-22',0),(2168,32068,'2020-06-22',1),(2169,32069,'2020-06-22',0),(2170,32070,'2020-06-22',0),(2171,32071,'2020-06-22',1),(2172,32072,'2020-06-22',0),(2173,32073,'2020-06-22',0),(2174,32074,'2020-06-22',0),(2175,32075,'2020-06-22',1),(2176,32076,'2020-06-22',1),(2177,32077,'2020-06-22',0),(2178,32078,'2020-06-22',0),(2179,32079,'2020-06-22',0),(2180,32080,'2020-06-22',1),(2181,32081,'2020-06-22',0),(2182,32082,'2020-06-22',1),(2183,32083,'2020-06-22',0),(2184,41003,'2020-06-22',1),(2185,41004,'2020-06-22',1),(2186,41005,'2020-06-22',1),(2187,41006,'2020-06-22',0),(2188,41007,'2020-06-22',0),(2189,41008,'2020-06-22',1),(2190,41009,'2020-06-22',1),(2191,41010,'2020-06-22',1),(2192,41011,'2020-06-22',0),(2193,41012,'2020-06-22',0),(2194,41013,'2020-06-22',1),(2195,41014,'2020-06-22',0),(2196,41015,'2020-06-22',1),(2197,41016,'2020-06-22',0),(2198,41017,'2020-06-22',0),(2199,41018,'2020-06-22',1),(2200,41019,'2020-06-22',0),(2201,41020,'2020-06-22',0),(2202,41021,'2020-06-22',0),(2203,41022,'2020-06-22',0),(2204,41023,'2020-06-22',0),(2205,41024,'2020-06-22',1),(2206,41025,'2020-06-22',1),(2207,41026,'2020-06-22',1),(2208,41027,'2020-06-22',0),(2209,41028,'2020-06-22',0),(2210,41029,'2020-06-22',0),(2211,41030,'2020-06-22',1),(2212,41031,'2020-06-22',0),(2213,41032,'2020-06-22',1),(2214,41033,'2020-06-22',1),(2215,41034,'2020-06-22',1),(2216,41035,'2020-06-22',0),(2217,41036,'2020-06-22',1),(2218,41037,'2020-06-22',1),(2219,41038,'2020-06-22',1),(2220,41039,'2020-06-22',0),(2221,41040,'2020-06-22',0),(2222,41041,'2020-06-22',0),(2223,41042,'2020-06-22',1),(2224,41043,'2020-06-22',0),(2225,41044,'2020-06-22',0),(2226,41045,'2020-06-22',0),(2227,41046,'2020-06-22',0),(2228,41047,'2020-06-22',0),(2229,41048,'2020-06-22',0),(2230,41049,'2020-06-22',1),(2231,41050,'2020-06-22',1),(2232,41051,'2020-06-22',1),(2233,41052,'2020-06-22',0),(2234,41053,'2020-06-22',1),(2235,41054,'2020-06-22',1),(2236,41055,'2020-06-22',1),(2237,41056,'2020-06-22',0),(2238,41057,'2020-06-22',1),(2239,41058,'2020-06-22',0),(2240,41059,'2020-06-22',1),(2241,41060,'2020-06-22',0),(2242,41061,'2020-06-22',1),(2243,41062,'2020-06-22',1),(2244,41063,'2020-06-22',0),(2245,41064,'2020-06-22',1),(2246,41065,'2020-06-22',0),(2247,41066,'2020-06-22',1),(2248,41067,'2020-06-22',0),(2249,41068,'2020-06-22',1),(2250,41069,'2020-06-22',1),(2251,41070,'2020-06-22',1),(2252,41071,'2020-06-22',0),(2253,41072,'2020-06-22',0),(2254,41073,'2020-06-22',0),(2255,41074,'2020-06-22',1),(2256,41075,'2020-06-22',0),(2257,41076,'2020-06-22',1),(2258,41077,'2020-06-22',0),(2259,41078,'2020-06-22',1),(2260,41079,'2020-06-22',0),(2261,41080,'2020-06-22',0),(2262,41081,'2020-06-22',0),(2263,41082,'2020-06-22',1),(2264,41083,'2020-06-22',0),(2265,47362,'2020-06-22',0),(2266,47363,'2020-06-22',1),(2267,47364,'2020-06-22',0),(2268,47365,'2020-06-22',0),(2269,47366,'2020-06-22',0),(2270,47367,'2020-06-22',1),(2271,47368,'2020-06-22',1),(2272,47369,'2020-06-22',0),(2273,47370,'2020-06-22',1),(2274,47371,'2020-06-22',0),(2275,47372,'2020-06-22',1),(2276,47373,'2020-06-22',0),(2277,47374,'2020-06-22',1),(2278,47375,'2020-06-22',1),(2279,47376,'2020-06-22',1),(2280,47377,'2020-06-22',1),(2281,47378,'2020-06-22',1),(2282,47379,'2020-06-22',0),(2283,47380,'2020-06-22',1),(2284,47381,'2020-06-22',0),(2285,47382,'2020-06-22',0),(2286,47383,'2020-06-22',1),(2287,47384,'2020-06-22',1),(2288,47385,'2020-06-22',1),(2289,47386,'2020-06-22',1),(2290,47387,'2020-06-22',0),(2291,47388,'2020-06-22',1),(2292,47389,'2020-06-22',0),(2293,47390,'2020-06-22',0),(2294,47391,'2020-06-22',1),(2295,47392,'2020-06-22',1),(2296,47393,'2020-06-22',1),(2297,47394,'2020-06-22',1),(2298,47395,'2020-06-22',1),(2299,47396,'2020-06-22',1),(2300,47397,'2020-06-22',0),(2301,47398,'2020-06-22',0),(2302,47399,'2020-06-22',1),(2303,47400,'2020-06-22',0),(2304,47401,'2020-06-22',1),(2305,47402,'2020-06-22',0),(2306,47403,'2020-06-22',0),(2307,47404,'2020-06-22',0),(2308,47405,'2020-06-22',1),(2309,47406,'2020-06-22',1),(2310,47407,'2020-06-22',1),(2311,47408,'2020-06-22',0),(2312,47409,'2020-06-22',1),(2313,47410,'2020-06-22',1),(2314,47411,'2020-06-22',1),(2315,47412,'2020-06-22',1),(2316,47413,'2020-06-22',0),(2317,47414,'2020-06-22',0),(2318,47415,'2020-06-22',0),(2319,47416,'2020-06-22',1),(2320,47417,'2020-06-22',1),(2321,47418,'2020-06-22',0),(2322,47419,'2020-06-22',0),(2323,47420,'2020-06-22',1),(2324,47421,'2020-06-22',0),(2325,47422,'2020-06-22',0),(2326,47423,'2020-06-22',1),(2327,47424,'2020-06-22',0),(2328,47425,'2020-06-22',0),(2329,47426,'2020-06-22',1),(2330,47427,'2020-06-22',0),(2331,47428,'2020-06-22',0),(2332,47429,'2020-06-22',0),(2333,47430,'2020-06-22',1),(2334,47431,'2020-06-22',0),(2335,47432,'2020-06-22',0),(2336,56363,'2020-06-22',1),(2337,56364,'2020-06-22',1),(2338,56365,'2020-06-22',0),(2339,56366,'2020-06-22',1),(2340,56367,'2020-06-22',1),(2341,56368,'2020-06-22',1),(2342,56369,'2020-06-22',0),(2343,56370,'2020-06-22',1),(2344,56371,'2020-06-22',0),(2345,56372,'2020-06-22',0),(2346,56373,'2020-06-22',1),(2347,56374,'2020-06-22',1),(2348,56375,'2020-06-22',0),(2349,56376,'2020-06-22',1),(2350,56377,'2020-06-22',1),(2351,56378,'2020-06-22',0),(2352,56379,'2020-06-22',1),(2353,56380,'2020-06-22',1),(2354,56381,'2020-06-22',0),(2355,56382,'2020-06-22',1),(2356,56383,'2020-06-22',1),(2357,56384,'2020-06-22',0),(2358,56385,'2020-06-22',0),(2359,56386,'2020-06-22',0),(2360,56387,'2020-06-22',1),(2361,56388,'2020-06-22',1),(2362,56389,'2020-06-22',1),(2363,56390,'2020-06-22',1),(2364,56391,'2020-06-22',1),(2365,56392,'2020-06-22',0),(2366,56393,'2020-06-22',0),(2367,56394,'2020-06-22',0),(2368,56395,'2020-06-22',1),(2369,56396,'2020-06-22',1),(2370,56397,'2020-06-22',1),(2371,56398,'2020-06-22',0),(2372,56399,'2020-06-22',0),(2373,56400,'2020-06-22',0),(2374,56401,'2020-06-22',1),(2375,56402,'2020-06-22',0),(2376,56403,'2020-06-22',0),(2377,56404,'2020-06-22',0),(2378,56405,'2020-06-22',1),(2379,56406,'2020-06-22',0),(2380,56407,'2020-06-22',1),(2381,56408,'2020-06-22',0),(2382,56409,'2020-06-22',0),(2383,56410,'2020-06-22',0),(2384,56411,'2020-06-22',1),(2385,56412,'2020-06-22',0),(2386,56413,'2020-06-22',0),(2387,56414,'2020-06-22',1),(2388,56415,'2020-06-22',1),(2389,56416,'2020-06-22',1),(2390,56417,'2020-06-22',1),(2391,56418,'2020-06-22',0),(2392,56419,'2020-06-22',0),(2393,56420,'2020-06-22',1),(2394,56421,'2020-06-22',0),(2395,56422,'2020-06-22',0),(2396,56423,'2020-06-22',1),(2397,56424,'2020-06-22',1),(2398,56425,'2020-06-22',1),(2399,56426,'2020-06-22',0),(2400,56427,'2020-06-22',0),(2401,56428,'2020-06-22',0),(2402,56429,'2020-06-22',1),(2403,56430,'2020-06-22',1),(2404,56431,'2020-06-22',0),(2405,56432,'2020-06-22',1),(2406,66397,'2020-06-22',0),(2407,66398,'2020-06-22',1),(2408,66399,'2020-06-22',1),(2409,66400,'2020-06-22',0),(2410,66401,'2020-06-22',0),(2411,66402,'2020-06-22',0),(2412,66403,'2020-06-22',1),(2413,66404,'2020-06-22',0),(2414,66405,'2020-06-22',0),(2415,66406,'2020-06-22',1),(2416,66407,'2020-06-22',1),(2417,66408,'2020-06-22',1),(2418,66409,'2020-06-22',0),(2419,66410,'2020-06-22',0),(2420,66411,'2020-06-22',0),(2421,66412,'2020-06-22',1),(2422,66413,'2020-06-22',1),(2423,66414,'2020-06-22',1),(2424,66415,'2020-06-22',0),(2425,66416,'2020-06-22',1),(2426,66417,'2020-06-22',1),(2427,66418,'2020-06-22',1),(2428,66419,'2020-06-22',0),(2429,66420,'2020-06-22',1),(2430,66421,'2020-06-22',0),(2431,66422,'2020-06-22',0),(2432,66423,'2020-06-22',0),(2433,66424,'2020-06-22',1),(2434,66425,'2020-06-22',0),(2435,66426,'2020-06-22',1),(2436,66427,'2020-06-22',0),(2437,66428,'2020-06-22',0),(2438,66429,'2020-06-22',1),(2439,66430,'2020-06-22',0),(2440,66431,'2020-06-22',0),(2441,66432,'2020-06-22',0),(2442,66433,'2020-06-22',0),(2443,66434,'2020-06-22',0),(2444,66435,'2020-06-22',1),(2445,66436,'2020-06-22',0),(2446,66437,'2020-06-22',1),(2447,66438,'2020-06-22',1),(2448,66439,'2020-06-22',1),(2449,66440,'2020-06-22',1),(2450,66441,'2020-06-22',0),(2451,66442,'2020-06-22',0),(2452,66443,'2020-06-22',1),(2453,66444,'2020-06-22',1),(2454,66445,'2020-06-22',1),(2455,66446,'2020-06-22',1),(2456,66447,'2020-06-22',1),(2457,66448,'2020-06-22',1),(2458,66449,'2020-06-22',1),(2459,66450,'2020-06-22',1),(2460,66451,'2020-06-22',1),(2461,66452,'2020-06-22',0),(2462,66453,'2020-06-22',1),(2463,66454,'2020-06-22',0),(2464,66455,'2020-06-22',1),(2465,66456,'2020-06-22',1),(2466,66457,'2020-06-22',1),(2467,66458,'2020-06-22',1),(2468,66459,'2020-06-22',0),(2469,66460,'2020-06-22',1),(2470,66461,'2020-06-22',0),(2471,66462,'2020-06-22',1),(2472,66463,'2020-06-22',1),(2473,66464,'2020-06-22',1),(2474,66465,'2020-06-22',1),(2475,66466,'2020-06-22',1),(2476,66467,'2020-06-22',1),(2477,66468,'2020-06-22',1),(2478,66469,'2020-06-22',0),(2479,66470,'2020-06-22',1),(2480,66471,'2020-06-22',0),(2481,66472,'2020-06-22',1),(2482,75397,'2020-06-22',1),(2483,75398,'2020-06-22',0),(2484,75399,'2020-06-22',0),(2485,75400,'2020-06-22',0),(2486,75401,'2020-06-22',1),(2487,75402,'2020-06-22',1),(2488,75403,'2020-06-22',0),(2489,75404,'2020-06-22',0),(2490,75405,'2020-06-22',0),(2491,75406,'2020-06-22',1),(2492,75407,'2020-06-22',1),(2493,75408,'2020-06-22',0),(2494,75409,'2020-06-22',1),(2495,75410,'2020-06-22',0),(2496,75411,'2020-06-22',1),(2497,75412,'2020-06-22',0),(2498,75413,'2020-06-22',0),(2499,75414,'2020-06-22',1),(2500,75415,'2020-06-22',0),(2501,75416,'2020-06-22',0),(2502,75417,'2020-06-22',0),(2503,75418,'2020-06-22',1),(2504,75419,'2020-06-22',1),(2505,75420,'2020-06-22',1),(2506,75421,'2020-06-22',1),(2507,75422,'2020-06-22',0),(2508,75423,'2020-06-22',1),(2509,75424,'2020-06-22',1),(2510,75425,'2020-06-22',0),(2511,75426,'2020-06-22',1),(2512,75427,'2020-06-22',1),(2513,75428,'2020-06-22',0),(2514,75429,'2020-06-22',1),(2515,75430,'2020-06-22',1),(2516,75431,'2020-06-22',1),(2517,75432,'2020-06-22',0),(2518,75433,'2020-06-22',0),(2519,75434,'2020-06-22',1),(2520,75435,'2020-06-22',0),(2521,75436,'2020-06-22',1),(2522,75437,'2020-06-22',0),(2523,75438,'2020-06-22',1),(2524,75439,'2020-06-22',0),(2525,75440,'2020-06-22',1),(2526,75441,'2020-06-22',1),(2527,75442,'2020-06-22',0),(2528,75443,'2020-06-22',0),(2529,75444,'2020-06-22',1),(2530,75445,'2020-06-22',0),(2531,75446,'2020-06-22',1),(2532,75447,'2020-06-22',0),(2533,75448,'2020-06-22',0),(2534,75449,'2020-06-22',0),(2535,75450,'2020-06-22',0),(2536,75451,'2020-06-22',1),(2537,75452,'2020-06-22',0),(2538,75453,'2020-06-22',0),(2539,75454,'2020-06-22',1),(2540,75455,'2020-06-22',0),(2541,75456,'2020-06-22',0),(2542,75457,'2020-06-22',1),(2543,75458,'2020-06-22',0),(2544,75459,'2020-06-22',0),(2545,75460,'2020-06-22',0),(2546,75461,'2020-06-22',0),(2547,75462,'2020-06-22',0),(2548,75463,'2020-06-22',0),(2549,75464,'2020-06-22',0),(2550,75465,'2020-06-22',0),(2551,75466,'2020-06-22',0),(2552,75467,'2020-06-22',1),(2553,75468,'2020-06-22',0),(2554,75469,'2020-06-22',1),(2555,75470,'2020-06-22',1),(2556,75471,'2020-06-22',1),(2557,75472,'2020-06-22',0),(2558,88100,'2020-06-22',0),(2559,88101,'2020-06-22',1),(2560,88102,'2020-06-22',1),(2561,88103,'2020-06-22',1),(2562,88104,'2020-06-22',0),(2563,88105,'2020-06-22',0),(2564,88106,'2020-06-22',0),(2565,88107,'2020-06-22',1),(2566,88108,'2020-06-22',1),(2567,88109,'2020-06-22',0),(2568,88110,'2020-06-22',1),(2569,88111,'2020-06-22',1),(2570,88112,'2020-06-22',1),(2571,88113,'2020-06-22',0),(2572,88114,'2020-06-22',1),(2573,88115,'2020-06-22',1),(2574,88116,'2020-06-22',1),(2575,88117,'2020-06-22',1),(2576,88118,'2020-06-22',1),(2577,88119,'2020-06-22',0),(2578,88120,'2020-06-22',1),(2579,88121,'2020-06-22',1),(2580,88122,'2020-06-22',0),(2581,88123,'2020-06-22',0),(2582,88124,'2020-06-22',0),(2583,88125,'2020-06-22',0),(2584,88126,'2020-06-22',0),(2585,88127,'2020-06-22',1),(2586,88128,'2020-06-22',0),(2587,88129,'2020-06-22',0),(2588,88130,'2020-06-22',1),(2589,88131,'2020-06-22',0),(2590,88132,'2020-06-22',0),(2591,88133,'2020-06-22',0),(2592,88134,'2020-06-22',0),(2593,88135,'2020-06-22',1),(2594,88136,'2020-06-22',1),(2595,88137,'2020-06-22',0),(2596,88138,'2020-06-22',0),(2597,88139,'2020-06-22',0),(2598,88140,'2020-06-22',0),(2599,88141,'2020-06-22',1),(2600,88142,'2020-06-22',1),(2601,18893,'2020-06-29',0),(2602,18894,'2020-06-29',0),(2603,18895,'2020-06-29',0),(2604,18896,'2020-06-29',0),(2605,18897,'2020-06-29',0),(2606,18898,'2020-06-29',1),(2607,18899,'2020-06-29',0),(2608,18900,'2020-06-29',1),(2609,18901,'2020-06-29',1),(2610,18902,'2020-06-29',0),(2611,18903,'2020-06-29',0),(2612,18904,'2020-06-29',0),(2613,18905,'2020-06-29',0),(2614,18906,'2020-06-29',0),(2615,18907,'2020-06-29',0),(2616,18908,'2020-06-29',0),(2617,18909,'2020-06-29',0),(2618,18910,'2020-06-29',0),(2619,18911,'2020-06-29',0),(2620,18912,'2020-06-29',1),(2621,18913,'2020-06-29',0),(2622,18914,'2020-06-29',1),(2623,18915,'2020-06-29',1),(2624,18916,'2020-06-29',0),(2625,18917,'2020-06-29',0),(2626,18918,'2020-06-29',0),(2627,18919,'2020-06-29',0),(2628,18920,'2020-06-29',0),(2629,18921,'2020-06-29',0),(2630,18922,'2020-06-29',1),(2631,18923,'2020-06-29',1),(2632,18924,'2020-06-29',1),(2633,18925,'2020-06-29',1),(2634,18926,'2020-06-29',1),(2635,18927,'2020-06-29',0),(2636,18928,'2020-06-29',1),(2637,18929,'2020-06-29',0),(2638,18930,'2020-06-29',1),(2639,18931,'2020-06-29',1),(2640,18932,'2020-06-29',1),(2641,18933,'2020-06-29',1),(2642,18934,'2020-06-29',1),(2643,18935,'2020-06-29',0),(2644,18936,'2020-06-29',0),(2645,18937,'2020-06-29',1),(2646,18938,'2020-06-29',0),(2647,18939,'2020-06-29',1),(2648,18940,'2020-06-29',1),(2649,18941,'2020-06-29',0),(2650,18942,'2020-06-29',1),(2651,18943,'2020-06-29',0),(2652,18944,'2020-06-29',0),(2653,18945,'2020-06-29',1),(2654,18946,'2020-06-29',0),(2655,18947,'2020-06-29',1),(2656,18948,'2020-06-29',0),(2657,18949,'2020-06-29',0),(2658,18950,'2020-06-29',1),(2659,18951,'2020-06-29',0),(2660,18952,'2020-06-29',0),(2661,18953,'2020-06-29',1),(2662,18954,'2020-06-29',1),(2663,18955,'2020-06-29',0),(2664,18956,'2020-06-29',0),(2665,18957,'2020-06-29',1),(2666,18958,'2020-06-29',0),(2667,18959,'2020-06-29',0),(2668,18960,'2020-06-29',0),(2669,18961,'2020-06-29',0),(2670,18962,'2020-06-29',1),(2671,18963,'2020-06-29',0),(2672,18964,'2020-06-29',0),(2673,18965,'2020-06-29',1),(2674,18966,'2020-06-29',0),(2675,18967,'2020-06-29',0),(2676,18968,'2020-06-29',0),(2677,27894,'2020-06-29',1),(2678,27895,'2020-06-29',0),(2679,27896,'2020-06-29',1),(2680,27897,'2020-06-29',0),(2681,27898,'2020-06-29',0),(2682,27899,'2020-06-29',0),(2683,27900,'2020-06-29',0),(2684,27901,'2020-06-29',1),(2685,27902,'2020-06-29',1),(2686,27903,'2020-06-29',0),(2687,27904,'2020-06-29',0),(2688,27905,'2020-06-29',1),(2689,27906,'2020-06-29',0),(2690,27907,'2020-06-29',1),(2691,27908,'2020-06-29',1),(2692,27909,'2020-06-29',0),(2693,27910,'2020-06-29',0),(2694,27911,'2020-06-29',0),(2695,27912,'2020-06-29',1),(2696,27913,'2020-06-29',1),(2697,27914,'2020-06-29',1),(2698,27915,'2020-06-29',0),(2699,27916,'2020-06-29',0),(2700,27917,'2020-06-29',1),(2701,27918,'2020-06-29',0),(2702,27919,'2020-06-29',0),(2703,27920,'2020-06-29',1),(2704,27921,'2020-06-29',1),(2705,27922,'2020-06-29',1),(2706,27923,'2020-06-29',0),(2707,27924,'2020-06-29',0),(2708,27925,'2020-06-29',1),(2709,27926,'2020-06-29',1),(2710,27927,'2020-06-29',0),(2711,27928,'2020-06-29',1),(2712,27929,'2020-06-29',0),(2713,27930,'2020-06-29',1),(2714,27931,'2020-06-29',1),(2715,27932,'2020-06-29',0),(2716,27933,'2020-06-29',1),(2717,27934,'2020-06-29',0),(2718,27935,'2020-06-29',1),(2719,27936,'2020-06-29',0),(2720,27937,'2020-06-29',1),(2721,27938,'2020-06-29',0),(2722,27939,'2020-06-29',1),(2723,27940,'2020-06-29',0),(2724,27941,'2020-06-29',0),(2725,27942,'2020-06-29',1),(2726,27943,'2020-06-29',1),(2727,27944,'2020-06-29',0),(2728,27945,'2020-06-29',0),(2729,27946,'2020-06-29',0),(2730,27947,'2020-06-29',1),(2731,27948,'2020-06-29',1),(2732,27949,'2020-06-29',1),(2733,27950,'2020-06-29',1),(2734,27951,'2020-06-29',1),(2735,27952,'2020-06-29',0),(2736,27953,'2020-06-29',0),(2737,27954,'2020-06-29',0),(2738,27955,'2020-06-29',0),(2739,27956,'2020-06-29',0),(2740,27957,'2020-06-29',1),(2741,27958,'2020-06-29',0),(2742,27959,'2020-06-29',1),(2743,27960,'2020-06-29',1),(2744,27961,'2020-06-29',1),(2745,27962,'2020-06-29',0),(2746,27963,'2020-06-29',0),(2747,27964,'2020-06-29',1),(2748,27965,'2020-06-29',1),(2749,27966,'2020-06-29',1),(2750,27967,'2020-06-29',1),(2751,27968,'2020-06-29',0),(2752,27969,'2020-06-29',1),(2753,32003,'2020-06-29',1),(2754,32004,'2020-06-29',1),(2755,32005,'2020-06-29',0),(2756,32006,'2020-06-29',1),(2757,32007,'2020-06-29',1),(2758,32008,'2020-06-29',0),(2759,32009,'2020-06-29',0),(2760,32010,'2020-06-29',1),(2761,32011,'2020-06-29',0),(2762,32012,'2020-06-29',0),(2763,32013,'2020-06-29',0),(2764,32014,'2020-06-29',0),(2765,32015,'2020-06-29',0),(2766,32016,'2020-06-29',1),(2767,32017,'2020-06-29',0),(2768,32018,'2020-06-29',0),(2769,32019,'2020-06-29',1),(2770,32020,'2020-06-29',0),(2771,32021,'2020-06-29',1),(2772,32022,'2020-06-29',0),(2773,32023,'2020-06-29',0),(2774,32024,'2020-06-29',1),(2775,32025,'2020-06-29',0),(2776,32026,'2020-06-29',0),(2777,32027,'2020-06-29',0),(2778,32028,'2020-06-29',0),(2779,32029,'2020-06-29',0),(2780,32030,'2020-06-29',1),(2781,32031,'2020-06-29',0),(2782,32032,'2020-06-29',1),(2783,32033,'2020-06-29',1),(2784,32034,'2020-06-29',0),(2785,32035,'2020-06-29',0),(2786,32036,'2020-06-29',1),(2787,32037,'2020-06-29',1),(2788,32038,'2020-06-29',1),(2789,32039,'2020-06-29',0),(2790,32040,'2020-06-29',1),(2791,32041,'2020-06-29',1),(2792,32042,'2020-06-29',1),(2793,32043,'2020-06-29',0),(2794,32044,'2020-06-29',0),(2795,32045,'2020-06-29',0),(2796,32046,'2020-06-29',0),(2797,32047,'2020-06-29',0),(2798,32048,'2020-06-29',1),(2799,32049,'2020-06-29',1),(2800,32050,'2020-06-29',0),(2801,32051,'2020-06-29',0),(2802,32052,'2020-06-29',0),(2803,32053,'2020-06-29',0),(2804,32054,'2020-06-29',1),(2805,32055,'2020-06-29',0),(2806,32056,'2020-06-29',0),(2807,32057,'2020-06-29',1),(2808,32058,'2020-06-29',0),(2809,32059,'2020-06-29',0),(2810,32060,'2020-06-29',1),(2811,32061,'2020-06-29',0),(2812,32062,'2020-06-29',0),(2813,32063,'2020-06-29',1),(2814,32064,'2020-06-29',0),(2815,32065,'2020-06-29',1),(2816,32066,'2020-06-29',1),(2817,32067,'2020-06-29',1),(2818,32068,'2020-06-29',1),(2819,32069,'2020-06-29',1),(2820,32070,'2020-06-29',0),(2821,32071,'2020-06-29',1),(2822,32072,'2020-06-29',1),(2823,32073,'2020-06-29',0),(2824,32074,'2020-06-29',1),(2825,32075,'2020-06-29',0),(2826,32076,'2020-06-29',0),(2827,32077,'2020-06-29',0),(2828,32078,'2020-06-29',1),(2829,32079,'2020-06-29',1),(2830,32080,'2020-06-29',1),(2831,32081,'2020-06-29',1),(2832,32082,'2020-06-29',0),(2833,32083,'2020-06-29',0),(2834,41003,'2020-06-29',0),(2835,41004,'2020-06-29',0),(2836,41005,'2020-06-29',0),(2837,41006,'2020-06-29',0),(2838,41007,'2020-06-29',1),(2839,41008,'2020-06-29',1),(2840,41009,'2020-06-29',1),(2841,41010,'2020-06-29',1),(2842,41011,'2020-06-29',0),(2843,41012,'2020-06-29',1),(2844,41013,'2020-06-29',1),(2845,41014,'2020-06-29',0),(2846,41015,'2020-06-29',0),(2847,41016,'2020-06-29',1),(2848,41017,'2020-06-29',1),(2849,41018,'2020-06-29',0),(2850,41019,'2020-06-29',1),(2851,41020,'2020-06-29',1),(2852,41021,'2020-06-29',1),(2853,41022,'2020-06-29',1),(2854,41023,'2020-06-29',1),(2855,41024,'2020-06-29',0),(2856,41025,'2020-06-29',0),(2857,41026,'2020-06-29',0),(2858,41027,'2020-06-29',0),(2859,41028,'2020-06-29',1),(2860,41029,'2020-06-29',0),(2861,41030,'2020-06-29',1),(2862,41031,'2020-06-29',1),(2863,41032,'2020-06-29',0),(2864,41033,'2020-06-29',0),(2865,41034,'2020-06-29',1),(2866,41035,'2020-06-29',1),(2867,41036,'2020-06-29',1),(2868,41037,'2020-06-29',1),(2869,41038,'2020-06-29',1),(2870,41039,'2020-06-29',0),(2871,41040,'2020-06-29',1),(2872,41041,'2020-06-29',1),(2873,41042,'2020-06-29',1),(2874,41043,'2020-06-29',0),(2875,41044,'2020-06-29',1),(2876,41045,'2020-06-29',1),(2877,41046,'2020-06-29',0),(2878,41047,'2020-06-29',0),(2879,41048,'2020-06-29',1),(2880,41049,'2020-06-29',0),(2881,41050,'2020-06-29',1),(2882,41051,'2020-06-29',0),(2883,41052,'2020-06-29',0),(2884,41053,'2020-06-29',0),(2885,41054,'2020-06-29',1),(2886,41055,'2020-06-29',1),(2887,41056,'2020-06-29',0),(2888,41057,'2020-06-29',1),(2889,41058,'2020-06-29',0),(2890,41059,'2020-06-29',1),(2891,41060,'2020-06-29',0),(2892,41061,'2020-06-29',0),(2893,41062,'2020-06-29',1),(2894,41063,'2020-06-29',0),(2895,41064,'2020-06-29',0),(2896,41065,'2020-06-29',0),(2897,41066,'2020-06-29',0),(2898,41067,'2020-06-29',0),(2899,41068,'2020-06-29',0),(2900,41069,'2020-06-29',1),(2901,41070,'2020-06-29',0),(2902,41071,'2020-06-29',0),(2903,41072,'2020-06-29',1),(2904,41073,'2020-06-29',0),(2905,41074,'2020-06-29',1),(2906,41075,'2020-06-29',0),(2907,41076,'2020-06-29',0),(2908,41077,'2020-06-29',0),(2909,41078,'2020-06-29',0),(2910,41079,'2020-06-29',0),(2911,41080,'2020-06-29',0),(2912,41081,'2020-06-29',1),(2913,41082,'2020-06-29',0),(2914,41083,'2020-06-29',1),(2915,47362,'2020-06-29',0),(2916,47363,'2020-06-29',1),(2917,47364,'2020-06-29',0),(2918,47365,'2020-06-29',0),(2919,47366,'2020-06-29',1),(2920,47367,'2020-06-29',0),(2921,47368,'2020-06-29',0),(2922,47369,'2020-06-29',1),(2923,47370,'2020-06-29',1),(2924,47371,'2020-06-29',1),(2925,47372,'2020-06-29',1),(2926,47373,'2020-06-29',0),(2927,47374,'2020-06-29',0),(2928,47375,'2020-06-29',0),(2929,47376,'2020-06-29',1),(2930,47377,'2020-06-29',1),(2931,47378,'2020-06-29',1),(2932,47379,'2020-06-29',1),(2933,47380,'2020-06-29',1),(2934,47381,'2020-06-29',0),(2935,47382,'2020-06-29',1),(2936,47383,'2020-06-29',1),(2937,47384,'2020-06-29',1),(2938,47385,'2020-06-29',1),(2939,47386,'2020-06-29',0),(2940,47387,'2020-06-29',1),(2941,47388,'2020-06-29',0),(2942,47389,'2020-06-29',0),(2943,47390,'2020-06-29',1),(2944,47391,'2020-06-29',0),(2945,47392,'2020-06-29',1),(2946,47393,'2020-06-29',0),(2947,47394,'2020-06-29',0),(2948,47395,'2020-06-29',0),(2949,47396,'2020-06-29',1),(2950,47397,'2020-06-29',1),(2951,47398,'2020-06-29',0),(2952,47399,'2020-06-29',1),(2953,47400,'2020-06-29',0),(2954,47401,'2020-06-29',0),(2955,47402,'2020-06-29',0),(2956,47403,'2020-06-29',1),(2957,47404,'2020-06-29',0),(2958,47405,'2020-06-29',1),(2959,47406,'2020-06-29',0),(2960,47407,'2020-06-29',1),(2961,47408,'2020-06-29',0),(2962,47409,'2020-06-29',1),(2963,47410,'2020-06-29',0),(2964,47411,'2020-06-29',1),(2965,47412,'2020-06-29',1),(2966,47413,'2020-06-29',1),(2967,47414,'2020-06-29',1),(2968,47415,'2020-06-29',1),(2969,47416,'2020-06-29',1),(2970,47417,'2020-06-29',0),(2971,47418,'2020-06-29',0),(2972,47419,'2020-06-29',0),(2973,47420,'2020-06-29',0),(2974,47421,'2020-06-29',0),(2975,47422,'2020-06-29',1),(2976,47423,'2020-06-29',1),(2977,47424,'2020-06-29',0),(2978,47425,'2020-06-29',0),(2979,47426,'2020-06-29',1),(2980,47427,'2020-06-29',1),(2981,47428,'2020-06-29',1),(2982,47429,'2020-06-29',1),(2983,47430,'2020-06-29',0),(2984,47431,'2020-06-29',1),(2985,47432,'2020-06-29',1),(2986,56363,'2020-06-29',1),(2987,56364,'2020-06-29',1),(2988,56365,'2020-06-29',0),(2989,56366,'2020-06-29',0),(2990,56367,'2020-06-29',1),(2991,56368,'2020-06-29',1),(2992,56369,'2020-06-29',0),(2993,56370,'2020-06-29',1),(2994,56371,'2020-06-29',0),(2995,56372,'2020-06-29',1),(2996,56373,'2020-06-29',0),(2997,56374,'2020-06-29',1),(2998,56375,'2020-06-29',1),(2999,56376,'2020-06-29',0),(3000,56377,'2020-06-29',0),(3001,56378,'2020-06-29',0),(3002,56379,'2020-06-29',1),(3003,56380,'2020-06-29',0),(3004,56381,'2020-06-29',0),(3005,56382,'2020-06-29',1),(3006,56383,'2020-06-29',0),(3007,56384,'2020-06-29',1),(3008,56385,'2020-06-29',0),(3009,56386,'2020-06-29',1),(3010,56387,'2020-06-29',0),(3011,56388,'2020-06-29',1),(3012,56389,'2020-06-29',0),(3013,56390,'2020-06-29',1),(3014,56391,'2020-06-29',0),(3015,56392,'2020-06-29',0),(3016,56393,'2020-06-29',0),(3017,56394,'2020-06-29',0),(3018,56395,'2020-06-29',0),(3019,56396,'2020-06-29',0),(3020,56397,'2020-06-29',1),(3021,56398,'2020-06-29',1),(3022,56399,'2020-06-29',1),(3023,56400,'2020-06-29',1),(3024,56401,'2020-06-29',0),(3025,56402,'2020-06-29',1),(3026,56403,'2020-06-29',0),(3027,56404,'2020-06-29',0),(3028,56405,'2020-06-29',1),(3029,56406,'2020-06-29',0),(3030,56407,'2020-06-29',0),(3031,56408,'2020-06-29',1),(3032,56409,'2020-06-29',1),(3033,56410,'2020-06-29',0),(3034,56411,'2020-06-29',1),(3035,56412,'2020-06-29',1),(3036,56413,'2020-06-29',0),(3037,56414,'2020-06-29',0),(3038,56415,'2020-06-29',1),(3039,56416,'2020-06-29',1),(3040,56417,'2020-06-29',1),(3041,56418,'2020-06-29',1),(3042,56419,'2020-06-29',0),(3043,56420,'2020-06-29',0),(3044,56421,'2020-06-29',0),(3045,56422,'2020-06-29',0),(3046,56423,'2020-06-29',1),(3047,56424,'2020-06-29',1),(3048,56425,'2020-06-29',1),(3049,56426,'2020-06-29',0),(3050,56427,'2020-06-29',0),(3051,56428,'2020-06-29',1),(3052,56429,'2020-06-29',0),(3053,56430,'2020-06-29',0),(3054,56431,'2020-06-29',0),(3055,56432,'2020-06-29',0),(3056,66397,'2020-06-29',0),(3057,66398,'2020-06-29',1),(3058,66399,'2020-06-29',0),(3059,66400,'2020-06-29',1),(3060,66401,'2020-06-29',0),(3061,66402,'2020-06-29',0),(3062,66403,'2020-06-29',1),(3063,66404,'2020-06-29',0),(3064,66405,'2020-06-29',1),(3065,66406,'2020-06-29',1),(3066,66407,'2020-06-29',1),(3067,66408,'2020-06-29',1),(3068,66409,'2020-06-29',0),(3069,66410,'2020-06-29',1),(3070,66411,'2020-06-29',0),(3071,66412,'2020-06-29',1),(3072,66413,'2020-06-29',0),(3073,66414,'2020-06-29',0),(3074,66415,'2020-06-29',0),(3075,66416,'2020-06-29',1),(3076,66417,'2020-06-29',0),(3077,66418,'2020-06-29',0),(3078,66419,'2020-06-29',1),(3079,66420,'2020-06-29',1),(3080,66421,'2020-06-29',1),(3081,66422,'2020-06-29',1),(3082,66423,'2020-06-29',1),(3083,66424,'2020-06-29',0),(3084,66425,'2020-06-29',1),(3085,66426,'2020-06-29',0),(3086,66427,'2020-06-29',1),(3087,66428,'2020-06-29',1),(3088,66429,'2020-06-29',1),(3089,66430,'2020-06-29',1),(3090,66431,'2020-06-29',0),(3091,66432,'2020-06-29',1),(3092,66433,'2020-06-29',0),(3093,66434,'2020-06-29',0),(3094,66435,'2020-06-29',0),(3095,66436,'2020-06-29',0),(3096,66437,'2020-06-29',0),(3097,66438,'2020-06-29',0),(3098,66439,'2020-06-29',0),(3099,66440,'2020-06-29',0),(3100,66441,'2020-06-29',0),(3101,66442,'2020-06-29',1),(3102,66443,'2020-06-29',1),(3103,66444,'2020-06-29',0),(3104,66445,'2020-06-29',0),(3105,66446,'2020-06-29',0),(3106,66447,'2020-06-29',1),(3107,66448,'2020-06-29',0),(3108,66449,'2020-06-29',0),(3109,66450,'2020-06-29',0),(3110,66451,'2020-06-29',1),(3111,66452,'2020-06-29',1),(3112,66453,'2020-06-29',1),(3113,66454,'2020-06-29',1),(3114,66455,'2020-06-29',1),(3115,66456,'2020-06-29',0),(3116,66457,'2020-06-29',1),(3117,66458,'2020-06-29',1),(3118,66459,'2020-06-29',0),(3119,66460,'2020-06-29',1),(3120,66461,'2020-06-29',1),(3121,66462,'2020-06-29',1),(3122,66463,'2020-06-29',1),(3123,66464,'2020-06-29',0),(3124,66465,'2020-06-29',1),(3125,66466,'2020-06-29',0),(3126,66467,'2020-06-29',0),(3127,66468,'2020-06-29',0),(3128,66469,'2020-06-29',1),(3129,66470,'2020-06-29',1),(3130,66471,'2020-06-29',1),(3131,66472,'2020-06-29',0),(3132,75397,'2020-06-29',1),(3133,75398,'2020-06-29',0),(3134,75399,'2020-06-29',1),(3135,75400,'2020-06-29',1),(3136,75401,'2020-06-29',0),(3137,75402,'2020-06-29',1),(3138,75403,'2020-06-29',0),(3139,75404,'2020-06-29',0),(3140,75405,'2020-06-29',1),(3141,75406,'2020-06-29',1),(3142,75407,'2020-06-29',0),(3143,75408,'2020-06-29',0),(3144,75409,'2020-06-29',0),(3145,75410,'2020-06-29',1),(3146,75411,'2020-06-29',0),(3147,75412,'2020-06-29',1),(3148,75413,'2020-06-29',0),(3149,75414,'2020-06-29',0),(3150,75415,'2020-06-29',1),(3151,75416,'2020-06-29',1),(3152,75417,'2020-06-29',0),(3153,75418,'2020-06-29',1),(3154,75419,'2020-06-29',1),(3155,75420,'2020-06-29',0),(3156,75421,'2020-06-29',0),(3157,75422,'2020-06-29',1),(3158,75423,'2020-06-29',0),(3159,75424,'2020-06-29',0),(3160,75425,'2020-06-29',0),(3161,75426,'2020-06-29',0),(3162,75427,'2020-06-29',0),(3163,75428,'2020-06-29',0),(3164,75429,'2020-06-29',1),(3165,75430,'2020-06-29',1),(3166,75431,'2020-06-29',1),(3167,75432,'2020-06-29',0),(3168,75433,'2020-06-29',0),(3169,75434,'2020-06-29',0),(3170,75435,'2020-06-29',0),(3171,75436,'2020-06-29',0),(3172,75437,'2020-06-29',0),(3173,75438,'2020-06-29',1),(3174,75439,'2020-06-29',0),(3175,75440,'2020-06-29',1),(3176,75441,'2020-06-29',1),(3177,75442,'2020-06-29',0),(3178,75443,'2020-06-29',0),(3179,75444,'2020-06-29',1),(3180,75445,'2020-06-29',1),(3181,75446,'2020-06-29',1),(3182,75447,'2020-06-29',1),(3183,75448,'2020-06-29',0),(3184,75449,'2020-06-29',0),(3185,75450,'2020-06-29',0),(3186,75451,'2020-06-29',1),(3187,75452,'2020-06-29',0),(3188,75453,'2020-06-29',1),(3189,75454,'2020-06-29',0),(3190,75455,'2020-06-29',0),(3191,75456,'2020-06-29',0),(3192,75457,'2020-06-29',1),(3193,75458,'2020-06-29',1),(3194,75459,'2020-06-29',1),(3195,75460,'2020-06-29',1),(3196,75461,'2020-06-29',1),(3197,75462,'2020-06-29',1),(3198,75463,'2020-06-29',0),(3199,75464,'2020-06-29',0),(3200,75465,'2020-06-29',0),(3201,75466,'2020-06-29',0),(3202,75467,'2020-06-29',1),(3203,75468,'2020-06-29',0),(3204,75469,'2020-06-29',1),(3205,75470,'2020-06-29',0),(3206,75471,'2020-06-29',1),(3207,75472,'2020-06-29',1),(3208,88100,'2020-06-29',1),(3209,88101,'2020-06-29',1),(3210,88102,'2020-06-29',1),(3211,88103,'2020-06-29',0),(3212,88104,'2020-06-29',0),(3213,88105,'2020-06-29',1),(3214,88106,'2020-06-29',0),(3215,88107,'2020-06-29',0),(3216,88108,'2020-06-29',1),(3217,88109,'2020-06-29',1),(3218,88110,'2020-06-29',1),(3219,88111,'2020-06-29',0),(3220,88112,'2020-06-29',0),(3221,88113,'2020-06-29',0),(3222,88114,'2020-06-29',0),(3223,88115,'2020-06-29',0),(3224,88116,'2020-06-29',1),(3225,88117,'2020-06-29',0),(3226,88118,'2020-06-29',1),(3227,88119,'2020-06-29',0),(3228,88120,'2020-06-29',0),(3229,88121,'2020-06-29',0),(3230,88122,'2020-06-29',1),(3231,88123,'2020-06-29',1),(3232,88124,'2020-06-29',1),(3233,88125,'2020-06-29',1),(3234,88126,'2020-06-29',0),(3235,88127,'2020-06-29',1),(3236,88128,'2020-06-29',1),(3237,88129,'2020-06-29',1),(3238,88130,'2020-06-29',0),(3239,88131,'2020-06-29',0),(3240,88132,'2020-06-29',1),(3241,88133,'2020-06-29',1),(3242,88134,'2020-06-29',0),(3243,88135,'2020-06-29',1),(3244,88136,'2020-06-29',1),(3245,88137,'2020-06-29',0),(3246,88138,'2020-06-29',0),(3247,88139,'2020-06-29',0),(3248,88140,'2020-06-29',0),(3249,88141,'2020-06-29',0),(3250,88142,'2020-06-29',1);
/*!40000 ALTER TABLE `empleado_control_semanal` ENABLE KEYS */;
UNLOCK TABLES;

--
-- Table structure for table `empleado_has_centrofichado`
--

DROP TABLE IF EXISTS `empleado_has_centrofichado`;
/*!40101 SET @saved_cs_client     = @@character_set_client */;
/*!50503 SET character_set_client = utf8mb4 */;
CREATE TABLE `empleado_has_centrofichado` (
  `EMPLEADO_id` int(11) unsigned NOT NULL,
  `entrada` datetime NOT NULL,
  `salida` datetime NOT NULL,
  `CENTRO_id` int(11) unsigned NOT NULL,
  KEY `FK_empleado_has_centroentrada_centrosanitario_id` (`CENTRO_id`),
  KEY `FK_empleado_has_centrofichado_empleado_matricula` (`EMPLEADO_id`),
  CONSTRAINT `FK_empleado_has_centroentrada_centrosanitario_id` FOREIGN KEY (`CENTRO_id`) REFERENCES `centrosanitario` (`id`),
  CONSTRAINT `FK_empleado_has_centrofichado_empleado_matricula` FOREIGN KEY (`EMPLEADO_id`) REFERENCES `empleado` (`matricula`)
) ENGINE=InnoDB DEFAULT CHARSET=utf8;
/*!40101 SET character_set_client = @saved_cs_client */;

--
-- Dumping data for table `empleado_has_centrofichado`
--

LOCK TABLES `empleado_has_centrofichado` WRITE;
/*!40000 ALTER TABLE `empleado_has_centrofichado` DISABLE KEYS */;
INSERT INTO `empleado_has_centrofichado` VALUES (18893,'2020-06-23 12:35:00','2020-06-23 19:29:00',183),(18894,'2020-01-22 04:56:00','2020-01-22 20:29:00',224),(18895,'2020-06-25 21:10:00','2020-06-27 04:16:00',175),(18896,'2020-03-25 11:57:00','2020-03-27 08:53:00',24),(18897,'2020-04-21 05:27:00','2020-04-21 11:30:00',195),(18898,'2020-06-15 04:01:00','2020-06-17 00:05:00',243),(18899,'2020-02-02 00:45:00','2020-02-02 16:18:00',37),(18900,'2020-04-27 19:49:00','2020-04-28 21:44:00',229),(18901,'2020-03-19 21:16:00','2020-03-21 01:47:00',129),(18902,'2020-06-11 16:41:00','2020-06-13 02:23:00',154),(18903,'2020-06-25 10:17:00','2020-06-26 00:07:00',177),(18904,'2020-03-02 13:58:00','2020-03-03 06:23:00',71),(18905,'2020-04-19 07:35:00','2020-04-19 19:40:00',211),(18906,'2020-04-16 02:52:00','2020-04-16 11:30:00',253),(18907,'2020-05-31 18:33:00','2020-06-01 08:23:00',37),(18908,'2020-02-20 23:03:00','2020-02-22 10:29:00',282),(18909,'2020-05-10 17:27:00','2020-05-11 04:40:00',59),(18910,'2020-01-18 04:53:00','2020-01-18 22:10:00',114),(18911,'2020-06-12 00:29:00','2020-06-12 05:40:00',62),(18912,'2020-02-22 00:25:00','2020-02-22 22:01:00',245),(18913,'2020-01-30 23:01:00','2020-02-01 04:23:00',169),(18914,'2020-03-30 06:57:00','2020-03-31 10:36:00',223),(18915,'2020-01-01 08:22:00','2020-01-02 01:39:00',209),(18916,'2020-03-07 20:49:00','2020-03-09 06:30:00',11),(18917,'2020-03-10 11:30:00','2020-03-12 00:39:00',143),(18918,'2020-02-05 13:18:00','2020-02-07 06:46:00',169),(18919,'2020-01-21 01:51:00','2020-01-22 14:09:00',206),(18920,'2020-06-09 06:40:00','2020-06-10 06:52:00',8),(18921,'2020-06-10 08:35:00','2020-06-10 14:38:00',122),(18922,'2020-04-06 12:01:00','2020-04-07 09:37:00',133),(18923,'2020-05-05 21:22:00','2020-05-06 09:28:00',131),(18924,'2020-03-01 01:43:00','2020-03-02 03:38:00',244),(18925,'2020-03-21 03:18:00','2020-03-22 01:46:00',260),(18926,'2020-03-29 02:29:00','2020-03-30 00:05:00',100),(18927,'2020-05-04 10:54:00','2020-05-04 18:40:00',44),(18928,'2020-01-16 14:07:00','2020-01-17 14:18:00',268),(18929,'2020-05-08 08:25:00','2020-05-08 23:07:00',190),(18930,'2020-01-12 16:54:00','2020-01-13 20:33:00',15),(18931,'2020-03-20 11:09:00','2020-03-21 03:33:00',106),(18932,'2020-04-17 23:07:00','2020-04-18 10:21:00',114),(18933,'2020-04-26 12:14:00','2020-04-28 01:23:00',119),(18934,'2020-05-13 22:23:00','2020-05-15 15:51:00',129),(18935,'2020-02-14 20:50:00','2020-02-16 18:37:00',80),(18936,'2020-04-28 23:35:00','2020-04-30 12:44:00',16),(18937,'2020-04-03 01:27:00','2020-04-03 17:00:00',68),(18938,'2020-02-18 09:37:00','2020-02-19 22:46:00',106),(18939,'2020-02-22 01:13:00','2020-02-23 18:41:00',173),(18940,'2020-06-11 05:01:00','2020-06-12 19:02:00',140),(18941,'2020-03-21 22:48:00','2020-03-23 09:22:00',153),(18942,'2020-02-22 09:38:00','2020-02-23 20:12:00',33),(18943,'2020-05-06 08:15:00','2020-05-06 23:48:00',236),(18944,'2020-02-21 10:31:00','2020-02-22 11:34:00',224),(18945,'2020-04-23 02:52:00','2020-04-23 23:36:00',183),(18946,'2020-04-16 19:44:00','2020-04-17 06:58:00',134),(18947,'2020-06-13 09:02:00','2020-06-14 17:52:00',179),(18948,'2020-06-17 18:39:00','2020-06-17 23:50:00',82),(18949,'2020-06-10 18:29:00','2020-06-12 15:25:00',247),(18950,'2020-03-19 09:20:00','2020-03-21 02:49:00',269),(18951,'2020-02-15 14:56:00','2020-02-16 01:18:00',89),(18952,'2020-04-18 00:14:00','2020-04-18 06:17:00',241),(18953,'2020-04-19 07:28:00','2020-04-20 05:55:00',13),(18954,'2020-05-03 11:56:00','2020-05-04 09:32:00',55),(18955,'2020-04-30 20:26:00','2020-05-01 17:10:00',157),(18956,'2020-05-30 16:43:00','2020-06-01 08:28:00',227),(18957,'2020-01-26 23:48:00','2020-01-27 08:26:00',79),(18958,'2020-01-21 03:20:00','2020-01-22 00:56:00',254),(18959,'2020-04-21 08:17:00','2020-04-22 04:10:00',230),(18960,'2020-01-01 23:30:00','2020-01-03 10:55:00',277),(18961,'2020-04-12 08:57:00','2020-04-13 16:03:00',63),(18962,'2020-04-17 02:24:00','2020-04-17 11:03:00',271),(18963,'2020-01-20 09:46:00','2020-01-21 10:50:00',24),(18964,'2020-02-26 04:17:00','2020-02-26 09:28:00',275),(18965,'2020-02-15 05:21:00','2020-02-16 16:46:00',111),(18966,'2020-05-14 20:40:00','2020-05-15 13:05:00',154),(18967,'2020-01-06 13:58:00','2020-01-07 21:04:00',14),(18968,'2020-02-02 16:03:00','2020-02-04 00:01:00',186),(27894,'2020-05-30 04:23:00','2020-05-30 19:04:00',153),(27895,'2020-02-06 21:11:00','2020-02-08 21:34:00',280),(27896,'2020-06-02 22:00:00','2020-06-04 14:36:00',162),(27897,'2020-04-27 02:06:00','2020-04-27 22:50:00',163),(27898,'2020-05-05 10:39:00','2020-05-05 21:53:00',150),(27899,'2020-03-10 12:45:00','2020-03-12 07:05:00',101),(27900,'2020-05-20 22:06:00','2020-05-22 08:40:00',163),(27901,'2020-01-13 19:01:00','2020-01-15 07:18:00',142),(27902,'2020-06-11 04:55:00','2020-06-11 17:01:00',3),(27903,'2020-02-16 13:48:00','2020-02-17 05:21:00',205),(27904,'2020-02-11 05:33:00','2020-02-11 20:15:00',60),(27905,'2020-04-20 10:45:00','2020-04-22 04:13:00',161),(27906,'2020-06-04 11:31:00','2020-06-05 22:56:00',248),(27907,'2020-06-18 10:24:00','2020-06-20 09:03:00',156),(27908,'2020-03-25 01:47:00','2020-03-26 20:59:00',191),(27909,'2020-04-08 06:02:00','2020-04-10 04:41:00',58),(27910,'2020-04-06 21:31:00','2020-04-08 08:57:00',136),(27911,'2020-06-18 19:31:00','2020-06-19 08:29:00',108),(27912,'2020-03-02 13:43:00','2020-03-04 04:36:00',119),(27913,'2020-04-23 23:58:00','2020-04-25 16:34:00',19),(27914,'2020-03-27 10:06:00','2020-03-28 20:40:00',260),(27915,'2020-05-16 17:06:00','2020-05-17 14:42:00',280),(27916,'2020-05-19 02:48:00','2020-05-20 21:08:00',141),(27917,'2020-01-06 02:52:00','2020-01-06 21:01:00',256),(27918,'2020-03-29 17:33:00','2020-03-30 22:56:00',193),(27919,'2020-01-10 17:09:00','2020-01-11 06:06:00',184),(27920,'2020-02-05 16:46:00','2020-02-06 15:13:00',102),(27921,'2020-05-05 03:20:00','2020-05-06 13:53:00',242),(27922,'2020-03-19 09:17:00','2020-03-19 16:12:00',181),(27923,'2020-05-12 06:49:00','2020-05-12 13:44:00',229),(27924,'2020-06-16 16:01:00','2020-06-17 15:20:00',30),(27925,'2020-01-17 04:35:00','2020-01-17 12:22:00',135),(27926,'2020-06-11 09:40:00','2020-06-12 03:49:00',22),(27927,'2020-03-02 09:43:00','2020-03-02 14:54:00',84),(27928,'2020-06-04 13:03:00','2020-06-06 09:07:00',155),(27929,'2020-01-11 09:07:00','2020-01-13 06:54:00',180),(27930,'2020-03-20 04:45:00','2020-03-22 01:40:00',31),(27931,'2020-04-03 08:23:00','2020-04-04 14:37:00',158),(27932,'2020-02-10 20:18:00','2020-02-11 06:40:00',278),(27933,'2020-05-29 21:22:00','2020-05-30 18:06:00',230),(27934,'2020-04-07 23:26:00','2020-04-08 08:04:00',144),(27935,'2020-03-04 21:01:00','2020-03-05 20:21:00',44),(27936,'2020-03-08 11:40:00','2020-03-08 22:02:00',69),(27937,'2020-03-30 12:29:00','2020-04-01 03:22:00',182),(27938,'2020-02-21 06:38:00','2020-02-22 05:57:00',67),(27939,'2020-04-07 19:17:00','2020-04-08 01:19:00',236),(27940,'2020-02-08 04:14:00','2020-02-08 23:15:00',110),(27941,'2020-03-29 15:17:00','2020-03-31 11:21:00',153),(27942,'2020-05-23 04:23:00','2020-05-25 03:55:00',6),(27943,'2020-01-13 09:11:00','2020-01-15 08:42:00',61),(27944,'2020-05-28 03:45:00','2020-05-30 04:08:00',84),(27945,'2020-05-06 20:40:00','2020-05-08 19:20:00',64),(27946,'2020-02-19 02:26:00','2020-02-20 08:41:00',72),(27947,'2020-04-08 02:02:00','2020-04-08 19:19:00',259),(27948,'2020-03-05 23:55:00','2020-03-07 03:34:00',40),(27949,'2020-02-02 06:09:00','2020-02-02 20:50:00',264),(27950,'2020-01-07 21:18:00','2020-01-09 19:57:00',73),(27951,'2020-03-28 06:57:00','2020-03-29 12:20:00',120),(27952,'2020-04-28 23:06:00','2020-04-30 14:51:00',23),(27953,'2020-03-09 08:52:00','2020-03-11 03:13:00',276),(27954,'2020-02-28 03:00:00','2020-03-01 03:23:00',62),(27955,'2020-02-14 00:40:00','2020-02-15 02:35:00',140),(27956,'2020-06-06 01:26:00','2020-06-06 21:18:00',282),(27957,'2020-04-27 06:31:00','2020-04-28 02:23:00',201),(27958,'2020-04-01 01:45:00','2020-04-02 21:49:00',212),(27959,'2020-03-17 20:36:00','2020-03-19 01:06:00',126),(27960,'2020-03-25 14:57:00','2020-03-27 04:06:00',118),(27961,'2020-03-08 01:15:00','2020-03-10 00:46:00',89),(27962,'2020-01-12 21:25:00','2020-01-13 07:47:00',145),(27963,'2020-04-11 12:32:00','2020-04-12 22:14:00',129),(27964,'2020-04-05 03:13:00','2020-04-06 06:52:00',254),(27965,'2020-05-14 08:47:00','2020-05-15 00:20:00',224),(27966,'2020-03-08 00:53:00','2020-03-09 12:18:00',184),(27967,'2020-06-22 08:32:00','2020-06-24 03:44:00',140),(27968,'2020-04-08 11:07:00','2020-04-09 15:38:00',202),(27969,'2020-03-22 04:53:00','2020-03-24 01:48:00',42),(32003,'2020-06-08 21:05:00','2020-06-10 11:58:00',241),(32004,'2020-03-14 16:38:00','2020-03-16 02:19:00',15),(32005,'2020-03-14 09:30:00','2020-03-16 01:14:00',96),(32006,'2020-03-18 03:37:00','2020-03-18 21:46:00',66),(32007,'2020-06-25 11:29:00','2020-06-26 21:11:00',62),(32008,'2020-05-24 07:10:00','2020-05-25 10:49:00',71),(32009,'2020-02-10 01:56:00','2020-02-11 15:57:00',103),(32010,'2020-01-10 20:48:00','2020-01-11 08:02:00',95),(32011,'2020-03-21 03:56:00','2020-03-22 09:19:00',235),(32012,'2020-03-25 04:01:00','2020-03-26 11:59:00',96),(32013,'2020-04-17 16:49:00','2020-04-17 23:44:00',28),(32014,'2020-04-30 01:35:00','2020-05-01 17:20:00',263),(32015,'2020-05-31 17:33:00','2020-06-02 07:34:00',262),(32016,'2020-01-09 23:31:00','2020-01-10 21:59:00',148),(32017,'2020-01-15 23:51:00','2020-01-16 07:37:00',157),(32018,'2020-04-05 14:03:00','2020-04-05 20:06:00',177),(32019,'2020-02-15 15:33:00','2020-02-17 06:25:00',81),(32020,'2020-01-20 15:09:00','2020-01-21 16:12:00',65),(32021,'2020-05-23 02:40:00','2020-05-25 00:27:00',33),(32022,'2020-06-23 07:07:00','2020-06-23 23:32:00',276),(32023,'2020-05-02 21:54:00','2020-05-03 23:49:00',201),(32024,'2020-03-04 07:34:00','2020-03-04 18:48:00',270),(32025,'2020-02-21 05:46:00','2020-02-22 19:47:00',264),(32026,'2020-01-27 16:40:00','2020-01-28 22:54:00',182),(32027,'2020-01-03 17:14:00','2020-01-04 08:47:00',170),(32028,'2020-06-04 17:28:00','2020-06-05 00:23:00',93),(32029,'2020-04-22 20:50:00','2020-04-24 05:40:00',120),(32030,'2020-06-14 20:25:00','2020-06-15 12:50:00',50),(32031,'2020-02-23 07:19:00','2020-02-24 05:47:00',117),(32032,'2020-01-16 21:03:00','2020-01-17 02:14:00',71),(32033,'2020-03-19 07:58:00','2020-03-19 13:09:00',97),(32034,'2020-02-07 16:41:00','2020-02-08 11:42:00',115),(32035,'2020-06-11 04:48:00','2020-06-12 16:14:00',145),(32036,'2020-04-25 21:23:00','2020-04-26 22:27:00',116),(32037,'2020-03-25 10:35:00','2020-03-25 17:29:00',24),(32038,'2020-01-29 12:44:00','2020-01-29 19:39:00',45),(32039,'2020-02-22 04:24:00','2020-02-22 17:22:00',239),(32040,'2020-05-17 12:03:00','2020-05-18 01:00:00',210),(32041,'2020-06-18 20:22:00','2020-06-19 22:17:00',113),(32042,'2020-05-13 09:03:00','2020-05-15 01:40:00',214),(32043,'2020-02-25 21:26:00','2020-02-27 20:57:00',105),(32044,'2020-01-07 20:40:00','2020-01-09 02:03:00',128),(32045,'2020-02-04 09:11:00','2020-02-05 23:12:00',159),(32046,'2020-06-23 04:31:00','2020-06-24 00:23:00',54),(32047,'2020-01-12 07:57:00','2020-01-13 13:20:00',102),(32048,'2020-05-31 03:28:00','2020-06-01 00:12:00',42),(32049,'2020-05-01 14:29:00','2020-05-02 06:02:00',36),(32050,'2020-06-23 05:30:00','2020-06-24 21:15:00',227),(32051,'2020-06-25 16:29:00','2020-06-27 16:52:00',224),(32052,'2020-04-06 23:38:00','2020-04-07 06:33:00',193),(32053,'2020-06-23 21:17:00','2020-06-25 06:58:00',23),(32054,'2020-03-24 14:04:00','2020-03-25 06:29:00',123),(32055,'2020-01-21 20:48:00','2020-01-23 04:46:00',210),(32056,'2020-06-13 16:28:00','2020-06-13 22:31:00',138),(32057,'2020-04-06 01:32:00','2020-04-07 20:44:00',6),(32058,'2020-05-22 01:12:00','2020-05-22 20:13:00',149),(32059,'2020-04-25 17:43:00','2020-04-26 10:07:00',177),(32060,'2020-01-05 09:39:00','2020-01-07 01:23:00',229),(32061,'2020-05-23 16:38:00','2020-05-25 05:47:00',227),(32062,'2020-01-05 20:02:00','2020-01-07 18:41:00',150),(32063,'2020-03-08 13:57:00','2020-03-09 15:52:00',139),(32064,'2020-06-09 03:25:00','2020-06-09 21:33:00',64),(32065,'2020-02-25 18:25:00','2020-02-27 12:45:00',95),(32066,'2020-03-30 21:55:00','2020-04-01 06:45:00',8),(32067,'2020-04-25 15:26:00','2020-04-26 06:07:00',156),(32068,'2020-06-17 08:39:00','2020-06-17 14:42:00',233),(32069,'2020-01-09 08:16:00','2020-01-10 21:25:00',270),(32070,'2020-01-24 17:23:00','2020-01-25 14:59:00',88),(32071,'2020-02-28 07:46:00','2020-02-29 11:25:00',139),(32072,'2020-06-13 08:52:00','2020-06-14 14:14:00',192),(32073,'2020-03-13 08:20:00','2020-03-14 11:07:00',150),(32074,'2020-06-17 01:41:00','2020-06-18 11:23:00',64),(32075,'2020-03-11 23:17:00','2020-03-13 09:50:00',204),(32076,'2020-05-31 09:54:00','2020-05-31 21:08:00',223),(32077,'2020-01-02 02:22:00','2020-01-02 23:58:00',146),(32078,'2020-01-30 20:09:00','2020-02-01 03:15:00',104),(32079,'2020-06-12 16:03:00','2020-06-14 13:50:00',41),(32080,'2020-02-06 21:54:00','2020-02-08 15:22:00',268),(32081,'2020-01-30 07:05:00','2020-01-31 23:42:00',265),(32082,'2020-04-01 17:43:00','2020-04-02 23:58:00',93),(32083,'2020-01-02 21:15:00','2020-01-04 00:53:00',90),(41003,'2020-04-18 08:35:00','2020-04-20 08:06:00',199),(41004,'2020-01-14 03:40:00','2020-01-15 03:00:00',190),(41005,'2020-01-17 14:42:00','2020-01-18 22:40:00',104),(41006,'2020-01-26 15:48:00','2020-01-27 21:11:00',153),(41007,'2020-03-03 16:51:00','2020-03-04 15:18:00',236),(41008,'2020-03-26 01:40:00','2020-03-26 07:43:00',168),(41009,'2020-03-24 13:43:00','2020-03-26 07:11:00',74),(41010,'2020-06-03 03:41:00','2020-06-03 10:36:00',72),(41011,'2020-01-19 11:51:00','2020-01-19 17:54:00',254),(41012,'2020-02-20 18:23:00','2020-02-22 03:12:00',241),(41013,'2020-04-30 04:59:00','2020-05-01 14:41:00',62),(41014,'2020-02-29 13:55:00','2020-03-01 14:58:00',207),(41015,'2020-03-28 04:42:00','2020-03-28 20:15:00',214),(41016,'2020-04-12 23:07:00','2020-04-13 07:45:00',40),(41017,'2020-02-11 14:03:00','2020-02-13 14:26:00',90),(41018,'2020-04-29 16:21:00','2020-04-30 03:35:00',103),(41019,'2020-06-14 02:58:00','2020-06-15 06:37:00',257),(41020,'2020-06-06 18:42:00','2020-06-07 18:53:00',16),(41021,'2020-05-22 06:37:00','2020-05-22 13:32:00',130),(41022,'2020-06-08 04:08:00','2020-06-09 15:33:00',145),(41023,'2020-02-07 11:11:00','2020-02-08 22:36:00',237),(41024,'2020-03-21 13:04:00','2020-03-23 03:05:00',86),(41025,'2020-05-08 04:03:00','2020-05-09 07:42:00',255),(41026,'2020-03-11 18:15:00','2020-03-13 16:55:00',42),(41027,'2020-03-21 06:19:00','2020-03-21 14:58:00',237),(41028,'2020-02-17 11:12:00','2020-02-18 16:34:00',275),(41029,'2020-03-29 11:25:00','2020-03-30 21:58:00',140),(41030,'2020-02-25 12:15:00','2020-02-26 15:54:00',272),(41031,'2020-01-09 01:06:00','2020-01-09 23:34:00',82),(41032,'2020-05-18 06:41:00','2020-05-19 12:55:00',143),(41033,'2020-06-22 16:54:00','2020-06-23 01:32:00',103),(41034,'2020-04-18 22:49:00','2020-04-20 19:45:00',224),(41035,'2020-02-26 20:33:00','2020-02-27 19:53:00',104),(41036,'2020-01-28 14:19:00','2020-01-30 08:39:00',113),(41037,'2020-01-03 03:21:00','2020-01-04 19:57:00',273),(41038,'2020-06-14 18:47:00','2020-06-15 01:41:00',16),(41039,'2020-01-10 07:38:00','2020-01-12 00:15:00',84),(41040,'2020-05-24 08:41:00','2020-05-26 05:36:00',151),(41041,'2020-05-04 08:06:00','2020-05-04 14:09:00',13),(41042,'2020-04-14 14:40:00','2020-04-15 23:30:00',281),(41043,'2020-04-30 05:10:00','2020-05-01 10:33:00',261),(41044,'2020-01-23 04:17:00','2020-01-24 00:09:00',115),(41045,'2020-03-06 17:17:00','2020-03-08 05:34:00',261),(41046,'2020-06-17 05:08:00','2020-06-18 10:30:00',111),(41047,'2020-03-08 08:51:00','2020-03-08 21:48:00',39),(41048,'2020-03-26 06:31:00','2020-03-27 12:45:00',216),(41049,'2020-06-09 09:09:00','2020-06-11 04:21:00',188),(41050,'2020-06-06 17:19:00','2020-06-08 04:44:00',14),(41051,'2020-03-30 09:17:00','2020-03-31 19:51:00',205),(41052,'2020-03-02 01:34:00','2020-03-03 14:43:00',78),(41053,'2020-02-16 19:39:00','2020-02-18 03:37:00',14),(41054,'2020-02-27 02:18:00','2020-02-27 12:40:00',195),(41055,'2020-02-25 08:21:00','2020-02-27 03:33:00',237),(41056,'2020-04-18 11:40:00','2020-04-20 00:49:00',164),(41057,'2020-01-24 15:47:00','2020-01-25 09:03:00',3),(41058,'2020-03-28 21:12:00','2020-03-30 06:53:00',110),(41059,'2020-02-18 13:44:00','2020-02-18 19:47:00',81),(41060,'2020-04-02 05:44:00','2020-04-03 11:07:00',133),(41061,'2020-01-07 00:58:00','2020-01-07 12:12:00',76),(41062,'2020-03-08 06:29:00','2020-03-09 07:33:00',192),(41063,'2020-01-21 07:48:00','2020-01-21 12:59:00',35),(41064,'2020-01-04 16:33:00','2020-01-05 19:20:00',201),(41065,'2020-06-14 20:33:00','2020-06-16 07:06:00',107),(41066,'2020-06-12 12:00:00','2020-06-13 12:11:00',139),(41067,'2020-04-29 20:09:00','2020-04-30 18:37:00',65),(41068,'2020-03-26 05:06:00','2020-03-28 03:45:00',84),(41069,'2020-05-25 07:52:00','2020-05-25 21:41:00',106),(41070,'2020-04-23 20:06:00','2020-04-25 04:04:00',165),(41071,'2020-04-16 14:42:00','2020-04-18 15:05:00',21),(41072,'2020-02-11 12:48:00','2020-02-12 14:43:00',116),(41073,'2020-02-09 09:14:00','2020-02-10 01:39:00',172),(41074,'2020-01-19 04:44:00','2020-01-20 04:04:00',180),(41075,'2020-02-12 03:29:00','2020-02-14 03:00:00',166),(41076,'2020-05-13 02:02:00','2020-05-14 01:22:00',44),(41077,'2020-04-08 09:39:00','2020-04-09 22:48:00',184),(41078,'2020-04-15 17:50:00','2020-04-17 12:10:00',226),(41079,'2020-02-25 08:36:00','2020-02-25 21:33:00',131),(41080,'2020-05-19 03:19:00','2020-05-19 17:08:00',64),(41081,'2020-01-06 03:32:00','2020-01-07 14:58:00',75),(41082,'2020-06-12 00:43:00','2020-06-13 06:57:00',199),(41083,'2020-04-24 10:52:00','2020-04-25 18:51:00',12),(47362,'2020-06-14 04:57:00','2020-06-15 01:41:00',153),(47363,'2020-02-07 12:57:00','2020-02-07 22:27:00',182),(47364,'2020-03-05 14:41:00','2020-03-07 10:45:00',129),(47365,'2020-03-25 20:00:00','2020-03-27 01:22:00',106),(47366,'2020-02-18 12:50:00','2020-02-19 09:34:00',55),(47367,'2020-06-03 12:10:00','2020-06-04 22:44:00',237),(47368,'2020-02-18 09:13:00','2020-02-19 09:25:00',72),(47369,'2020-02-09 02:39:00','2020-02-10 02:50:00',176),(47370,'2020-04-16 14:29:00','2020-04-17 11:13:00',159),(47371,'2020-04-26 12:21:00','2020-04-27 07:21:00',239),(47372,'2020-03-28 22:02:00','2020-03-29 04:57:00',180),(47373,'2020-02-12 09:30:00','2020-02-13 20:55:00',225),(47374,'2020-06-25 15:06:00','2020-06-26 13:34:00',193),(47375,'2020-02-18 20:15:00','2020-02-20 11:08:00',238),(47376,'2020-01-25 03:58:00','2020-01-26 11:05:00',131),(47377,'2020-05-04 04:40:00','2020-05-05 10:03:00',56),(47378,'2020-01-12 03:21:00','2020-01-13 04:24:00',32),(47379,'2020-06-23 22:27:00','2020-06-24 11:25:00',131),(47380,'2020-06-04 01:10:00','2020-06-05 11:43:00',132),(47381,'2020-03-11 04:59:00','2020-03-11 15:22:00',71),(47382,'2020-03-28 08:22:00','2020-03-29 21:31:00',37),(47383,'2020-03-04 03:10:00','2020-03-04 10:04:00',253),(47384,'2020-03-13 04:57:00','2020-03-14 20:42:00',164),(47385,'2020-01-15 18:03:00','2020-01-16 07:00:00',140),(47386,'2020-05-28 09:03:00','2020-05-29 00:36:00',239),(47387,'2020-03-06 07:21:00','2020-03-07 03:13:00',149),(47388,'2020-06-14 18:25:00','2020-06-15 09:07:00',84),(47389,'2020-01-02 23:35:00','2020-01-03 04:46:00',126),(47390,'2020-02-14 08:25:00','2020-02-15 02:34:00',114),(47391,'2020-01-31 08:00:00','2020-02-01 06:28:00',84),(47392,'2020-02-04 21:18:00','2020-02-06 05:16:00',168),(47393,'2020-04-12 04:25:00','2020-04-12 23:25:00',195),(47394,'2020-04-01 04:48:00','2020-04-01 12:34:00',25),(47395,'2020-01-17 22:36:00','2020-01-18 21:56:00',59),(47396,'2020-01-01 14:47:00','2020-01-03 15:10:00',121),(47397,'2020-02-03 13:27:00','2020-02-05 04:20:00',126),(47398,'2020-02-10 04:00:00','2020-02-11 11:07:00',103),(47399,'2020-03-18 10:43:00','2020-03-18 19:21:00',246),(47400,'2020-03-30 18:23:00','2020-03-31 15:59:00',115),(47401,'2020-02-25 05:30:00','2020-02-27 01:34:00',7),(47402,'2020-01-25 02:02:00','2020-01-25 22:46:00',267),(47403,'2020-05-16 19:22:00','2020-05-18 06:47:00',23),(47404,'2020-02-09 23:49:00','2020-02-10 12:47:00',240),(47405,'2020-05-19 11:09:00','2020-05-21 06:21:00',267),(47406,'2020-04-22 08:08:00','2020-04-23 11:47:00',104),(47407,'2020-01-02 08:09:00','2020-01-03 13:32:00',119),(47408,'2020-06-06 06:13:00','2020-06-08 00:33:00',228),(47409,'2020-04-17 21:20:00','2020-04-18 12:01:00',273),(47410,'2020-06-13 15:02:00','2020-06-15 03:19:00',24),(47411,'2020-06-08 09:10:00','2020-06-09 01:35:00',19),(47412,'2020-04-11 20:05:00','2020-04-13 14:25:00',110),(47413,'2020-03-28 00:31:00','2020-03-29 11:57:00',104),(47414,'2020-05-02 18:36:00','2020-05-02 23:47:00',41),(47415,'2020-03-29 07:20:00','2020-03-29 14:15:00',70),(47416,'2020-04-25 16:57:00','2020-04-26 18:52:00',87),(47417,'2020-05-07 04:41:00','2020-05-08 14:23:00',247),(47418,'2020-04-17 04:09:00','2020-04-17 14:31:00',62),(47419,'2020-05-20 11:58:00','2020-05-20 19:44:00',82),(47420,'2020-03-16 19:22:00','2020-03-17 13:31:00',166),(47421,'2020-01-19 05:53:00','2020-01-20 07:48:00',125),(47422,'2020-01-13 08:50:00','2020-01-14 15:04:00',201),(47423,'2020-03-03 10:34:00','2020-03-05 10:05:00',213),(47424,'2020-06-18 19:11:00','2020-06-20 04:01:00',114),(47425,'2020-03-10 17:29:00','2020-03-12 00:35:00',202),(47426,'2020-01-29 21:21:00','2020-01-30 05:08:00',21),(47427,'2020-01-29 23:24:00','2020-01-31 09:06:00',264),(47428,'2020-02-01 13:11:00','2020-02-02 11:38:00',109),(47429,'2020-01-21 01:20:00','2020-01-21 07:23:00',22),(47430,'2020-04-16 23:50:00','2020-04-18 01:45:00',106),(47431,'2020-01-13 05:59:00','2020-01-15 00:19:00',175),(47432,'2020-04-09 07:39:00','2020-04-10 06:58:00',214),(56363,'2020-03-16 08:17:00','2020-03-17 20:34:00',212),(56364,'2020-05-06 12:40:00','2020-05-07 14:35:00',94),(56365,'2020-06-07 21:53:00','2020-06-09 17:56:00',71),(56366,'2020-04-03 21:16:00','2020-04-05 00:03:00',154),(56367,'2020-01-09 09:49:00','2020-01-10 22:06:00',233),(56368,'2020-05-25 06:08:00','2020-05-27 03:04:00',186),(56369,'2020-06-10 15:27:00','2020-06-12 14:58:00',148),(56370,'2020-05-11 15:10:00','2020-05-12 19:41:00',46),(56371,'2020-05-20 18:01:00','2020-05-20 23:12:00',135),(56372,'2020-05-11 13:39:00','2020-05-12 12:58:00',95),(56373,'2020-05-05 11:11:00','2020-05-07 06:23:00',139),(56374,'2020-04-30 00:57:00','2020-05-01 17:34:00',121),(56375,'2020-02-07 23:37:00','2020-02-08 11:43:00',218),(56376,'2020-06-24 06:08:00','2020-06-25 13:14:00',184),(56377,'2020-06-19 09:44:00','2020-06-20 22:01:00',133),(56378,'2020-03-08 17:13:00','2020-03-09 19:09:00',80),(56379,'2020-05-31 15:43:00','2020-05-31 20:54:00',137),(56380,'2020-03-29 16:57:00','2020-03-31 11:17:00',22),(56381,'2020-04-01 15:57:00','2020-04-01 21:08:00',52),(56382,'2020-05-05 19:41:00','2020-05-07 12:17:00',142),(56383,'2020-06-13 08:49:00','2020-06-14 22:50:00',96),(56384,'2020-05-11 09:09:00','2020-05-12 17:59:00',139),(56385,'2020-01-07 15:55:00','2020-01-08 01:25:00',33),(56386,'2020-05-17 20:09:00','2020-05-18 16:02:00',228),(56387,'2020-01-05 03:49:00','2020-01-06 08:20:00',172),(56388,'2020-06-03 08:51:00','2020-06-03 19:13:00',26),(56389,'2020-05-16 00:31:00','2020-05-17 07:37:00',232),(56390,'2020-05-08 03:37:00','2020-05-09 02:57:00',180),(56391,'2020-02-03 05:50:00','2020-02-04 19:51:00',201),(56392,'2020-01-28 08:36:00','2020-01-29 04:28:00',177),(56393,'2020-03-31 02:46:00','2020-04-01 21:58:00',275),(56394,'2020-02-02 17:54:00','2020-02-03 17:13:00',116),(56395,'2020-04-17 06:30:00','2020-04-18 10:09:00',147),(56396,'2020-01-26 15:00:00','2020-01-27 18:39:00',130),(56397,'2020-04-07 03:42:00','2020-04-07 14:56:00',41),(56398,'2020-01-04 14:00:00','2020-01-05 03:50:00',225),(56399,'2020-01-27 20:23:00','2020-01-29 17:18:00',156),(56400,'2020-05-10 09:44:00','2020-05-11 16:50:00',94),(56401,'2020-01-27 14:05:00','2020-01-28 04:46:00',67),(56402,'2020-04-22 13:21:00','2020-04-23 18:43:00',50),(56403,'2020-02-24 11:53:00','2020-02-25 02:34:00',220),(56404,'2020-03-10 05:43:00','2020-03-12 04:22:00',51),(56405,'2020-05-18 00:06:00','2020-05-19 04:36:00',57),(56406,'2020-05-07 12:20:00','2020-05-09 02:21:00',126),(56407,'2020-06-08 01:15:00','2020-06-08 18:32:00',272),(56408,'2020-01-06 02:01:00','2020-01-06 12:23:00',98),(56409,'2020-05-11 17:22:00','2020-05-13 15:09:00',148),(56410,'2020-02-08 11:30:00','2020-02-08 18:25:00',3),(56411,'2020-03-24 01:22:00','2020-03-24 06:33:00',121),(56412,'2020-02-04 15:26:00','2020-02-06 14:05:00',150),(56413,'2020-04-17 02:23:00','2020-04-18 12:04:00',28),(56414,'2020-03-20 20:58:00','2020-03-22 20:29:00',165),(56415,'2020-03-23 05:43:00','2020-03-24 12:49:00',23),(56416,'2020-05-23 14:32:00','2020-05-23 19:43:00',180),(56417,'2020-05-07 08:54:00','2020-05-08 09:06:00',152),(56418,'2020-01-31 20:30:00','2020-02-01 12:03:00',268),(56419,'2020-05-16 05:01:00','2020-05-17 22:29:00',65),(56420,'2020-05-07 20:31:00','2020-05-09 14:51:00',24),(56421,'2020-02-13 16:33:00','2020-02-15 12:37:00',142),(56422,'2020-02-10 16:47:00','2020-02-11 08:21:00',199),(56423,'2020-05-11 16:39:00','2020-05-12 13:24:00',55),(56424,'2020-05-29 17:35:00','2020-05-31 14:31:00',257),(56425,'2020-01-17 05:25:00','2020-01-19 03:12:00',44),(56426,'2020-04-01 05:22:00','2020-04-01 15:44:00',192),(56427,'2020-04-20 12:42:00','2020-04-22 09:37:00',247),(56428,'2020-02-17 17:30:00','2020-02-17 23:33:00',263),(56429,'2020-05-26 06:49:00','2020-05-28 02:01:00',50),(56430,'2020-02-06 01:08:00','2020-02-07 12:34:00',214),(56431,'2020-01-05 19:09:00','2020-01-06 16:45:00',196),(56432,'2020-02-17 23:57:00','2020-02-19 17:25:00',114),(66397,'2020-04-01 15:08:00','2020-04-03 01:42:00',54),(66398,'2020-02-16 12:30:00','2020-02-17 22:12:00',173),(66399,'2020-02-29 20:07:00','2020-03-02 17:03:00',208),(66400,'2020-05-24 23:49:00','2020-05-26 14:42:00',123),(66401,'2020-06-01 06:47:00','2020-06-02 13:53:00',213),(66402,'2020-06-03 05:51:00','2020-06-03 18:49:00',220),(66403,'2020-05-29 15:27:00','2020-05-30 13:03:00',69),(66404,'2020-03-10 04:46:00','2020-03-11 03:14:00',162),(66405,'2020-01-12 09:02:00','2020-01-12 17:40:00',146),(66406,'2020-03-29 05:13:00','2020-03-30 04:33:00',51),(66407,'2020-04-10 23:01:00','2020-04-11 11:07:00',259),(66408,'2020-01-02 18:55:00','2020-01-03 03:33:00',254),(66409,'2020-02-11 21:58:00','2020-02-13 03:20:00',272),(66410,'2020-06-01 10:13:00','2020-06-02 15:36:00',224),(66411,'2020-02-03 00:33:00','2020-02-04 23:12:00',178),(66412,'2020-04-24 18:54:00','2020-04-25 17:22:00',265),(66413,'2020-06-10 17:59:00','2020-06-11 06:04:00',102),(66414,'2020-04-04 02:36:00','2020-04-04 16:26:00',247),(66415,'2020-04-05 03:16:00','2020-04-05 17:05:00',217),(66416,'2020-05-19 16:38:00','2020-05-20 03:00:00',175),(66417,'2020-05-07 21:59:00','2020-05-08 04:02:00',159),(66418,'2020-04-01 16:01:00','2020-04-03 13:48:00',237),(66419,'2020-04-15 08:32:00','2020-04-17 07:11:00',166),(66420,'2020-05-26 21:07:00','2020-05-27 07:29:00',196),(66421,'2020-01-25 17:29:00','2020-01-27 17:52:00',205),(66422,'2020-03-27 13:28:00','2020-03-28 17:07:00',32),(66423,'2020-01-03 19:52:00','2020-01-04 05:22:00',131),(66424,'2020-05-19 05:19:00','2020-05-21 01:23:00',19),(66425,'2020-01-02 05:23:00','2020-01-03 05:35:00',218),(66426,'2020-01-29 20:07:00','2020-01-30 21:11:00',155),(66427,'2020-04-04 23:48:00','2020-04-06 12:57:00',219),(66428,'2020-06-10 11:02:00','2020-06-11 17:16:00',272),(66429,'2020-03-30 12:06:00','2020-03-31 06:15:00',83),(66430,'2020-04-07 23:00:00','2020-04-09 07:50:00',128),(66431,'2020-05-10 00:47:00','2020-05-10 20:40:00',92),(66432,'2020-04-24 16:32:00','2020-04-25 18:27:00',98),(66433,'2020-03-26 05:09:00','2020-03-27 14:51:00',280),(66434,'2020-06-23 00:05:00','2020-06-23 22:33:00',157),(66435,'2020-02-15 06:35:00','2020-02-16 11:58:00',272),(66436,'2020-04-15 06:08:00','2020-04-15 15:39:00',41),(66437,'2020-06-15 18:42:00','2020-06-17 06:59:00',179),(66438,'2020-04-07 10:22:00','2020-04-08 21:47:00',136),(66439,'2020-05-11 05:35:00','2020-05-12 11:50:00',216),(66440,'2020-05-20 06:18:00','2020-05-22 02:22:00',82),(66441,'2020-03-29 05:39:00','2020-03-30 07:34:00',152),(66442,'2020-03-27 05:17:00','2020-03-28 02:01:00',116),(66443,'2020-05-11 16:52:00','2020-05-12 00:39:00',205),(66444,'2020-04-18 21:41:00','2020-04-20 06:31:00',210),(66445,'2020-05-21 02:55:00','2020-05-23 01:35:00',8),(66446,'2020-04-26 07:21:00','2020-04-28 03:24:00',221),(66447,'2020-05-02 12:59:00','2020-05-04 00:24:00',125),(66448,'2020-01-06 22:53:00','2020-01-08 06:51:00',191),(66449,'2020-03-14 10:56:00','2020-03-16 02:41:00',157),(66450,'2020-06-18 15:18:00','2020-06-20 14:49:00',89),(66451,'2020-05-19 03:30:00','2020-05-20 18:23:00',247),(66452,'2020-04-28 03:15:00','2020-04-29 08:37:00',51),(66453,'2020-01-03 06:22:00','2020-01-04 11:45:00',63),(66454,'2020-04-18 05:52:00','2020-04-18 13:38:00',207),(66455,'2020-03-26 06:36:00','2020-03-27 04:12:00',37),(66456,'2020-05-07 14:46:00','2020-05-08 21:00:00',31),(66457,'2020-01-02 07:35:00','2020-01-03 02:35:00',117),(66458,'2020-01-24 15:19:00','2020-01-26 15:42:00',61),(66459,'2020-02-09 09:34:00','2020-02-10 10:37:00',176),(66460,'2020-01-30 13:55:00','2020-01-31 06:20:00',256),(66461,'2020-04-20 23:00:00','2020-04-22 19:56:00',50),(66462,'2020-05-21 10:24:00','2020-05-22 13:11:00',63),(66463,'2020-05-25 17:10:00','2020-05-27 17:33:00',20),(66464,'2020-03-16 20:12:00','2020-03-17 01:23:00',125),(66465,'2020-04-01 18:53:00','2020-04-03 10:38:00',237),(66466,'2020-01-31 06:31:00','2020-02-01 02:23:00',174),(66467,'2020-06-08 09:59:00','2020-06-09 04:08:00',236),(66468,'2020-02-26 20:52:00','2020-02-28 20:23:00',46),(66469,'2020-05-04 11:16:00','2020-05-05 20:06:00',254),(66470,'2020-06-11 20:38:00','2020-06-12 07:52:00',78),(66471,'2020-03-16 17:39:00','2020-03-17 15:15:00',247),(66472,'2020-06-16 16:28:00','2020-06-18 02:09:00',88),(75397,'2020-02-26 17:27:00','2020-02-27 06:25:00',212),(75398,'2020-04-10 05:10:00','2020-04-11 06:14:00',54),(75399,'2020-01-25 15:35:00','2020-01-26 22:41:00',42),(75400,'2020-05-23 03:49:00','2020-05-23 23:41:00',204),(75401,'2020-05-11 03:25:00','2020-05-12 21:45:00',167),(75402,'2020-05-26 21:10:00','2020-05-27 09:16:00',181),(75403,'2020-06-01 18:07:00','2020-06-02 16:35:00',19),(75404,'2020-02-22 17:45:00','2020-02-24 16:24:00',246),(75405,'2020-06-10 08:46:00','2020-06-11 09:49:00',86),(75406,'2020-03-09 18:40:00','2020-03-10 13:41:00',229),(75407,'2020-03-26 18:33:00','2020-03-28 04:15:00',144),(75408,'2020-06-16 06:55:00','2020-06-17 11:26:00',241),(75409,'2020-02-05 22:23:00','2020-02-07 19:19:00',172),(75410,'2020-03-28 03:46:00','2020-03-29 15:12:00',40),(75411,'2020-03-05 03:56:00','2020-03-05 11:42:00',22),(75412,'2020-06-19 20:07:00','2020-06-20 05:37:00',262),(75413,'2020-05-13 08:19:00','2020-05-14 11:06:00',124),(75414,'2020-05-18 09:43:00','2020-05-19 09:54:00',32),(75415,'2020-02-04 08:32:00','2020-02-04 13:43:00',209),(75416,'2020-04-09 14:11:00','2020-04-10 16:58:00',214),(75417,'2020-06-06 09:38:00','2020-06-07 20:11:00',143),(75418,'2020-03-29 16:09:00','2020-03-29 23:04:00',155),(75419,'2020-01-14 14:12:00','2020-01-15 04:53:00',255),(75420,'2020-01-20 10:04:00','2020-01-21 10:16:00',220),(75421,'2020-01-27 18:40:00','2020-01-28 00:43:00',11),(75422,'2020-05-24 07:28:00','2020-05-26 03:32:00',274),(75423,'2020-05-21 13:39:00','2020-05-23 14:02:00',54),(75424,'2020-06-11 20:05:00','2020-06-12 05:35:00',82),(75425,'2020-02-04 20:31:00','2020-02-06 19:10:00',28),(75426,'2020-06-02 07:59:00','2020-06-03 09:55:00',211),(75427,'2020-06-24 13:47:00','2020-06-25 21:45:00',193),(75428,'2020-05-28 01:40:00','2020-05-28 10:18:00',151),(75429,'2020-02-08 22:43:00','2020-02-10 14:27:00',34),(75430,'2020-01-04 02:23:00','2020-01-06 01:54:00',127),(75431,'2020-06-23 00:50:00','2020-06-24 22:37:00',187),(75432,'2020-02-21 18:37:00','2020-02-22 15:21:00',26),(75433,'2020-01-21 22:47:00','2020-01-23 11:04:00',266),(75434,'2020-04-19 09:58:00','2020-04-20 16:12:00',102),(75435,'2020-04-16 17:57:00','2020-04-18 07:06:00',49),(75436,'2020-04-08 11:17:00','2020-04-08 18:12:00',201),(75437,'2020-06-14 18:30:00','2020-06-16 08:31:00',268),(75438,'2020-01-09 13:50:00','2020-01-10 16:37:00',28),(75439,'2020-05-07 03:35:00','2020-05-07 13:06:00',172),(75440,'2020-01-31 05:35:00','2020-02-01 23:55:00',28),(75441,'2020-06-03 05:15:00','2020-06-03 13:01:00',25),(75442,'2020-03-27 18:49:00','2020-03-29 17:29:00',139),(75443,'2020-02-22 05:26:00','2020-02-23 00:26:00',2),(75444,'2020-04-17 01:22:00','2020-04-17 11:44:00',59),(75445,'2020-01-29 05:48:00','2020-01-31 01:00:00',146),(75446,'2020-04-29 01:25:00','2020-04-29 08:19:00',121),(75447,'2020-04-20 09:22:00','2020-04-20 16:17:00',217),(75448,'2020-03-26 10:51:00','2020-03-28 01:44:00',52),(75449,'2020-05-21 06:18:00','2020-05-21 22:43:00',240),(75450,'2020-02-22 22:36:00','2020-02-24 15:12:00',88),(75451,'2020-02-28 11:15:00','2020-03-01 09:03:00',120),(75452,'2020-01-17 13:58:00','2020-01-18 21:57:00',75),(75453,'2020-03-19 02:46:00','2020-03-19 09:41:00',271),(75454,'2020-03-26 16:59:00','2020-03-26 22:10:00',224),(75455,'2020-03-15 12:18:00','2020-03-16 11:38:00',119),(75456,'2020-02-28 03:20:00','2020-02-28 10:15:00',84),(75457,'2020-03-05 01:55:00','2020-03-05 11:26:00',172),(75458,'2020-02-07 09:11:00','2020-02-09 01:48:00',269),(75459,'2020-02-25 22:28:00','2020-02-27 15:56:00',51),(75460,'2020-05-31 04:13:00','2020-06-01 05:16:00',137),(75461,'2020-02-14 13:37:00','2020-02-15 05:10:00',221),(75462,'2020-06-08 20:19:00','2020-06-10 07:45:00',273),(75463,'2020-03-04 13:08:00','2020-03-05 10:44:00',106),(75464,'2020-04-06 17:12:00','2020-04-06 23:15:00',185),(75465,'2020-03-25 10:51:00','2020-03-25 19:29:00',160),(75466,'2020-05-14 02:23:00','2020-05-14 15:20:00',99),(75467,'2020-04-02 06:05:00','2020-04-03 23:33:00',33),(75468,'2020-01-31 06:21:00','2020-02-01 00:30:00',175),(75469,'2020-03-26 20:09:00','2020-03-27 21:13:00',111),(75470,'2020-03-25 02:06:00','2020-03-26 18:43:00',137),(75471,'2020-01-11 00:03:00','2020-01-11 19:04:00',116),(75472,'2020-02-01 20:03:00','2020-02-02 15:55:00',26),(88100,'2020-02-24 18:49:00','2020-02-25 00:52:00',112),(88101,'2020-05-01 09:53:00','2020-05-02 04:53:00',1),(88102,'2020-01-14 21:56:00','2020-01-15 12:37:00',231),(88103,'2020-01-10 16:19:00','2020-01-12 02:00:00',34),(88104,'2020-05-13 03:27:00','2020-05-13 20:44:00',281),(88105,'2020-05-20 11:46:00','2020-05-21 18:52:00',45),(88106,'2020-05-22 05:00:00','2020-05-23 03:28:00',25),(88107,'2020-06-12 16:59:00','2020-06-13 08:32:00',118),(88108,'2020-01-31 19:39:00','2020-02-02 07:04:00',206),(88109,'2020-03-22 14:37:00','2020-03-23 20:52:00',8),(88110,'2020-06-11 14:33:00','2020-06-13 06:17:00',149),(88111,'2020-03-06 04:21:00','2020-03-07 23:33:00',154),(88112,'2020-04-26 04:57:00','2020-04-27 02:33:00',61),(88113,'2020-04-11 13:03:00','2020-04-12 22:45:00',216),(88114,'2020-02-24 22:57:00','2020-02-26 06:55:00',179),(88115,'2020-06-01 18:13:00','2020-06-03 09:06:00',208),(88116,'2020-03-16 19:50:00','2020-03-17 11:23:00',75),(88117,'2020-02-06 16:43:00','2020-02-08 05:01:00',124),(88118,'2020-03-27 01:26:00','2020-03-28 18:03:00',138),(88119,'2020-01-14 02:17:00','2020-01-15 08:31:00',107),(88120,'2020-04-11 12:26:00','2020-04-11 23:40:00',109),(88121,'2020-05-13 00:49:00','2020-05-13 18:06:00',273),(88122,'2020-03-16 10:58:00','2020-03-16 22:12:00',166),(88123,'2020-06-22 11:38:00','2020-06-24 05:58:00',116),(88124,'2020-06-25 17:15:00','2020-06-27 00:21:00',97),(88125,'2020-03-15 16:08:00','2020-03-16 03:22:00',74),(88126,'2020-03-03 02:06:00','2020-03-04 18:42:00',216),(88127,'2020-05-18 19:36:00','2020-05-20 11:21:00',242),(88128,'2020-02-04 00:10:00','2020-02-05 01:13:00',111),(88129,'2020-05-31 20:47:00','2020-06-01 03:42:00',270),(88130,'2020-05-17 17:46:00','2020-05-18 02:24:00',245),(88131,'2020-04-24 04:53:00','2020-04-24 20:26:00',193),(88132,'2020-03-19 02:24:00','2020-03-20 22:28:00',2),(88133,'2020-04-14 15:55:00','2020-04-15 23:01:00',262),(88134,'2020-05-03 11:13:00','2020-05-04 06:14:00',237),(88135,'2020-05-03 20:09:00','2020-05-05 07:34:00',274),(88136,'2020-01-03 23:12:00','2020-01-05 12:21:00',115),(88137,'2020-03-03 18:46:00','2020-03-05 10:31:00',60),(88138,'2020-01-01 13:36:00','2020-01-02 19:50:00',67),(88139,'2020-04-02 22:00:00','2020-04-04 08:34:00',170),(88140,'2020-03-07 20:12:00','2020-03-08 05:42:00',97),(88141,'2020-06-23 19:45:00','2020-06-25 10:38:00',73),(88142,'2020-05-02 19:41:00','2020-05-03 09:30:00',260),(88143,'2020-05-30 05:01:00','2020-05-31 06:05:00',132),(88144,'2020-05-05 17:38:00','2020-05-06 01:24:00',224),(88145,'2020-05-30 19:41:00','2020-05-31 00:53:00',273),(88146,'2020-05-28 07:04:00','2020-05-29 16:46:00',124),(88147,'2020-04-12 00:23:00','2020-04-12 22:50:00',166),(88148,'2020-03-01 21:23:00','2020-03-02 20:42:00',54),(88149,'2020-05-28 00:48:00','2020-05-28 17:13:00',262),(88150,'2020-05-24 02:19:00','2020-05-25 12:52:00',243),(88151,'2020-06-04 23:28:00','2020-06-05 21:04:00',101),(88152,'2020-04-18 14:34:00','2020-04-19 10:26:00',97),(88153,'2020-03-10 15:46:00','2020-03-11 03:52:00',63),(88154,'2020-01-02 22:43:00','2020-01-04 23:06:00',63),(88155,'2020-02-02 03:32:00','2020-02-02 11:19:00',126),(88156,'2020-03-18 17:54:00','2020-03-20 03:35:00',264),(88157,'2020-06-25 16:25:00','2020-06-26 22:40:00',9),(88158,'2020-06-19 12:42:00','2020-06-20 05:59:00',202),(88159,'2020-03-10 05:00:00','2020-03-11 03:28:00',145),(88160,'2020-01-04 13:50:00','2020-01-05 03:40:00',105),(88161,'2020-04-03 01:06:00','2020-04-03 09:44:00',133),(88162,'2020-06-13 18:58:00','2020-06-15 08:07:00',75),(88163,'2020-06-20 11:59:00','2020-06-20 23:13:00',215),(88164,'2020-05-05 05:08:00','2020-05-06 13:58:00',101),(88165,'2020-03-24 13:13:00','2020-03-25 16:00:00',193),(88166,'2020-03-26 11:49:00','2020-03-28 02:41:00',98),(88167,'2020-06-06 19:21:00','2020-06-08 11:57:00',208),(88168,'2020-04-15 22:39:00','2020-04-16 21:58:00',113),(88169,'2020-03-17 14:43:00','2020-03-18 21:50:00',8),(88170,'2020-03-13 19:35:00','2020-03-14 12:51:00',124),(97097,'2020-04-06 12:16:00','2020-04-08 01:25:00',10),(97098,'2020-01-05 12:24:00','2020-01-06 16:54:00',225),(97099,'2020-01-03 19:44:00','2020-01-04 08:42:00',76),(97100,'2020-01-13 00:48:00','2020-01-13 22:24:00',166),(97101,'2020-06-24 20:50:00','2020-06-26 16:54:00',72),(97102,'2020-06-02 22:54:00','2020-06-03 04:05:00',180),(97103,'2020-01-05 15:01:00','2020-01-07 11:05:00',182),(97104,'2020-01-28 04:51:00','2020-01-29 16:17:00',278),(97105,'2020-05-12 13:01:00','2020-05-13 19:16:00',217),(97106,'2020-05-31 19:53:00','2020-06-01 14:53:00',177),(97107,'2020-06-18 03:57:00','2020-06-19 11:55:00',264),(97108,'2020-04-05 20:36:00','2020-04-06 16:29:00',1),(97109,'2020-01-29 08:13:00','2020-01-29 14:16:00',147),(97110,'2020-04-26 22:42:00','2020-04-27 09:56:00',139),(97111,'2020-06-13 08:44:00','2020-06-14 17:34:00',279),(97112,'2020-05-12 14:42:00','2020-05-13 14:02:00',166),(97113,'2020-02-16 14:17:00','2020-02-18 01:43:00',108),(97114,'2020-05-03 23:32:00','2020-05-05 14:25:00',148),(97115,'2020-05-05 11:27:00','2020-05-05 21:49:00',40),(97116,'2020-04-28 21:13:00','2020-04-30 15:34:00',5),(97117,'2020-03-23 09:31:00','2020-03-24 20:56:00',150),(97118,'2020-01-20 00:42:00','2020-01-21 18:11:00',220),(97119,'2020-02-23 10:13:00','2020-02-23 21:27:00',275),(97120,'2020-05-29 17:07:00','2020-05-30 18:10:00',254),(97121,'2020-04-23 15:01:00','2020-04-25 05:54:00',186),(97122,'2020-05-28 10:55:00','2020-05-29 11:06:00',277),(97123,'2020-03-06 21:23:00','2020-03-08 15:43:00',137),(97124,'2020-04-07 14:34:00','2020-04-08 02:40:00',132),(97125,'2020-05-11 12:51:00','2020-05-12 19:57:00',162),(97126,'2020-06-04 20:41:00','2020-06-05 04:28:00',138),(97127,'2020-03-09 15:54:00','2020-03-10 02:16:00',145),(97128,'2020-05-01 09:05:00','2020-05-01 15:08:00',39),(97129,'2020-05-09 14:17:00','2020-05-09 22:04:00',270),(97130,'2020-03-31 15:33:00','2020-04-01 02:47:00',86),(97131,'2020-06-06 13:50:00','2020-06-07 01:04:00',212),(97132,'2020-01-09 05:15:00','2020-01-09 12:10:00',188),(97133,'2020-02-02 22:34:00','2020-02-04 10:51:00',185),(97134,'2020-03-29 09:06:00','2020-03-31 09:29:00',14),(97135,'2020-01-09 11:03:00','2020-01-11 03:40:00',68),(97136,'2020-06-10 09:39:00','2020-06-11 20:12:00',26),(97137,'2020-06-17 13:06:00','2020-06-18 17:37:00',21),(97138,'2020-04-12 16:36:00','2020-04-13 06:26:00',248),(97139,'2020-03-09 19:11:00','2020-03-10 20:15:00',268),(97140,'2020-04-24 20:20:00','2020-04-26 03:27:00',27),(97141,'2020-04-18 19:34:00','2020-04-20 17:21:00',227),(97142,'2020-05-08 12:54:00','2020-05-09 13:06:00',57),(97143,'2020-05-25 16:15:00','2020-05-26 14:43:00',156),(97144,'2020-03-30 21:06:00','2020-03-31 19:34:00',137),(97145,'2020-05-07 08:47:00','2020-05-08 21:04:00',258),(97146,'2020-03-11 20:28:00','2020-03-12 15:28:00',136),(97147,'2020-04-22 19:37:00','2020-04-23 23:16:00',166),(97148,'2020-03-26 09:16:00','2020-03-27 18:06:00',221),(97149,'2020-06-10 00:16:00','2020-06-11 14:17:00',275),(97150,'2020-04-16 11:52:00','2020-04-18 11:23:00',80),(97151,'2020-02-23 08:28:00','2020-02-23 14:31:00',240),(97152,'2020-01-13 07:11:00','2020-01-14 02:12:00',198),(97153,'2020-04-09 23:04:00','2020-04-11 19:08:00',80),(97154,'2020-02-19 04:13:00','2020-02-20 16:30:00',97),(97155,'2020-03-26 19:32:00','2020-03-28 07:49:00',248),(97156,'2020-06-14 06:47:00','2020-06-16 01:07:00',76),(97157,'2020-04-09 09:33:00','2020-04-10 16:39:00',224),(97158,'2020-04-18 01:40:00','2020-04-18 12:02:00',11),(97159,'2020-05-26 10:42:00','2020-05-27 04:51:00',267),(97160,'2020-02-06 23:18:00','2020-02-07 07:56:00',196),(97161,'2020-01-28 14:48:00','2020-01-29 20:10:00',171),(97162,'2020-01-24 09:01:00','2020-01-26 02:29:00',109),(97163,'2020-01-14 11:26:00','2020-01-14 20:56:00',146),(97164,'2020-05-09 23:15:00','2020-05-11 02:02:00',193),(97165,'2020-01-29 21:49:00','2020-01-31 09:14:00',276),(97166,'2020-06-23 02:49:00','2020-06-25 01:28:00',29),(97167,'2020-05-29 12:19:00','2020-05-30 19:26:00',194),(99999,'2020-06-07 03:01:00','2020-06-08 04:04:00',159);
/*!40000 ALTER TABLE `empleado_has_centrofichado` ENABLE KEYS */;
UNLOCK TABLES;

--
-- Table structure for table `empleado_titulacion`
--

DROP TABLE IF EXISTS `empleado_titulacion`;
/*!40101 SET @saved_cs_client     = @@character_set_client */;
/*!50503 SET character_set_client = utf8mb4 */;
CREATE TABLE `empleado_titulacion` (
  `idTITULOCURSO` int(10) unsigned NOT NULL AUTO_INCREMENT,
  `titulo` varchar(45) NOT NULL,
  PRIMARY KEY (`idTITULOCURSO`)
) ENGINE=InnoDB AUTO_INCREMENT=66 DEFAULT CHARSET=utf8;
/*!40101 SET character_set_client = @saved_cs_client */;

--
-- Dumping data for table `empleado_titulacion`
--

LOCK TABLES `empleado_titulacion` WRITE;
/*!40000 ALTER TABLE `empleado_titulacion` DISABLE KEYS */;
INSERT INTO `empleado_titulacion` VALUES (1,'Instrumentista'),(2,'Fisioterapeuta'),(3,'Terapeuta Ocupacional'),(4,'Farmaceutico/a'),(5,'Optico/a'),(6,'Podologo'),(7,'Enfermero/a'),(8,'Bioquimico/a'),(9,'Ingeniero/a Biomedico/a'),(10,'Ingeniero/a Fisicomedico/a'),(11,'Bioingeniero/a'),(12,'Medico/a en Alergologia'),(13,'Medico/a Anestesista'),(14,'Medico/a en Cardiologia'),(15,'Medico/a en Gastroenterologia'),(16,'Medico/a en Endocrinologia'),(17,'Medico/a en Epidemiologia'),(18,'Medico/a en Geriatría'),(19,'Medico/a en Hepatologia'),(20,'Medico/a en Hematologia'),(21,'Medico/a en Infectologia'),(22,'Medico/a del Deporte'),(23,'Medico/a del Trabajo'),(24,'Medico/a de Urgencias'),(25,'Medico/a Familiar y Comunitaria'),(26,'Medicina física y rehabilitación'),(27,'Medicina intensiva'),(28,'Medicina interna'),(29,'Medicina forense'),(30,'Medicina preventiva y salud pública'),(31,'Nefrologo/a'),(32,'Neumologo/a'),(33,'Neurologo/a'),(34,'Nutriologo/a'),(35,'Oncología médica'),(36,'Oncología radioterápica'),(37,'Pediatra'),(38,'Psiquiatra'),(39,'Reumatologo/a'),(40,'Toxicologo/a'),(41,'Cirugía cardíaca'),(42,'Cirugía general'),(43,'Cirugía oral y maxilofacial'),(44,'Cirugía ortopédica'),(45,'Cirugía pediátrica'),(46,'Cirugía plástica'),(47,'Cirugía torácica'),(48,'Neurocirugía'),(49,'Angiologo/a'),(50,'Dermatologo/a'),(51,'Ginecologo/a'),(52,'Oftalmologo/a'),(53,'Otorrinolaringologo/a'),(54,'Urologo/a'),(55,'Traumatologo/a'),(56,'Análisis clínico'),(57,'Anatomía patológica'),(58,'Farmacología'),(59,'Genética médica'),(60,'Inmunología'),(61,'Medicina nuclear'),(62,'Microbiología y parasitología'),(63,'Neurofisiología clínica'),(64,'Radiologo/a');
/*!40000 ALTER TABLE `empleado_titulacion` ENABLE KEYS */;
UNLOCK TABLES;

--
-- Table structure for table `empleado_turno`
--

DROP TABLE IF EXISTS `empleado_turno`;
/*!40101 SET @saved_cs_client     = @@character_set_client */;
/*!50503 SET character_set_client = utf8mb4 */;
CREATE TABLE `empleado_turno` (
  `idTURNO` int(11) NOT NULL,
  `turno` varchar(45) NOT NULL,
  PRIMARY KEY (`idTURNO`)
) ENGINE=InnoDB DEFAULT CHARSET=utf8;
/*!40101 SET character_set_client = @saved_cs_client */;

--
-- Dumping data for table `empleado_turno`
--

LOCK TABLES `empleado_turno` WRITE;
/*!40000 ALTER TABLE `empleado_turno` DISABLE KEYS */;
INSERT INTO `empleado_turno` VALUES (1,'Mañana'),(2,'Tarde'),(3,'Noches');
/*!40000 ALTER TABLE `empleado_turno` ENABLE KEYS */;
UNLOCK TABLES;

--
-- Table structure for table `enfermedad`
--

DROP TABLE IF EXISTS `enfermedad`;
/*!40101 SET @saved_cs_client     = @@character_set_client */;
/*!50503 SET character_set_client = utf8mb4 */;
CREATE TABLE `enfermedad` (
  `idEnfermedad` int(11) NOT NULL,
  `Nombre` varchar(45) NOT NULL,
  PRIMARY KEY (`idEnfermedad`),
  UNIQUE KEY `idEnfermedades_UNIQUE` (`idEnfermedad`)
) ENGINE=InnoDB DEFAULT CHARSET=utf8;
/*!40101 SET character_set_client = @saved_cs_client */;

--
-- Dumping data for table `enfermedad`
--

LOCK TABLES `enfermedad` WRITE;
/*!40000 ALTER TABLE `enfermedad` DISABLE KEYS */;
INSERT INTO `enfermedad` VALUES (2,'Accidentes de tráfico'),(3,'Accidentes eléctricos'),(4,'Accidentes en el agua'),(5,'Accidentes químicos'),(6,'Acné'),(7,'Aftas bucales'),(8,'Albinismo'),(9,'Alcoholismo'),(10,'Alergia'),(11,'Alergia al níquel'),(12,'Alergia al sol'),(13,'Alud'),(14,'Alzhéimer'),(15,'Amenorrea'),(16,'Ampollas'),(17,'Anemia'),(18,'Aneurisma'),(19,'Angina de pecho'),(20,'Anisakiasis'),(21,'Anorexia'),(22,'Ansiedad'),(23,'Apendicitis'),(24,'Apnea del sueño'),(25,'Arritmia'),(26,'Arteriosclerosis'),(27,'Artritis reumatoide'),(28,'Artrosis'),(29,'Ascitis'),(30,'Asma'),(31,'Astigmatismo'),(32,'Ataxia'),(33,'Atragantamiento'),(34,'Atrofia vaginal'),(35,'Autismo'),(36,'Balanitis'),(37,'Bartolinitis'),(38,'Bocio'),(39,'Botulismo'),(40,'Bronquiectasias'),(41,'Bronquiolitis obliterante'),(42,'Bronquitis'),(43,'Brucelosis'),(44,'Bruxismo'),(45,'Bulimia'),(46,'Campylobacter'),(47,'Cáncer'),(48,'Cáncer de cabeza y cuello'),(49,'Cáncer de colon'),(50,'Cáncer de cuello de útero'),(51,'Cáncer de esófago'),(52,'Cáncer de estómago'),(53,'Cáncer de hígado'),(54,'Cáncer de laringe'),(55,'Cáncer de mama'),(56,'Cáncer de ovario'),(57,'Cáncer de páncreas'),(58,'Cáncer de pene'),(59,'Cáncer de piel'),(60,'Cáncer de próstata'),(61,'Cáncer de pulmón'),(62,'Cáncer de riñón'),(63,'Cáncer de testículo'),(64,'Cáncer de tiroides'),(65,'Cáncer de vejiga'),(66,'Cáncer oral'),(67,'Cáncer óseo'),(68,'Candidiasis'),(69,'Carbunco'),(70,'Cataratas'),(71,'Catarro'),(72,'Celiaquía'),(73,'Chancroide'),(74,'Chikungunya'),(75,'Ciática'),(76,'Cirrosis'),(77,'Cistitis'),(78,'Citomegalovirus'),(79,'Clamidia'),(80,'Cólera'),(81,'Colesteatoma'),(82,'Cólico nefrítico'),(83,'Colitis ulcerosa'),(84,'Colon irritable'),(85,'Congelamiento'),(86,'Congestión nasal'),(87,'Conjuntivitis'),(88,'Contusiones'),(89,'Corte de digestión'),(90,'Crisis de pánico'),(91,'Cuerpos extraños'),(92,'Daltonismo'),(93,'Déficit de la hormona del crecimiento'),(94,'Degeneración macular'),(95,'Demencia'),(96,'Demencia con cuerpos de Lewy'),(97,'Demencia vascular'),(98,'Dengue'),(99,'Depresión'),(100,'Dermatitis atópica'),(101,'Derrame ocular'),(102,'Deterioro cognitivo leve'),(103,'Diabetes'),(104,'Diabetes gestacional'),(105,'Diabetes insípida'),(106,'Difteria'),(107,'Disfunción eréctil'),(108,'Dislexia'),(109,'Dismenorrea'),(110,'Dispepsia'),(111,'Distonía'),(112,'Distrofia muscular de Duchenne'),(113,'Diverticulosis'),(114,'Ébola'),(115,'Edema pulmonar'),(116,'Elefantiasis'),(117,'Encefalitis'),(118,'Endocarditis'),(119,'Endometriosis'),(120,'Enfermedad de Addison'),(121,'Enfermedad de Behçet'),(122,'Enfermedad de Chagas'),(123,'Enfermedad de Crohn'),(124,'Enfermedad de Huntington'),(125,'Enfermedad de Kawasaki'),(126,'Enfermedad de La Peyronie'),(127,'Enfermedad de Lyme'),(128,'Enfermedad de Paget'),(129,'Enfermedad de Wilson'),(130,'Enfermedad inflamatoria pélvica'),(131,'Enfermedades de Transmisión Sexual'),(132,'Enfermedades raras'),(133,'Epilepsia'),(134,'EPOC'),(135,'Escleritis'),(136,'Esclerodermia'),(137,'Esclerosis lateral amiotrófica'),(138,'Esclerosis múltiple'),(139,'Escoliosis'),(140,'Esófago de Barrett'),(141,'Espondilitis anquilosante'),(142,'Esquizofrenia'),(143,'Esteatosis hepática'),(144,'Estrabismo'),(145,'Estreñimiento'),(146,'Eyaculación precoz'),(147,'Faringitis'),(148,'Fascitis plantar'),(149,'Fenilcetonuria'),(150,'Fibrilación auricular'),(151,'Fibromialgia'),(152,'Fibrosis quística'),(153,'Fiebre amarilla'),(154,'Fiebre de Lassa'),(155,'Fiebre de Oropouche'),(156,'Fiebre del valle del Rift'),(157,'Fiebre hemorrágica de Crimea-Congo'),(158,'Fiebre tifoidea'),(159,'Fístula anal'),(160,'Fractura de dedo'),(161,'Fractura nasal'),(162,'G'),(163,'Galactorrea'),(164,'Galactosemia'),(165,'Gastritis'),(166,'Gastroenteritis'),(167,'Giardiasis'),(168,'Glaucoma'),(169,'Golpe de calor'),(170,'Gonorrea'),(171,'Gota'),(172,'Gripe'),(173,'Hantavirus'),(174,'Hemocromatosis'),(175,'Hemofilia'),(176,'Hemorragia nasal'),(177,'Hemorroides'),(178,'Hepatitis'),(179,'Herida por arma de fuego'),(180,'Heridas'),(181,'Hernia de hiato'),(182,'Hernia discal'),(183,'Hernia inguinal'),(184,'Herpes'),(185,'Herpes zóster'),(186,'Hidatidosis'),(187,'Hiperactividad (TDAH)'),(188,'Hipercolesterolemia'),(189,'Hipermetropía'),(190,'Hiperplasia benigna de próstata'),(191,'Hipertensión arterial'),(192,'Hipertiroidismo'),(193,'Hipoacusia'),(194,'Hipocalcemia'),(195,'Hipoglucemia'),(196,'Hipogonadismo'),(197,'Hipotensión arterial'),(198,'Hipotermia'),(199,'Hipotiroidismo'),(200,'Hirsutismo'),(201,'Ictus'),(202,'Impétigo'),(203,'Incendios'),(204,'Incontinencia urinaria'),(205,'Infarto de miocardio'),(206,'Infecciones urinarias'),(207,'Insomnio'),(208,'Insomnio familiar fatal'),(209,'Insuficiencia cardiaca'),(210,'Insuficiencia hepática'),(211,'Insuficiencia mitral'),(212,'Insuficiencia renal crónica'),(213,'Intolerancia a la histamina'),(214,'Intoxicación etílica'),(215,'Intoxicación por monóxido de carbono'),(216,'Intoxicaciones'),(217,'Juanetes'),(218,'Ladillas'),(219,'Laringitis'),(220,'Legionella'),(221,'Leishmaniasis'),(222,'Lepra'),(223,'Leptospirosis'),(224,'Lesiones maxilares'),(225,'Leucemia'),(226,'Lipodistrofia'),(227,'Lipotimia'),(228,'Listeriosis'),(229,'Litiasis biliar'),(230,'Lumbalgia'),(231,'Lupus'),(232,'Luxaciones'),(233,'Mal agudo de montaña'),(234,'Malaria'),(235,'Melanoma'),(236,'Melasma'),(237,'Melioidosis'),(238,'Meningitis'),(239,'Menopausia'),(240,'MERS'),(241,'Mesotelioma'),(242,'Miastenia gravis'),(243,'Micoplasma genital'),(244,'Microcefalia'),(245,'Mieloma múltiple'),(246,'Migraña'),(247,'Miomatosis uterina'),(248,'Miopía'),(249,'Molusco contagioso'),(250,'Mononucleosis'),(251,'Mordeduras de animales'),(252,'Narcolepsia'),(253,'Neumonía'),(254,'Neumotórax'),(255,'Neuralgia del trigémino'),(256,'Neurofibromatosis'),(257,'Nistagmo'),(258,'Norovirus'),(259,'Obesidad'),(260,'Obesidad infantil'),(261,'Ojo seco'),(262,'Oncocercosis'),(263,'Onicomicosis'),(264,'Orquitis'),(265,'Osteomalacia'),(266,'Osteomielitis'),(267,'Osteonecrosis'),(268,'Osteoporosis'),(269,'Otitis'),(270,'Palpitaciones cardíacas'),(271,'Pancreatitis'),(272,'Paperas'),(273,'Parálisis cerebral'),(274,'Párkinson'),(275,'Patologías benignas de mama'),(276,'Pericarditis'),(277,'Peritonitis'),(278,'Peste'),(279,'Pian'),(280,'Picaduras de insectos'),(281,'Pie de atleta'),(282,'Pielonefritis'),(283,'Pitiriasis versicolor'),(284,'Policitemia vera'),(285,'Poliomielitis'),(286,'Pólipos uterinos'),(287,'Prediabetes'),(288,'Presbiacusia'),(289,'Presbicia'),(290,'Priapismo'),(291,'Prostatitis'),(292,'Psoriasis'),(293,'PTI (trombocitopenia inmune primaria)'),(294,'Quemaduras'),(295,'Rabia'),(296,'Raspaduras y laceraciones'),(297,'Reacciones alérgicas a medicamentos'),(298,'Reanimación cardiopulmonar'),(299,'Reflujo gastroesofágico'),(300,'Rescate en montaña'),(301,'Resistencia a la insulina'),(302,'Retinosis pigmentaria'),(303,'Rinitis'),(304,'Rizartrosis'),(305,'Rosácea'),(306,'Rubéola'),(307,'Salmonelosis'),(308,'Sarampión'),(309,'Sarcoidosis'),(310,'Sarcoma de tejidos blandos'),(311,'Sarna'),(312,'Sensibilidad química múltiple'),(313,'Sepsis'),(314,'Shigelosis'),(315,'Shock'),(316,'SIBO'),(317,'SIDA'),(318,'Sífilis'),(319,'Síndrome de Angelman'),(320,'Síndrome de Cushing'),(321,'Síndrome de Down'),(322,'Síndrome de fatiga crónica'),(323,'Síndrome de Guillain-Barré'),(324,'Síndrome de Klinefelter'),(325,'Síndrome de Lynch'),(326,'Síndrome de Marfan'),(327,'Síndrome de Noonan'),(328,'Síndrome de Ovario Poliquístico (SOP)'),(329,'Síndrome de Patau'),(330,'Síndrome de piernas inquietas'),(331,'Síndrome de Rett'),(332,'Síndrome de Reye'),(333,'Síndrome de Sanfilippo'),(334,'Síndrome de Sjögren'),(335,'Síndrome de Tourette'),(336,'Síndrome de Turner'),(337,'Síndrome de Williams'),(338,'Síndrome de X Frágil'),(339,'Síndrome del túnel carpiano'),(340,'Síndrome metabólico'),(341,'Sinusitis'),(342,'Siringomielia'),(343,'Sobredosis'),(344,'Talasemia'),(345,'Telangiectasias'),(346,'Tendinitis'),(347,'Teniasis'),(348,'Terremotos'),(349,'Tétanos'),(350,'Tinnitus'),(351,'Tortícolis'),(352,'Tos ferina'),(353,'Toxicodermias'),(354,'Toxoplasmosis'),(355,'Tracoma'),(356,'Traqueítis'),(357,'Trastorno bipolar'),(358,'Trastorno obsesivo compulsivo'),(359,'Traumatismo craneal'),(360,'Tricomoniasis'),(361,'Tripanosomiasis africana'),(362,'Tromboembolismo pulmonar'),(363,'Trombosis venosa'),(364,'Tuberculosis'),(365,'Tularemia'),(366,'Tumores cerebrales'),(367,'Úlcera'),(368,'Uretritis'),(369,'Urticaria'),(370,'Uveítis'),(371,'Vaginitis'),(372,'Vaginosis bacteriana'),(373,'Varicela'),(374,'Varices'),(375,'Varicocele'),(376,'Vértigo'),(377,'Virus del Nilo Occidental'),(378,'Virus Mayaro'),(379,'Virus Nipah'),(380,'Virus Usutu'),(381,'Virus Zika'),(382,'Vitíligo'),(383,'VPH'),(384,'Covid-19');
/*!40000 ALTER TABLE `enfermedad` ENABLE KEYS */;
UNLOCK TABLES;

--
-- Table structure for table `especifico`
--

DROP TABLE IF EXISTS `especifico`;
/*!40101 SET @saved_cs_client     = @@character_set_client */;
/*!50503 SET character_set_client = utf8mb4 */;
CREATE TABLE `especifico` (
  `id` int(10) unsigned NOT NULL AUTO_INCREMENT,
  `Tipoitem` varchar(150) NOT NULL,
  PRIMARY KEY (`id`)
) ENGINE=InnoDB AUTO_INCREMENT=494 DEFAULT CHARSET=utf8;
/*!40101 SET character_set_client = @saved_cs_client */;

--
-- Dumping data for table `especifico`
--

LOCK TABLES `especifico` WRITE;
/*!40000 ALTER TABLE `especifico` DISABLE KEYS */;
INSERT INTO `especifico` VALUES (1,'CAL SODADA, ENVASE O SET DE ENVASES, CONTENIENDO (35 - 45) LIBRAS'),(2,'CIRCUITO PARA ANESTESIA ADULTO, EMPAQUE INDIVIDUAL, DESCARTABLE'),(3,'CIRCUITO PARA ANESTESIA INFANTIL, EMPAQUE INDIVIDUAL, DESCARTABLE'),(4,'CIRCUITO PARA ANESTESIA NEONATAL, EMPAQUE INDIVIDUAL, DESCARTABLE'),(5,'CIRCUITO PARA ANESTESIA TIPO JACKSON REES, CAPACIDAD 1000ml, EMPAQUE INDIVIDUAL, DESCARTABLE'),(6,'CIRCUITO PARA ANESTESIA TIPO JACKSON REES, CAPACIDAD 500ml, EMPAQUE INDIVIDUAL, DESCARTABLE'),(7,'CIRCUITO PARA VENTILADOR MEC?NICO, TAMA?O ADULTO, EMPAQUE INDIVIDUAL ESTERIL, DESCARTABLE, SEG?N MARCA Y MODELO'),(8,'CIRCUITO PARA VENTILADOR MEC?NICO, TAMA?O NEONATAL, EMPAQUE INDIVIDUAL ESTERIL, DESCARTABLE, SEG?N MARCA Y MODELO'),(9,'CIRCUITO PARA VENTILADOR MEC?NICO, TAMA?O PEDIATRICO,EMPAQUE INDIVIDUAL ESTERIL, DESCARTABLE, SEG?N MARCA Y MODELO'),(10,'FILTRO ANTIBACTERIANO PARA VENTILADOR MEC?NICO SEG?N MARCA Y MODELO'),(11,'LINEA ARTERIAL DE MEDICI?N (LINEA DE PERFUSI?N), ADAPTABLE A MONITOR (SEG?N MARCA Y MODELO) EMPAQUE INDIVIDUAL ESTERIL, DESCARTABLE'),(12,'LINEA PARA AN?LISIS DE GASES ANESTESICOS DE 1.8 m (10 PIES CUBICOS) PVC/PE CONECTOR LUER LOCK MACHO-HEMBRA (LINEA CO2) O TRAMPA DE AGUA CON FILTRO Y A'),(13,'LINEA PARA AN?LISIS DE GASES ANESTESICOS DE 2 m (7-10) PIES PVC/PE CONECTOR LUER LOCK MACHO-MACHO(LINEA PARA CO2)'),(14,'PAPEL ABSORBENTE PARA HUMIDIFICADOR DE CASCADA'),(15,'PAPEL PARA MONITOREO DE ANESTESIA SEG?N MARCA Y MODELO, ROLLO'),(16,'TUBO CORRUGADO 15mm DE DIAMETRO, DIFERENTES MEDIDAS DE LONGITUD'),(17,'TUBO CORRUGADO 22mm DE DIAMETRO, DIFERENTES MEDIDAS DE LONGITUD'),(18,'AGUJA CON BISEL TIPO TOUHI 18 G X 2\", EMPAQUE INDIVIDUAL ESTERIL, DESCARTABLE'),(19,'AGUJA CON BISEL TIPO TOUHI 20 G X 2\", EMPAQUE INDIVIDUAL ESTERIL, DESCARTABLE'),(20,'AGUJA DE PUNCION EPIDURAL N? 17, DE 3 1/2\" PARED DELGADA, TIPO TOUHI, DESCARTABLE, EMPAQUE INDIVIDUAL ESTERIL'),(21,'AGUJA DE PUNCION EPIDURAL N? 18, DE ( 3 1/4 - 3 1/2) \" PARED DELGADA, TIPO TOUHI, DESCARTABLE, EMPAQUE INDIVIDUAL ESTERIL'),(22,'AGUJA DE PUNCION EPIDURAL N? 19, DE (3 1/4\" - 3 1/2\") PARED DELGADA, TIPO TOUHI, DESCARTABLE, EMPAQUE INDIVIDUAL ESTERIL'),(23,'EQUIPO DE ANESTESIA EPIDURAL, CATETER 19 G x 35\" CON AGUJA 18 x 3 ?- 3 ? , CON JERINGA SILIC?NADA 10ml Y FILTRO, EMPAQUE INDIVIDUAL ESTERIL, DESCARTAB'),(24,'EQUIPO DE ANESTESIA EPIDURAL, CATETER 19 G x 35\" CON AGUJA 20 x 2\", CON JERINGA SILIC?NADA 10ml Y FILTRO, EMPAQUE INDIVIDUAL ESTERIL, DESCARTABLE'),(25,'CANULA OROFARINGEA DE PL?STICO, TRANSPARENTE, N? 0, EMPAQUE INDIVIDUAL, DESCARTABLE'),(26,'CANULA OROFARINGEA DE PL?STICO, TRANSPARENTE, N? 00,EMPAQUE INDIVIDUAL, DESCARTABLE'),(27,'CANULA OROFARINGEA DE PL?STICO, TRANSPARENTE, N? 000, EMPAQUE INDIVIDUAL, DESCARTABLE'),(28,'CANULA OROFARINGEA DE PL?STICO, TRANSPARENTE, N? 1, EMPAQUE INDIVIDUAL, DESCARTABLE'),(29,'CANULA OROFARINGEA DE PL?STICO, TRANSPARENTE, N? 2, EMPAQUE INDIVIDUAL, DESCARTABLE'),(30,'CANULA OROFARINGEA DE PL?STICO, TRANSPARENTE, N? 3, EMPAQUE INDIVIDUAL, DESCARTABLE'),(31,'CANULA OROFARINGEA DE PL?STICO, TRANSPARENTE, N? 4, EMPAQUE INDIVIDUAL, DESCARTABLE'),(32,'CANULA OROFARINGEA DE PL?STICO, TRANSPARENTE, N? 5, EMPAQUE INDIVIDUAL, DESCARTABLE'),(33,'FASTRAC CON TUBO ENDOTRAQUEAL, DIAMETRO INTERNO 7mm, EMPAQUE INDIVIDUAL ESTERIL, DESCARTABLE'),(34,'FASTRAC CON TUBO ENDOTRAQUEAL, DIAMETRO INTERNO  8 mm, EMPAQUE INDIVIDUAL ESTERIL, DESCARTABLE'),(35,'FASTRAC CON TUBO ENDOTRAQUEAL, DIAMETRO INTERNO 9 mm, EMPAQUE INDIVIDUAL ESTERIL, DESCARTABLE'),(36,'MASCARILLA REUSABLE PARA ANESTESIA, TRANSPARENTE, CON SUJETADOR, TAMA?O 0'),(37,'MASCARILLA REUSABLE PARA ANESTESIA, TRANSPARENTE, CON SUJETADOR, TAMA?O 00'),(38,'MASCARILLA REUSABLE PARA ANESTESIA, TRANSPARENTE, CON SUJETADOR, TAMA?O 000'),(39,'MASCARILLA REUSABLE PARA ANESTESIA, TRANSPARENTE, CON SUJETADOR, TAMA?O 1'),(40,'MASCARILLA REUSABLE PARA ANESTESIA,TRANSPARENTE, CON SUJETADOR, TAMA?O 2'),(41,'MASCARILLA REUSABLE PARA ANESTESIA, TRANSPARENTE, CON SUJETADOR, TAMA?O 3'),(42,'MASCARILLA REUSABLE PARA ANESTESIA, TRANSPARENTE, CON SUJETADOR, TAMA?O 4'),(43,'MASCARILLA REUSABLE PARA ANESTESIA, TRANSPARENTE, CON SUJETADOR, TAMA?O 5'),(44,'MASCARA LARINGEA TAMA?O 1, EMPAQUE INDIVIDUAL ESTERIL, DESCARTABLE'),(45,'MASCARA LARINGEA TAMA?O 1.5,EMPAQUE INDIVIDUAL ESTERIL, DESCARTABLE'),(46,'MASCARA LARINGEA TAMA?O 2, EMPAQUE INDIVIDUAL ESTERIL, DESCARTABLE'),(47,'MASCARA LARINGEA TAMA?O 2.5, EMPAQUE INDIVIDUAL ESTERIL, DESCARTABLE'),(48,'MASCARA LARINGEA TAMA?O 3, EMPAQUE INDIVIDUAL ESTERIL, DESCARTABLE'),(49,'MASCARA LARINGEA TAMA?O 3.5, EMPAQUE INDIVIDUAL ESTERIL, DESCARTABLE'),(50,'MASCARA LARINGEA TAMA?O 4, EMPAQUE INDIVIDUAL ESTERIL, DESCARTABLE'),(51,'MASCARA LARINGEA TAMA?O 4.5, EMPAQUE INDIVIDUAL ESTERIL, DESCARTABLE'),(52,'MASCARA LARINGEA TAMA?O 5, EMPAQUE INDIVIDUAL ESTERIL, DESCARTABLE'),(53,'MASCARA LARINGEA CON TUBO ENDOTRAQUEAL Y ORIFICIO DE ASPIRACION, TAMA?O 1, EMPAQUE INDIVIDUAL, REUSABLE'),(54,'MASCARA LARINGEA CON TUBO ENDOTRAQUEAL Y ORIFICIO DE ASPIRACION, TAMA?O 2, EMPAQUE INDIVIDUAL, REUSABLE'),(55,'MASCARA LARINGEA CON TUBO ENDOTRAQUEAL Y ORIFICIO DE ASPIRACION, TAMA?O 3, EMPAQUE INDIVIDUAL, REUSABLE'),(56,'MASCARA LARINGEA CON TUBO ENDOTRAQUEAL Y ORIFICIO DE ASPIRACION, TAMA?O 4, EMPAQUE INDIVIDUAL, REUSABLE'),(57,'MASCARA LARINGEA CON TUBO ENDOTRAQUEAL Y ORIFICIO DE ASPIRACION, TAMA?O 5, EMPAQUE INDIVIDUAL , REUSABLE'),(58,'ADAPTADOR DE ALTA PRESION, EMPAQUE PRIMARIO INDIVIDUAL'),(59,'ARANDELAS ADHESIVAS PARA ELECTRODO, TAMA?O ESTANDAR, DESCARTABLE'),(60,'BARRERA PROTECTORA PARA TRANSDUCTOR DE PRESION, EMPAQUE INDIVIDUAL ESTERIL'),(61,'PAPEL PARA MONITOREO FETAL SEGUN MARCA Y MODELO, ROLLO'),(62,'PAPEL PARA MONITOREO FETAL SEGUN MARCA Y MODELO, RESMA'),(63,'CABLE INTERMEDIO PARA OXIMETRO, SEGUN MARCA Y MODELO'),(64,'CABLE SENSOR PARA OXIMETRO DE PULSO, SEGUN MARCA Y MODELO'),(65,'CABLE ELECTRODO PARA MARCAPASO PERMANENTE 6 A 7 Fr, CON INTRODUCTOR PERCUTANEO Y PIN, EMPAQUE INDIVIDUAL ESTERIL'),(66,'SENSOR PARA OXIMETRIA DE PULSO, TAMA?O PEDIATRICO, SEGUN MARCA Y MODELO, DESCARTABLE'),(67,'SENSOR PARA OXIMETRIA DE PULSO, TAMA?O PEDIATRICO, SEGUN MARCA Y MODELO, REUSABLE'),(68,'SENSOR PARA OXIMETRIA DE PULSO, TAMA?O INFANTE/ADULTO, SEGUN MARCA Y MODELO, DESCARTABLE'),(69,'SENSOR PARA OXIMETRIA DE PULSO, TAMA?O INFANTE/ADULTO, SEGUN MARCA Y MODELO, REUSABLE'),(70,'SENSOR PARA OXIMETRIA DE PULSO, TAMA?O ADULTO, SEGUN MARCA Y MODELO, DESCARTABLE'),(71,'SENSOR PARA OXIMETRIA DE PULSO, TAMA?O ADULTO, SEGUN MARCA Y MODELO, REUSABLE'),(72,'BRAZALETE PARA MONITOR DE PRESION ARTERIAL, UNA VIA, TAMA?O NEONATAL, N? 1'),(73,'BRAZALETE PARA MONITOR DE PRESION ARTERIAL, UNA VIA, TAMA?O NEONATAL, N? 2'),(74,'BRAZALETE PARA MONITOR DE PRESION ARTERIAL, UNA VIA, TAMA?O NEONATAL, N? 3'),(75,'BRAZALETE PARA MONITOR DE PRESION ARTERIAL, UNA VIA, TAMA?O NEONATAL, N? 4'),(76,'BRAZALETE PARA MONITOR DE PRESION ARTERIAL, UNA VIA, TAMA?O NEONATAL, N? 5'),(77,'BRAZALETE PARA MONITOR DE PRESION ARTERIAL, UNA VIA, TAMA?O PEDIATRICO, N? 2'),(78,'BRAZALETE PARA MONITOR DE PRESION ARTERIAL, UNA VIA, TAMA?O PEDIATRICO, N? 3'),(79,'BRAZALETE PARA MONITOR DE PRESION ARTERIAL, UNA VIA, TAMA?O PEDIATRICO, N? 4'),(80,'BRAZALETE PARA MONITOR DE PRESION ARTERIAL, UNA VIA, TAMA?O PEDIATRICO, N? 5'),(81,'BRAZALETE PARA MONITOR DE PRESION ARTERIAL, DOS VIAS, TAMA?O NEONATAL, N? 2'),(82,'BRAZALETE PARA MONITOR DE PRESION ARTERIAL, DOS VIAS, TAMA?O NEONATAL, N? 3'),(83,'BRAZALETE PARA MONITOR DE PRESION ARTERIAL, DOS VIAS, TAMA?O NEONATAL, N? 4'),(84,'BRAZALETE PARA MONITOR DE PRESION ARTERIAL, DOS VIAS, TAMA?O PEDIATRICO, N? 2'),(85,'BRAZALETE PARA MONITOR DE PRESION ARTERIAL, DOS VIAS, TAMA?O PEDIATRICO, N? 3'),(86,'BRAZALETE PARA MONITOR DE PRESION ARTERIAL, DOS VIAS, TAMA?O PEDIATRICO, N? 4'),(87,'BRAZALETE PARA MONITOR DE PRESION ARTERIAL, DOS VIAS, TAMA?O ADULTO, DIFERENTES MEDIDAS, SEGUN MARCA Y MODELO'),(88,'BRAZALETE PARA MONITOR DE PRESION ARTERIAL, UNA VIA, TAMA?O ADULTO, CIRCUNFERENCIA DE BRAZO ( 24-36)cm , SEGUN MARCA Y MODELO'),(89,'BRAZALETE PARA MONITOR DE PRESION ARTERIAL, UNA VIA, TAMA?O ADULTO, CIRCUNFERENCIA DE BRAZO ( 36-50)cm , SEGUN MARCA Y MODELO'),(90,'ELECTRODO DE MONITOREO CARDIORESPIRATORIO AUTOADHERIBLE, ADULTO, DESCARTABLE'),(91,'ELECTRODO DE MONITOREO CARDIORESPIRATORIO AUTOADHERIBLE, NEONATAL, DESCARTABLE'),(92,'ELECTRODO DE MONITOREO CARDIORESPIRATORIO AUTOADHERIBLE, PEDIATRICO, DESCARTABLE'),(93,'ELECTRODO PARA DESFIBRILADOR, USO ADULTO, CON CONECTOR, DESCARTABLE'),(94,'ELECTRODO PARA PRUEBA DE ESFUERZO, DESCARTABLE'),(95,'PAPEL PARA ESPIROMETRIA, SEGUN MARCA Y MODELO, ROLLO'),(96,'PAPEL PARA PRUEBA DE ESFUERZO, SEGUN MARCA Y MODELO, ROLLO'),(97,'PAPEL PARA PRUEBA DE ESFUERZO, SEGUN MARCA Y MODELO, RESMA'),(98,'GEL CONDUCTIVA PARA ELECTROCARDIOGRAMA Y/O ELECTROCAUTERIO, FRASCO (8-10) ONZAS'),(99,'GEL CONDUCTIVA PARA ELECTROCARDIOGRAMA Y/O ELECTROCAUTERIO, GALON'),(100,'PAPEL PARA ELECTROCARDIOGRAFIA DE 1 CANAL, SEG?N MARCA Y MODELO, ROLLO'),(101,'PAPEL PARA ELECTROCARDIOGRAFIA DE 3 CANALES, SEG?N MARCA Y MODELO, ROLLO'),(102,'PAPEL PARA ELECTROCARDIOGRAFIA DE 3 CANALES, SEG?N MARCA Y MODELO, RESMA'),(103,'PAPEL PARA ELECTROCARDIOGRAFIA DE 6 CANALES, SEG?N MARCA Y MODELO, ROLLO'),(104,'PAPEL PARA ELECTROCARDIOGRAFIA DE 12 CANALES, SEG?N MARCA Y MODELO, ROLLO'),(105,'ELECTRODO PARA ELECTROENCEFALOGRAMA'),(106,'PAPEL PARA ELECTROENCEFALOGRAFIA, SEGUN MARCA Y MODELO, ROLLO'),(107,'PAPEL PARA ULTRASONOGRAFIA DE ALTA DENSIDAD SEG?N MARCA Y MODELO, ROLLO'),(108,'PAPEL PARA ULTRASONOGRAFIA DE ALTA DENSIDAD, A COLOR, SEG?N MARCA Y MODELO, ROLLO'),(109,'PASTA ELECTRODOCONDUCTIVA PARA NEURODIAGN?STICO, ENVASE ( 200-300) g'),(110,'CABLE Y PINZA PARA ELECTROCAUTERIO BIPOLAR, SEGUN MARCA Y MODELO, REUSABLE'),(111,'CABLE, LAPIZ Y PUNTA PARA ELECTROCAUTERIO MONOPOLAR, ESPIGA EN 3, EMPAQUE ESTERIL, DESCARTABLE, CON INTERRUPTOR DE MANO'),(112,'PLACA AUTOADHERIBLE PARA ELECTRODO NEUTRO DE ELECTROCAUTERIO, DOS CUERPOS, TAMA?O NEONATAL, SEG?N MARCA Y MODELO, EMPAQUE INDIVIDUAL DESCARTABLE.'),(113,'PLACA AUTOADHERIBLE PARA ELECTRODO NEUTRO DE ELECTROCAUTERIO, DOS CUERPOS, TAMA?O ESTANDAR, SEG?N MARCA Y MODELO, EMPAQUE INDIVIDUAL DESCARTABLE.'),(114,'PLACA AUTOADHERIBLE PARA ELECTRODO NEUTRO DE ELECTROCAUTERIO, UN CUERPO, TAMA?O NEONATAL, SEG?N MARCA Y MODELO, EMPAQUE INDIVIDUAL DESCARTABLE.'),(115,'PLACA AUTOADHERIBLE PARA ELECTRODO NEUTRO DE ELECTROCAUTERIO, UN CUERPO, TAMA?O ESTANDAR, SEG?N MARCA Y MODELO, EMPAQUE INDIVIDUAL DESCARTABLE.'),(116,'PAPEL PARA ECODOPPLER BLANCO Y NEGRO, SEGUN MARCA Y MODELO, ROLLO'),(117,'CASETA RADIOGR?FICA PL?STICA O MET?LICA, CON PANTALLA INTENSIFICADORA SENSIBLE AL VERDE, RAPIDA, 5\" X 7\"'),(118,'CASETA RADIOGR?FICA PL?STICA O MET?LICA, CON PANTALLA INTENSIFICADORA SENSIBLE AL VERDE, RAPIDA, 8\" X 10\"'),(119,'CASETA RADIOGR?FICA PL?STICA O MET?LICA, CON PANTALLA INTENSIFICADORA SENSIBLE AL VERDE, REGULAR, 8\" X 10\"'),(120,'CASETA RADIOGR?FICA PL?STICA O MET?LICA, CON PANTALLA INTENSIFICADORA SENSIBLE AL VERDE, RAPIDA, 10\" X 12\"'),(121,'CASETA RADIOGR?FICA PL?STICA O MET?LICA, CON PANTALLA INTENSIFICADORA SENSIBLE AL VERDE, REGULAR, 10\" X 12\"'),(122,'CASETA RADIOGR?FICA PL?STICA O MET?LICA, CON PANTALLA INTENSIFICADORA SENSIBLE AL VERDE, RAPIDA, 11\" X 14\"'),(123,'CASETA RADIOGR?FICA PL?STICA O MET?LICA, CON PANTALLA INTENSIFICADORA SENSIBLE AL VERDE, REGULAR, 11\" X 14\"'),(124,'CASETA RADIOGR?FICA PL?STICA O MET?LICA, CON PANTALLA INTENSIFICADORA SENSIBLE AL VERDE, RAPIDA, 14\" X 14\"'),(125,'CASETA RADIOGR?FICA PL?STICA O MET?LICA, CON PANTALLA INTENSIFICADORA SENSIBLE AL VERDE, REGULAR, 14\" X 14\"'),(126,'CASETA RADIOGR?FICA PL?STICA O MET?LICA, CON PANTALLA INTENSIFICADORA SENSIBLE AL VERDE, RAPIDA, 14\" X 17\"'),(127,'CASETA RADIOGR?FICA PL?STICA O MET?LICA, CON PANTALLA INTENSIFICADORA SENSIBLE AL VERDE, REGULAR, 14\" X 17\"'),(128,'CASETA RADIOGR?FICA PARA MAMOGRAFIA, PL?STICA O MET?LICA, CON PANTALLA INTENSIFICADORA SENSIBLE AL VERDE, 8\" X 10\"'),(129,'CASETA RADIOGR?FICA PARA MAMOGRAFIA, PL?STICA O MET?LICA, CON PANTALLA INTENSIFICADORA SENSIBLE AL VERDE, 10\" X 12\"'),(130,'FILTRO PARA REVELADOR DE PROCESADORA DE PELICULAS RADIOLOGICAS, SEG?N MARCA Y MODELO'),(131,'FILTRO PARA FIJADOR DE PROCESADORA DE PELICULAS RADIOLOGICAS, SEG?N MARCA Y MODELO'),(132,'FILTRO DE CARBON ACTIVADO PARA ENTRADA DE AGUA, PARA PROCESADORA DE PELICULAS RADIOLOGICAS, SEG?N MARCA Y MODELO'),(133,'KIT PARA GALACTOGRAFIA CONTENIENDO 6 DILATADORES DE (0.25, 0.30, 0.35, 0.45, 0.55 Y 0.65) mm Y UNA JERINGA DE 1ML CON AGUJA CURVA PUNTA ROMA, 30G X (2'),(134,'LIMPIADOR PARA PLANCHA REVELADOR PARA PROCESADORA DE PLACAS, FRASCO'),(135,'PAPEL A COLOR PARA ECODOPLER, SEGUN MARCA Y MODELO, ROLLO'),(136,'PAPEL PARA IMPRESI?N A COLOR DE USO EN ULTRASONOGRAFIA, ( 144 x 100)mm, CAJA x ( 100-200) HOJAS, SEG?N MARCA Y MODELO DE IMPRESOR'),(137,'L?QUIDO FIJADOR PARA PROCESADORA AUTOMATICA, GALON'),(138,'L?QUIDO FIJADOR PARA PROCESADORA MANUAL, GALON'),(139,'L?QUIDO REFORZADOR PARA PROCESADORA AUTOMATICA, GALON'),(140,'L?QUIDO REFORZADOR PARA PROCESADORA MANUAL, GALON'),(141,'L?QUIDO REVELADOR PARA PROCESADORA AUTOMATICA, GALON'),(142,'L?QUIDO REVELADOR PARA PROCESADORA MANUAL, GALON'),(143,'PELICULA RADIOLOGICA BASE AZUL, TAMA?O 8\" x 10\", PARA IMPRESOR T?RMICO, SEG?N MARCA Y MODELO DE IMPRESOR'),(144,'PELICULA RADIOLOGICA BASE AZUL, TAMA?O 10\" x 12\", PARA IMPRESOR T?RMICO, SEG?N MARCA Y MODELO DE IMPRESOR'),(145,'PELICULA RADIOLOGICA BASE AZUL, TAMA?O 14\" x 17\", PARA IMPRESOR T?RMICO, SEG?N MARCA Y MODELO DE IMPRESOR'),(146,'PELICULA RADIOLOGICA BASE AZUL, TAMA?O 14\" x 14\", PARA IMPRESOR T?RMICO, SEG?N MARCA Y MODELO DE IMPRESOR'),(147,'PELICULA RADIOLOGICA CON BASE POLIESTER, 5\" x 7\" FLUORESCENCIA VERDE, CAJA DE 100'),(148,'PELICULA RADIOLOGICA CON BASE POLIESTER, 8\" x 10\" FLUORESCENCIA VERDE, CAJA DE 100'),(149,'PELICULA RADIOLOGICA CON BASE POLIESTER, 10\" x 12\" FLUORESCENCIA VERDE, CAJA DE 100'),(150,'PELICULA RADIOGR?FICA CON BASE POLIESTER, 8\" x 10\" (20 x 25)cm, SENSIBLE AL INFRAROJO, PARA IMPRESI?N LASER EN SECO, SEG?N MARCA Y MODELO DE IMPRESORA'),(151,'PELICULA RADIOGR?FICA CON BASE POLIESTER, 10\" x 12\" ( 25 x 30)cm, SENSIBLE AL INFRAROJO, PARA IMPRESI?N LASER EN SECO, SEG?N MARCA Y MODELO DE IMPRESO'),(152,'PELICULA RADIOLOGICA CON BASE POLIESTER, 11\" x 14\" FLUORESCENCIA VERDE, CAJA DE 100'),(153,'PELICULA RADIOLOGICA CON BASE POLIESTER, 14\" x 14\" FLUORESCENCIA VERDE, CAJA DE 100'),(154,'PELICULA RADIOLOGICA CON BASE POLIESTER, 14\" x 17\" FLUORESCENCIA VERDE, CAJA DE 100'),(155,'PELICULA RADIOGR?FICA CON BASE POLIESTER, 14\" x 17\" (35 x 43)cm, SENSIBLE AL INFRAROJO, PARA IMPRESI?N LASER EN SECO, SEG?N MARCA Y MODELO DE IMPRESOR'),(156,'PELICULA RADIOLOGICA CON MUESCA, PARA MAMOGRAFIA, DE UNA EMULSION, CON BASE POLIESTER (24-25 x 29-30) cm, FLUORESCENCIA VERDE, CAJA DE 100'),(157,'PELICULA RADIOLOGICA CON MUESCA, PARA MAMOGRAFIA, DE UNA EMULSION, CON BASE POLIESTER,(18-20 x 24-25) cm, FLUORESCENCIA VERDE, CAJA DE 100'),(158,'PELICULA RADIOGR?FICA PARA MAMOGRAFIA, CON BASE POLIESTER, 8\" x 10\" (20 x 25) cm, SENSIBLE AL INFRAROJO, PARA IMPRESI?N LASER EN SECO, SEG?N MARCA Y M'),(159,'PELICULA RADIOGR?FICA PARA MAMOGRAFIA, CON BASE POLIESTER, 10\" x 12\" (25 x 30) cm, SENSIBLE AL INFRAROJO, PARA IMPRESI?N LASER EN SECO, SEG?N MARCA Y '),(160,'PELICULA RADIOLOGICA (35 x 43)cm, EB 1, PARA TOMOGRAFIA, CAJA DE 100'),(161,'PELICULA RADIOLOGICA (35 x 43)cm, INFRAROJA (EIR-1), CAJA DE 100'),(162,'PELICULA RADIOLOGICA PERIAPICAL (31 x 41) mm'),(163,'PELICULA RADIOLOGICA PERIOCLUSAL'),(164,'PELICULA RADIOLOGICA BASE AZUL, TAMA?O 11\" x 14\", PARA IMPRESOR T?RMICO, SEG?N MARCA Y MODELO DE IMPRESOR'),(165,'PELICULA RADIOL?GICA 14\" x 17\", PAPEL T?RMICO AZUL, CAJA DE 125 HOJAS, SEG?N MARCA Y MODELO DE IMPRESOR'),(166,'SOLUCI?N INICIADORA PARA PROCESADORA AUTOMATICA, FRASCO DE 1 LITRO'),(167,'BOLSA PARA ENEMA DE BARIO CON SU EQUIPO COMPLETO, CON BALON'),(168,'BOLSA PARA ENEMA DE BARIO CON SU EQUIPO COMPLETO, SIN BALON'),(169,'MEDIO DE CONTRASTE PARAMAGN?TICO DE ELIMINACION RENAL, FRASCO 15ml'),(170,'MEDIO DE CONTRASTE YODADO AL (30 - 50)% NO IONIZADO,FRASCO VIAL (30 - 50)ml'),(171,'MEDIO DE CONTRASTE YODADO PARA ESTUDIO DE VIAS BILIARES, 500mg TABLETA ? CAPSULA, VIA ORAL, FRASCO x 6, PROTEGIDO DE LA LUZ'),(172,'MEDIO DE CONTRASTE YODADO POR VIA ENDOVENOSA AL 60%, FRASCO VIAL (100 - 200)ml'),(173,'MEDIO DE CONTRASTE YODADO POR VIA ENDOVENOSA AL (60 - 70)% IONIZADO, FRASCO VIAL (30 - 50)ml'),(174,'RADIOISOTOPOS DIAGNOSTICOS Tc99 DTPA Y DMSA'),(175,'RADIO ISOTOPO 131 DEL YODO (I-131), SOLUCI?N ORAL TERAP?UTICA, FRASCO VIAL DE 6 ml, ACTIVIDAD 150 mCi (MILICURI), PRECALIBRADO.'),(176,'SAL EFERVESCENTE BEBIBLE, PARA DOBLE MEDIO DE CONTRASTE, SOBRE 3g'),(177,'SULFATO DE BARIO (300-460)g, USO HUMANO'),(178,'SULFATO DE BARIO, SUSPENSION AL 4.6%, VIA ORAL, FRASCO (60 -100)ml'),(179,'SULFATO DE BARIO, SUSPENSION AL 4.6%, VIA ORAL, FRASCO (150 -250)ml'),(180,'SULFATO DE BARIO, SUSPENSION AL 7% VIA ORAL, FRASCO (150 -250)ml'),(181,'CONECTOR EN \"Y\", DE (60 - 100 ) PULGADAS DE LONGITUD, PARA INYECTOR SEG?N MARCA Y MODELO, EMPAQUE INDIVIDUAL ESTERIL DESCARTABLE'),(182,'JERINGA DE 200 ml PARA INYECTOR AUTOMATICO, CON CONECTOR EN \"Y\" DE (60-100) PULGADAS Y BASTON PARA LLENADO, SEG?N MARCA Y MODELO, EMPAQUE INDIVIDUAL E'),(183,'JERINGA DUAL DE 65 ml Y 115ml, COMPATIBLE CON INYECTOR, INCLUYE TUBO CONECTOR DE (60 - 100) PULGADAS, SEG?N MARCA YMODELO, EMPAQUE INDIVIDUAL ESTERIL,'),(184,'MEDIO DE CONTRASTE NO IONICO AL 68%, EN JERINGA PRE-LLENADA DE (100-125) ml (320mg/ ml ), SEG?N MARCA Y MODELO, EMPAQUE INDIVIDUAL ESTERIL'),(185,'PELICULA RADIOLOGICA ( 8.5 X 11 ) PULGADAS, PARA IMPRESI?N EN SECO, A COLOR, TIPO CROMOVISTA, CAJA DE 100 ( INCLUYE CARTUCHO DE TINTA ), SEG?N MARCA Y'),(186,'PELICULA RADIOLOGICA BASE AZUL ( 14 X 17 ) PULGADAS PARA IMPRESI?N EN SECO, CAJA DE 100, SEG?N MARCA Y MODELO DE IMPRESOR'),(187,'TUBO CONECTOR DE BAJA PRESION DE ( 96-100 ) PULGADAS, COMPATIBLE CON INYECTOR, SEG?N MARCA Y MODELO, EMPAQUE INDIVIDUAL ESTERIL, DESCARTABLE'),(188,'CONECTOR EN ESPIRAL, (60 - 100 ) PULGADAS DE LONGITUD, PARA INYECTOR, SEG?N MARCA Y MODELO, EMPAQUE INDIVIDUAL ESTERIL DESCARTABLE'),(189,'ALMOHADILLA PARA CLIP NASAL, PARA REALIZACION DE ESPIROMETRIAS'),(190,'BOQUILLA CUADRO TARJETA TAMA?O ESTANDAR, PARA EQUIPO DE ESPIROMETRIA, DESCARTABLE, SEGUN MARCA Y MODELO'),(191,'CAMARA HUMIDIFICADORA DE CASCADA PARA VENTILADOR, SEGUN MARCA Y MODELO'),(192,'CLIP NASAL PARA REALIZACION DE ESPIROMETRIAS'),(193,'CONECTOR ADAPATADOR PARA REGULADOR DE FLUJO DE OXIGENO (NIPPLE) DESCARTABLE, EMPAQUE INDIVIDUAL O CAJA POR 50'),(194,'ESPACIADOR DE VOLUMEN, PL?STICO Y ATOXICO, CON BOQUILLA Y ADAPTADOR UNIVERSAL, USO ADULTO'),(195,'ESPACIADOR DE VOLUMEN, PL?STICO Y ATOXICO, CON MASCARILLA Y ADAPTADOR UNIVERSAL, USO PEDIATRICO'),(196,'ESPACIADOR DE VOLUMEN, PL?STICO, PARA USO EN VENTILADOR MEC?NICO, EMPAQUE INDIVIDUAL, REUSABLE'),(197,'FRASCO HUMIDIFICADOR DE BURBUJA, PARA ADMINISTRACION DE OXIGENO, DESCARTABLE'),(198,'FRASCO HUMIDIFICADOR DE BURBUJA, PARA ADMINISTRACION DE OXIGENO, REUSABLE'),(199,'FRASCO MACRONEBULIZADOR PARA ADMINISTRACION DE OXIGENO, CON SISTEMA VENTURY, DESCARTABLE'),(200,'INSPIROMETRO INCENTIVO PARA TERAPIA RESPIRATORIA CON CAPACIDAD DE (2000-5000)ml EMPAQUE INDIVIDUAL, DESCARTABLE'),(201,'MEDIDOR DE FLUJO CON BOQUILLA PL?STICA REUSABLE, CON ALCANCE UNIVERSAL (50-750 L / por minuto ) Y MEDIDOR CENTRAL'),(202,'MICRONEBULIZADOR CON MASCARILLA PARA ADULTO Y TUBO DE EXTENSION DE 7 PIES, EMPAQUE INDIVIDUAL , DESCARTABLE'),(203,'MICRONEBULIZADOR CON MASCARILLA PEDIATRICA Y TUBO DE EXTENSION DE 7 PIES, EMPAQUE INDIVIDUAL, DESCARTABLE'),(204,'MICRONEBULIZADOR CON PIEZA EN T, PARA CIRCUITO NEONATAL, EMPAQUE INDIVIDUAL'),(205,'MEMBRANA PARA V?LVULA EXHALATORIA DE VENTILADOR MEC?NICO, SEG?N MARCA Y MODELO'),(206,'PULM?N DE ENSAYO (PRUEBA) PARA VENTILADOR MEC?NICO, TAMA?O NEONATAL, ( 50-75) ml, SEGUN MARCA Y MODELO'),(207,'PULM?N DE ENSAYO (PRUEBA) PARA VENTILADOR MEC?NICO, TAMA?O PEDIATRICO,100 ml, SEGUN MARCA Y MODELO'),(208,'PULM?N DE ENSAYO (PRUEBA) PARA VENTILADOR MEC?NICO, TAMA?O ADULTO, 1000 ml, SEG?N MARCA Y MODELO'),(209,'SET DE TUBOS CORRUGADOS CON V?LVULA EXPIRATORIA, EMPAQUE INDIVIDUAL DESCARTABLE'),(210,'MASCARA PARA RESUCITACI?N CARDIOPULMONAR, ADULTO, (13-14 x 11-12 x 4-5) cm, CON V?LVULA DE PASO ?NICO Y FILTRO BACTERIANO, EMPAQUE INDIVIDUAL, REUSABL'),(211,'MASCARILLA PARA ADMINISTRACION DE OXIGENO CON SISTEMA VENTURY,TAMA?O PEDIATRICO, DESCARTABLE'),(212,'MASCARILLA PARA ADMINISTRACION DE OXIGENO CON SISTEMA VENTURY, TAMA?O ADULTO, DESCARTABLE'),(213,'MASCARILLA DE REINHALACION CON RESERVORIO PARA ADMINISTRACION DE OXIGENO Y TUBO EXTENSION DE 7 PIES,TAMA?O ADULTO, DESCARTABLE'),(214,'MASCARILLA DE REINHALACION CON RESERVORIO PARA ADMINISTRACION DE OXIGENO Y TUBO EXTENSION DE 7 PIES,TAMA?O INFANTIL, DESCARTABLE'),(215,'MASCARILLA DE REINHALACION SIN RESERVORIO PARA ADMINISTRACION DE OXIGENO Y TUBO EXTENSION DE 7 PIES,TAMA?O ADULTO, DESCARTABLE'),(216,'MASCARILLA DE REINHALACION SIN RESERVORIO PARA ADMINISTRACION DE OXIGENO Y TUBO EXTENSION DE 7 PIES,TAMA?O INFANTIL, DESCARTABLE'),(217,'MASCARILLA DE REINHALACION SIN RESERVORIO PARA ADMINISTRACION DE OXIGENO Y TUBO EXTENSION DE 7 PIES,TAMA?O NEONATAL, DESCARTABLE'),(218,'MASCARILLA DE NO REINHALACION CON RESERVORIO PARA ADMINISTRACION DE OXIGENO Y TUBO DE EXTENSION DE 7 PIES, TAMA?O PEDIATRICO, DESCARTABLE'),(219,'MASCARILLA DE NO REINHALACION CON RESERVORIO PARA ADMINISTRACION DE OXIGENO Y TUBO DE EXTENSION DE 7 PIES, TAMA?O ADULTO, DESCARTABLE'),(220,'MASCARILLA FACIAL PARA VENTILACION NO INVASIVA, TIPO CPAP O BIPAP, TAMA?O MEDIANO, DESCARTABLE'),(221,'MASCARILLA FACIAL PARA VENTILACION NO INVASIVA, TIPO CPAP O BIPAP, TAMA?O GRANDE, DESCARTABLE'),(222,'ADAPTADOR EN \"T\" (2 - 2.5)cm DE LARGO x (1 ? 1.5)cm DE DIAMETRO, EMPAQUE INDIVIDUAL ESTERIL, DESCARTABLE'),(223,'ADAPTADOR EN \"T\", ( 2 ? 2.5)cm DE LARGO x (2 ? 2.5)cm DE DIAMETRO, EMPAQUE INDIVIDUAL ESTERIL, DESCARTABLE'),(224,'ALMOHADILLA OBSTETRICA DE ALTA ABSORCION PARA USO MATERNAL Y POST-PARTO'),(225,'ASA DE RADIOCIRUGIA PARA HISTEROSCOPIO, DESCARTABLE'),(226,'ASA PARA RADIOCIRUGIA EN FORMA DE BOLA, DESCARTABLE'),(227,'ASA PARA RADIOCIRUGIA EN FORMA DE PALETA, DESCARTABLE'),(228,'ASA PARA RADIOCIRUGIA EN FORMA DE PUNTA, DESCARTABLE'),(229,'BAJALENGUAS DE MADERA, SUPERFICIE LISA 3/4\" x 6\", DESCARTABLE, EMPAQUE O CAJA x 100 - 200'),(230,'BOLSA URINARIA GRADUADA, CAPACIDAD (1 - 2) L, V?LVULA DE VACIADO, ANTIREFLUJO, FIJA,DE LATEX, CON FILTRO ANTIBACTERIANO,EMPAQUE INDIVIDUAL ESTERIL, DE'),(231,'BOLSA URINARIA GRADUADA, CAPACIDAD (1-2) L, V?LVULA DE VACIADO, FIJA, DE LATEX, EMPAQUE INDIVIDUAL ESTERIL, DESCARTABLE'),(232,'CEPILLO PARA TOMA DE CITOLOGIA ENDOCERVICAL,DESCARTABLE'),(233,'CEPILLO PARA TOMA DE CITOLOGIA, PARA FIBROBRONCOSCOPIO, EMPAQUE INDIVIDUAL ESTERIL, DESCARTABLE'),(234,'CEPILLO QUIR?RGICO CON JABON YODADO, EMPAQUE INDIVIDUAL ESTERIL, DESCARTABLE'),(235,'CINTA UMBILICAL 10-A, HEBRAS 30-32mm x 45cm, SOBRE ESTERIL, DESCARTABLE'),(236,'CINTA UMBILICAL 10-A, ROLLO DE 100 YARDAS., EN FRASCO DISPENSADOR, DESCARTABLE'),(237,'CLAMP PARA CIERRE DE LINEA, EMPAQUE INDIVIDUAL ESTERIL, DESCARTABLE'),(238,'CLIP UMBILICAL, EMPAQUE INDIVIDUAL ESTERIL,DESCARTABLE'),(239,'DESCARTABLE PARA BOMBA DE INFUSION VOLUMETRICA, MACRO MICRO, EXTENSION (2.5 - 3) m, EMPAQUE INDIVIDUAL ESTERIL, SEGUN MARCA Y MODELO'),(240,'DESCARTABLE PARA BOMBA DE INFUSION VOLUMETRICA, MACRO MICRO, OSCURO, EXTENSION (2.5 - 3) m, EMPAQUE INDIVIDUAL ESTERIL, SEGUN MARCA Y MODELO'),(241,'DESCARTABLE PARA BOMBA DE INFUSION VOLUMETRICA MACRO, EXTENSION (2.5 - 3) m, EMPAQUE INDIVIDUAL ESTERIL, SEG?N MARCA Y MODELO'),(242,'DESCARTABLE PARA BOMBA DE INFUSION VOLUMETRICA MICRO, EXTENSION (2.5 - 3)m, EMPAQUE INDIVIDUAL ESTERIL, SEG?N MARCA Y MODELO'),(243,'DESCARTABLE PARA BOMBA DE PERFUSION, OSCURO, CON LUER LOCK, EMPAQUE INDIVIDUAL ESTERIL, SEG?N MARCA Y MODELO'),(244,'DESCARTABLE PARA BOMBA DE PERFUSION, TRASPARENTE CON LUER LOCK, EMPAQUE INDIVIDUAL ESTERIL, SEG?N MARCA Y MODELO'),(245,'DESCARTABLE PARA SUERO SIN AGUJA, CON VENTANA,  DE 2.5 YARDAS CON LUER LOCK, ADAPTADOR EN \"Y\",20 GOT/ml, EMPAQUE INDIVIDUAL ESTERIL'),(246,'DESCARTABLE PARA SUERO SIN AGUJA, CON VENTANA, DE 2.5 YARDAS LUER SLIP, CON O SIN ROSCA MOVIL, ADAPTADOR EN \"Y\",20 GOT/ml, EMPAQUE INDIVIDUAL ESTERIL'),(247,'DILATADOR DE BAL?N PARA ESTENOSIS ESOF?GICA O PIL?RICA, CON BAL?N DE (11-12)mm, LONGITUD DE BAL?N (8-10)cm, PARA CANAL DE TRABAJO DE (2.5 - 3)mm, EMPA'),(248,'DRENO DE PENROSE 13mm x (30- 45)cm, (1/2\" x 12\"- 18\"), EMPAQUE INDIVIDUAL ESTERIL, DESCARTABLE'),(249,'DRENO DE PENROSE 25mm x (30- 45) cm, (1\" x 12\" -18\"), EMPAQUE INDIVIDUAL ESTERIL, DESCARTABLE'),(250,'DRENO DE PENROSE 6mm x (30 - 45 )cm  (1/4\" x 12\"-18\") EMPAQUE INDIVIDUAL ESTERIL, DESCARTABLE'),(251,'EQUIPO COMPLETO PARA EXSANGUINEO TRANSFUSION, EMPAQUE INDIVIDUAL ESTERIL,DESCARTABLE'),(252,'EQUIPO DE TRANSFERENCIA PARA MEZCLADORA AUTOMATIZADA DE ALIMENTACION PARENTERAL, EMPAQUE INDIVIDUAL ESTERIL, DESCARTABLE, SEGUN MARCA Y MODELO'),(253,'EQUIPO PARA ADMINISTRACION DE SOLUCIONES CARDIOPLEGICAS, EMPAQUE INDIVIDUAL ESTERIL, DESCARTABLE'),(254,'EQUIPO PARA PRESION VENOSA CENTRAL, CON LLAVE, 3 VIAS ESCALA EN cm Y TUBOS DE CONEXION (COMPLETO),EMPAQUE INDIVIDUAL ESTERIL, DESCARTABLE'),(255,'ESPATULA DE AYRE, DE MADERA, DESCARTABLE'),(256,'EXTENSION PARA INFUSION, CON V?LVULA DE 3-4 VIAS,LONGITUD (100-150) cm, CON LUER LOCK , EMPAQUE INDIVIDUAL ESTERIL,DESCARTABLE'),(257,'EXTENSION PARA INFUSION O MEDICI?N DE PRESIONES INVASIVAS 0.5mm CON V?LVULA DE 3-4 VIAS,LONGITUD 30cm,CON LUER LOCK, EMPAQUE INDIVIDUAL ESTERIL'),(258,'EXTENSION PARA INFUSION, LONGITUD 30cm,CON LUER LOCK, EMPAQUE INDIVIDUAL ESTERIL, DESCARTABLE'),(259,'EXTENSION PARA PERFUSION, LONGITUD ( 100-150)cm, CON LUER LOCK, EMPAQUE INDIVIDUAL ESTERIL, DESCARTABLE'),(260,'FRASCO PL?STICO PARA APARATO DE SUCCION DE 1500-2000ml, DESCARTABLE'),(261,'FILTRO PARA PREPARACION DE SOLUCIONES CITOSTATICAS,EMPAQUE INDIVIDUAL ESTERIL, DESCARTABLE'),(262,'GORRO DESCARTABLE, PARA CIRUJANO'),(263,'GORRO DESCARTABLE, PARA ENFERMERA'),(264,'HEMOCONCENTRADOR PEDIATRICO LIBRE DE GLICERINA CON LINEAS PARA CAMPO Y MESA, EMPAQUE INDIVIDUAL ESTERIL, DESCARTABLE'),(265,'INFUSOR INTRAVENOSO CON BURETA GRADUADA 100- 150ml Y MICROGOTERO (60 GOTAS/ml), EMPAQUE INDIVIDUAL ESTERIL, DESCARTABLE'),(266,'INTRODUCTOR 6 Fr CON V?LVULA ANTIRREFLUJO, 10cm DE LONGITUD EMPAQUE INDIVIDUAL ESTERIL, DESCARTABLE'),(267,'INTRODUCTOR VENOSO DE (6.5 - 7 ) Fr, (10 - 11) cm DE LONGITUD CON V?LVULA HEMOSTATICA ANTIRREFLUJO PARA COLOCACION DE CATETER BIPOLAR DE MARCAPASO \"Y\"'),(268,'INTRODUCTOR 8 Fr CON V?LVULA ANTIRREFLUJO, 10cm DE LONGITUD, EMPAQUE INDIVIDUAL ESTERIL, DESCARTABLE'),(269,'LANCETA AUTOMATICA PARA PUNCION DE TALON PARA TOMA DE MUESTRA DE SANGRE CON HOJA DE 1.2 mm DE PENETRACION Y 1.5 mm DE ANCHO, EMPAQUE INDIVIDUAL ESTERI'),(270,'MAQUINA PARA AFEITAR, TIPO RASTRILLO DE 2 HOJAS,DESCARTABLE'),(271,'MICROLANCETA PARA APLICACION DE ALERGENOS, EMPAQUE INDIVIDUAL ESTERIL, DESCARTABLE'),(272,'OXIGENADOR PEDIATRICO DE FIBRA HUECA, CON LINEAS PARA CAMPO Y MESA, EMPAQUE INDIVIDUAL ESTERIL, DESCARTABLE'),(273,'PA?AL GRANDE PARA NI?O, DESCARTABLE'),(274,'PA?AL GRANDE PARA ADULTO, DESCARTABLE'),(275,'PA?AL MEDIANO PARA NI?O, DESCARTABLE'),(276,'PA?AL MEDIANO PARA ADULTO, DESCARTABLE'),(277,'PA?AL PEQUE?O PARA NI?O, DESCARTABLE'),(278,'PA?AL PEQUE?O PARA ADULTO,DESCARTABLE'),(279,'PAQUETE QUIR?RGICO DE LAPARATOMIA, EMPAQUE INDIVIDUAL ESTERIL,DESCARTABLE'),(280,'PALILLOS APLICADORES DE MADERA 6\", SIN ALGODON, CAJA DE 1000, DESCARTABLE'),(281,'REGLETA DE TRES LLAVES, DE TRES V?AS CADA UNA, CON DESCARTABLE PARA TERAPIA DE INFUSI?N DE MEDICAMENTOS Y MONITORIZACION, EMPAQUE INDIVIDUAL EST?RIL, '),(282,'SET DE CITOSTOMIA PERCUTANEA 8 Fr, ESTERIL, DESCARTABLE'),(283,'SET DE CITOSTOMIA PERCUTANEA 10 Fr, ESTERIL, DESCARTABLE'),(284,'SET DE CITOSTOMIA PERCUTANEA 12 Fr, ESTERIL, DESCARTABLE'),(285,'SET DE CITOSTOMIA PERCUTANEA 16 Fr, ESTERIL, DESCARTABLE'),(286,'SET DE CITOSTOMIA PERCUTANEA 22 Fr, ESTERIL, DESCARTABLE'),(287,'SET DE NEFROSTOMIA PERCUTANEA 8Fr, ESTERIL, DESCARTABLE'),(288,'SET DE NEFROSTOMIA PERCUTANEA 12 Fr, ESTERIL, DESCARTABLE'),(289,'SET DE NEFROSTOMIA PERCUTANEA 14 Fr, ESTERIL, DESCARTABLE'),(290,'SET DE NEFROSTOMIA PERCUTANEA 16 Fr, ESTERIL, DESCARTABLE'),(291,'SET DE NEFROSTOMIA PERCUTANEA 18 Fr, ESTERIL, DESCARTABLE'),(292,'SISTEMA COMPLETO PARA CPAP, CON CANULA NASAL PARA NEONATO, N? 0, DESCARTABLE'),(293,'SISTEMA COMPLETO PARA CPAP , CON CANULA NASAL PARA NEONATO, N? 1, DESCARTABLE'),(294,'SISTEMA COMPLETO PARA CPAP,CON CANULA NASAL PARA NEONATO, N? 2, DESCARTABLE'),(295,'SISTEMA COMPLETO PARA CPAP,CON CANULA NASAL PARA NEONATO, N? 3, DESCARTABLE'),(296,'SISTEMA DE SUCCION CERRADO 8Fr, CON SU EQUIPO CONECTOR DE (50-100) ml, GRADUADO, EMPAQUE INDIVIDUAL ESTERIL, DESCARTABLE'),(297,'SISTEMA DE SUCCION CERRADO 10Fr, EMPAQUE INDIVIDUAL ESTERIL DESCARTABLE , CON SU EQUIPO CONECTOR DE (50-100) ml, GRADUADO'),(298,'SISTEMA DE SUCCION CERRADO 10Fr, EMPAQUE INDIVIDUAL ESTERIL DESCARTABLE, CON SU EQUIPO CONECTOR DE (400-500) ml, GRADUADO'),(299,'SISTEMA DE SUCCION CERRADO 12Fr, EMPAQUE INDIVIDUAL ESTERIL DESCARTABLE, CON SU EQUIPO CONECTOR DE (400-500) ml, GRADUADO'),(300,'SISTEMA DE SUCCION CERRADO 14Fr, CON SU EQUIPO CONECTOR DE (50-100) ml, GRADUADO, EMPAQUE INDIVIDUAL ESTERIL DESCARTABLE'),(301,'SISTEMA DE SUCCION CERRADO 14Fr, EMPAQUE INDIVIDUAL ESTERIL DESCARTABLE, CON SU EQUIPO CONECTOR DE (400-500) ml, GRADUADO'),(302,'SISTEMA DE SUCCION CERRADO 15Fr, EMPAQUE INDIVIDUAL ESTERIL DESCARTABLE, CON SU EQUIPO CONECTOR DE (400-500) ml, GRADUADO'),(303,'SISTEMA DE SUCCION CERRADO 16Fr, CON SU EQUIPO CONECTOR DE ( 50-100) ml, GRADUADO, EMPAQUE INDIVIDUAL ESTERIL DESCARTABLE'),(304,'SISTEMA DE SUCCION CERRADO 16Fr, EMPAQUE INDIVIDUAL ESTERIL DESCARTABLE, CON SU EQUIPO CONECTOR DE (400-500) ml, GRADUADO'),(305,'SISTEMA DE SUCCION CERRADO 17Fr, EMPAQUE INDIVIDUAL ESTERIL DESCARTABLE, CON SU EQUIPO CONECTOR DE (400-500) ml, GRADUADO'),(306,'SISTEMA DE SUCCION CERRADO 18Fr, EMPAQUE INDIVIDUAL ESTERIL DESCARTABLE, CON SU EQUIPO CONECTOR DE (400-500) ml, GRADUADO'),(307,'SISTEMA DE SUCCION CERRADO 19Fr, EMPAQUE INDIVIDUAL ESTERIL DESCARTABLE, CON SU EQUIPO CONECTOR DE (400-500) ml, GRADUADO'),(308,'SONDA PARA ASPIRAR, DE SISTEMA CERRADO 6 Fr, EMPAQUE INDIVIDUAL ESTERIL'),(309,'SONDA PARA ASPIRAR, DE SISTEMA CERRADO 8 Fr, EMPAQUE INDIVIDUAL ESTERIL'),(310,'SONDA PARA ASPIRAR, DE SISTEMA CERRADO, 10 Fr, EMPAQUE INDIVIDUAL ESTERIL'),(311,'SONDA PARA ASPIRAR, DE SISTEMA CERRADO, 12 Fr, EMPAQUE INDIVIDUAL ESTERIL'),(312,'SONDA PARA ASPIRAR, DE SISTEMA CERRADO, 14 Fr, EMPAQUE INDIVIDUAL ESTERIL'),(313,'SONDA PARA ASPIRAR, DE SISTEMA CERRADO, 16 Fr, EMPAQUE INDIVIDUAL ESTERIL'),(314,'TRAJE PARA CIRUJANO, TALLA S, EMPAQUE INDIVIDUAL,DESCARTABLE'),(315,'TRAJE PARA CIRUJANO, TALLA M, EMPAQUE INDIVIDUAL,DESCARTABLE'),(316,'TRAJE PARA CIRUJANO, TALLA L, EMPAQUE INDIVIDUAL,DESCARTABLE'),(317,'TRAJE PARA CIRUJANO, TALLA XL, EMPAQUE INDIVIDUALDESCARTABLE'),(318,'V?LVULA DE 1 VIA,EMPAQUE INDIVIDUAL ESTERIL, DESCARTABLE'),(319,'V?LVULA DE 3 VIAS,EMPAQUE INDIVIDUAL ESTERIL, DESCARTABLE'),(320,'V?LVULA PARA ORIFICIO DE TOMA DE MUESTRA, PARA FIBROBRONCOSCOPIO, SEG?N MARCA Y MODELO, EMPAQUE INDIVIDUAL ESTERIL, DESCARTABLE'),(321,'V?LVULA PARA ORIFICIO DE SUCCION, PARA FIBROBRONCOSCOPIO, SEGUN MARCA Y MODELO, EMPAQUE INDIVIDUAL ESTERIL, DESCARTABLE'),(322,'ZAPATERA DESCARTABLE, TALLA UNIVERSAL, CON SUPERFICIE ANTIDESLIZANTE, PAR.'),(323,'AGUJAS DESCARTABLES 18 x 1 1/2\", EMPAQUE INDIVIDUAL ESTERIL'),(324,'AGUJAS DESCARTABLES 20 x 1 1/2\", EMPAQUE INDIVIDUAL ESTERIL'),(325,'AGUJAS DESCARTABLES 21 x 1\", EMPAQUE INDIVIDUAL ESTERIL'),(326,'AGUJAS DESCARTABLES 21 x 1 1/2\", EMPAQUE INDIVIDUAL ESTERIL'),(327,'AGUJAS DESCARTABLES 21 x 2\", EMPAQUE INDIVIDUAL ESTERIL'),(328,'AGUJAS DESCARTABLES 22 x 1 1/2\", EMPAQUE INDIVIDUAL ESTERIL'),(329,'AGUJAS DESCARTABLES 22 x 2\", EMPAQUE INDIVIDUAL ESTERIL'),(330,'AGUJAS DESCARTABLES 23 x 1\", EMPAQUE INDIVIDUAL ESTERIL'),(331,'AGUJAS DESCARTABLES 23 x 1 1/2\", EMPAQUE INDIVIDUAL ESTERIL'),(332,'AGUJAS DESCARTABLES 25 x 5/8\", EMPAQUE INDIVIDUAL ESTERIL'),(333,'AGUJA 25G x 1/2\", EMPAQUE INDIVIDUAL ESTERIL,DESCARTABLEListado Oficial Insumos M?dico Quir?rgicos 23 oct 2014'),(334,'AGUJA 25G x 1?, EMPAQUE INDIVIDUAL ESTERIL, DESCARTABLE'),(335,'AGUJA 25G x 1 1/2\", EMPAQUE INDIVIDUAL ESTERIL,DESCARTABLE'),(336,'AGUJAS DESCARTABLES 26 x 1/2\", EMPAQUE INDIVIDUAL ESTERIL'),(337,'AGUJAS DESCARTABLES 27 x 1/2\", EMPAQUE INDIVIDUAL ESTERILListado Oficial Insumos M?dico Quir?rgicos 23 oct 2014'),(338,'AGUJAS DESCARTABLES 27 x 1 1/2\", EMPAQUE INDIVIDUAL ESTERIL'),(339,'AGUJAS DESCARTABLES 30 x 1/2\", EMPAQUE INDIVIDUAL ESTERIL'),(340,'AGUJAS DESCARTABLES 30 x 1 1/2\", EMPAQUE INDIVIDUALESTERIL'),(341,'AGUJA PARA ASPIRADO Y TOMA DE BIOPSIA OSEA, 8G x 10 cm DE LONGITUD, CON ADAPTADOR LUER LOCK, EMPAQUE INDIVIDUAL ESTERIL, DESCARTABLE'),(342,'AGUJA ERGONOMICA DE ASPIRACION MEDULAR 11G x 10cm, EMPAQUE INDIVIDUAL ESTERIL'),(343,'AGUJA TIPO COURNARD POTSS PARA ARTERIOGRAFIA N? 18 x 2.3/64, DIAMETRO 0.035-0.0038, CON OBTURADOR, EMPAQUE INDIVIDUAL ESTERIL'),(344,'AGUJA PARA ASPIRADO Y BIOPSIA OSEA, 11G x 10 cm, CON ADAPTADOR LUER LOCK, EMPAQUE INDIVIDUAL ESTERIL'),(345,'AGUJA PARA ASPIRADO Y TOMA DE BIOPSIA OSEA, 13G x (10-15)cm DE LONGITUD, CON ADAPTADOR LUER LOCK, EMPAQUE INDIVIDUAL ESTERIL, DESCARTABLE'),(346,'AGUJA PARA BIOPSIA TIPO CHIVA 22 Fr DE 10-30cm DE LARGO, EMPAQUE INDIVIDUAL ESTERIL, DESCARTABLE'),(347,'AGUJA PARA BIOPSIA TIPO CHIVA 23 Fr DE 10-30cm DE LARGO, EMPAQUE INDIVIDUAL ESTERIL, DESCARTABLE'),(348,'AGUJA PARA ASPIRADO Y BIOPSIA DE MEDULA OSEA, 16G x (2-4) cm, CON ADAPTADOR LUER LOCK, EMPAQUE INDIVIDUAL ESTERIL'),(349,'AGUJA PARA ASPIRADO Y BIOPSIA DE MEDULA OSEA, 16G x (6-8) cm, CON ADAPTADOR LUER LOCK, EMPAQUE INDIVIDUAL ESTERIL'),(350,'AGUJA DE PUNCION LUMBAR 18 x 2\", EMPAQUE INDIVIDUAL ESTERIL, DESCARTABLE'),(351,'AGUJA DE PUNCION LUMBAR 18 x 3\", EMPAQUE INDIVIDUAL ESTERIL, DESCARTABLE'),(352,'AGUJA DE PUNCION LUMBAR 20 x 2-2 1/2\", EMPAQUE INDIVIDUAL ESTERIL, DESCARTABLE'),(353,'AGUJA DE PUNCION LUMBAR 20 x 3 1/2\", EMPAQUE INDIVIDUAL ESTERIL, DESCARTABLE'),(354,'AGUJA DE PUNCION LUMBAR 22 x 1 1/2\", EMPAQUE INDIVIDUAL ESTERIL, DESCARTABLE'),(355,'AGUJA DE PUNCION LUMBAR 22 x 2- 2 1/2\", EMPAQUE INDIVIDUAL ESTERIL, DESCARTABLE'),(356,'AGUJA DE PUNCION LUMBAR 22 x 3 1/2\", EMPAQUE INDIVIDUAL ESTERIL, DESCARTABLE'),(357,'AGUJA DE PUNCION LUMBAR 22 x 4 1/2\", EMPAQUE INDIVIDUAL ESTERIL, DESCARTABLE'),(358,'AGUJA DE PUNCION LUMBAR 22 x 4 3/4\", EMPAQUE INDIVIDUAL ESTERIL, DESCARTABLE'),(359,'AGUJA DE PUNCION LUMBAR 22G x 7\", EMPAQUE INDIVIDUAL ESTERIL, DESCARTABLE'),(360,'AGUJA DE PUNCION LUMBAR 23 x 3 1/2\", EMPAQUE INDIVIDUAL ESTERIL, DESCARTABLE'),(361,'AGUJA DE PUNCION LUMBAR 23 x 4 1/2\", EMPAQUE INDIVIDUAL ESTERIL, DESCARTABLE'),(362,'AGUJA DE PUNCION LUMBAR 24 x 1\", EMPAQUE INDIVIDUAL ESTERIL, DESCARTABLE'),(363,'AGUJA DE PUNCION LUMBAR 24 x 1 1/2\", EMPAQUE INDIVIDUAL ESTERIL, DESCARTABLE'),(364,'AGUJA DE PUNCION LUMBAR 24 x 4 1/2\", EMPAQUE INDIVIDUAL ESTERIL, DESCARTABLE'),(365,'AGUJA DE PUNCION LUMBAR 25 x 3 1/2\", EMPAQUE INDIVIDUAL ESTERIL, DESCARTABLE'),(366,'AGUJA DE PUNCION LUMBAR 25 x 4 1/2\", EMPAQUE INDIVIDUAL ESTERIL, DESCARTABLE'),(367,'AGUJA DE PUNCION LUMBAR 26 x 3 1/2\", EMPAQUE INDIVIDUAL ESTERIL, DESCARTABLE'),(368,'AGUJA DE PUNCION LUMBAR 26 x 3 3/4\", EMPAQUE INDIVIDUAL ESTERIL, DESCARTABLE'),(369,'AGUJA DE PUNCION LUMBAR 27 x 3 1/2\", EMPAQUE INDIVIDUAL ESTERIL, DESCARTABLE'),(370,'AGUJA DE PUNCION LUMBAR 29 x 3 1/2\" , EMPAQUE INDIVIDUAL ESTERIL, DESCARTABLE'),(371,'AGUJA DE BISEL CORTO PARA ANESTESIA DE PLEXOS CON TUBO DE INYECCION Y CABLE DE CONEXION HACIA EL ESTIMULADOR NERVIOSO, 21G x 4\", EMPAQUE INDIVIDUAL ES'),(372,'AGUJA DE BISEL CORTO PARA ANESTESIA DE PLEXOS CON TUBO DE INYECCION Y CABLE DE CONEXION HACIA EL ESTIMULADOR NERVIOSO, 22G x 2\" DE ( 0.70 x 50) mm, EM'),(373,'AGUJA DE BISEL CORTO PARA ANESTESIA DE PLEXOS CON TUBO DE INYECCION Y CABLE DE CONEXION HACIA EL ESTIMULADOR NERVIOSO, 22G x 4\" EMPAQUE INDIVIDUAL EST'),(374,'AGUJA DE BISEL CORTO PARA ANESTESIA DE PLEXOS CON TUBO DE INYECCION Y CABLE DE CONEXION HACIA EL ESTIMULADOR NERVIOSO, 24 G x 1\" DE ( 0.55 x 25) mm, E'),(375,'PERICRANEAL, AGUJA N? 21, EMPAQUE INDIVIDUAL ESTERIL, DESCARTABLE'),(376,'PERICRANEAL, AGUJA N? 23, EMPAQUE INDIVIDUAL ESTERIL, DESCARTABLE'),(377,'AGUJA DE PUNCION INTRAOSEA 22G x (1/2 - 5/8)?, TAMA?O NEONATAL, EMPAQUE INDIVIDUAL ESTERIL, DESCARTABLE'),(378,'AGUJA DE PUNCION INTRAOSEA 20G x (3/4 - 1)?, TAMA?O INFANTE, EMPAQUE INDIVIDUAL ESTERIL, DESCARTABLE'),(379,'AGUJA DE PUNCION INTRAOSEA 18G x (1 1/2 - 1 3/4 )?, TAMA?O ADULTO, EMPAQUE INDIVIDUAL ESTERIL, DESCARTABLE'),(380,'AGUJA DE PUNCION INTRAOSEA 16G x ( 1 1/2 - 1 3/4)?, TAMA?O ADULTO , EMPAQUE INDIVIDUAL ESTERIL, DESCARTABLE'),(381,'AGUJA PARA QUIMIOTERAPIA CON ANGULO DE 90 GRADOS, CON BISEL ESPECIAL PROTECTOR DE LA MEMBRANA DE LA CAMARA DEL PUERTO CATETER, CON ALAS DE SUJECION IN'),(382,'JERINGA AUTODESTRUIBLE, DE 0.5ml, DE POLIPROPILENO, CON AGUJA 23G x 1\", 0.6 x 25mm, DESCARTABLE, EMPAQUE INDIVIDUAL ESTERIL'),(383,'JERINGA 3ml, CON ADAPTADOR LUER LOCK, AGUJA 21 x 1 1/2\", DESCARTABLE, EMPAQUE INDIVIDUAL ESTERIL'),(384,'JERINGA 3ml, CON ADAPTADOR LUER LOCK, AGUJA 22 x 1 1/2\", DESCARTABLE, EMPAQUE INDIVIDUAL ESTERIL'),(385,'JERINGA 3ml, CON ADAPTADOR LUER LOCK, AGUJA 23 x 1\", DESCARTABLE, EMPAQUE INDIVIDUAL ESTERIL'),(386,'JERINGA 3ml, CON ADAPTADOR LUER LOCK, AGUJA 23 x 1 1/2\", DESCARTABLE, EMPAQUE INDIVIDUAL ESTERIL'),(387,'JERINGA 3ml, CON ADAPTADOR LUER LOCK, AGUJA 25 x 1 1/2\", DESCARTABLE, EMPAQUE INDIVIDUAL ESTERIL'),(388,'JERINGA 3ml, CON ADAPTADOR LUER LOCK, AGUJA 27 x 1/2\", DESCARTABLE, EMPAQUE INDIVIDUAL ESTERIL'),(389,'JERINGA 5ml, CON ADAPTADOR LUER LOCK, AGUJA 21 x 1 1/2\", DESCARTABLE, EMPAQUE INDIVIDUAL ESTERIL'),(390,'JERINGA 5ml, CON ADAPTADOR LUER LOCK, Listado Oficial Insumos M?dico Quir?rgicos 23 oct 2014AGUJA 22 x 1 1/2\", DESCARTABLE, EMPAQUE INDIVIDUAL ESTERIL'),(391,'JERINGA 10ml, CON ADAPTADOR LUER LOCK, AGUJA 21 x 1 1/2\", DESCARTABLE, EMPAQUE INDIVIDUAL ESTERIL'),(392,'JERINGA 10ml, CON ADAPTADOR LUER LOCK, AGUJA 22 x 1 1/2\", DESCARTABLE, EMPAQUE INDIVIDUAL ESTERIL'),(393,'JERINGA 10ml, CON ADAPTADOR LUER LOCK, SIN AGUJA, DESCARTABLE, EMPAQUE INDIVIDUAL ESTERIL'),(394,'JERINGA 20ml, CON ADAPTADOR LUER LOCK, AGUJA 21 x 1 1/2\", DESCARTABLE, EMPAQUE INDIVIDUAL ESTERIL'),(395,'JERINGA 20ml, CON ADAPTADOR LUER LOCK, SIN AGUJA, DESCARTABLE, EMPAQUE INDIVIDUAL ESTERIL'),(396,'JERINGA 20ML CON ADAPTADOR LUER LOCK SIN AGUJA, TRANSPARENTE, PARA BOMBA PERFUSORA, CON GUIA PARA INFUSION, EMPAQUE INDIVIDUAL ESTERIL, DESCARTABLE'),(397,'JERINGA (50 - 60)ml CON ADAPTADOR LUER LOCK, SIN AGUJA , TRANSPARENTE, PARA PERFUSOR, EMPAQUE INDIVIDUAL ESTERIL, DESCARTABLE'),(398,'JERINGA (50 - 60)ml CON ADAPTADOR LUER LOCK, SIN AGUJA DESCARTABLE, EMPAQUE INDIVIDUAL ESTERIL'),(399,'JERINGA (50 - 60)ml OSCURA, CON ADAPTADOR LUER LOCK, SIN AGUJA, PARA PERFUSOR, CON GUIA PARA INFUSION'),(400,'JERINGA (50 - 60)ml OSCURA, CON ADAPTADOR LUER LOCK, SIN AGUJA, PARA PERFUSOR, SIN GUIA PARA INFUSION'),(401,'JERINGA DE GUYON 60ml, DESCARTABLE, EMPAQUE INDIVIDUAL ESTERIL'),(402,'JERINGA 1ml, CON AGUJA INTEGRADA 26 A 29 x 1/2\", DESCARTABLE, EMPAQUE INDIVIDUAL ESTERIL,GRADUADA 0 -100 UNIDADES'),(403,'JERINGA 1ml, CON AGUJA 23G x 1\", 0.6 x 25mm, DESCARTABLE, EMPAQUE INDIVIDUAL ESTERIL'),(404,'JERINGA 1ml, CON AGUJA 26G x 3/8\", 0.45 x 10mm, DESCARTABLE, EMPAQUE INDIVIDUAL ESTERIL'),(405,'JERINGA 1ml, CON AGUJA 22G x 1\" - 1 1/2\", 0.7 x 40mm, DESCARTABLE, EMPAQUE INDIVIDUAL ESTERIL'),(406,'JERINGA PARA IRRIGACI?N 60-100ml, CON BULBO,DESCARTABLE, EMPAQUE INDIVIDUAL ESTERIL'),(407,'JERINGA PARA BCG Y TUBERCULINA 1ml, CON AGUJA 25- 27 x 5/8\", DESCARTABLE, EMPAQUE INDIVIDUAL ESTERIL'),(408,'JERINGA DE 1ml, CON AGUJA 26 x 1/2\" DESCARTABLE, EMPAQUE INDIVIDUAL ESTERIL'),(409,'JERINGA DE 1ml, CON AGUJA 27 x 1/2\", EMPAQUE INDIVIDUAL ESTERIL, DESCARTABLE'),(410,'JERINGA DE ASPIRACION MANUAL ENDOUTERINA (AMEU), DOBLE V?LVULA, EMPAQUE INDIVIDUAL NO ESTERIL'),(411,'BOLSA PL?STICA DE ETILENVINILACETATO (EVA), PARA ALIMENTACION PARENTERAL, 500ml, EMPAQUE INDIVIDUAL ESTERIL, DESCARTABLE'),(412,'BOLSA PL?STICA DE ETILENVINILACETATO (EVA), PARA ALIMENTACION PARENTERAL, 1000ml, EMPAQUE INDIVIDUAL ESTERIL, DESCARTABLE'),(413,'BOLSA PL?STICA DE ETILENVINILACETATO (EVA), PARA ALIMENTACION PARENTERAL, ( 2000-3000 )ml, EMPAQUE INDIVIDUAL ESTERIL, DESCARTABLE'),(414,'BOLSA PL?STICA DE ETILENVINILACETATO (EVA), PARA ALIMENTACION ENTERAL, ( 500-1000) ml, EMPAQUE INDIVIDUAL ESTERIL, DESCARTABLE'),(415,'BOLSA RECOLECTORA DE ORINA AUTOADHERIBLE, TAMA?O PEDIATRICO, CAPACIDAD 100ml, EMPAQUE INDIVIDUAL ESTERIL, DESCARTABLE'),(416,'BOLSA RECOLECTORA DE ORINA PARA PIERNA, 500ml, CON V?LVULA ANTIREFLUJO Y DE VACIADO, EMPAQUE INDIVIDUAL ESTERIL, DESCARTABLE'),(417,'BOLSA RECOLECTORA DE ORINA, PARA PIERNA, 750 -1000ml,CON V?LVULA ANTIREFLUJO Y DE VACIADO, EMPAQUE INDIVIDUAL ESTERIL, DESCARTABLE'),(418,'BOLSA RECOLECTORA PARA DRENAJE, CON BARRERA DE PROTECCION CUTANEA, ESTERIL, TRANSPARENTE, CON ESCALA DE MEDICI?N Y V?LVULA ANTIREFLUJO, PARA FISTULA Y'),(419,'BOLSA PARA RECOLECCION DE L?QUIDO DE DRENAJE ABDOMINAL, AUTOADHERIBLE, 2 1/2\", DESCARTABLE'),(420,'BOLSA PARA RECOLECCION DE L?QUIDO DE DRENAJE ABDOMINAL, AUTOADHERIBLE, 2\", DESCARTABLE'),(421,'BOLSA PARA RECOLECCION DE L?QUIDO DE DRENAJE ABDOMINAL, AUTOADHERIBLE, 3\", DESCARTABLE'),(422,'CANULA NASAL PARA ADMINISTRACION DE OXIGENO, TAMA?O ADULTO, CON TUBO DE EXTENSION DE (2 - 2.5) m , EMPAQUE INDIVIDUAL, DESCARTABLE'),(423,'CANULA NASAL PARA ADMINISTRACION DE OXIGENO, TAMA?O PEDIATRICO, CON TUBO DE EXTENSION DE (2 - 2.5) m, EMPAQUE INDIVIDUAL, DESCARTABLE'),(424,'CANULA NASAL PARA ADMINISTRACION DE OXIGENO TAMA?O NEONATAL, CON TUBO DE EXTENSION DE (2 - 2.5) m, EMPAQUE INDIVIDUAL, DESCARTABLE'),(425,'CANULA NASAL PARA CPAP, N? 0 , DESCARTABLE'),(426,'CANULA NASAL PARA CPAP, N? 1 , DESCARTABLE'),(427,'CANULA NASAL PARA CPAP, N? 2 , DESCARTABLE'),(428,'CANULA NASAL PARA CPAP, N? 3 , DESCARTABLE'),(429,'CANULA GINECOLOGICA DE 4mm, PARA ASPIRADOR MANUAL DE VACIO, EMPAQUE INDIVIDUAL ESTERIL, DESCARTABLE'),(430,'CANULA GINECOLOGICA DE 5mm, PARA ASPIRADOR MANUAL DE VACIO, EMPAQUE INDIVIDUAL ESTERIL, DESCARTABLE'),(431,'CANULA GINECOLOGICA DE 6mm, PARA ASPIRADOR MANUAL DE VACIO, EMPAQUE INDIVIDUAL ESTERIL, DESCARTABLE'),(432,'CANULA GINECOLOGICA DE 7mm, PARA ASPIRADOR MANUAL DE VACIO, EMPAQUE INDIVIDUAL ESTERIL, DESCARTABLE'),(433,'CANULA GINECOLOGICA DE 8mm, PARA ASPIRADOR MANUAL DE VACIO, EMPAQUE INDIVIDUAL ESTERIL, DESCARTABLE'),(434,'CANULA GINECOLOGICA DE 9mm, PARA ASPIRADOR MANUAL DE VACIO, EMPAQUE INDIVIDUAL ESTERIL, DESCARTABLE'),(435,'CANULA GINECOLOGICA DE 10mm, PARA ASPIRADOR MANUAL DE VACIO, EMPAQUE INDIVIDUAL ESTERIL, DESCARTABLE'),(436,'CANULA GINECOLOGICA DE 12mm, PARA ASPIRADOR MANUAL DE VACIO, EMPAQUE INDIVIDUAL ESTERIL, DESCARTABLE'),(437,'C?NULA NASAL TAMA?O ADULTO, PARA SENSOR DE FLUJO, PARA APARATO DE POLISONOGRAFIA RESPIRATORIA, SEG?N MARCA Y MODELO, CON ADAPTADOR DE JERINGA, EMPAQUE'),(438,'ALAMBRE GUIA PUNTA EN \"J\", 0.035\" DE DIAMETRO, (150 - 180) cm DE LONGITUD,EMPAQUE INDIVIDUAL ESTERIL, DESCARTABLE'),(439,'CATETER ARTERIAL PARA EMBOLECTOMIA E IRRIGACI?N N? 3, EMPAQUE INDIVIDUAL ESTERIL, DESCARTABLE'),(440,'CATETER ARTERIAL PARA EMBOLECTOMIA E IRRIGACI?N N? 4, EMPAQUE INDIVIDUAL ESTERIL, DESCARTABLE'),(441,'CATETER ARTERIAL PARA EMBOLECTOMIA E IRRIGACI?N N? 5, EMPAQUE INDIVIDUAL ESTERIL, DESCARTABLE'),(442,'CATETER ARTERIAL PARA EMBOLECTOMIA E IRRIGACI?N N? 6, EMPAQUE INDIVIDUAL ESTERIL, DESCARTABLE'),(443,'CATETER BIPOLAR 5 Fr CON BALON PARA ESTIMULACION CARDIACA TEMPORAL RADIOPACO 110 cm DE LONGITUD, EMPAQUE INDIVIDUAL ESTERIL DESCARTABLE'),(444,'CATETER EMBOLECTOMIA ARTERIAL N? 3, EMPAQUE INDIVIDUAL ESTERIL, DESCARTABLE'),(445,'CATETER EMBOLECTOMIA ARTERIAL N? 4, EMPAQUE INDIVIDUAL ESTERIL, DESCARTABLE'),(446,'CATETER EMBOLECTOMIA ARTERIAL N? 5, EMPAQUE INDIVIDUAL ESTERIL, DESCARTABLE'),(447,'CATETER EMBOLECTOMIA ARTERIAL N? 6, EMPAQUE INDIVIDUAL ESTERIL, DESCARTABLE'),(448,'CATETER IRRIGACI?N ARTERIAL N? 3, EMPAQUE INDIVIDUAL ESTERIL, DESCARTABLE'),(449,'GUANTES QUIR?RGICOS DE LATEX N? 6, ESTERIL, DESCARTABLE, PAR'),(450,'GUANTES QUIR?RGICOS DE LATEX N? 6 1/2, ESTERIL, DESCARTABLE, PAR'),(451,'GUANTES QUIR?RGICOS DE LATEX N? 7, ESTERIL, DESCARTABLE, PAR'),(452,'GUANTES QUIR?RGICOS DE LATEX N? 7 1/2, ESTERIL, DESCARTABLE, PAR'),(453,'GUANTES QUIR?RGICOS DE LATEX N? 8, ESTERIL, DESCARTABLE, PAR'),(454,'GUANTES QUIR?RGICOS DE LATEX N? 8 1/2, ESTERIL, DESCARTABLE, PAR'),(455,'GUANTES DE LATEX PARA EXAMEN TALLA L, DESCARTABLE, CAJA DISPENSADORA DE 100 UNIDADES'),(456,'GUANTES DE LATEX PARA EXAMEN TALLA M, DESCARTABLE, CAJA DISPENSADORA DE 100 UNIDADES'),(457,'GUANTES DE LATEX PARA EXAMEN TALLA S, DESCARTABLE, CAJA DISPENSADORA DE 100 UNIDADES'),(458,'GABACHA HOSPITALARIA TALLA S, DESCARTABLE, EMPAQUE INDIVIDUAL NO ESTERIL'),(459,'GABACHA HOSPITALARIA TALLA M, DESCARTABLE, EMPAQUE INDIVIDUAL ESTERIL'),(460,'GABACHA HOSPITALARIA TALLA M, DESCARTABLE,EMPAQUE INDIVIDUAL NO ESTERIL'),(461,'GABACHA HOSPITALARIA TALLA L, DESCARTABLE,EMPAQUE INDIVIDUAL ESTERIL'),(462,'GABACHA HOSPITALARIA TALLA L, DESCARTABLE,EMPAQUE INDIVIDUAL NO ESTERIL'),(463,'GABACHA HOSPITALARIA TALLA XL, DESCARTABLE,EMPAQUE INDIVIDUAL ESTERIL'),(464,'GABACHA HOSPITALARIA TALLA XL, DESCARTABLE,EMPAQUE INDIVIDUAL NO ESTERIL'),(465,'MASCARA TRANSPARENTE PARA RESUCITADOR MANUAL, N? 0 DESCARTABLE'),(466,'MASCARA TRANSPARENTE PARA RESUCITADOR MANUAL, N? 1 DESCARTABLE'),(467,'MASCARA TRANSPARENTE PARA RESUCITADOR MANUAL, N? 2 DESCARTABLE'),(468,'MASCARA TRANSPARENTE PARA RESUCITADOR MANUAL, N? 3 DESCARTABLE'),(469,'MASCARA TRANSPARENTE PARA RESUCITADOR MANUAL, N? 4 DESCARTABLE'),(470,'SONDA DE ALIMENTACION NASO YEYUNAL, CON MANDRIL, 6 Fr, CON PUNTA DE TUNGSTENO Y GUIA DE INTRODUCCION, EMPAQUE INDIVIDUAL ESTERIL, DESCARTABLE'),(471,'SONDA DE ALIMENTACION NASO YEYUNAL, CON MANDRIL, 7 Fr , CON PUNTA DE TUNGSTENO Y GUIA DE INTRODUCCION, EMPAQUE INDIVIDUAL ESTERIL, DESCARTABLE'),(472,'SONDA DE ALIMENTACION NASO YEYUNAL, CON MANDRIL, 8 Fr, CON PUNTA DE TUNGSTENO Y GUIA DE INTRODUCCION, EMPAQUE INDIVIDUAL ESTERIL, DESCARTABLE'),(473,'SONDA DE ALIMENTACION NASO YEYUNAL, CON MANDRIL, 10 Fr, CON PUNTA DE TUNGSTENO Y GUIA DE INTRODUCCION, EMPAQUE INDIVIDUAL ESTERIL, DESCARTABLE'),(474,'TUBO ENDOTRAQUEAL 2.5mm DIAMETRO, TRANSPARENTE,CON AGUJERO Y LINEA CENTINELA RADIOPACA, SIN BALON,CON ESCALA, EMPAQUE INDIVIDUAL ESTERIL, DESCARTABLE'),(475,'TUBO ENDOTRAQUEAL 2.5mm DIAMETRO, TRANSPARENTE,CON AGUJERO Y LINEA CENTINELA RADIOPACA, CON BALON, CON ESCALA, EMPAQUE INDIVIDUAL ESTERIL, DESCARTABLE'),(476,'TUBO ENDOTRAQUEAL 3.0mm DIAMETRO, TRANSPARENTE,CON AGUJERO Y LINEA CENTINELA RADIOPACA, SIN BALON,CON ESCALA, EMPAQUE INDIVIDUAL ESTERIL, DESCARTABLE'),(477,'TUBO ENDOTRAQUEAL 3.5mm DIAMETRO, TRANSPARENTE,CON AGUJERO Y LINEA CENTINELA RADIOPACA, SIN BALON,CON ESCALA, EMPAQUE INDIVIDUAL ESTERIL, DESCARTABLE'),(478,'PINZA PARA TOMA DE BIOPSIA (TIPO COCODRILO), PARA FIBROBRONCOSCOPIO, SEGUN MARCA Y MODELO, EMPAQUE INDIVIDUAL ESTERIL, DESCARTABLE'),(479,'PINZA PARA TOMA DE BIOPSIA TIPO ESTANDAR, PARA FIBROBRONCOSCOPIO, SEGUN MARCA Y MODELO, EMPAQUE INDIVIDUAL ESTERIL, DESCARTABLE'),(480,'ALGODON HIDROFILO ABSORBENTE, SOBRE( 2.5 - 3 ) g'),(481,'ALGODON HIDROFILO ABSORBENTE, ROLLO DE 1 LIBRA'),(482,'EQUIPO PARA CURACION UMBILICAL, CON GASA, CINTA E HISOPO,EMPAQUE INDIVIDUAL ESTERIL,DESCARTABLE'),(483,'HALOINJERTO DE EPIDERMIS HUMANA CULTIVADA IN VITRO DE 56 cm CUADRADOS VIDA MEDIA 48 HORAS, EMPAQUE INDIVIDUAL ESTERIL'),(484,'HISOPOS 6\", CON ALGODON EN UN EXTREMO, ESTERIL CAJA x 100'),(485,'VENDA AUTOADHERIBLE (CURITA ) RECTANGULAR 1\" x 3\", EMPAQUE INDIVIDUAL ESTERIL'),(486,'VENDA AUTOADHERIBLE (CURITA) CIRCULAR, EMPAQUE INDIVIDUAL ESTERIL'),(487,'ADHESIVO QUIR?RGICO DE PAPEL MICROPOROSO, HIPOALERGENICO, 1/2\" x 10 YARDAS, ROLLO'),(488,'ADHESIVO QUIR?RGICO DE PAPEL MICROPOROSO, HIPOALERGENICO, 1\" x 10 YARDAS, ROLLO'),(489,'AP?SITO DE ALGINATO DE CALCIO Y SODIO (5 x 5) cm'),(490,'AP?SITO DE ALGINATO DE CALCIO Y SODIO (10 x 10) cm'),(491,'AP?SITO DE ALGINATO DE CALCIO Y SODIO (10 x 20) cm'),(492,'RESUCITADOR MANUAL CON MASCARILLA, CON V?LVULA DE SEGURIDAD Y RESERVORIO, TAMA?O PEDIATRICO, CAPACIDAD 500-750ml,EMPAQUE INDIVIDUAL, DESCARTABLE'),(493,'RESUCITADOR MANUAL CON MASCARILLA, CON V?LVULA DE SEGURIDAD Y RESERVORIO, TAMA?O PEDIATRICO, CAPACIDAD 500-750ml,EMPAQUE INDIVIDUAL, REUSABLE');
/*!40000 ALTER TABLE `especifico` ENABLE KEYS */;
UNLOCK TABLES;

--
-- Table structure for table `estado_evolutivo`
--

DROP TABLE IF EXISTS `estado_evolutivo`;
/*!40101 SET @saved_cs_client     = @@character_set_client */;
/*!50503 SET character_set_client = utf8mb4 */;
CREATE TABLE `estado_evolutivo` (
  `idStEvo` int(10) unsigned NOT NULL,
  `Estado_Evolutivo` varchar(30) NOT NULL,
  PRIMARY KEY (`idStEvo`)
) ENGINE=InnoDB DEFAULT CHARSET=utf8;
/*!40101 SET character_set_client = @saved_cs_client */;

--
-- Dumping data for table `estado_evolutivo`
--

LOCK TABLES `estado_evolutivo` WRITE;
/*!40000 ALTER TABLE `estado_evolutivo` DISABLE KEYS */;
INSERT INTO `estado_evolutivo` VALUES (1,'Crítico'),(2,'Muy Grave'),(3,'Grave'),(4,'Controlado'),(5,'Bueno'),(6,'Muy bueno');
/*!40000 ALTER TABLE `estado_evolutivo` ENABLE KEYS */;
UNLOCK TABLES;

--
-- Table structure for table `farmaceutica`
--

DROP TABLE IF EXISTS `farmaceutica`;
/*!40101 SET @saved_cs_client     = @@character_set_client */;
/*!50503 SET character_set_client = utf8mb4 */;
CREATE TABLE `farmaceutica` (
  `id` int(10) unsigned NOT NULL AUTO_INCREMENT,
  `nro` int(11) unsigned NOT NULL,
  `dosis` smallint(5) unsigned NOT NULL,
  PRIMARY KEY (`id`)
) ENGINE=InnoDB AUTO_INCREMENT=401 DEFAULT CHARSET=utf8;
/*!40101 SET character_set_client = @saved_cs_client */;

--
-- Dumping data for table `farmaceutica`
--

LOCK TABLES `farmaceutica` WRITE;
/*!40000 ALTER TABLE `farmaceutica` DISABLE KEYS */;
INSERT INTO `farmaceutica` VALUES (1,6,1),(2,6,12),(3,9,73),(4,2,123),(5,7,85),(6,8,161),(7,4,76),(8,7,5),(9,3,8),(10,10,120),(11,10,62),(12,1,9),(13,7,172),(14,4,1),(15,4,3),(16,9,10),(17,5,52),(18,10,182),(19,2,116),(20,8,42),(21,6,119),(22,4,43),(23,5,170),(24,4,56),(25,4,59),(26,8,48),(27,3,23),(28,6,35),(29,3,186),(30,1,198),(31,5,3),(32,2,128),(33,7,24),(34,8,8),(35,8,102),(36,9,2),(37,4,1),(38,3,125),(39,7,56),(40,7,110),(41,8,182),(42,1,145),(43,6,71),(44,5,104),(45,9,195),(46,2,134),(47,7,9),(48,5,182),(49,1,93),(50,5,98),(51,10,129),(52,1,57),(53,6,41),(54,6,12),(55,2,93),(56,7,143),(57,4,8),(58,5,115),(59,1,50),(60,1,132),(61,3,62),(62,2,197),(63,10,16),(64,9,81),(65,7,36),(66,4,140),(67,6,2),(68,1,116),(69,2,68),(70,7,36),(71,3,93),(72,4,181),(73,8,24),(74,10,108),(75,4,141),(76,8,157),(77,5,121),(78,6,63),(79,7,100),(80,9,81),(81,5,121),(82,5,93),(83,8,26),(84,1,50),(85,5,4),(86,3,58),(87,2,175),(88,10,131),(89,9,21),(90,1,142),(91,3,32),(92,9,158),(93,10,71),(94,4,5),(95,10,66),(96,7,187),(97,9,114),(98,8,35),(99,8,40),(100,4,158),(101,8,161),(102,6,8),(103,6,140),(104,6,108),(105,3,158),(106,2,171),(107,7,150),(108,7,147),(109,1,57),(110,2,12),(111,3,2),(112,9,66),(113,5,58),(114,10,84),(115,8,26),(116,7,159),(117,3,32),(118,1,4),(119,9,131),(120,3,12),(121,9,34),(122,10,24),(123,4,90),(124,8,155),(125,9,200),(126,1,9),(127,1,2),(128,4,11),(129,4,4),(130,2,129),(131,6,106),(132,3,86),(133,7,149),(134,2,134),(135,9,32),(136,3,135),(137,7,56),(138,3,128),(139,4,173),(140,7,6),(141,4,198),(142,10,84),(143,7,1),(144,2,49),(145,6,61),(146,5,87),(147,1,87),(148,4,84),(149,3,51),(150,3,185),(151,5,42),(152,6,107),(153,9,62),(154,9,34),(155,6,120),(156,6,71),(157,5,62),(158,5,21),(159,6,153),(160,5,6),(161,3,102),(162,8,34),(163,6,96),(164,6,162),(165,3,197),(166,4,10),(167,5,49),(168,4,152),(169,5,143),(170,3,73),(171,9,54),(172,1,72),(173,1,187),(174,4,115),(175,7,84),(176,5,72),(177,4,74),(178,6,21),(179,2,34),(180,2,84),(181,10,67),(182,9,141),(183,6,88),(184,9,164),(185,2,54),(186,8,196),(187,1,90),(188,10,128),(189,7,44),(190,8,182),(191,3,163),(192,2,183),(193,2,23),(194,6,108),(195,1,163),(196,8,94),(197,3,122),(198,9,33),(199,7,7),(200,2,172),(201,3,1),(202,3,34),(203,5,35),(204,5,156),(205,6,186),(206,1,7),(207,3,58),(208,2,44),(209,6,186),(210,10,140),(211,5,124),(212,5,2),(213,4,125),(214,6,7),(215,5,6),(216,2,83),(217,3,191),(218,9,40),(219,6,200),(220,3,187),(221,3,80),(222,9,36),(223,10,129),(224,1,9),(225,2,74),(226,2,191),(227,5,39),(228,10,113),(229,9,179),(230,1,4),(231,9,133),(232,10,6),(233,7,186),(234,9,76),(235,7,90),(236,4,94),(237,3,156),(238,2,69),(239,3,122),(240,6,59),(241,4,88),(242,3,66),(243,5,155),(244,3,112),(245,6,197),(246,9,26),(247,4,29),(248,2,14),(249,5,4),(250,5,142),(251,4,181),(252,9,167),(253,1,134),(254,5,170),(255,4,143),(256,4,80),(257,3,6),(258,7,8),(259,2,91),(260,9,56),(261,6,47),(262,4,182),(263,4,102),(264,7,86),(265,5,180),(266,1,116),(267,5,174),(268,9,4),(269,3,183),(270,10,91),(271,10,141),(272,5,73),(273,6,112),(274,10,3),(275,4,90),(276,1,50),(277,6,196),(278,2,54),(279,2,62),(280,10,85),(281,1,116),(282,7,173),(283,7,39),(284,5,118),(285,6,126),(286,3,168),(287,9,8),(288,10,20),(289,5,2),(290,6,101),(291,5,75),(292,4,83),(293,6,58),(294,4,193),(295,5,10),(296,7,3),(297,1,124),(298,7,150),(299,3,5),(300,3,76),(301,4,130),(302,6,104),(303,2,131),(304,2,147),(305,8,121),(306,4,35),(307,5,192),(308,8,91),(309,6,71),(310,3,78),(311,1,154),(312,8,131),(313,10,3),(314,6,127),(315,2,88),(316,7,187),(317,1,16),(318,8,37),(319,3,113),(320,1,37),(321,10,47),(322,7,124),(323,2,41),(324,4,68),(325,2,191),(326,5,70),(327,10,162),(328,9,40),(329,8,89),(330,4,11),(331,4,33),(332,4,117),(333,10,59),(334,6,121),(335,6,58),(336,10,92),(337,6,31),(338,4,104),(339,7,184),(340,5,14),(341,9,178),(342,8,12),(343,9,85),(344,8,45),(345,8,76),(346,7,52),(347,3,181),(348,1,7),(349,6,65),(350,8,14),(351,7,195),(352,9,76),(353,4,169),(354,2,85),(355,6,7),(356,8,192),(357,10,86),(358,5,143),(359,2,31),(360,5,50),(361,2,134),(362,8,40),(363,10,195),(364,9,28),(365,3,74),(366,2,167),(367,10,64),(368,2,200),(369,1,31),(370,1,7),(371,8,36),(372,2,115),(373,4,86),(374,3,147),(375,9,193),(376,2,55),(377,9,118),(378,3,139),(379,7,17),(380,8,87),(381,1,79),(382,8,146),(383,1,123),(384,7,27),(385,10,45),(386,4,108),(387,7,195),(388,1,36),(389,3,9),(390,2,95),(391,1,59),(392,10,199),(393,6,7),(394,9,170),(395,1,170),(396,5,18),(397,8,83),(398,3,169),(399,10,122),(400,5,83);
/*!40000 ALTER TABLE `farmaceutica` ENABLE KEYS */;
UNLOCK TABLES;

--
-- Table structure for table `farmaceutica_has_droga`
--

DROP TABLE IF EXISTS `farmaceutica_has_droga`;
/*!40101 SET @saved_cs_client     = @@character_set_client */;
/*!50503 SET character_set_client = utf8mb4 */;
CREATE TABLE `farmaceutica_has_droga` (
  `FARMACEUTICA_id` int(10) unsigned NOT NULL,
  `DROGA_id` int(10) NOT NULL,
  KEY `FK_farmaceutica_has_droga_farmaceutica_id` (`FARMACEUTICA_id`),
  KEY `FK_farmaceutica_has_droga` (`DROGA_id`),
  CONSTRAINT `FK_farmaceutica_has_droga` FOREIGN KEY (`DROGA_id`) REFERENCES `droga` (`id`),
  CONSTRAINT `FK_farmaceutica_has_droga_farmaceutica_id` FOREIGN KEY (`FARMACEUTICA_id`) REFERENCES `farmaceutica` (`id`)
) ENGINE=InnoDB DEFAULT CHARSET=utf8;
/*!40101 SET character_set_client = @saved_cs_client */;

--
-- Dumping data for table `farmaceutica_has_droga`
--

LOCK TABLES `farmaceutica_has_droga` WRITE;
/*!40000 ALTER TABLE `farmaceutica_has_droga` DISABLE KEYS */;
INSERT INTO `farmaceutica_has_droga` VALUES (21,1940339),(337,8321319),(168,4750048),(252,3167966),(37,2543303),(356,6971300),(39,1507508),(36,6075458),(145,8213881),(47,3061429),(320,4097729),(125,3959329),(270,2122435),(191,5021812),(257,9252349),(74,1023858),(260,7608801),(255,254956),(147,1130893),(120,2529878),(95,4207078),(136,9049134),(239,1071381),(299,856055),(182,8657630),(124,1489778),(70,7852673),(339,1215835),(193,3918529),(221,5659840),(82,5079082),(77,7240032),(3,1057522),(356,1169109),(399,1342264),(240,5373759),(375,6699619),(335,1128589),(283,7411800),(139,1377661),(113,1314111),(361,9003317),(191,7344354),(54,2104036),(36,4913246),(263,1036170),(264,8625408),(325,2130536),(214,8613504),(224,2819171),(17,1115102),(197,3608821),(12,2339094),(12,8592926),(212,4753637),(348,8620720),(164,3932857),(88,1606718),(35,7497129),(149,2498698),(112,6467515),(241,6326948),(130,1195590),(272,1856777),(340,7318225),(301,8838735),(41,7679551),(254,3821014),(21,4357276),(254,1450250),(265,9032782),(146,8443407),(369,3286638),(393,2195152),(298,1259419),(147,5452193),(94,4806232),(137,6210909),(45,4344137),(183,3162795),(334,2683398),(55,2949657),(17,4843284),(27,4142344),(251,5842501),(88,7085278),(59,4030503),(303,9203732),(56,2195899),(234,1862384),(144,8127483),(301,3233344),(266,9177240),(327,6605865),(151,7622232),(185,7161172),(21,6901949),(398,6716918),(241,8335184),(371,669202),(146,8670386),(40,2696034),(299,1423893),(350,400627),(180,4632377),(214,2491332),(158,882061),(253,7877478),(377,2010905),(224,3182987),(5,3715386),(371,334828),(186,3943254),(210,1321352),(161,8977723),(279,1948169),(8,2904894),(272,9069469),(177,7035650),(272,1995132),(104,7847433),(324,2073291),(214,7461275),(371,6813683),(117,7081440),(348,3244902),(303,4191689),(335,1513669),(250,1999760),(107,7681669),(6,3227054),(55,9250510),(366,8221631),(308,4046755),(109,3941593),(43,1181058),(88,1180049),(399,5145922),(160,6972099),(168,3770449),(324,5946110),(216,5072356),(252,5548595),(124,6201348),(374,6264818),(160,821283),(175,6600163),(166,5738757),(79,2776677),(394,2639485),(279,2404935),(312,3343078),(376,5085981),(73,6826483),(147,8548561),(356,8322536),(139,6590523),(225,4858576),(102,8466906),(324,6299056),(68,6128202),(1,2942001),(229,6289883),(298,2176873),(299,7849233),(54,8051182),(40,6862857),(277,3813123),(223,7271076),(391,5901855),(73,385195),(65,5972331),(154,2494258),(346,8494535),(253,1087449),(232,5944175),(16,5170005),(286,7360493),(293,9120904),(385,4565337),(341,4838648),(271,8711743),(209,9142683),(311,3088037),(277,1847447),(383,1786829),(152,2378300),(122,3285039),(19,5428696),(234,8901712),(372,8662831),(142,8089887),(238,8875083),(132,3869070),(297,2188463),(95,3328095),(220,5118107),(286,6909550),(301,1850541),(62,7736331),(366,8413699),(206,1656788),(232,1152878),(154,5769453),(111,2824005),(327,3506037),(283,6052798),(343,5551757),(341,2302197),(304,9051575),(309,7095683),(260,2121999),(188,2035489),(376,7775740),(228,4646330),(102,5581411),(125,7848338),(96,6432934),(359,7593272),(398,1475244),(54,5350807),(377,7242561),(12,5322899),(361,2717245),(205,913615),(36,3597439),(324,1165482),(173,3439957),(399,8034315),(16,4406153),(77,480331),(327,2939414),(238,8871918),(89,7641912),(164,3897555),(291,5329270),(208,4503866),(195,4776763),(10,3765162),(59,6351913),(213,5361893),(305,332582),(146,2323062),(141,8122536),(379,6186271),(297,2727729),(367,1644966),(3,5527319),(192,8812836),(394,6611082),(52,1748229),(279,6612367),(346,1298466),(318,5182853),(380,6199339),(89,5014767),(242,1050552),(61,8194867),(96,7228118),(225,9245342),(232,334382),(229,4173610),(236,3531583),(322,7085900),(214,5108631),(136,1449810),(151,8797966),(354,4524612),(32,5609958),(84,6229931),(399,1009182),(298,7164613),(65,9182139),(86,8999676),(251,8670319),(155,3673078),(196,6867561),(86,7136749),(226,4256423),(385,2460082),(300,7555508),(135,7504894),(167,1083581),(13,3563083),(103,6935154),(90,6357817),(187,3327572),(199,7529911),(19,3480089),(383,1264501),(180,4453477),(289,1799960),(271,5601784),(99,622759),(234,3635837),(6,1413273),(367,1451221),(260,1574787),(369,2886504),(288,819677),(263,1914219),(8,9226354),(44,4066212),(191,9062058),(123,3005416),(37,6994709),(380,7312173),(386,7579947),(315,1944969),(199,761852),(89,4365938),(143,3997673),(239,3249404),(123,6720077),(101,2074800),(208,3233391),(344,2559930),(219,6514843),(146,6238366),(176,3307755),(368,8308670),(267,695760),(16,8147444),(179,8044651),(363,825824),(102,3704744),(38,2451683),(135,947593),(139,7568170),(188,1245617),(257,356159),(187,6599518),(25,1623174),(172,7735219),(187,3771935),(278,1401252),(3,4845358),(71,4164299),(387,8242722),(237,7347001),(24,2122935),(116,6009325),(281,6431690),(371,1271151),(16,596816),(363,8517921),(139,6726253),(57,3704773),(57,8471456),(381,3783694),(316,6825287),(347,9074720),(47,1375498),(105,8530654),(194,4572472),(326,7924289),(320,5058150),(57,5886414),(375,1407457),(391,4911933),(219,5936404),(25,5060066),(267,7932509),(331,8958136),(395,1187227),(340,7081299),(186,4100254),(340,958174),(338,2829443),(132,5027540),(152,1085178),(373,4483094),(400,9092497),(45,974187),(202,1721906),(183,5578046),(313,3001197),(212,5391679),(377,5888640),(312,4619091),(317,5125406),(82,4218676),(344,8126994),(389,8929349),(8,2814624),(239,5076632),(195,7247035),(285,881783),(330,3327783),(121,1292599),(229,6939554),(40,6514375),(213,8198932),(15,6629793),(71,6291538),(395,8473547),(55,1552166),(367,3664514),(183,7793463),(147,9245504),(45,4349741),(54,2434340),(37,5776704),(134,7561498),(7,2345595),(174,5766204),(216,4127867),(165,9004583),(361,3550543),(277,9082033),(287,2013895),(358,530397),(377,5767904),(122,5202635),(241,3579094),(249,4506077),(253,8105917),(87,3974742),(128,2014874),(78,3873852),(203,3962843),(207,8094399),(187,8907139),(298,7622673),(16,6104378),(327,3038333),(6,1679820),(135,6110601),(23,5649191),(84,3298162),(264,5898606),(288,9114071),(126,1994147),(362,3244308),(219,277140),(37,5329976),(309,500605),(131,2847140),(194,5337706),(43,1784850),(322,8757701),(45,7643102),(141,8706610),(208,1698552),(44,6069898),(353,7885949),(86,1486743),(26,1897914),(391,8102256),(93,4884047),(295,8318345),(327,588616),(345,6660201),(172,6202068),(17,6233414),(377,2887341),(318,4358632),(256,6803208),(261,1090005),(75,7580039),(96,2304425),(381,3229921),(311,3921334),(251,8145762),(248,3685705),(207,615052),(311,2922828),(24,8956809),(17,5021860),(320,6512673),(272,7292055),(198,5885938),(167,1446516),(215,8561912),(141,6441145),(283,7373579),(36,5663616),(254,2875018),(10,7593199),(36,6430730),(62,537998),(237,3318511),(150,284825),(266,5201706),(338,4808170),(160,3251877),(348,4581749),(158,2671631),(54,6142092),(293,1683745),(40,7905077),(264,3509375),(161,357407),(374,8080663),(340,911281),(74,7568313),(381,976085),(359,4211471),(289,3023071),(46,1333928),(374,6459694),(29,1790326),(29,9059610),(142,4831263),(335,7276200),(293,8984419),(315,876764),(304,2660733),(306,6572787),(108,4777825),(136,4291577),(382,913502),(284,3966184),(182,3840652),(124,8628361),(116,7008783),(166,1268823),(238,4423873),(270,1611309),(54,2402402),(165,3845084),(308,8602768),(78,3034656),(131,6464969),(65,3861794),(225,253050),(327,1941186),(169,3037972),(290,2449900),(230,2913857),(227,7005946),(279,742675),(39,3801489),(4,4212527),(6,6470767),(25,7517471),(295,6302542),(232,7577245),(300,4409526),(304,3167901),(225,1394650),(54,4394194),(127,5649531),(399,8908846),(54,3186726),(37,4424017),(294,9173260),(174,5100318),(12,6398616),(343,3160063),(26,6157566),(361,1385417),(68,5673206),(129,6538066),(253,2859909),(73,8502313),(210,6362082),(360,4365370),(288,3806235),(96,8635922),(59,7212316),(74,5289317),(324,6938554),(396,5861932),(258,2716005),(296,1982792),(171,7240835),(129,9043952),(46,8356012),(342,8243774),(273,1521863),(197,1955261),(30,8228222),(339,1515937),(30,7768880),(219,1837011),(342,4897727),(170,8262456),(129,8412570),(144,4861237),(264,3144340),(1,4663545),(218,2592891),(287,3746259),(365,5120448),(397,3995175),(194,3089468),(219,7321528),(303,6023539),(282,1131270),(187,2269832),(70,5157678),(218,3623768),(23,6413272),(342,2932800),(360,8886436),(78,8160776),(207,2341194),(341,252474),(137,9122983),(337,3644711),(357,3332326),(35,1437232),(321,8626493),(45,788271),(249,2784160),(114,1082600),(40,7708195),(302,4538174),(132,3531711),(304,4328049),(65,525790),(160,7685231),(282,6975876),(136,8830135),(30,7371618),(313,2050497),(24,8042253),(26,8654515),(273,5204812),(118,8530158),(393,8421751),(317,6873607),(198,3051875),(6,3436525),(71,3392047),(149,8796585),(248,1135577),(325,6220390),(226,3360129),(400,6876560),(106,1705708),(18,8413133),(161,6872368),(204,8196785),(367,8262206),(196,1410298),(206,9212774),(130,5246641),(213,4968041),(353,1188326),(194,1513301),(162,6255086),(1,6688579),(79,8249299),(202,1079744),(253,7362857),(4,4290795),(284,5959100),(267,1823734),(334,1003728),(76,8019049),(91,6188078),(96,1266670),(194,1446607),(308,4619016),(182,7933173),(317,2340426),(337,8450556),(164,7325041),(107,6013156),(338,3238230),(284,4847070),(137,4708321),(236,4722109),(379,4366515),(374,5345758),(84,7161560),(177,6831953),(357,636538),(138,3791417),(195,1314073),(56,4272516),(65,4517066),(246,6858525),(112,7201751),(275,7170476),(337,3442627),(218,1448585),(399,2956652),(297,5561064),(389,6058674),(63,1363365),(141,1159719),(210,8671668),(281,1298306),(80,3048153),(358,7910929),(247,3082956),(395,5920593),(117,5774435),(278,8264984),(367,7483027),(213,8435967),(13,5812549),(149,3182844),(4,6758616),(93,5237599),(74,2822019),(322,2350109),(31,8023924),(207,4376055),(33,5276731),(319,4151862),(276,1623499),(2,4617742),(10,2646219),(263,9085182),(2,2047934),(194,2481641),(90,1077002),(46,8160035),(62,8479643),(247,6666636),(303,5819741),(318,8515964),(319,7421950),(110,4928345),(62,1360010),(176,4350647),(103,7285717),(11,1149261),(238,7856779),(381,1855009),(238,2432057),(52,7954885),(168,1201878),(98,3265798),(231,5781769),(12,6050888),(50,6967620),(372,2379849),(80,6203553),(41,5272263),(375,6429350),(74,2913059),(332,1447633),(335,8394678),(345,2225218),(268,5741497),(104,3892791),(233,1894308),(375,3728965),(281,4206950),(45,3652127),(64,4001389),(364,9120744),(125,3305248),(96,7892150),(53,888318),(302,6607083),(387,3237232),(361,3536950),(102,310192),(341,3449578),(67,8288893),(219,2392368),(95,5600783),(297,5887712),(108,7384816),(99,5725932),(124,8207244),(175,3490823),(249,5244746),(290,4602663),(393,7680511),(391,6422620),(188,4311389),(237,5088092),(321,940016),(84,8657532),(35,8642744),(394,3372074),(63,3654677),(20,7683597),(382,6237610),(85,7384660),(266,5792537),(398,1873546),(362,8704936),(280,5646696),(231,521151),(102,4114350),(126,4029606),(133,4671598),(237,8446515),(141,4126603),(292,7457829),(192,6961582),(155,2891022),(330,2909521),(192,2417285),(67,4919771),(284,857435),(296,8214728),(169,6464062),(74,5522636),(205,4115135),(31,7824440),(17,6405552),(349,5614261),(186,631889),(393,1887299),(41,8628630),(52,3732470),(324,5662804),(21,5429547),(193,2978488),(227,3443885),(318,340664),(156,8765114),(128,9170853),(190,6082724),(91,7337103),(173,6991818),(280,7175218),(143,6800999),(12,8812872),(103,3504819),(48,811715),(356,6706733),(48,8567828),(212,5466779),(378,8216128),(400,5538095),(236,4120690),(356,1375977),(114,974013),(130,8188727),(312,7330190),(208,4358183),(61,1397690),(271,5623542),(132,1255391),(120,7026610),(285,4151832),(278,1194854),(338,5342984),(336,7663645),(137,7982001),(345,676881),(335,1524884),(314,617220),(242,6393302),(263,9209113),(395,5862349),(285,851897),(229,1869816),(315,5525049),(294,4376228),(199,4062417),(311,7839582),(149,3127934),(349,7302984),(74,865127),(34,8422808),(320,2489166),(124,9022038),(173,8940465),(213,8238438),(219,3997336),(15,1629485),(7,3184058),(285,2304187),(58,542460),(292,893888),(74,4568922),(174,7148333),(331,2014778),(344,7740525),(216,4891838),(36,5747727),(160,1463291),(324,1118462),(52,3418673),(86,3974874),(170,9241705),(57,2547351),(193,9120041),(355,5550110),(233,7420010),(181,1212050),(81,2131461),(202,2757821),(134,8898693),(85,6861290),(79,5858849),(245,7947952),(322,6685587),(104,2993928),(139,8217136),(71,976883),(212,6491143),(49,7716277),(71,5832786),(303,6826403),(234,2402439),(85,5447123),(64,7028402),(163,7730284),(334,8112119),(149,1094732),(259,4143743),(218,5646648),(197,6302393),(88,6304620),(281,3779526),(352,4314884),(249,3988591),(18,728121),(115,6731321),(91,8273784),(162,1089095),(375,8159303),(169,9133201),(89,6393641),(28,7980001),(13,4470718),(263,2623156),(396,3152836),(51,8544080),(302,6686305),(166,2066140),(98,1381171),(288,476358),(77,1158265),(268,8443058),(313,9080907),(92,6556473),(246,1206708),(76,4741037),(230,7504235),(304,7264329),(63,760178),(176,3863617),(268,2187112),(31,6403775),(111,6857528),(339,1555408),(385,7981844),(326,4582302),(103,5450914),(211,3727237),(240,414478),(370,9079981),(341,5264138),(383,4129202),(276,1653023),(159,9278131),(56,2959638),(308,4697302),(363,2754597),(82,827062),(331,9081639),(399,6814196),(270,864590),(165,6267721),(24,6963837),(80,1501200),(251,8380863),(293,552655),(1,7142989),(324,8950688),(157,2625744),(57,1064102),(120,4183574),(25,4694389),(267,3413781),(189,6536564),(24,6556213),(305,7689337),(98,7872343),(5,8465679),(143,5657380),(254,3676930),(382,6892559),(194,4085345),(277,7761039),(368,7865436),(324,5756146),(208,8096318),(301,9178875),(70,2432758),(263,4064007),(319,8088306),(291,1911391),(136,8991094),(296,3264945),(177,8578299),(163,3835300),(25,4516145),(386,8493792),(179,3956288),(367,8380807),(19,4683554),(78,3056430),(222,1755129),(212,8428950),(67,3246682),(21,1940339),(337,8321319),(168,4750048),(252,3167966),(37,2543303),(356,6971300),(39,1507508),(36,6075458),(145,8213881),(47,3061429),(320,4097729),(125,3959329),(270,2122435),(191,5021812),(257,9252349),(74,1023858),(260,7608801),(255,254956),(147,1130893),(120,2529878),(95,4207078),(136,9049134),(239,1071381),(299,856055),(182,8657630),(124,1489778),(70,7852673),(339,1215835),(193,3918529),(221,5659840),(82,5079082),(77,7240032),(3,1057522),(356,1169109),(399,1342264),(240,5373759),(375,6699619),(335,1128589),(283,7411800),(139,1377661),(113,1314111),(361,9003317),(191,7344354),(54,2104036),(36,4913246),(263,1036170),(264,8625408),(325,2130536),(214,8613504),(224,2819171),(17,1115102),(197,3608821),(12,2339094),(12,8592926),(212,4753637),(348,8620720),(164,3932857),(88,1606718),(35,7497129),(149,2498698),(112,6467515),(241,6326948),(130,1195590),(272,1856777),(340,7318225),(301,8838735),(41,7679551),(254,3821014),(21,4357276),(254,1450250),(265,9032782),(146,8443407),(369,3286638),(393,2195152),(298,1259419),(147,5452193),(94,4806232),(137,6210909),(45,4344137),(183,3162795),(334,2683398),(55,2949657),(17,4843284),(27,4142344),(251,5842501),(88,7085278),(59,4030503),(303,9203732),(56,2195899),(234,1862384),(144,8127483),(301,3233344),(266,9177240),(327,6605865),(151,7622232),(185,7161172),(21,6901949),(398,6716918),(241,8335184),(371,669202),(146,8670386),(40,2696034),(299,1423893),(350,400627),(180,4632377),(214,2491332),(158,882061),(253,7877478),(377,2010905),(224,3182987),(5,3715386),(371,334828),(186,3943254),(210,1321352),(161,8977723),(279,1948169),(8,2904894),(272,9069469),(177,7035650),(272,1995132),(104,7847433),(324,2073291),(214,7461275),(371,6813683),(117,7081440),(348,3244902),(303,4191689),(335,1513669),(250,1999760),(107,7681669),(6,3227054),(55,9250510),(366,8221631),(308,4046755),(109,3941593),(43,1181058),(88,1180049),(399,5145922),(160,6972099),(168,3770449),(324,5946110),(216,5072356),(252,5548595),(124,6201348),(374,6264818),(160,821283),(175,6600163),(166,5738757),(79,2776677),(394,2639485),(279,2404935),(312,3343078),(376,5085981),(73,6826483),(147,8548561),(356,8322536),(139,6590523),(225,4858576),(102,8466906),(324,6299056),(68,6128202),(1,2942001),(229,6289883),(298,2176873),(299,7849233),(54,8051182),(40,6862857),(277,3813123),(223,7271076),(391,5901855),(73,385195),(65,5972331),(154,2494258),(346,8494535),(253,1087449),(232,5944175),(16,5170005),(286,7360493),(293,9120904),(385,4565337),(341,4838648),(271,8711743),(209,9142683),(311,3088037),(277,1847447),(383,1786829),(152,2378300),(122,3285039),(19,5428696),(234,8901712),(372,8662831),(142,8089887),(238,8875083),(132,3869070),(297,2188463),(95,3328095),(220,5118107),(286,6909550),(301,1850541),(62,7736331),(366,8413699),(206,1656788),(232,1152878),(154,5769453),(111,2824005),(327,3506037),(283,6052798),(343,5551757),(341,2302197),(304,9051575),(309,7095683),(260,2121999),(188,2035489),(376,7775740),(228,4646330),(102,5581411),(125,7848338),(96,6432934),(359,7593272),(398,1475244),(54,5350807),(377,7242561),(12,5322899),(361,2717245),(205,913615),(36,3597439),(324,1165482),(173,3439957),(399,8034315),(16,4406153),(77,480331),(327,2939414),(238,8871918),(89,7641912),(164,3897555),(291,5329270),(208,4503866),(195,4776763),(10,3765162),(59,6351913),(213,5361893),(305,332582),(146,2323062),(141,8122536),(379,6186271),(297,2727729),(367,1644966),(3,5527319),(192,8812836),(394,6611082),(52,1748229),(279,6612367),(346,1298466),(318,5182853),(380,6199339),(89,5014767),(242,1050552),(61,8194867),(96,7228118),(225,9245342),(232,334382),(229,4173610),(236,3531583),(322,7085900),(214,5108631),(136,1449810),(151,8797966),(354,4524612),(32,5609958),(84,6229931),(399,1009182),(298,7164613),(65,9182139),(86,8999676),(251,8670319),(155,3673078),(196,6867561),(86,7136749),(226,4256423),(385,2460082),(300,7555508),(135,7504894),(167,1083581),(13,3563083),(103,6935154),(90,6357817),(187,3327572),(199,7529911),(19,3480089),(383,1264501),(180,4453477),(289,1799960),(271,5601784),(99,622759),(234,3635837),(6,1413273),(367,1451221),(260,1574787),(369,2886504),(288,819677),(263,1914219),(8,9226354),(44,4066212),(191,9062058),(123,3005416),(37,6994709),(380,7312173),(386,7579947),(315,1944969),(199,761852),(89,4365938),(143,3997673),(239,3249404),(123,6720077),(101,2074800),(208,3233391),(344,2559930),(219,6514843),(146,6238366),(176,3307755),(368,8308670),(267,695760),(16,8147444),(179,8044651),(363,825824),(102,3704744),(38,2451683),(135,947593),(139,7568170),(188,1245617),(257,356159),(187,6599518),(25,1623174),(172,7735219),(187,3771935),(278,1401252),(3,4845358),(71,4164299),(387,8242722),(237,7347001),(24,2122935),(116,6009325),(281,6431690),(371,1271151),(16,596816),(363,8517921),(139,6726253),(57,3704773),(57,8471456),(381,3783694),(316,6825287),(347,9074720),(47,1375498),(105,8530654),(194,4572472),(326,7924289),(320,5058150),(57,5886414),(375,1407457),(391,4911933),(219,5936404),(25,5060066),(267,7932509),(331,8958136),(395,1187227),(340,7081299),(186,4100254),(340,958174),(338,2829443),(132,5027540),(152,1085178),(373,4483094),(400,9092497),(45,974187),(202,1721906),(183,5578046),(313,3001197),(212,5391679),(377,5888640),(312,4619091),(317,5125406),(82,4218676),(344,8126994),(389,8929349),(8,2814624),(239,5076632),(195,7247035),(285,881783),(330,3327783),(121,1292599),(229,6939554),(40,6514375),(213,8198932),(15,6629793),(71,6291538),(395,8473547),(55,1552166),(367,3664514),(183,7793463),(147,9245504),(45,4349741),(54,2434340),(37,5776704),(134,7561498),(7,2345595),(174,5766204),(216,4127867),(165,9004583),(361,3550543),(277,9082033),(287,2013895),(358,530397),(377,5767904),(122,5202635),(241,3579094),(249,4506077),(253,8105917),(87,3974742),(128,2014874),(78,3873852),(203,3962843),(207,8094399),(187,8907139),(298,7622673),(16,6104378),(327,3038333),(6,1679820),(135,6110601),(23,5649191),(84,3298162),(264,5898606),(288,9114071),(126,1994147),(362,3244308),(219,277140),(37,5329976),(309,500605),(131,2847140),(194,5337706),(43,1784850),(322,8757701),(45,7643102),(141,8706610),(208,1698552),(44,6069898),(353,7885949),(86,1486743),(26,1897914),(391,8102256),(93,4884047),(295,8318345),(327,588616),(345,6660201),(172,6202068),(17,6233414),(377,2887341),(318,4358632),(256,6803208),(261,1090005),(75,7580039),(96,2304425),(381,3229921),(311,3921334),(251,8145762),(248,3685705),(207,615052),(311,2922828),(24,8956809),(17,5021860),(320,6512673),(272,7292055),(198,5885938),(167,1446516),(215,8561912),(141,6441145),(283,7373579),(36,5663616),(254,2875018),(10,7593199),(36,6430730),(62,537998),(237,3318511),(150,284825),(266,5201706),(338,4808170),(160,3251877),(348,4581749),(158,2671631),(54,6142092),(293,1683745),(40,7905077),(264,3509375),(161,357407),(374,8080663),(340,911281),(74,7568313),(381,976085),(359,4211471),(289,3023071),(46,1333928),(374,6459694),(29,1790326),(29,9059610),(142,4831263),(335,7276200),(293,8984419),(315,876764),(304,2660733),(306,6572787),(108,4777825),(136,4291577),(382,913502),(284,3966184),(182,3840652),(124,8628361),(116,7008783),(166,1268823),(238,4423873),(270,1611309),(54,2402402),(165,3845084),(308,8602768),(78,3034656),(131,6464969),(65,3861794),(225,253050),(327,1941186),(169,3037972),(290,2449900),(230,2913857),(227,7005946),(279,742675),(39,3801489),(4,4212527),(6,6470767),(25,7517471),(295,6302542),(232,7577245),(300,4409526),(304,3167901),(225,1394650),(54,4394194),(127,5649531),(399,8908846),(54,3186726),(37,4424017),(294,9173260),(174,5100318),(12,6398616),(343,3160063),(26,6157566),(361,1385417),(68,5673206),(129,6538066),(253,2859909),(73,8502313),(210,6362082),(360,4365370),(288,3806235),(96,8635922),(59,7212316),(74,5289317),(324,6938554),(396,5861932),(258,2716005),(296,1982792),(171,7240835),(129,9043952),(46,8356012),(342,8243774),(273,1521863),(197,1955261),(30,8228222),(339,1515937),(30,7768880),(219,1837011),(342,4897727),(170,8262456),(129,8412570),(144,4861237),(264,3144340),(1,4663545),(218,2592891),(287,3746259),(365,5120448),(397,3995175),(194,3089468),(219,7321528),(303,6023539),(282,1131270),(187,2269832),(70,5157678),(218,3623768),(23,6413272),(342,2932800),(360,8886436),(78,8160776),(207,2341194),(341,252474),(137,9122983),(337,3644711),(357,3332326),(35,1437232),(321,8626493),(45,788271),(249,2784160),(114,1082600),(40,7708195),(302,4538174),(132,3531711),(304,4328049),(65,525790),(160,7685231),(282,6975876),(136,8830135),(30,7371618),(313,2050497),(24,8042253),(26,8654515),(273,5204812),(118,8530158),(393,8421751),(317,6873607),(198,3051875),(6,3436525),(71,3392047),(149,8796585),(248,1135577),(325,6220390),(226,3360129),(400,6876560),(106,1705708),(18,8413133),(161,6872368),(204,8196785),(367,8262206),(196,1410298),(206,9212774),(130,5246641),(213,4968041),(353,1188326),(194,1513301),(162,6255086),(1,6688579),(79,8249299),(202,1079744),(253,7362857),(4,4290795),(284,5959100),(267,1823734),(334,1003728),(76,8019049),(91,6188078),(96,1266670),(194,1446607),(308,4619016),(182,7933173),(317,2340426),(337,8450556),(164,7325041),(107,6013156),(338,3238230),(284,4847070),(137,4708321),(236,4722109),(379,4366515),(374,5345758),(84,7161560),(177,6831953),(357,636538),(138,3791417),(195,1314073),(56,4272516),(65,4517066),(246,6858525),(112,7201751),(275,7170476),(337,3442627),(218,1448585),(399,2956652),(297,5561064),(389,6058674),(63,1363365),(141,1159719),(210,8671668),(281,1298306),(80,3048153),(358,7910929),(247,3082956),(395,5920593),(117,5774435),(278,8264984),(367,7483027),(213,8435967),(13,5812549),(149,3182844),(4,6758616),(93,5237599),(74,2822019),(322,2350109),(31,8023924),(207,4376055),(33,5276731),(319,4151862),(276,1623499),(2,4617742),(10,2646219),(263,9085182),(2,2047934),(194,2481641),(90,1077002),(46,8160035),(62,8479643),(247,6666636),(303,5819741),(318,8515964),(319,7421950),(110,4928345),(62,1360010),(176,4350647),(103,7285717),(11,1149261),(238,7856779),(381,1855009),(238,2432057),(52,7954885),(168,1201878),(98,3265798),(231,5781769),(12,6050888),(50,6967620),(372,2379849),(80,6203553),(41,5272263),(375,6429350),(74,2913059),(332,1447633),(335,8394678),(345,2225218),(268,5741497),(104,3892791),(233,1894308),(375,3728965),(281,4206950),(45,3652127),(64,4001389),(364,9120744),(125,3305248),(96,7892150),(53,888318),(302,6607083),(387,3237232),(361,3536950),(102,310192),(341,3449578),(67,8288893),(219,2392368),(95,5600783),(297,5887712),(108,7384816),(99,5725932),(124,8207244),(175,3490823),(249,5244746),(290,4602663),(393,7680511),(391,6422620),(188,4311389),(237,5088092),(321,940016),(84,8657532),(35,8642744),(394,3372074),(63,3654677),(20,7683597),(382,6237610),(85,7384660),(266,5792537),(398,1873546),(362,8704936),(280,5646696),(231,521151),(102,4114350),(126,4029606),(133,4671598),(237,8446515),(141,4126603),(292,7457829),(192,6961582),(155,2891022),(330,2909521),(192,2417285),(67,4919771),(284,857435),(296,8214728),(169,6464062),(74,5522636),(205,4115135),(31,7824440),(17,6405552),(349,5614261),(186,631889),(393,1887299),(41,8628630),(52,3732470),(324,5662804),(21,5429547),(193,2978488),(227,3443885),(318,340664),(156,8765114),(128,9170853),(190,6082724),(91,7337103),(173,6991818),(280,7175218),(143,6800999),(12,8812872),(103,3504819),(48,811715),(356,6706733),(48,8567828),(212,5466779),(378,8216128),(400,5538095),(236,4120690),(356,1375977),(114,974013),(130,8188727),(312,7330190),(208,4358183),(61,1397690),(271,5623542),(132,1255391),(120,7026610),(285,4151832),(278,1194854),(338,5342984),(336,7663645),(137,7982001),(345,676881),(335,1524884),(314,617220),(242,6393302),(263,9209113),(395,5862349),(285,851897),(229,1869816),(315,5525049),(294,4376228),(199,4062417),(311,7839582),(149,3127934),(349,7302984),(74,865127),(34,8422808),(320,2489166),(124,9022038),(173,8940465),(213,8238438),(219,3997336),(15,1629485),(7,3184058),(285,2304187),(58,542460),(292,893888),(74,4568922),(174,7148333),(331,2014778),(344,7740525),(216,4891838),(36,5747727),(160,1463291),(324,1118462),(52,3418673),(86,3974874),(170,9241705),(57,2547351),(193,9120041),(355,5550110),(233,7420010),(181,1212050),(81,2131461),(202,2757821),(134,8898693),(85,6861290),(79,5858849),(245,7947952),(322,6685587),(104,2993928),(139,8217136),(71,976883),(212,6491143),(49,7716277),(71,5832786),(303,6826403),(234,2402439),(85,5447123),(64,7028402),(163,7730284),(334,8112119),(149,1094732),(259,4143743),(218,5646648),(197,6302393),(88,6304620),(281,3779526),(352,4314884),(249,3988591),(18,728121),(115,6731321),(91,8273784),(162,1089095),(375,8159303),(169,9133201),(89,6393641),(28,7980001),(13,4470718),(263,2623156),(396,3152836),(51,8544080),(302,6686305),(166,2066140),(98,1381171),(288,476358),(77,1158265),(268,8443058),(313,9080907),(92,6556473),(246,1206708),(76,4741037),(230,7504235),(304,7264329),(63,760178),(176,3863617),(268,2187112),(31,6403775),(111,6857528),(339,1555408),(385,7981844),(326,4582302),(103,5450914),(211,3727237),(240,414478),(370,9079981),(341,5264138),(383,4129202),(276,1653023),(159,9278131),(56,2959638),(308,4697302),(363,2754597),(82,827062),(331,9081639),(399,6814196),(270,864590),(165,6267721),(24,6963837),(80,1501200),(251,8380863),(293,552655),(1,7142989),(324,8950688),(157,2625744),(57,1064102),(120,4183574),(25,4694389),(267,3413781),(189,6536564),(24,6556213),(305,7689337),(98,7872343),(5,8465679),(143,5657380),(254,3676930),(382,6892559),(194,4085345),(277,7761039),(368,7865436),(324,5756146),(208,8096318),(301,9178875),(70,2432758),(263,4064007),(319,8088306),(291,1911391),(136,8991094),(296,3264945),(177,8578299),(163,3835300),(25,4516145),(386,8493792),(179,3956288),(367,8380807),(19,4683554),(78,3056430),(222,1755129),(212,8428950);
/*!40000 ALTER TABLE `farmaceutica_has_droga` ENABLE KEYS */;
UNLOCK TABLES;

--
-- Table structure for table `histo_check`
--

DROP TABLE IF EXISTS `histo_check`;
/*!40101 SET @saved_cs_client     = @@character_set_client */;
/*!50503 SET character_set_client = utf8mb4 */;
CREATE TABLE `histo_check` (
  `id` int(11) NOT NULL,
  `temp` int(11) NOT NULL,
  `lvloxigen` int(11) NOT NULL,
  `pulso` int(11) NOT NULL,
  `coordinacion` text NOT NULL,
  `lvlazucar` int(11) NOT NULL,
  `DiagTriage_id` int(11) unsigned NOT NULL,
  PRIMARY KEY (`id`,`DiagTriage_id`),
  KEY `FK_histo_check_diagtriage_idDiagTriage` (`DiagTriage_id`),
  CONSTRAINT `FK_histo_check_diagtriage_idDiagTriage` FOREIGN KEY (`DiagTriage_id`) REFERENCES `diagtriage` (`idDiagTriage`)
) ENGINE=InnoDB DEFAULT CHARSET=utf8;
/*!40101 SET character_set_client = @saved_cs_client */;

--
-- Dumping data for table `histo_check`
--

LOCK TABLES `histo_check` WRITE;
/*!40000 ALTER TABLE `histo_check` DISABLE KEYS */;
INSERT INTO `histo_check` VALUES (1,39,83,92,'FALSE',86,1),(2,37,100,93,'FALSE',133,2),(3,38,75,83,'FALSE',138,3),(4,39,80,74,'FALSE',128,4),(5,38,94,86,'FALSE',131,5),(6,38,93,94,'TRUE',93,6),(7,39,96,74,'FALSE',94,7),(8,37,93,82,'FALSE',107,8),(9,39,76,93,'FALSE',124,9),(10,37,99,89,'FALSE',73,10),(11,38,100,84,'FALSE',118,11),(12,39,76,78,'FALSE',119,12),(13,39,98,70,'TRUE',113,13),(14,39,82,99,'FALSE',104,14),(15,39,92,91,'FALSE',87,15),(16,38,83,74,'FALSE',96,16),(17,37,82,94,'TRUE',137,17),(18,39,91,71,'FALSE',123,18),(19,38,91,89,'FALSE',139,19),(20,39,76,73,'FALSE',127,20),(21,38,97,62,'TRUE',98,21),(22,39,95,95,'TRUE',86,22),(23,38,99,75,'FALSE',119,23),(24,39,97,88,'TRUE',80,24),(25,38,86,85,'FALSE',137,25),(26,39,85,98,'FALSE',94,26),(27,40,86,78,'TRUE',119,27),(28,40,83,85,'TRUE',128,28),(29,39,77,84,'TRUE',130,29),(30,39,90,91,'TRUE',132,30),(31,38,82,62,'TRUE',95,31),(32,37,95,63,'FALSE',109,32),(33,38,85,78,'FALSE',131,33),(34,39,86,91,'FALSE',83,34),(35,38,88,64,'TRUE',88,35),(36,38,88,62,'FALSE',120,36),(37,37,76,70,'FALSE',128,37),(38,38,86,66,'FALSE',95,38),(39,39,78,81,'FALSE',88,39),(40,38,99,87,'TRUE',90,40),(41,39,97,78,'TRUE',86,41),(42,38,83,67,'FALSE',113,42),(43,38,94,76,'TRUE',127,43),(44,37,93,66,'FALSE',79,44),(45,37,90,64,'FALSE',112,45),(46,38,78,78,'FALSE',102,46),(47,37,82,78,'FALSE',134,47),(48,38,76,77,'FALSE',97,48),(49,37,93,62,'TRUE',79,49),(50,38,89,93,'FALSE',124,50),(51,37,84,89,'TRUE',125,51),(52,38,86,69,'FALSE',75,52),(53,39,95,89,'TRUE',105,53),(54,37,91,90,'TRUE',104,54),(55,38,81,90,'FALSE',76,55),(56,40,96,97,'TRUE',115,56),(57,38,77,72,'FALSE',139,57),(58,39,92,91,'FALSE',71,58),(59,37,75,77,'FALSE',77,59),(60,38,89,62,'TRUE',70,60),(61,37,98,82,'TRUE',88,61),(62,38,76,85,'FALSE',120,62),(63,39,95,61,'TRUE',77,63),(64,37,82,85,'TRUE',73,64),(65,38,89,82,'TRUE',80,65),(66,38,90,97,'TRUE',138,66),(67,39,100,64,'FALSE',77,67),(68,38,96,89,'TRUE',74,68),(69,38,94,87,'FALSE',107,69),(70,39,93,100,'TRUE',115,70),(71,38,86,100,'FALSE',126,71),(72,39,89,90,'FALSE',116,72),(73,38,90,65,'TRUE',73,73),(74,37,87,62,'TRUE',118,74),(75,37,76,73,'TRUE',81,75),(76,38,89,85,'TRUE',138,76),(77,39,100,87,'TRUE',114,77),(78,39,93,99,'TRUE',92,78),(79,38,82,96,'FALSE',118,79),(80,39,79,70,'FALSE',73,80),(81,38,94,83,'TRUE',107,81),(82,38,89,81,'TRUE',124,82),(83,38,81,72,'TRUE',130,83),(84,39,92,61,'TRUE',121,84),(85,38,81,77,'TRUE',119,85),(86,39,88,83,'FALSE',117,86),(87,37,79,63,'FALSE',100,87),(88,37,86,88,'FALSE',110,88),(89,39,97,88,'FALSE',108,89),(90,39,91,100,'TRUE',131,90),(91,37,83,93,'FALSE',78,91),(92,38,83,60,'FALSE',104,92),(93,37,90,69,'FALSE',89,93),(94,38,87,95,'TRUE',131,94),(95,39,86,81,'FALSE',114,95),(96,38,88,91,'TRUE',99,96),(97,37,77,63,'FALSE',137,97),(98,38,87,94,'TRUE',84,98),(99,39,78,98,'TRUE',112,99),(100,38,77,68,'TRUE',120,100),(101,37,78,75,'TRUE',91,101),(102,37,95,83,'FALSE',132,102),(103,37,75,86,'TRUE',90,103),(104,39,86,81,'FALSE',117,104),(105,37,94,94,'FALSE',77,105),(106,38,93,65,'TRUE',135,106),(107,38,87,76,'TRUE',124,107),(108,40,98,82,'TRUE',109,108),(109,37,90,82,'TRUE',86,109),(110,40,98,91,'TRUE',70,110),(111,38,82,82,'TRUE',139,111),(112,37,82,72,'TRUE',123,112),(113,38,75,82,'TRUE',79,113),(114,39,84,81,'FALSE',76,114),(115,39,77,97,'FALSE',137,115),(116,39,82,61,'TRUE',72,116),(117,37,78,61,'TRUE',109,117),(118,38,88,85,'TRUE',92,118),(119,38,76,89,'TRUE',83,119),(120,39,92,94,'TRUE',78,120),(121,37,97,83,'TRUE',110,121),(122,39,100,79,'FALSE',105,122),(123,38,92,77,'TRUE',103,123),(124,39,80,91,'FALSE',73,124),(125,38,98,94,'TRUE',83,125),(126,37,86,77,'FALSE',108,126),(127,37,90,75,'TRUE',123,127),(128,38,96,76,'FALSE',105,128),(129,37,92,98,'FALSE',101,129),(130,37,83,60,'FALSE',78,130),(131,40,90,79,'TRUE',70,131),(132,37,81,86,'FALSE',139,132),(133,39,83,94,'FALSE',113,133),(134,37,89,95,'TRUE',84,134),(135,39,84,88,'TRUE',112,135),(136,39,83,77,'TRUE',104,136),(137,37,82,71,'FALSE',137,137),(138,37,98,74,'TRUE',101,138),(139,37,97,93,'TRUE',80,139),(140,37,93,91,'TRUE',107,140),(141,38,84,74,'TRUE',102,141),(142,39,80,72,'FALSE',71,142),(143,37,100,70,'FALSE',107,143),(144,37,77,61,'FALSE',91,144),(145,38,97,91,'FALSE',82,145),(146,39,86,64,'FALSE',98,146),(147,39,82,100,'FALSE',85,147),(148,38,79,74,'FALSE',128,148),(149,39,96,70,'FALSE',71,149),(150,38,81,88,'FALSE',130,150),(151,37,78,76,'TRUE',72,151),(152,37,77,61,'FALSE',87,152),(153,37,87,81,'TRUE',75,153),(154,38,99,92,'FALSE',125,154),(155,39,79,92,'TRUE',120,155),(156,38,100,79,'FALSE',89,156),(157,37,78,93,'TRUE',79,157),(158,39,91,87,'FALSE',140,158),(159,37,87,94,'FALSE',110,159),(160,38,85,65,'FALSE',86,160),(161,39,78,86,'TRUE',102,161),(162,38,97,68,'TRUE',129,162),(163,37,97,64,'TRUE',118,163),(164,37,99,80,'TRUE',105,164),(165,38,80,77,'FALSE',121,165),(166,39,90,62,'TRUE',138,166),(167,39,97,81,'TRUE',92,167),(168,37,92,65,'TRUE',116,168),(169,37,97,82,'FALSE',78,169),(170,38,82,64,'FALSE',78,170),(171,38,77,66,'FALSE',91,171),(172,37,85,88,'FALSE',126,172),(173,37,85,78,'TRUE',85,173),(174,38,83,64,'TRUE',90,174),(175,39,84,77,'FALSE',81,175),(176,38,81,75,'TRUE',122,176),(177,37,93,88,'TRUE',99,177),(178,37,79,83,'TRUE',73,178),(179,39,89,66,'TRUE',78,179),(180,37,96,61,'FALSE',75,180),(181,39,84,79,'TRUE',129,181),(182,37,99,77,'FALSE',117,182),(183,38,76,91,'TRUE',115,183),(184,40,84,77,'TRUE',84,184),(185,39,100,73,'TRUE',130,185),(186,37,75,69,'TRUE',103,186),(187,39,79,63,'FALSE',95,187),(188,37,88,91,'FALSE',84,188),(189,39,75,63,'TRUE',92,189),(190,37,77,83,'TRUE',109,190),(191,39,100,94,'FALSE',111,191),(192,40,100,74,'FALSE',75,192),(193,39,79,90,'TRUE',124,193),(194,38,100,95,'TRUE',71,194),(195,37,92,86,'FALSE',123,195),(196,38,95,94,'FALSE',124,196),(197,38,96,92,'TRUE',72,197),(198,38,88,73,'FALSE',107,198),(199,39,78,82,'TRUE',131,199),(200,37,83,95,'TRUE',111,200),(201,39,92,88,'TRUE',128,201),(202,37,99,86,'FALSE',82,202),(203,39,93,93,'FALSE',125,203),(204,38,90,63,'TRUE',82,204),(205,40,99,93,'FALSE',140,205),(206,37,78,100,'TRUE',77,206),(207,37,85,94,'TRUE',78,207),(208,39,80,90,'TRUE',130,208),(209,37,97,61,'TRUE',140,209),(210,38,95,75,'TRUE',104,210),(211,37,86,75,'TRUE',129,211),(212,39,86,76,'FALSE',91,212),(213,38,94,81,'FALSE',88,213),(214,39,82,87,'FALSE',109,214),(215,39,75,81,'TRUE',91,215),(216,39,75,85,'TRUE',129,216),(217,39,77,67,'FALSE',77,217),(218,37,88,75,'TRUE',128,218),(219,38,88,63,'FALSE',124,219),(220,37,95,62,'FALSE',138,220),(221,38,91,92,'TRUE',132,221),(222,38,95,92,'TRUE',122,222),(223,37,89,68,'FALSE',94,223),(224,39,81,69,'FALSE',72,224),(225,38,89,99,'FALSE',78,225),(226,39,83,99,'TRUE',114,226),(227,39,87,92,'TRUE',76,227),(228,38,85,72,'TRUE',104,228),(229,37,75,84,'TRUE',102,229),(230,37,82,82,'TRUE',121,230),(231,39,80,77,'FALSE',88,231),(232,39,99,62,'FALSE',101,232),(233,39,82,100,'TRUE',98,233),(234,37,92,67,'TRUE',90,234),(235,38,82,75,'TRUE',140,235),(236,37,78,63,'FALSE',103,236),(237,38,86,100,'TRUE',96,237),(238,38,99,97,'FALSE',125,238),(239,38,90,62,'FALSE',100,239),(240,39,75,80,'FALSE',122,240),(241,39,87,62,'FALSE',126,241),(242,38,95,73,'FALSE',97,242),(243,37,90,80,'TRUE',70,243),(244,37,92,60,'TRUE',93,244),(245,39,77,85,'FALSE',90,245),(246,39,98,94,'FALSE',73,246),(247,37,82,91,'TRUE',135,247),(248,38,84,78,'FALSE',73,248),(249,39,87,98,'FALSE',71,249),(250,39,100,64,'FALSE',73,250),(251,37,81,94,'FALSE',130,251),(252,37,81,69,'FALSE',128,252),(253,37,94,68,'TRUE',87,253),(254,38,76,100,'TRUE',77,254),(255,37,78,75,'TRUE',87,255),(256,38,78,65,'FALSE',107,256),(257,37,76,72,'FALSE',88,257),(258,38,84,78,'FALSE',88,258),(259,38,76,83,'TRUE',79,259),(260,39,81,67,'TRUE',133,260),(261,39,91,88,'FALSE',127,261),(262,39,88,91,'TRUE',76,262),(263,39,80,88,'FALSE',86,263),(264,37,79,64,'TRUE',123,264),(265,39,80,89,'TRUE',94,265),(266,38,75,76,'TRUE',82,266),(267,37,95,74,'TRUE',137,267),(268,39,82,86,'TRUE',135,268),(269,37,79,60,'FALSE',90,269),(270,39,98,77,'FALSE',78,270),(271,37,88,83,'TRUE',96,271),(272,37,98,92,'FALSE',121,272),(273,37,81,79,'FALSE',110,273),(274,37,80,72,'TRUE',123,274),(275,37,85,74,'TRUE',71,275),(276,38,95,72,'FALSE',130,276),(277,38,95,97,'TRUE',135,277),(278,37,95,82,'TRUE',85,278),(279,38,82,61,'TRUE',104,279),(280,39,75,77,'TRUE',111,280),(281,37,84,76,'FALSE',73,281),(282,38,93,70,'TRUE',113,282),(283,37,78,97,'TRUE',117,283),(284,38,96,75,'FALSE',93,284),(285,37,80,85,'FALSE',137,285),(286,37,96,85,'TRUE',132,286),(287,38,94,73,'TRUE',109,287),(288,39,97,93,'FALSE',75,288),(289,38,98,78,'TRUE',129,289),(290,37,80,64,'FALSE',106,290),(291,39,89,88,'TRUE',98,291),(292,39,80,84,'TRUE',95,292),(293,37,94,60,'FALSE',103,293),(294,38,94,62,'FALSE',72,294),(295,39,99,82,'TRUE',92,295),(296,39,98,95,'TRUE',125,296),(297,37,92,70,'TRUE',137,297),(298,38,85,88,'FALSE',90,298),(299,37,94,61,'TRUE',113,299),(300,37,78,79,'FALSE',96,300),(301,38,95,79,'TRUE',94,301),(302,38,92,61,'TRUE',83,302),(303,37,78,71,'TRUE',135,303),(304,39,86,91,'FALSE',76,304),(305,37,91,71,'FALSE',72,305),(306,38,88,98,'TRUE',121,306),(307,37,78,60,'TRUE',128,307),(308,38,90,68,'FALSE',71,308),(309,37,81,61,'FALSE',116,309),(310,39,86,70,'TRUE',135,310),(311,38,79,100,'FALSE',92,311),(312,37,83,89,'TRUE',133,312),(313,37,90,61,'FALSE',123,313),(314,39,90,85,'FALSE',119,314),(315,38,90,72,'TRUE',118,315),(316,38,91,94,'TRUE',114,316),(317,38,95,74,'FALSE',89,317),(318,39,92,99,'TRUE',140,318),(319,38,86,69,'TRUE',98,319),(320,37,81,64,'TRUE',130,320),(321,37,83,92,'TRUE',74,321),(322,38,94,72,'TRUE',87,322),(323,38,82,89,'TRUE',97,323),(324,39,76,87,'FALSE',119,324),(325,39,97,87,'FALSE',121,325),(326,37,91,75,'TRUE',80,326),(327,37,88,86,'TRUE',88,327),(328,37,98,67,'FALSE',138,328),(329,39,84,94,'FALSE',126,329),(330,39,92,83,'FALSE',99,330),(331,37,79,82,'FALSE',81,331),(332,38,82,79,'TRUE',87,332),(333,37,92,82,'TRUE',116,333),(334,37,95,65,'TRUE',126,334),(335,37,87,74,'TRUE',98,335),(336,38,78,87,'TRUE',114,336),(337,38,91,74,'TRUE',124,337),(338,38,81,63,'TRUE',72,338),(339,38,88,70,'TRUE',82,339),(340,37,95,87,'TRUE',93,340),(341,38,83,68,'TRUE',89,341),(342,37,94,72,'TRUE',71,342),(343,38,99,79,'TRUE',89,343),(344,37,89,74,'FALSE',109,344),(345,38,95,85,'TRUE',76,345),(346,37,94,91,'TRUE',131,346),(347,38,78,82,'FALSE',96,347),(348,39,80,74,'FALSE',123,348),(349,39,86,67,'FALSE',101,349),(350,37,91,81,'FALSE',125,350),(351,39,87,85,'TRUE',135,351),(352,39,83,62,'TRUE',126,352),(353,38,88,93,'FALSE',80,353),(354,38,91,74,'FALSE',97,354),(355,39,77,80,'TRUE',135,355),(356,37,98,92,'FALSE',94,356),(357,38,95,67,'FALSE',114,357),(358,38,77,86,'FALSE',73,358),(359,38,83,74,'FALSE',74,359),(360,38,83,82,'TRUE',116,360),(361,38,92,84,'FALSE',119,361),(362,38,77,62,'FALSE',138,362),(363,39,93,66,'TRUE',91,363),(364,38,82,90,'TRUE',136,364),(365,39,99,60,'TRUE',74,365),(366,38,93,61,'TRUE',105,366),(367,38,100,74,'FALSE',129,367),(368,38,80,80,'TRUE',117,368),(369,37,98,97,'TRUE',119,369),(370,37,81,72,'TRUE',72,370),(371,38,80,67,'TRUE',125,371),(372,38,99,85,'TRUE',97,372),(373,38,98,78,'TRUE',109,373),(374,37,83,100,'FALSE',87,374),(375,39,98,100,'TRUE',127,375),(376,37,76,93,'TRUE',127,376),(377,37,92,64,'TRUE',75,377),(378,38,94,90,'FALSE',104,378),(379,37,91,75,'TRUE',81,379),(380,39,75,66,'TRUE',116,380),(381,39,88,97,'FALSE',137,381),(382,37,96,98,'TRUE',110,382),(383,37,94,69,'FALSE',74,383),(384,37,95,60,'TRUE',130,384),(385,37,75,70,'FALSE',130,385),(386,38,85,64,'TRUE',131,386),(387,37,97,81,'TRUE',81,387),(388,38,80,67,'FALSE',105,388),(389,39,81,100,'TRUE',73,389),(390,40,77,68,'TRUE',134,390),(391,39,75,65,'TRUE',75,391),(392,37,89,97,'TRUE',87,392),(393,39,81,61,'TRUE',101,393),(394,37,77,80,'TRUE',133,394),(395,39,83,100,'FALSE',128,395),(396,39,95,68,'FALSE',101,396),(397,38,90,68,'FALSE',137,397),(398,39,77,91,'FALSE',102,398),(399,39,83,99,'FALSE',128,399),(400,39,92,86,'FALSE',125,400),(401,37,92,67,'TRUE',100,401),(402,39,76,78,'TRUE',96,402),(403,39,92,83,'TRUE',134,403),(404,37,85,91,'TRUE',104,404),(405,39,85,88,'TRUE',89,405),(406,37,93,70,'TRUE',112,406),(407,38,94,81,'FALSE',111,407),(408,38,95,69,'TRUE',140,408),(409,39,80,93,'FALSE',130,409),(410,38,89,89,'TRUE',80,410),(411,39,93,81,'FALSE',70,411),(412,39,95,63,'TRUE',122,412),(413,38,90,77,'TRUE',122,413),(414,38,79,87,'FALSE',113,414),(415,39,94,94,'TRUE',90,415),(416,37,87,75,'TRUE',119,416),(417,39,85,76,'FALSE',127,417),(418,39,92,71,'FALSE',138,418),(419,39,78,62,'TRUE',93,419),(420,37,85,68,'FALSE',71,420),(421,39,83,67,'FALSE',95,421),(422,38,79,88,'FALSE',123,422),(423,37,95,73,'FALSE',124,423),(424,39,94,67,'TRUE',86,424),(425,37,89,75,'FALSE',110,425),(426,39,77,86,'FALSE',81,426),(427,38,81,94,'TRUE',111,427),(428,38,82,82,'FALSE',113,428),(429,39,96,82,'TRUE',119,429),(430,38,98,96,'TRUE',103,430),(431,38,98,66,'FALSE',134,431),(432,39,88,76,'TRUE',90,432),(433,39,88,89,'FALSE',98,433),(434,39,87,73,'TRUE',87,434),(435,38,75,81,'TRUE',132,435),(436,37,80,90,'FALSE',100,436),(437,39,92,89,'FALSE',138,437),(438,37,88,60,'FALSE',120,438),(439,38,97,79,'TRUE',134,439),(440,37,77,85,'FALSE',89,440),(441,37,82,62,'FALSE',134,441),(442,37,82,86,'TRUE',89,442),(443,37,86,87,'FALSE',99,443),(444,39,97,73,'TRUE',112,444),(445,37,88,96,'FALSE',113,445),(446,37,98,86,'FALSE',77,446),(447,37,94,85,'FALSE',119,447),(448,38,83,80,'FALSE',77,448),(449,38,92,100,'TRUE',102,449),(450,38,93,76,'FALSE',81,450),(451,37,98,96,'TRUE',133,451),(452,38,79,84,'FALSE',139,452),(453,40,79,91,'TRUE',111,453),(454,39,94,92,'FALSE',89,454),(455,38,92,77,'TRUE',75,455),(456,37,89,94,'TRUE',104,456),(457,37,80,76,'TRUE',138,457),(458,39,90,86,'FALSE',103,458),(459,38,80,76,'TRUE',79,459),(460,38,94,66,'FALSE',119,460),(461,37,98,90,'TRUE',111,461),(462,39,95,95,'TRUE',96,462),(463,39,81,66,'FALSE',71,463),(464,38,78,88,'TRUE',82,464),(465,37,85,81,'TRUE',71,465),(466,37,98,64,'TRUE',134,466),(467,37,82,76,'FALSE',129,467),(468,37,99,84,'TRUE',79,468),(469,38,98,85,'FALSE',112,469),(470,37,87,88,'TRUE',78,470),(471,37,97,62,'FALSE',81,471),(472,39,91,96,'FALSE',123,472),(473,38,90,74,'FALSE',127,473),(474,39,80,96,'TRUE',131,474),(475,37,94,91,'TRUE',93,475),(476,38,85,63,'FALSE',121,476),(477,37,98,92,'TRUE',73,477),(478,37,87,60,'TRUE',128,478),(479,37,96,71,'FALSE',100,479),(480,37,90,91,'FALSE',80,480),(481,38,91,64,'FALSE',109,481),(482,39,81,86,'TRUE',139,482),(483,38,98,99,'FALSE',85,483),(484,37,78,69,'TRUE',124,484),(485,37,82,92,'FALSE',131,485),(486,39,100,94,'FALSE',115,486),(487,39,92,87,'TRUE',95,487),(488,39,80,99,'TRUE',85,488),(489,38,90,84,'FALSE',92,489),(490,39,93,68,'TRUE',125,490),(491,39,78,67,'TRUE',86,491),(492,38,78,71,'TRUE',107,492),(493,39,79,93,'FALSE',125,493),(494,37,84,64,'FALSE',132,494),(495,38,91,69,'FALSE',106,495),(496,38,88,99,'FALSE',137,496),(497,39,99,82,'TRUE',74,497),(498,39,88,74,'TRUE',105,498),(499,37,96,69,'FALSE',76,499),(500,39,77,79,'FALSE',94,500);
/*!40000 ALTER TABLE `histo_check` ENABLE KEYS */;
UNLOCK TABLES;

--
-- Table structure for table `hopistalcama`
--

DROP TABLE IF EXISTS `hopistalcama`;
/*!40101 SET @saved_cs_client     = @@character_set_client */;
/*!50503 SET character_set_client = utf8mb4 */;
CREATE TABLE `hopistalcama` (
  `idCama` int(10) unsigned NOT NULL AUTO_INCREMENT,
  `CENTROSANITARIO` int(10) unsigned NOT NULL,
  `piso` int(11) NOT NULL,
  PRIMARY KEY (`idCama`),
  KEY `fk_CAMAHOPISTAL_CENTROSANITARIO1_idx` (`CENTROSANITARIO`),
  CONSTRAINT `fk_CAMAHOPISTAL_CENTROSANITARIO1` FOREIGN KEY (`CENTROSANITARIO`) REFERENCES `centrosanitario` (`id`)
) ENGINE=InnoDB AUTO_INCREMENT=501 DEFAULT CHARSET=utf8;
/*!40101 SET character_set_client = @saved_cs_client */;

--
-- Dumping data for table `hopistalcama`
--

LOCK TABLES `hopistalcama` WRITE;
/*!40000 ALTER TABLE `hopistalcama` DISABLE KEYS */;
INSERT INTO `hopistalcama` VALUES (1,117,1),(2,6,1),(3,230,1),(4,142,2),(5,186,3),(6,167,1),(7,54,2),(8,26,3),(9,86,3),(10,125,3),(11,65,1),(12,113,2),(13,270,3),(14,35,3),(15,74,3),(16,278,3),(17,149,3),(18,180,1),(19,267,1),(20,142,1),(21,151,1),(22,91,3),(23,119,3),(24,80,1),(25,141,1),(26,100,1),(27,282,3),(28,13,3),(29,118,3),(30,10,2),(31,244,1),(32,172,3),(33,238,2),(34,66,2),(35,255,1),(36,173,2),(37,133,3),(38,76,2),(39,269,3),(40,51,1),(41,18,1),(42,73,1),(43,279,1),(44,43,3),(45,27,3),(46,116,3),(47,172,2),(48,24,2),(49,106,2),(50,233,1),(51,135,3),(52,13,3),(53,281,3),(54,217,1),(55,109,1),(56,254,3),(57,49,3),(58,144,3),(59,213,3),(60,17,1),(61,193,2),(62,155,3),(63,184,3),(64,137,1),(65,138,3),(66,169,2),(67,197,1),(68,265,1),(69,216,1),(70,4,1),(71,215,1),(72,25,2),(73,152,2),(74,21,1),(75,216,3),(76,120,2),(77,117,3),(78,198,2),(79,190,2),(80,222,1),(81,24,1),(82,144,2),(83,243,2),(84,173,2),(85,115,2),(86,206,2),(87,220,1),(88,83,1),(89,263,1),(90,197,1),(91,32,3),(92,111,1),(93,189,2),(94,238,1),(95,92,3),(96,57,2),(97,190,1),(98,271,2),(99,82,1),(100,261,1),(101,18,1),(102,127,1),(103,197,1),(104,187,3),(105,207,3),(106,115,3),(107,18,2),(108,70,1),(109,115,1),(110,199,2),(111,240,1),(112,34,3),(113,206,2),(114,159,1),(115,24,2),(116,42,2),(117,94,3),(118,237,1),(119,90,1),(120,250,3),(121,236,2),(122,207,3),(123,148,3),(124,107,3),(125,74,2),(126,241,3),(127,196,2),(128,79,1),(129,39,2),(130,243,2),(131,35,3),(132,73,3),(133,66,1),(134,96,2),(135,52,1),(136,60,3),(137,228,2),(138,251,2),(139,154,2),(140,265,3),(141,262,3),(142,4,1),(143,50,3),(144,213,2),(145,187,2),(146,185,2),(147,58,3),(148,3,3),(149,50,3),(150,7,1),(151,211,3),(152,55,2),(153,177,3),(154,160,2),(155,120,1),(156,234,3),(157,10,3),(158,124,3),(159,157,1),(160,206,3),(161,240,1),(162,80,3),(163,257,3),(164,97,3),(165,19,3),(166,19,1),(167,122,1),(168,83,1),(169,233,2),(170,16,2),(171,197,3),(172,131,2),(173,227,3),(174,9,1),(175,36,1),(176,60,3),(177,202,1),(178,242,3),(179,169,3),(180,5,1),(181,42,3),(182,258,1),(183,262,3),(184,270,3),(185,92,1),(186,258,1),(187,192,3),(188,273,1),(189,205,1),(190,158,1),(191,14,2),(192,109,1),(193,102,1),(194,104,1),(195,104,1),(196,179,3),(197,210,3),(198,137,2),(199,228,3),(200,160,3),(201,209,3),(202,141,2),(203,119,2),(204,190,1),(205,150,3),(206,183,3),(207,56,1),(208,111,2),(209,78,3),(210,144,3),(211,192,3),(212,158,1),(213,212,2),(214,173,3),(215,233,3),(216,154,2),(217,256,3),(218,20,2),(219,35,2),(220,72,1),(221,81,2),(222,176,2),(223,77,3),(224,2,2),(225,129,2),(226,179,2),(227,139,1),(228,143,3),(229,118,1),(230,49,3),(231,233,2),(232,271,2),(233,233,1),(234,76,1),(235,125,2),(236,223,3),(237,240,3),(238,150,1),(239,100,1),(240,112,3),(241,274,3),(242,114,1),(243,27,2),(244,242,2),(245,275,3),(246,63,3),(247,174,3),(248,172,2),(249,258,1),(250,118,1),(251,58,2),(252,89,3),(253,186,1),(254,221,2),(255,214,3),(256,239,2),(257,271,2),(258,230,3),(259,226,1),(260,47,3),(261,41,2),(262,162,2),(263,62,3),(264,208,1),(265,11,3),(266,67,1),(267,133,2),(268,187,2),(269,265,2),(270,71,3),(271,210,1),(272,261,1),(273,267,3),(274,79,3),(275,124,1),(276,151,2),(277,225,2),(278,130,3),(279,155,1),(280,182,3),(281,148,2),(282,184,2),(283,250,3),(284,39,1),(285,8,1),(286,84,1),(287,122,1),(288,4,1),(289,116,3),(290,241,1),(291,168,1),(292,62,1),(293,122,2),(294,203,1),(295,37,1),(296,186,2),(297,98,3),(298,125,2),(299,272,1),(300,225,1),(301,202,1),(302,71,3),(303,269,3),(304,230,3),(305,257,3),(306,239,1),(307,4,1),(308,251,3),(309,269,3),(310,217,1),(311,274,3),(312,77,2),(313,108,2),(314,10,1),(315,158,1),(316,69,1),(317,189,3),(318,214,3),(319,225,1),(320,181,1),(321,5,2),(322,258,2),(323,98,3),(324,190,2),(325,251,2),(326,166,2),(327,34,1),(328,182,3),(329,37,2),(330,62,2),(331,213,2),(332,85,1),(333,126,3),(334,83,3),(335,167,2),(336,108,1),(337,68,1),(338,78,3),(339,249,2),(340,248,1),(341,212,1),(342,35,2),(343,82,3),(344,65,2),(345,160,1),(346,86,2),(347,122,1),(348,119,3),(349,20,1),(350,26,2),(351,61,3),(352,84,1),(353,80,2),(354,6,1),(355,227,1),(356,199,2),(357,241,3),(358,224,3),(359,28,1),(360,63,2),(361,117,2),(362,66,1),(363,176,1),(364,101,1),(365,44,2),(366,247,3),(367,160,1),(368,99,3),(369,112,3),(370,250,2),(371,31,2),(372,197,2),(373,268,2),(374,91,1),(375,59,1),(376,242,2),(377,239,3),(378,48,1),(379,213,1),(380,213,3),(381,14,2),(382,34,3),(383,41,2),(384,50,3),(385,69,1),(386,86,2),(387,258,1),(388,235,1),(389,251,2),(390,43,3),(391,249,3),(392,133,3),(393,281,2),(394,87,1),(395,271,2),(396,160,3),(397,67,3),(398,259,2),(399,39,1),(400,180,3),(401,249,1),(402,231,1),(403,240,1),(404,150,2),(405,21,2),(406,171,3),(407,41,3),(408,96,1),(409,71,1),(410,158,3),(411,118,1),(412,89,3),(413,86,2),(414,1,1),(415,107,1),(416,266,1),(417,190,2),(418,75,2),(419,204,3),(420,14,2),(421,67,1),(422,281,3),(423,61,2),(424,128,3),(425,126,2),(426,179,2),(427,166,3),(428,170,2),(429,191,2),(430,81,2),(431,145,1),(432,160,3),(433,89,3),(434,172,2),(435,181,3),(436,270,2),(437,185,1),(438,144,2),(439,89,3),(440,7,1),(441,55,1),(442,49,2),(443,198,3),(444,29,1),(445,192,3),(446,62,2),(447,19,3),(448,57,3),(449,25,3),(450,227,1),(451,49,3),(452,153,1),(453,15,1),(454,219,1),(455,165,3),(456,266,2),(457,137,3),(458,269,1),(459,133,1),(460,11,2),(461,217,3),(462,277,3),(463,76,1),(464,91,2),(465,266,3),(466,268,2),(467,10,1),(468,203,1),(469,103,3),(470,269,1),(471,257,1),(472,30,3),(473,15,3),(474,81,1),(475,124,1),(476,215,2),(477,210,2),(478,20,1),(479,211,1),(480,229,1),(481,159,3),(482,3,1),(483,212,1),(484,277,2),(485,165,2),(486,237,2),(487,279,3),(488,18,2),(489,78,1),(490,27,3),(491,94,1),(492,44,3),(493,173,2),(494,282,1),(495,110,2),(496,217,3),(497,222,3),(498,7,2),(499,33,2),(500,83,2);
/*!40000 ALTER TABLE `hopistalcama` ENABLE KEYS */;
UNLOCK TABLES;

--
-- Table structure for table `hotel`
--

DROP TABLE IF EXISTS `hotel`;
/*!40101 SET @saved_cs_client     = @@character_set_client */;
/*!50503 SET character_set_client = utf8mb4 */;
CREATE TABLE `hotel` (
  `id` int(11) NOT NULL AUTO_INCREMENT,
  `nomHotel` varchar(45) NOT NULL,
  `direccion` tinytext NOT NULL,
  `telefono` varchar(15) NOT NULL,
  `PROVINCIA_idPROVINCIA` int(11) NOT NULL,
  PRIMARY KEY (`id`),
  UNIQUE KEY `id_UNIQUE` (`id`),
  KEY `fk_HOTEL_PROVINCIA1_idx` (`PROVINCIA_idPROVINCIA`),
  CONSTRAINT `fk_HOTEL_PROVINCIA1` FOREIGN KEY (`PROVINCIA_idPROVINCIA`) REFERENCES `provincia` (`idPROVINCIA`)
) ENGINE=InnoDB AUTO_INCREMENT=501 DEFAULT CHARSET=utf8;
/*!40101 SET character_set_client = @saved_cs_client */;

--
-- Dumping data for table `hotel`
--

LOCK TABLES `hotel` WRITE;
/*!40000 ALTER TABLE `hotel` DISABLE KEYS */;
INSERT INTO `hotel` VALUES (1,'Leffler, Upton and Mosciski','4 Hanover Junction','(863) 7763947',15),(2,'Marquardt and Sons','7816 Prentice Crossing','(932) 5006816',3),(3,'Moore-Kris','349 Bartelt Alley','(677) 9020917',21),(4,'Schumm, Considine and Eichmann','6 Dovetail Circle','(554) 1396074',24),(5,'Schowalter, Wisoky and Christiansen','52024 Manitowish Plaza','(958) 1989485',23),(6,'Strosin Inc','2 Anzinger Way','(143) 8918749',14),(7,'Schroeder-Paucek','10167 Eagle Crest Junction','(108) 2448684',10),(8,'Reilly, Goodwin and Beier','3950 Killdeer Crossing','(118) 8725892',17),(9,'Koch Group','52 Reindahl Place','(373) 4671990',24),(10,'Douglas-Hartmann','09330 Blackbird Terrace','(895) 6914039',8),(11,'Franecki, Kunde and Kuphal','788 Cambridge Hill','(413) 6530070',21),(12,'Feest, Wilderman and Yundt','9 Mendota Avenue','(852) 8341438',7),(13,'Vandervort-Feil','59 Reinke Road','(450) 2352577',12),(14,'Monahan-Cronin','4 Jay Alley','(477) 8116474',12),(15,'Medhurst, McCullough and Moore','8 Mockingbird Road','(842) 8643987',9),(16,'Dare, Daugherty and Runolfsson','846 Holmberg Place','(304) 5091397',24),(17,'Nicolas-Sauer','93 Park Meadow Crossing','(591) 9846850',3),(18,'Greenfelder LLC','680 Comanche Lane','(893) 3935210',10),(19,'Gulgowski-VonRueden','2 Warbler Place','(522) 5097081',9),(20,'Borer and Sons','761 Raven Point','(522) 8841785',16),(21,'Fritsch-Gutmann','6 Tomscot Road','(612) 8382980',15),(22,'Wilkinson-Dickinson','9 Village Park','(593) 1667865',22),(23,'Ratke-Bayer','887 Brown Park','(847) 1266272',15),(24,'Ankunding-Purdy','1020 Lake View Road','(572) 7786633',14),(25,'Grimes-Torphy','649 Ridgeway Park','(312) 8665736',19),(26,'Willms, Batz and Hartmann','93 Melody Parkway','(647) 5970727',22),(27,'Cummerata, Wisozk and Bartoletti','8809 Mifflin Hill','(635) 4236375',20),(28,'Mitchell, Fadel and Olson','9924 Manufacturers Road','(199) 9464139',20),(29,'Deckow, Parisian and Lowe','698 Blue Bill Park Hill','(780) 5202543',8),(30,'Heaney, Weissnat and Keebler','6146 Spohn Court','(406) 7475020',23),(31,'Hansen Group','873 Namekagon Crossing','(789) 3585291',8),(32,'Tremblay LLC','3 Atwood Center','(773) 4122446',23),(33,'Bernhard-Emmerich','7655 Redwing Street','(756) 5585328',23),(34,'Lind-Ruecker','69301 Barby Terrace','(858) 4270391',20),(35,'Donnelly, Corwin and Daniel','17 New Castle Avenue','(616) 7403162',14),(36,'Carter, Gulgowski and Powlowski','3 Vermont Park','(889) 3170711',19),(37,'Thiel-Konopelski','76967 Eagan Alley','(170) 2044741',16),(38,'Smith, Feest and Okuneva','892 Granby Pass','(905) 4688411',19),(39,'Mills, Ankunding and Walsh','4 Springs Circle','(524) 2596981',14),(40,'O\'Conner-Rath','482 Linden Way','(744) 4896951',10),(41,'Barton Group','56 Mayer Road','(978) 8540946',20),(42,'Zemlak, Gutkowski and Sipes','889 Golf View Park','(948) 9655607',17),(43,'Jenkins-Effertz','42447 Kennedy Place','(357) 8567580',4),(44,'Ziemann, Corwin and Flatley','42546 Express Drive','(871) 7250207',3),(45,'Schneider, Wyman and Bechtelar','8 Ramsey Lane','(534) 2479519',17),(46,'Gutmann Inc','9 Vera Road','(256) 5093331',4),(47,'Schmidt Inc','16 Monument Trail','(640) 1939646',7),(48,'Keeling-Miller','6 Darwin Plaza','(363) 7158898',24),(49,'Mills, Turner and Brown','70 Namekagon Parkway','(639) 7780153',24),(50,'Lebsack-Lehner','6157 Northport Junction','(623) 4677832',23),(51,'Huels, Medhurst and Klein','20785 Hudson Hill','(804) 7950223',1),(52,'O\'Conner, Kulas and VonRueden','06 Mccormick Parkway','(194) 8760336',3),(53,'Greenholt, Hilpert and Marvin','1538 Almo Avenue','(543) 6954019',2),(54,'Turcotte, Powlowski and Nolan','1 Becker Junction','(877) 3552505',24),(55,'Kling, Lynch and Friesen','36511 Chinook Way','(898) 6193810',22),(56,'Langworth and Sons','26 Oriole Junction','(563) 3977716',1),(57,'Hirthe, Terry and Kling','40499 Dexter Drive','(403) 6908033',24),(58,'Grady and Sons','94083 Melrose Plaza','(629) 3709476',19),(59,'Zboncak-Hills','743 Park Meadow Crossing','(219) 6294852',12),(60,'Hodkiewicz-Schumm','530 Reinke Junction','(250) 4998496',7),(61,'Prohaska, Anderson and Moore','42 Brown Way','(168) 8426692',23),(62,'Sanford, Bergstrom and Gleason','4062 Anthes Road','(789) 5463986',23),(63,'Beahan-Weissnat','8567 Kim Place','(522) 7681528',4),(64,'Stoltenberg Inc','7832 Bay Circle','(415) 1703187',7),(65,'Stracke LLC','1881 Thompson Street','(932) 4214092',13),(66,'Braun-Glover','5 Pankratz Parkway','(528) 9972693',18),(67,'Grimes Inc','39888 Petterle Circle','(963) 4639441',19),(68,'Bashirian, Berge and Breitenberg','35 High Crossing Pass','(188) 7176514',6),(69,'Tillman, Runolfsdottir and Monahan','558 Sunfield Alley','(477) 8908216',23),(70,'Wyman Inc','7 Melby Circle','(332) 1175140',22),(71,'Ratke-Champlin','1967 Straubel Lane','(637) 3629066',17),(72,'Cartwright-Wolff','61697 Briar Crest Circle','(937) 4760524',22),(73,'Kozey, Kozey and Ritchie','33998 Lotheville Terrace','(120) 5999813',10),(74,'Altenwerth and Sons','67126 Burrows Center','(835) 6563724',22),(75,'Gutkowski LLC','8 Prairie Rose Plaza','(102) 5904945',6),(76,'Runolfsdottir Group','268 Hooker Terrace','(706) 6031502',6),(77,'Schultz, Kertzmann and Halvorson','77778 Anniversary Street','(232) 5382099',22),(78,'Kertzmann, Huel and Weber','95132 Spohn Circle','(862) 2883440',23),(79,'Hoppe, Padberg and Bednar','3 Oak Valley Way','(501) 6435104',15),(80,'Effertz Group','52 Sachs Way','(419) 9879107',11),(81,'Monahan, Effertz and Wehner','94283 Caliangt Way','(406) 5005925',18),(82,'Nitzsche, Heathcote and Ernser','7581 7th Plaza','(249) 7889023',24),(83,'Kutch, Aufderhar and Johnston','1 Jana Way','(833) 6208812',20),(84,'Simonis Inc','55 Sycamore Pass','(978) 3849348',4),(85,'Collier-Keeling','547 Maple Terrace','(123) 9180622',18),(86,'Mann, Barrows and Ratke','65550 Almo Court','(465) 9318044',13),(87,'Crooks and Sons','997 Florence Trail','(236) 1459616',4),(88,'Wilderman-Roob','57 Bobwhite Junction','(656) 1856405',11),(89,'Schulist Inc','50969 Shelley Hill','(941) 3394191',14),(90,'Howell, Ebert and Miller','24486 Gina Street','(820) 1946804',18),(91,'Kiehn and Sons','127 Vidon Parkway','(310) 8754669',18),(92,'Schaefer, Parisian and Botsford','98443 4th Alley','(389) 2139242',7),(93,'Haley-Kerluke','774 Clyde Gallagher Center','(883) 5401041',9),(94,'Lesch-Mertz','2 Graedel Place','(371) 6834815',17),(95,'Lynch, Kub and Spencer','768 Delladonna Pass','(411) 5594892',23),(96,'Quitzon Inc','6319 Cody Center','(640) 1140572',10),(97,'Deckow, Morar and Fritsch','79218 Schurz Street','(666) 2414400',17),(98,'Wiza LLC','004 Browning Road','(722) 3596769',15),(99,'Mayert Inc','7 Katie Hill','(266) 9322525',5),(100,'Harber-Keebler','21178 Sunfield Crossing','(774) 8836092',16),(101,'Effertz LLC','4683 Eggendart Place','(565) 9183016',20),(102,'Nikolaus, Bogan and Lang','232 Jenna Street','(634) 9304753',20),(103,'Cremin, Rutherford and Moore','4 Westerfield Center','(382) 9845012',9),(104,'Rohan-Nikolaus','59 Boyd Court','(854) 3543207',1),(105,'Thiel LLC','1586 Eagan Avenue','(593) 5733278',13),(106,'Feil, Homenick and Bartell','58 Memorial Lane','(592) 7496256',2),(107,'Price-Bergnaum','56383 Maywood Plaza','(928) 5727717',17),(108,'Moen and Sons','06 Mayer Hill','(237) 7952068',18),(109,'Volkman-Turcotte','605 Dixon Pass','(696) 9707291',10),(110,'Welch, Reilly and Spencer','120 Elmside Way','(968) 8371912',10),(111,'Mann-Beier','882 Westerfield Avenue','(839) 5951348',13),(112,'Morar Group','9027 Pankratz Park','(890) 7197331',13),(113,'Harvey Inc','60 Canary Place','(479) 4592767',13),(114,'Bode, Murray and Shanahan','77254 Eastwood Terrace','(335) 4656116',2),(115,'Donnelly LLC','5754 Hagan Circle','(145) 7459179',3),(116,'Monahan-Koelpin','81443 Grover Alley','(966) 3200321',19),(117,'Gutmann LLC','9363 Nelson Point','(162) 6966713',21),(118,'Koelpin, Wolff and Flatley','4 Bluejay Way','(330) 8665676',21),(119,'Champlin, Koepp and Fadel','814 Basil Parkway','(599) 5457589',5),(120,'Nicolas-Lowe','280 Northfield Lane','(505) 1080440',4),(121,'Simonis LLC','13 Caliangt Plaza','(368) 7974291',6),(122,'Gleason-Koepp','643 Larry Center','(292) 2514759',9),(123,'Farrell Inc','0 Gale Parkway','(368) 8058770',17),(124,'Ziemann and Sons','9462 La Follette Place','(161) 6083905',22),(125,'McGlynn, Jerde and Brown','2 Hoepker Point','(368) 3969702',19),(126,'Becker-Boyle','157 Valley Edge Road','(469) 8455023',10),(127,'Little LLC','47 1st Center','(418) 9882668',10),(128,'McGlynn, Walsh and Kozey','785 Elmside Circle','(787) 1353823',15),(129,'Collins and Sons','757 Myrtle Drive','(695) 8868415',10),(130,'Pagac-Grant','6277 Dorton Hill','(429) 1968306',17),(131,'Beahan Group','5 Rockefeller Terrace','(625) 1487221',21),(132,'Nitzsche-McDermott','168 Hazelcrest Parkway','(904) 2782349',6),(133,'Huels, Bernier and Beatty','8010 Porter Place','(746) 6742024',1),(134,'Keeling LLC','2242 Loeprich Drive','(253) 8041808',19),(135,'Adams LLC','4 Michigan Terrace','(562) 8569561',9),(136,'Parker, Cruickshank and Gorczany','7 Waubesa Center','(372) 6086734',14),(137,'Nader, Schowalter and Schuster','5 Jackson Pass','(234) 6757949',24),(138,'Gislason Group','37829 New Castle Alley','(743) 1418543',24),(139,'Weimann Group','7 Mitchell Center','(192) 2142412',16),(140,'Ward Inc','31513 Helena Hill','(478) 5329084',23),(141,'Bode, Considine and Russel','3 Dottie Pass','(738) 4132276',22),(142,'Grimes-Pfannerstill','60 Crescent Oaks Way','(837) 6363361',24),(143,'Huels Inc','456 Tomscot Hill','(871) 5994176',10),(144,'Ratke LLC','47143 Lakewood Court','(210) 1148968',16),(145,'Huel Group','584 Bunker Hill Road','(191) 7054462',22),(146,'Rippin-Lubowitz','78606 Park Meadow Park','(697) 8950917',16),(147,'Romaguera-Kautzer','7 Monica Trail','(744) 4420328',3),(148,'Rice, Okuneva and Sanford','029 Valley Edge Trail','(233) 6685404',17),(149,'O\'Reilly, Ratke and Swift','90 Riverside Alley','(642) 7907022',22),(150,'Heathcote and Sons','31 Mallard Crossing','(884) 5944531',8),(151,'Jast Group','85 Aberg Place','(474) 3171918',20),(152,'Rowe-Murphy','3466 Manitowish Lane','(101) 4653398',18),(153,'Grady Group','0702 Sutteridge Avenue','(504) 3514704',14),(154,'Waters, Denesik and Auer','006 Londonderry Point','(853) 5418948',14),(155,'Schowalter, Wunsch and Sipes','95750 Butterfield Way','(780) 7839917',4),(156,'Heidenreich, Cremin and Huel','19526 Marcy Avenue','(690) 9189175',4),(157,'Johnston and Sons','41 Anthes Park','(210) 2049109',18),(158,'Roob-Daniel','8 Barby Way','(356) 4710619',5),(159,'Pollich, Wisozk and Koss','0 Northwestern Terrace','(118) 4428783',5),(160,'Weber-Kilback','64 7th Center','(118) 9401716',21),(161,'Friesen-Skiles','2977 Glendale Alley','(326) 6209234',10),(162,'Senger LLC','9 Nova Circle','(850) 3622011',23),(163,'Cormier-Beer','8693 Holmberg Street','(715) 2010876',17),(164,'Koepp-Leuschke','7 Melvin Street','(254) 9431823',11),(165,'Fay, Grimes and Gorczany','52 Manufacturers Place','(376) 4824512',16),(166,'Cassin-Kassulke','88847 Oak Valley Avenue','(348) 2663907',8),(167,'Deckow and Sons','62 Burning Wood Parkway','(550) 5274195',24),(168,'Marquardt, Price and Murphy','41 Buell Avenue','(771) 6169200',1),(169,'Hoppe Inc','460 American Circle','(674) 6300753',1),(170,'Zboncak, Morissette and Bode','840 Westport Road','(418) 3884384',4),(171,'Kirlin-Rath','2888 Namekagon Court','(300) 3484837',23),(172,'Kris-Witting','5366 Algoma Drive','(248) 8737912',17),(173,'Ziemann and Sons','76670 Jenna Hill','(902) 7194935',18),(174,'Okuneva-Russel','7 Granby Hill','(278) 3322344',23),(175,'Reichert LLC','06675 Garrison Road','(873) 3108342',13),(176,'Vandervort LLC','6547 Clyde Gallagher Circle','(456) 7952488',6),(177,'Ruecker-Rolfson','000 Dottie Way','(167) 8155251',24),(178,'Reilly, Mills and Nolan','3330 Ronald Regan Point','(569) 6363780',12),(179,'MacGyver Inc','99465 Meadow Valley Terrace','(525) 4019551',19),(180,'Osinski, Hammes and Mills','4166 Ridge Oak Junction','(626) 9846557',5),(181,'Zulauf Inc','95 Moose Lane','(935) 9119536',14),(182,'O\'Conner, Kerluke and Rath','7 Johnson Junction','(981) 8349548',21),(183,'Treutel-Hamill','77186 Hermina Point','(138) 1518941',2),(184,'Bode-Conn','285 Thierer Way','(550) 6630161',4),(185,'Thompson-Hermann','8 Sauthoff Point','(438) 5559828',8),(186,'Parisian-Aufderhar','34 Susan Hill','(963) 2966626',8),(187,'Grimes LLC','5 Judy Center','(452) 1178023',8),(188,'Schuster, Brakus and Klocko','0 Schlimgen Circle','(392) 1673993',3),(189,'Kuhic Group','0533 Crest Line Park','(416) 3724982',19),(190,'Wiegand Inc','33 Banding Hill','(809) 1962259',3),(191,'Hand, Ritchie and Ratke','23323 North Hill','(409) 5127232',14),(192,'Breitenberg, Waters and Morissette','5 Lakewood Road','(500) 4916551',13),(193,'Stiedemann, Quitzon and Jakubowski','48386 Old Shore Street','(315) 4243877',22),(194,'Runolfsson Inc','8719 Lukken Junction','(842) 3395736',22),(195,'Wunsch, Schulist and Daniel','23159 Kennedy Crossing','(705) 2684887',5),(196,'Botsford, Langworth and Mills','4056 Schmedeman Crossing','(571) 7955353',22),(197,'Kutch, Jacobs and Pagac','7059 Toban Hill','(906) 9797494',3),(198,'Haley-Steuber','45 Bunker Hill Place','(334) 4858967',20),(199,'Kemmer, Upton and McCullough','8 Dwight Lane','(446) 9081286',6),(200,'Cassin, Kiehn and Lemke','3442 Canary Drive','(166) 3805615',2),(201,'Dietrich-Strosin','43519 Hovde Crossing','(195) 8966711',14),(202,'Shanahan, Crona and Wisozk','31137 Esch Parkway','(323) 5815421',19),(203,'Herman, Jacobson and Von','16907 Shopko Terrace','(833) 4800092',24),(204,'Stokes-Feil','7 Kim Way','(129) 9439922',4),(205,'Swift-Schmitt','54959 Fieldstone Point','(403) 8045851',11),(206,'Crona-Pfannerstill','69164 Autumn Leaf Crossing','(182) 1994208',10),(207,'Marquardt-Homenick','7 Northridge Junction','(669) 2724156',21),(208,'Kunde-Zemlak','1318 Parkside Way','(781) 5504600',12),(209,'Crooks-Volkman','1 Golf View Way','(104) 4835944',15),(210,'Willms, Weimann and Feest','82 Swallow Circle','(632) 8079948',18),(211,'Blick and Sons','6524 Bartillon Park','(246) 2088956',6),(212,'Muller LLC','23950 Derek Lane','(856) 7373808',19),(213,'Little-O\'Keefe','50 Moland Way','(276) 3359354',8),(214,'Carter Group','6 Corscot Lane','(236) 6791765',21),(215,'Labadie-Wolf','54 Pond Court','(810) 9843445',4),(216,'Collier, Beer and Von','8222 Warner Point','(138) 8381980',15),(217,'Predovic, Osinski and Wiza','627 Jana Point','(485) 9840154',17),(218,'Schmeler Group','2 Bashford Crossing','(920) 8325709',3),(219,'Ebert, Hessel and Frami','4126 Petterle Plaza','(856) 3055383',13),(220,'Will-Huels','19 Dexter Court','(222) 9867159',23),(221,'Herman, Rodriguez and Lehner','73395 Elka Trail','(881) 1274124',12),(222,'Reinger Group','25485 Grayhawk Hill','(128) 5541573',21),(223,'Trantow and Sons','5881 Dryden Trail','(199) 6206788',18),(224,'Wiza Inc','70 Menomonie Parkway','(414) 3778943',21),(225,'Towne-Armstrong','9040 Elgar Alley','(495) 3098900',1),(226,'Rice, Jacobs and Sipes','59565 6th Avenue','(230) 6141391',9),(227,'Yost, MacGyver and Johnston','17344 Roth Center','(689) 3575613',7),(228,'Orn and Sons','944 1st Terrace','(703) 6224107',15),(229,'Hoeger, Williamson and Kiehn','8 Linden Circle','(617) 4352249',10),(230,'Grimes LLC','9 Onsgard Road','(235) 2164876',3),(231,'Rau Inc','3 Stuart Park','() 3881101',21),(232,'Kohler, Bernier and Collier','4 Charing Cross Place','(752) 4046028',3),(233,'Heaney, Franecki and Kub','96398 Division Road','(885) 5477469',7),(234,'Farrell-Brakus','43405 Mallard Parkway','(746) 8066167',9),(235,'Morissette-Zboncak','2 Prentice Park','(828) 2829421',23),(236,'Lowe-Kilback','0 Dapin Lane','(580) 3027354',13),(237,'Sanford, Romaguera and Hermiston','1 Gerald Hill','(584) 5670039',6),(238,'Prosacco and Sons','86079 Graceland Court','(655) 6125805',24),(239,'Orn Group','5 Crescent Oaks Junction','(292) 4226843',5),(240,'Jenkins Inc','80 Alpine Terrace','(418) 1778093',8),(241,'Block Inc','1921 Pearson Point','(266) 9773929',24),(242,'Sauer, Daugherty and Balistreri','9547 Browning Point','(340) 1969353',18),(243,'Quitzon, Zboncak and Hyatt','1454 Saint Paul Avenue','(285) 3902210',10),(244,'Bashirian Inc','818 1st Crossing','(860) 6644744',10),(245,'Kuphal, Mayert and Kunde','18829 Del Mar Trail','(428) 8065913',21),(246,'Barrows-Homenick','632 Darwin Way','(341) 3485744',17),(247,'Auer, Hayes and Predovic','532 Holmberg Hill','(693) 9239454',9),(248,'Cruickshank, Klocko and Halvorson','81 Northland Trail','(863) 2696045',3),(249,'Franecki-Lang','928 Quincy Hill','(194) 5475127',5),(250,'Johns-Torphy','1520 Toban Alley','(418) 7301207',13),(251,'Cronin and Sons','4144 Scott Road','(651) 3022884',22),(252,'Quitzon, Cartwright and Blick','02 Waxwing Court','(395) 9883753',19),(253,'Jenkins Group','804 Morning Parkway','(321) 3720044',6),(254,'Abshire-Quigley','503 Lakewood Gardens Park','(565) 3374872',12),(255,'Oberbrunner, Kuvalis and Leffler','2910 Oriole Place','(778) 2544436',19),(256,'Glover Group','3118 Hazelcrest Place','(391) 1094634',4),(257,'Hilpert-Blanda','15631 Erie Park','(227) 9712229',13),(258,'Keebler LLC','0719 Service Court','(640) 5784239',9),(259,'Swift Group','51449 Del Mar Lane','(448) 6056011',23),(260,'Sauer LLC','860 Fair Oaks Point','(503) 5340462',20),(261,'Quigley, King and Mertz','3 Longview Plaza','(906) 5558645',13),(262,'Bins-Mosciski','306 Waywood Circle','(990) 5465962',13),(263,'Cummings Inc','72 Dottie Circle','(228) 2176112',2),(264,'Schmitt Group','1872 Donald Circle','(696) 4580373',13),(265,'Ferry Group','46676 Old Gate Alley','(562) 8462375',11),(266,'Roob, Swift and Pouros','654 Graedel Park','(673) 9908854',17),(267,'Runolfsson-Bauch','6 Hallows Park','(962) 8607808',12),(268,'Jerde, West and Satterfield','00776 Corben Crossing','(712) 6434869',14),(269,'Cummings and Sons','979 Lakewood Gardens Court','(340) 9034725',20),(270,'Wisozk, Reilly and Borer','53673 Utah Place','(465) 4880286',21),(271,'Marvin Inc','8241 New Castle Trail','(724) 5266001',6),(272,'Maggio-Weber','97 Jenifer Junction','(640) 2747380',12),(273,'Jones, Upton and Dietrich','68 Pine View Circle','(243) 3676872',18),(274,'Wisozk Inc','8 Texas Crossing','(316) 3960184',22),(275,'Johns LLC','5 Crest Line Center','(586) 2523614',3),(276,'Sipes, Nicolas and Cormier','3 Morning Road','(895) 5806316',12),(277,'Connelly, Boyle and Grant','56905 Bartelt Parkway','(555) 2878791',9),(278,'Hand and Sons','49 Maywood Avenue','(671) 1789394',8),(279,'Heller-Gleichner','9 Delaware Lane','(727) 3730734',23),(280,'Lakin Group','87333 Milwaukee Street','(323) 4632969',7),(281,'Pouros, Kuvalis and Goyette','51 Warner Alley','(620) 3961981',16),(282,'Kerluke, Gleason and Reichert','70323 Hermina Street','(423) 5419781',18),(283,'Labadie, Marvin and Tromp','7 Armistice Point','(796) 2654524',8),(284,'Feil-Schneider','360 Meadow Ridge Trail','(853) 5281829',17),(285,'Waelchi Inc','74 Dayton Hill','(579) 9947331',16),(286,'Dietrich Inc','0 Walton Road','(117) 2850263',17),(287,'Rosenbaum, Langosh and Cronin','2 Westend Hill','(906) 3996067',23),(288,'Cole and Sons','473 Walton Place','(846) 3198672',9),(289,'Mertz-Mraz','100 Thompson Parkway','(600) 1866793',15),(290,'Padberg LLC','2 Wayridge Park','(313) 3877942',1),(291,'Leannon, Collier and Gleason','18073 Buena Vista Hill','(536) 3938730',9),(292,'Reinger, Hoeger and Botsford','9439 Golf View Plaza','(863) 5289003',17),(293,'Stehr Group','6112 Birchwood Court','(391) 1840187',16),(294,'Nader, Parisian and Jast','9002 Esch Street','(455) 5282758',5),(295,'Lind, Koch and Hintz','37 Leroy Road','(365) 2786568',22),(296,'Goodwin, Will and Leffler','148 Red Cloud Street','(871) 9131000',20),(297,'Kozey and Sons','404 Ronald Regan Hill','(158) 5609676',5),(298,'Hackett Group','40 Messerschmidt Place','(297) 8745309',3),(299,'Cormier LLC','98618 Glendale Place','(863) 1204797',22),(300,'Hackett-Dicki','91 Mifflin Crossing','(804) 3665616',21),(351,'Cassin-Feil','1091 Mesta Court','(567) 1786375',23),(352,'Monahan-Funk','7759 Muir Point','(663) 1100856',5),(353,'Schoen-Schmidt','112 Melrose Hill','(991) 5068408',2),(354,'Wolf-Torphy','1960 Katie Trail','(320) 9482636',11),(355,'Altenwerth-Orn','26 Armistice Avenue','(685) 7413342',24),(356,'Lebsack, Rempel and Farrell','4 Hauk Court','(524) 6610650',11),(357,'Cronin-Emmerich','10957 Vahlen Pass','(665) 5005832',16),(358,'Beatty Group','3202 American Ash Way','(476) 6946255',18),(359,'Mueller LLC','09340 Basil Point','(792) 5225989',14),(360,'Marvin and Sons','94528 Mariners Cove Place','(170) 4004811',17),(361,'Blanda-Swaniawski','520 Valley Edge Plaza','(312) 7482515',6),(362,'Balistreri-Bashirian','0 Ilene Place','(184) 9870708',20),(363,'Bergstrom-Wisoky','796 Spaight Court','(501) 5788120',18),(364,'O\'Kon, Lemke and Brekke','32 Cherokee Lane','(897) 9010264',18),(365,'Koss, Schimmel and Metz','76 Lake View Hill','(165) 3203106',2),(366,'Zemlak Group','94460 Burning Wood Drive','(441) 9755303',23),(367,'Boehm, Keeling and Miller','7059 Kennedy Alley','(294) 2249652',11),(368,'Murazik LLC','75020 Raven Terrace','(411) 3798753',22),(369,'Christiansen and Sons','4 Kinsman Avenue','(232) 2663704',22),(370,'Orn-Sipes','749 Village Green Center','(976) 1196404',1),(371,'Gislason, Christiansen and Lindgren','07150 Mifflin Hill','(320) 1540532',15),(372,'Kohler-Stoltenberg','96838 2nd Lane','(567) 7500565',10),(373,'Kerluke and Sons','30 7th Drive','(818) 2159710',19),(374,'Pouros Inc','1593 Hauk Avenue','(206) 8434383',18),(375,'Medhurst LLC','6264 Dorton Place','(520) 1527871',2),(376,'Graham and Sons','696 Hollow Ridge Plaza','(250) 6081306',22),(377,'Cartwright and Sons','5 Troy Junction','(302) 3641138',5),(378,'Kling Group','2 Goodland Center','(989) 5489880',8),(379,'Watsica-Davis','92 Loftsgordon Park','(633) 6561350',1),(380,'Strosin, Kessler and Tremblay','173 Hallows Plaza','(217) 4444863',11),(381,'Abernathy-Barrows','94729 Delladonna Crossing','(671) 2740188',4),(382,'Prosacco-Gibson','8902 Sunbrook Alley','(506) 8421546',8),(383,'Sawayn, Hermiston and Heller','5 Milwaukee Point','(534) 6178529',23),(384,'Johns Group','4741 Parkside Park','(628) 4262044',11),(385,'Bins, Wisozk and Bernier','02 Killdeer Park','(320) 8067176',7),(386,'Champlin-Bode','0871 Hovde Place','(437) 7308121',15),(387,'Cummings, Murray and McGlynn','413 Tony Pass','(168) 8024847',10),(388,'Cremin, Kiehn and Haley','964 Goodland Circle','(810) 2090767',8),(389,'Maggio and Sons','06363 Carpenter Junction','(355) 1834931',15),(390,'Kerluke-Eichmann','385 Manitowish Drive','(679) 5455402',7),(391,'Rutherford and Sons','401 Eagle Crest Road','(389) 6386419',5),(392,'Rau, Jerde and Bernhard','90 Jenifer Avenue','(237) 2567772',9),(393,'Nolan, Roberts and Hills','026 Pankratz Avenue','(528) 9509658',17),(394,'Botsford, Dickinson and Botsford','8897 Surrey Avenue','(524) 6765858',14),(395,'Watsica-Torp','4596 Farwell Drive','(788) 7038279',4),(396,'Graham LLC','1838 Fuller Trail','(898) 3328303',13),(397,'Mayert-Sawayn','42716 Muir Court','(120) 7775594',20),(398,'Jacobson and Sons','28570 Dryden Park','(438) 9706989',19),(399,'Sanford and Sons','7242 Lyons Point','(399) 8572737',13),(400,'Yundt, Herzog and Hermiston','4 Kings Park','(274) 3765057',16);
/*!40000 ALTER TABLE `hotel` ENABLE KEYS */;
UNLOCK TABLES;

--
-- Table structure for table `hotel_has_habitacion`
--

DROP TABLE IF EXISTS `hotel_has_habitacion`;
/*!40101 SET @saved_cs_client     = @@character_set_client */;
/*!50503 SET character_set_client = utf8mb4 */;
CREATE TABLE `hotel_has_habitacion` (
  `idHabitacion` int(11) NOT NULL AUTO_INCREMENT,
  `HOTEL_id` int(11) NOT NULL,
  PRIMARY KEY (`idHabitacion`),
  KEY `fk_HABITACIONHOTEL_HOTEL1_idx` (`HOTEL_id`),
  CONSTRAINT `fk_HABITACIONHOTEL_HOTEL1` FOREIGN KEY (`HOTEL_id`) REFERENCES `hotel` (`id`)
) ENGINE=InnoDB AUTO_INCREMENT=2001 DEFAULT CHARSET=utf8;
/*!40101 SET character_set_client = @saved_cs_client */;

--
-- Dumping data for table `hotel_has_habitacion`
--

LOCK TABLES `hotel_has_habitacion` WRITE;
/*!40000 ALTER TABLE `hotel_has_habitacion` DISABLE KEYS */;
INSERT INTO `hotel_has_habitacion` VALUES (1082,1),(1463,1),(1875,1),(1907,1),(304,2),(467,2),(540,2),(569,2),(570,2),(1339,2),(1878,2),(1988,2),(54,3),(771,3),(937,3),(1269,3),(1497,3),(802,4),(1344,4),(1380,4),(1651,4),(1980,4),(243,5),(298,5),(736,5),(803,5),(876,5),(1617,5),(1805,5),(1854,5),(28,6),(39,6),(1357,6),(1512,6),(1744,6),(1898,6),(514,7),(1237,7),(1286,7),(1695,7),(1706,7),(1867,7),(1891,7),(1908,7),(231,8),(382,8),(688,8),(781,8),(927,8),(1439,8),(1756,8),(1983,8),(375,9),(610,9),(1228,9),(1977,9),(190,10),(475,10),(512,10),(1131,10),(1159,10),(1649,10),(121,11),(347,11),(799,11),(851,11),(919,11),(1204,11),(1500,11),(151,12),(170,12),(499,12),(575,12),(931,12),(970,12),(1213,12),(1240,12),(1808,12),(793,13),(926,13),(1226,13),(97,14),(211,14),(236,14),(244,14),(397,14),(972,14),(1177,14),(1370,14),(1455,14),(1776,14),(1791,14),(1942,14),(1955,14),(252,15),(580,15),(858,15),(1490,15),(1787,15),(1876,15),(1922,15),(689,16),(1263,16),(1426,16),(1842,16),(782,17),(835,17),(1009,17),(1010,17),(1709,17),(1785,17),(1796,17),(1826,17),(34,18),(437,18),(1777,18),(222,19),(600,19),(918,19),(1327,19),(1347,19),(1407,19),(1538,19),(1909,19),(618,20),(687,20),(86,21),(206,21),(208,21),(841,21),(113,22),(328,22),(774,22),(1445,22),(1763,22),(498,23),(831,23),(1074,23),(1288,23),(1411,23),(1680,23),(1804,24),(1910,24),(139,25),(432,25),(449,25),(654,25),(666,25),(1535,25),(77,26),(126,26),(507,26),(578,26),(1079,26),(1317,26),(1395,26),(1665,26),(1430,27),(1969,27),(1989,27),(341,28),(471,28),(490,28),(745,28),(1149,28),(1179,28),(1668,28),(1815,28),(40,29),(233,29),(455,29),(656,29),(953,29),(995,29),(1028,29),(1083,29),(1789,29),(189,30),(635,30),(1031,30),(1062,30),(1156,30),(1283,30),(1608,30),(1658,30),(479,31),(493,31),(1476,31),(1621,31),(1821,31),(1825,31),(346,32),(461,32),(482,32),(1170,32),(1467,32),(1533,32),(1747,32),(157,33),(430,33),(522,33),(794,33),(1256,34),(1399,34),(1485,34),(384,35),(409,35),(545,35),(1479,35),(1801,35),(1951,35),(368,36),(1636,36),(90,37),(255,37),(821,37),(1262,37),(1414,37),(489,38),(1059,38),(1474,38),(1601,38),(1819,38),(5,39),(573,39),(766,39),(861,39),(1766,39),(1799,39),(18,41),(50,41),(293,41),(1341,41),(1431,41),(1607,41),(1812,41),(1961,41),(1176,42),(1274,42),(1292,42),(1299,42),(1364,42),(1436,42),(1770,42),(1843,42),(220,43),(396,43),(465,43),(776,43),(1120,43),(1148,43),(1391,43),(1437,43),(1558,43),(176,44),(732,44),(1739,44),(1802,44),(307,45),(470,45),(1398,45),(1423,45),(1595,45),(1963,45),(70,46),(334,46),(667,46),(720,46),(898,46),(957,46),(1409,46),(1625,46),(1077,47),(1133,47),(1136,47),(1330,47),(1719,47),(241,48),(593,48),(1090,48),(1192,48),(1435,48),(1639,48),(1904,48),(23,49),(1122,49),(1793,49),(1935,49),(1352,50),(1354,50),(1663,50),(49,51),(691,51),(1252,51),(1708,51),(1873,51),(174,52),(941,52),(1266,52),(1332,52),(1372,52),(1441,52),(1634,52),(1844,52),(78,53),(85,53),(147,53),(441,53),(509,53),(699,53),(733,53),(1419,53),(1896,53),(1933,53),(1990,53),(61,54),(454,54),(1238,54),(1513,54),(1549,54),(452,55),(511,55),(1146,55),(1563,55),(1912,55),(103,56),(696,56),(791,56),(1220,56),(1462,56),(1667,56),(1732,56),(225,57),(447,57),(500,57),(1225,57),(1254,57),(1381,57),(118,58),(413,58),(457,58),(1067,58),(1897,58),(17,59),(102,59),(1109,59),(1447,59),(270,60),(519,60),(670,60),(746,60),(1837,60),(1847,60),(1859,60),(265,61),(354,61),(1456,61),(300,62),(410,62),(960,62),(1696,62),(1883,62),(134,63),(859,63),(1311,63),(1382,63),(1551,63),(1604,63),(1840,63),(1939,63),(1966,63),(708,64),(1085,64),(1685,64),(203,65),(426,65),(824,65),(1038,65),(1190,65),(1700,65),(676,66),(939,66),(1278,66),(1597,66),(1670,66),(1765,66),(1979,66),(349,67),(532,67),(1160,67),(1757,67),(1982,67),(65,68),(232,68),(643,68),(1297,68),(1654,68),(1950,68),(1962,68),(289,69),(1024,69),(1195,69),(1901,69),(554,70),(1270,70),(1564,70),(1807,70),(82,71),(1063,71),(1405,71),(104,72),(528,72),(754,72),(1107,72),(1486,72),(1835,72),(44,73),(798,73),(1902,73),(1994,73),(235,74),(641,74),(24,75),(52,75),(416,75),(873,75),(1054,75),(1301,75),(1762,75),(1768,75),(362,76),(1114,76),(1664,76),(1915,76),(338,77),(352,77),(730,77),(1244,77),(1520,77),(1534,77),(1646,77),(1831,77),(101,78),(415,78),(700,78),(1035,78),(1069,78),(1209,78),(1329,78),(1584,78),(209,79),(318,79),(1161,79),(166,80),(1021,80),(1638,80),(1716,80),(271,81),(450,81),(777,81),(1249,81),(10,82),(619,82),(829,82),(948,82),(1573,82),(1575,82),(547,83),(938,83),(994,83),(1527,83),(505,84),(758,84),(1358,84),(99,85),(129,85),(501,85),(642,85),(890,85),(1735,85),(355,86),(536,86),(1106,86),(1217,86),(1720,86),(1881,86),(357,87),(476,87),(795,87),(1020,87),(1071,87),(1602,87),(1978,87),(491,88),(586,88),(1635,88),(1790,88),(93,89),(309,89),(480,89),(932,89),(946,89),(1457,89),(1529,89),(1562,89),(339,90),(1139,90),(179,91),(363,91),(760,91),(1002,91),(822,92),(1088,92),(1383,92),(1473,92),(594,93),(981,93),(1014,93),(1025,93),(1100,93),(1308,93),(1627,93),(1838,93),(1874,93),(158,94),(599,94),(614,94),(780,94),(1087,94),(1121,94),(1309,94),(1427,94),(892,95),(1052,95),(1258,95),(1781,95),(1992,95),(202,96),(530,96),(1285,96),(1465,96),(1531,96),(1644,96),(1759,96),(1974,96),(219,97),(807,97),(1039,97),(1312,97),(558,98),(971,98),(1318,98),(2,99),(464,99),(546,99),(674,99),(1342,99),(1489,99),(242,100),(668,100),(693,100),(911,100),(1326,100),(1392,100),(1440,100),(1521,100),(1772,100),(1788,100),(1931,100),(45,101),(180,101),(1310,101),(1853,101),(813,102),(1461,102),(1864,102),(1956,102),(237,103),(504,103),(636,103),(684,103),(1779,103),(15,104),(223,104),(351,104),(442,104),(997,104),(1576,104),(563,105),(755,105),(925,105),(1712,105),(1748,105),(1775,105),(833,106),(1643,106),(1786,106),(1919,106),(125,107),(149,107),(695,107),(1091,107),(1216,107),(1672,107),(1834,107),(1916,107),(247,108),(1185,108),(1641,108),(1661,108),(778,109),(1187,109),(1223,109),(1276,109),(1296,109),(1605,109),(1723,109),(1858,109),(75,110),(488,110),(525,110),(765,110),(1232,110),(1483,110),(1503,110),(1577,110),(87,111),(169,111),(1246,111),(1261,111),(314,112),(685,112),(772,112),(259,113),(400,113),(710,113),(1251,113),(1272,113),(1293,113),(1579,113),(1676,113),(1925,113),(33,114),(69,114),(376,114),(1289,114),(1613,114),(1769,114),(1,115),(638,115),(891,115),(1033,115),(1566,115),(369,116),(429,116),(940,116),(1042,116),(1373,116),(1468,116),(1494,116),(162,117),(331,117),(481,117),(713,117),(826,117),(929,117),(954,117),(965,117),(1023,117),(1219,117),(1697,117),(1998,117),(370,118),(665,118),(1004,118),(1013,118),(1186,118),(1679,118),(1737,118),(1130,119),(1247,119),(1594,119),(1817,119),(1836,119),(1981,119),(107,120),(275,120),(526,120),(550,120),(787,120),(1125,120),(1172,120),(1282,120),(1694,120),(1701,120),(1839,120),(1895,120),(266,121),(647,121),(652,121),(1224,121),(1338,121),(1754,121),(286,122),(680,122),(762,122),(942,122),(1158,122),(254,123),(1124,123),(1459,123),(41,124),(503,124),(520,124),(1731,124),(1861,124),(226,125),(663,125),(834,125),(853,125),(1567,125),(1811,125),(1046,126),(1203,126),(1207,126),(1714,126),(1729,126),(1749,126),(127,127),(308,127),(551,127),(823,127),(945,127),(947,127),(1581,127),(182,128),(419,128),(1214,128),(1374,128),(287,129),(650,129),(1450,129),(592,130),(784,130),(985,130),(1000,130),(1208,130),(1507,130),(1620,130),(1669,130),(299,131),(1379,131),(1432,131),(1855,131),(42,132),(230,132),(640,132),(719,132),(886,132),(1417,132),(1741,132),(295,133),(675,133),(1108,133),(1816,133),(1851,133),(1865,133),(1905,133),(214,134),(721,134),(768,134),(1211,134),(1231,134),(319,135),(515,135),(549,135),(572,135),(723,135),(878,135),(967,135),(1206,135),(1540,135),(1911,135),(43,136),(374,136),(1488,136),(741,137),(805,137),(1210,137),(1674,137),(1947,137),(303,138),(321,138),(707,138),(1110,138),(6,139),(345,139),(529,139),(626,139),(1315,139),(1319,139),(1727,139),(1733,139),(1892,139),(658,140),(783,140),(1345,140),(1346,140),(1415,140),(1792,140),(403,141),(917,141),(1056,141),(1384,141),(1657,141),(1677,141),(135,142),(238,142),(1119,142),(1236,142),(1710,142),(159,143),(378,143),(737,143),(863,143),(1593,143),(1693,143),(1946,143),(553,144),(1001,144),(1094,144),(1267,144),(1325,144),(1393,144),(1421,144),(1628,144),(1996,144),(356,145),(431,145),(1196,145),(1229,145),(1360,145),(1991,145),(1993,145),(115,146),(148,147),(888,147),(955,147),(968,147),(1642,147),(1970,147),(290,148),(1151,148),(1191,148),(1337,148),(1400,148),(48,149),(485,149),(1466,149),(1743,149),(1822,149),(332,150),(390,150),(728,150),(1692,150),(288,151),(797,151),(1420,151),(627,152),(1778,152),(144,153),(877,153),(1126,153),(216,154),(274,154),(743,154),(1218,154),(1307,154),(1349,154),(1401,154),(1592,154),(1752,154),(122,155),(486,155),(616,155),(757,155),(1198,155),(1388,155),(1390,155),(1681,155),(1863,155),(1906,155),(22,156),(63,156),(439,156),(394,157),(443,157),(628,157),(1782,157),(20,158),(660,158),(1173,158),(1387,158),(1833,158),(492,159),(1097,159),(1532,159),(1596,159),(1827,159),(1917,159),(401,160),(469,160),(630,160),(956,160),(1306,160),(1972,160),(215,161),(591,161),(709,161),(815,161),(1051,161),(1078,161),(1137,161),(1609,161),(1615,161),(1958,161),(204,162),(1180,162),(425,163),(433,163),(704,163),(749,163),(857,163),(1295,163),(1464,163),(186,164),(398,164),(1501,164),(1559,164),(95,165),(96,165),(379,165),(715,165),(1138,165),(1545,165),(1713,165),(1913,165),(1997,165),(14,166),(175,166),(605,166),(1201,166),(1300,166),(1333,166),(1402,166),(1753,166),(199,167),(607,167),(827,167),(1923,167),(367,168),(1048,168),(1111,168),(1280,168),(1588,168),(473,169),(869,169),(1141,169),(1294,169),(1734,169),(74,170),(282,170),(541,170),(1243,170),(1571,170),(1952,170),(168,171),(212,171),(603,171),(976,171),(1043,171),(1726,171),(138,172),(317,172),(648,172),(753,172),(1894,172),(108,173),(251,173),(701,173),(761,173),(1134,173),(1506,173),(1655,173),(1746,173),(596,174),(1003,174),(1552,174),(385,175),(1823,175),(1930,175),(1973,175),(120,176),(276,176),(463,176),(750,176),(904,176),(1235,176),(1475,176),(518,177),(1348,177),(1555,177),(1914,177),(1184,178),(1429,178),(1707,178),(109,179),(585,179),(742,179),(1446,179),(1945,179),(51,180),(767,180),(1164,180),(1556,180),(1718,180),(195,181),(285,181),(393,181),(809,181),(1404,181),(1452,181),(1546,181),(264,182),(277,182),(291,182),(595,182),(1030,182),(1554,182),(428,183),(459,183),(579,183),(1362,183),(26,184),(612,184),(1005,184),(1477,184),(1517,184),(55,185),(418,185),(681,185),(1075,185),(1175,185),(1200,185),(1371,185),(1736,185),(229,186),(484,186),(620,186),(1313,186),(1449,186),(1480,186),(1884,186),(1941,186),(167,187),(508,187),(552,187),(1359,187),(1377,187),(1484,187),(1611,187),(1619,187),(1624,187),(1820,187),(1824,187),(1986,187),(60,188),(294,188),(407,188),(460,188),(622,188),(1645,188),(1705,188),(1265,189),(1361,189),(1569,189),(1750,189),(360,190),(566,190),(694,190),(1036,190),(1745,190),(1810,190),(1954,190),(358,191),(855,191),(984,191),(1163,191),(1448,191),(1678,191),(846,192),(885,192),(260,193),(901,193),(1072,193),(1142,193),(256,194),(531,194),(1303,194),(371,195),(653,195),(661,195),(1076,195),(1104,195),(1113,195),(1166,195),(1241,195),(1662,195),(140,196),(677,196),(1202,196),(1314,196),(1813,196),(669,197),(773,197),(790,197),(977,197),(625,198),(1324,198),(1355,198),(16,199),(322,199),(1019,199),(1460,199),(1491,199),(1938,199),(1940,199),(193,200),(296,200),(870,200),(1147,200),(1586,200),(1828,200),(239,201),(611,201),(724,201),(806,201),(839,201),(962,201),(1316,201),(124,202),(655,202),(908,202),(1548,202),(1809,202),(1920,202),(1926,202),(337,203),(542,203),(894,203),(980,203),(705,204),(1084,204),(1444,204),(1515,204),(1684,204),(792,205),(150,206),(478,206),(1260,206),(1536,206),(2000,206),(263,207),(483,207),(975,207),(1073,207),(1302,207),(1351,207),(624,208),(646,208),(1806,208),(3,209),(366,209),(590,209),(987,209),(1152,209),(1279,209),(1565,209),(94,210),(588,210),(1290,210),(1505,210),(1849,210),(1129,211),(257,212),(343,212),(444,212),(738,212),(1157,212),(1537,212),(71,213),(377,213),(690,213),(836,213),(1135,213),(329,214),(392,214),(533,214),(874,214),(324,215),(436,215),(131,216),(156,216),(210,216),(896,216),(1386,216),(1580,216),(1886,216),(333,217),(702,217),(1304,217),(1389,217),(1784,217),(269,218),(864,218),(1153,218),(1174,218),(1230,218),(1233,218),(1600,218),(1856,218),(171,219),(812,219),(930,219),(1376,219),(597,220),(601,220),(726,220),(1026,220),(1068,220),(1080,220),(1416,220),(297,221),(1194,221),(644,222),(659,222),(744,222),(959,222),(1268,222),(1397,222),(1882,222),(32,223),(57,223),(72,223),(365,223),(602,223),(639,223),(718,223),(1066,223),(1103,223),(1539,223),(1968,223),(262,224),(456,224),(915,224),(1017,224),(1518,224),(1728,224),(1794,224),(1900,224),(1924,224),(8,225),(114,225),(1320,225),(1949,225),(1967,225),(153,226),(448,226),(564,226),(966,226),(188,227),(577,227),(686,227),(712,227),(764,227),(804,227),(850,227),(903,227),(1305,227),(1614,227),(330,228),(350,228),(561,228),(899,228),(1331,228),(1686,228),(1724,228),(53,229),(825,229),(951,229),(958,229),(963,229),(1171,229),(1277,229),(184,230),(218,230),(664,230),(949,230),(1197,230),(996,231),(1064,231),(1722,231),(348,232),(383,232),(424,232),(568,232),(816,232),(906,232),(1850,232),(67,233),(682,233),(1061,233),(1633,233),(1742,233),(112,234),(132,234),(477,234),(717,234),(763,234),(1155,234),(1284,234),(1660,234),(37,235),(165,235),(207,235),(523,235),(751,235),(1089,235),(1101,235),(1117,235),(1215,235),(1418,235),(1553,235),(1591,235),(1879,235),(163,236),(395,236),(633,236),(1099,236),(1425,236),(1606,236),(1618,236),(1841,236),(1846,236),(847,237),(1560,237),(1984,237),(372,238),(1259,238),(388,239),(800,239),(923,239),(81,240),(155,240),(727,240),(819,240),(820,240),(1353,240),(1514,240),(1960,240),(100,241),(268,241),(934,241),(1519,241),(197,242),(344,242),(353,242),(748,242),(1442,242),(249,243),(651,243),(933,243),(1599,243),(1012,244),(1144,244),(1205,244),(1598,244),(326,245),(387,245),(1193,245),(1528,245),(1640,245),(278,246),(335,246),(785,246),(909,246),(983,246),(1049,246),(417,247),(907,247),(961,247),(1239,247),(1328,247),(1725,247),(116,248),(786,248),(808,248),(280,249),(582,249),(637,249),(1027,249),(1167,249),(1340,249),(1451,249),(506,250),(117,251),(608,251),(922,251),(991,251),(1127,251),(1321,251),(1453,251),(1803,251),(29,252),(133,252),(692,252),(1406,252),(1496,252),(462,253),(1298,253),(1422,253),(196,254),(240,254),(423,254),(613,254),(1335,254),(1363,254),(1656,254),(35,255),(273,255),(849,255),(854,255),(1264,255),(1478,255),(1366,256),(1492,256),(1862,256),(1999,256),(468,257),(697,257),(1150,257),(1365,257),(1543,257),(1574,257),(421,258),(574,258),(649,258),(843,258),(1524,258),(1773,258),(1889,258),(58,259),(458,259),(1165,259),(1652,259),(1936,259),(380,260),(453,260),(673,260),(1508,260),(1845,260),(11,261),(739,261),(779,261),(973,261),(1424,261),(1582,261),(1885,261),(1899,261),(1903,261),(4,262),(752,262),(817,262),(1112,262),(1443,262),(1985,262),(187,263),(253,263),(539,263),(845,263),(887,263),(913,263),(1118,263),(1495,263),(1585,263),(1704,263),(164,264),(698,264),(769,264),(838,264),(1098,264),(1509,264),(1699,264),(683,265),(735,265),(862,265),(989,265),(1522,265),(1666,265),(543,266),(581,266),(865,266),(1687,266),(587,267),(1183,267),(279,268),(342,268),(406,268),(422,268),(521,268),(623,268),(1385,268),(1671,268),(1795,268),(1890,268),(313,269),(788,269),(1502,269),(1764,269),(56,270),(137,270),(234,270),(734,270),(897,270),(1767,270),(1953,270),(434,271),(567,271),(672,271),(860,271),(1065,271),(1761,271),(389,272),(548,272),(902,272),(1093,272),(1255,272),(1257,272),(1852,272),(411,273),(889,273),(1162,273),(1673,273),(25,274),(634,274),(1458,274),(1472,274),(1721,274),(1751,274),(305,275),(711,275),(1242,276),(1612,276),(283,277),(402,277),(1369,277),(76,278),(91,278),(446,278),(662,278),(810,278),(910,278),(1481,278),(1832,278),(80,279),(183,279),(327,279),(1008,279),(1783,279),(194,280),(513,280),(576,280),(914,280),(1774,280),(1780,280),(495,281),(729,281),(856,281),(875,281),(1092,281),(1281,281),(1887,281),(9,282),(160,282),(181,282),(560,282),(943,282),(1412,282),(1622,282),(1041,283),(1583,283),(1647,283),(84,284),(879,284),(924,284),(982,284),(1498,284),(1683,284),(178,285),(427,285),(1178,285),(1943,285),(224,286),(302,286),(535,286),(969,286),(1523,286),(1530,286),(1616,286),(267,287),(502,287),(998,287),(1086,287),(1227,287),(1336,287),(1428,287),(1590,287),(110,288),(340,288),(399,288),(775,288),(992,288),(1022,288),(1140,288),(1234,288),(1626,288),(1755,288),(1829,288),(47,289),(510,289),(534,289),(706,289),(916,289),(1758,289),(46,290),(98,290),(272,290),(617,290),(759,290),(146,291),(703,291),(848,291),(852,291),(871,291),(1189,291),(1275,291),(1610,291),(1797,291),(246,292),(316,292),(1128,292),(1408,292),(1499,292),(227,293),(312,293),(1222,293),(1271,293),(1396,293),(1403,293),(1987,293),(19,294),(245,294),(405,294),(451,294),(544,294),(1504,294),(1869,294),(83,295),(217,295),(315,295),(466,295),(1287,295),(1690,295),(1944,295),(1830,296),(1959,296),(38,297),(119,297),(205,297),(598,297),(1248,297),(1603,297),(310,298),(559,298),(609,298),(714,298),(1199,298),(1691,298),(1323,299),(1760,299),(21,300),(496,300),(527,300),(756,300),(882,300),(920,300),(1116,300),(1188,300),(1730,300),(1927,300),(1929,300);
/*!40000 ALTER TABLE `hotel_has_habitacion` ENABLE KEYS */;
UNLOCK TABLES;

--
-- Table structure for table `ingreso_has_proveedor`
--

DROP TABLE IF EXISTS `ingreso_has_proveedor`;
/*!40101 SET @saved_cs_client     = @@character_set_client */;
/*!50503 SET character_set_client = utf8mb4 */;
CREATE TABLE `ingreso_has_proveedor` (
  `INGRESO_id` int(10) unsigned NOT NULL,
  `PROVEEDOR_idProveedor` int(10) unsigned NOT NULL,
  PRIMARY KEY (`INGRESO_id`,`PROVEEDOR_idProveedor`),
  KEY `fk_INGRESO_has_PROVEEDOR_PROVEEDOR1_idx` (`PROVEEDOR_idProveedor`),
  KEY `fk_INGRESO_has_PROVEEDOR_INGRESO1_idx` (`INGRESO_id`),
  CONSTRAINT `fk_INGRESO_has_PROVEEDOR_INGRESO1` FOREIGN KEY (`INGRESO_id`) REFERENCES `suministro_ingreso` (`id`),
  CONSTRAINT `fk_INGRESO_has_PROVEEDOR_PROVEEDOR1` FOREIGN KEY (`PROVEEDOR_idProveedor`) REFERENCES `proveedor` (`idProveedor`)
) ENGINE=InnoDB DEFAULT CHARSET=utf8;
/*!40101 SET character_set_client = @saved_cs_client */;

--
-- Dumping data for table `ingreso_has_proveedor`
--

LOCK TABLES `ingreso_has_proveedor` WRITE;
/*!40000 ALTER TABLE `ingreso_has_proveedor` DISABLE KEYS */;
INSERT INTO `ingreso_has_proveedor` VALUES (237,1),(244,1),(299,1),(320,1),(120,2),(263,2),(335,2),(474,2),(147,3),(165,3),(295,3),(474,3),(181,4),(407,4),(101,5),(127,5),(228,5),(247,5),(324,5),(487,5),(200,6),(357,6),(373,6),(486,6),(500,6),(23,7),(82,7),(107,7),(142,7),(260,7),(37,8),(67,8),(238,9),(222,11),(276,11),(386,11),(444,11),(25,12),(115,12),(220,12),(226,12),(235,12),(444,12),(448,12),(63,13),(122,13),(130,13),(369,13),(24,14),(155,14),(244,14),(420,14),(214,15),(249,15),(399,15),(101,16),(401,16),(112,17),(230,17),(291,17),(349,17),(134,18),(230,18),(7,19),(37,19),(108,19),(185,19),(389,21),(495,21),(79,22),(202,22),(42,23),(380,23),(396,23),(274,24),(412,25),(450,25),(146,26),(478,26),(497,27),(172,31),(324,31),(460,31),(264,32),(272,32),(498,32),(452,33),(193,34),(155,35),(62,36),(96,36),(202,36),(261,36),(82,38),(109,38),(136,38),(231,38),(399,39),(306,41),(163,42),(188,42),(325,42),(29,43),(228,43),(93,44),(122,44),(258,44),(392,44),(72,45),(196,45),(399,45),(20,46),(104,46),(292,46),(325,46),(434,46),(449,46),(195,47),(425,47),(483,47),(9,48),(129,48),(266,48),(380,48),(311,49),(52,51),(155,51),(160,52),(382,53),(234,54),(275,54),(212,57),(241,57),(298,58),(182,59),(430,59),(79,62),(9,66),(101,67),(348,67),(367,67),(123,68),(92,71),(294,76),(478,77),(11,78),(441,78),(308,79),(166,82),(287,82),(124,83),(468,84),(266,85),(349,85),(420,85),(313,86),(348,88),(492,91),(48,93),(358,93),(455,93),(246,94),(262,94),(329,96),(363,96),(447,97),(109,98),(242,98),(278,99),(457,101),(330,102),(143,103),(180,103),(150,105),(236,109),(419,109),(354,112),(443,112),(94,113),(268,113),(462,115),(143,116),(499,116),(415,117),(170,121),(194,122),(395,123),(350,127),(97,128),(136,129),(352,131),(291,133),(4,134),(405,135),(323,136),(127,137),(273,137),(356,137),(424,137),(67,138),(340,138),(316,139),(107,141),(132,143),(92,145),(384,145),(138,147),(326,148),(352,149),(397,149),(70,151),(60,152),(113,152),(390,153),(83,154),(306,154),(468,154),(452,155),(3,156),(182,156),(369,156),(407,156),(455,159),(477,161),(340,162),(454,162),(239,166),(417,166),(5,167),(161,167),(56,168),(21,169),(75,169),(64,171),(247,171),(360,174),(476,174),(87,176),(406,176),(394,177),(423,177),(132,179),(189,179),(183,181),(122,183),(460,183),(339,184),(431,184),(391,185),(426,185),(33,188),(204,188),(205,188),(233,188),(266,188),(311,191),(313,191),(440,192),(106,193),(56,195),(252,195),(293,195),(3,199),(177,201),(219,201),(444,201),(159,202),(297,203),(440,203),(86,205),(15,206),(185,206),(415,206),(217,207),(88,208),(215,208),(381,208),(68,209),(434,211),(294,212),(193,213),(245,214),(131,215),(478,215),(186,216),(163,217),(403,218),(172,221),(55,222),(225,222),(239,222),(3,227),(500,227),(164,228),(314,228),(235,229),(365,229),(403,229),(392,231),(39,232),(374,232),(32,234),(333,234),(133,235),(225,235),(242,235),(439,235),(229,237),(74,238),(270,238),(195,241),(407,243),(203,244),(118,245),(219,245),(291,245),(460,245),(482,245),(225,246),(295,246),(214,247),(223,247),(402,248),(110,251),(36,252),(376,256),(388,256),(475,256),(19,257),(120,257),(402,257),(3,261),(375,261),(399,261),(305,263),(70,264),(258,264),(31,266),(355,266),(431,267),(27,268),(480,269),(260,271),(244,272),(493,272),(216,273),(156,274),(238,275),(380,277),(224,281),(491,281),(24,283),(408,284),(59,285),(239,286),(417,286),(130,287),(233,288),(368,288),(32,289),(104,289),(147,289),(310,289),(427,291),(21,293),(41,293),(139,293),(380,293),(298,295),(211,296),(443,297),(23,298),(302,299),(338,302),(6,303),(213,306),(30,308),(464,308),(484,309),(222,314),(228,314),(334,314),(495,314),(346,316),(493,317),(276,318),(116,319),(191,319),(352,319),(278,323),(167,326),(396,326),(452,326),(439,327),(490,327),(224,329),(486,329),(119,331),(336,331),(160,332),(127,334),(442,334),(101,335),(195,335),(469,335),(235,337),(128,338),(150,342),(95,343),(102,347),(429,347),(270,348),(395,349),(436,349),(485,349),(228,351),(63,352),(24,353),(345,353),(70,354),(220,354),(294,354),(370,354),(236,355),(353,355),(173,357),(47,358),(37,359),(345,359),(364,359),(35,361),(219,362),(115,364),(26,365),(337,365),(469,365),(62,366),(158,366),(158,367),(240,367),(436,368),(497,368),(79,369),(256,369),(424,369),(322,371),(423,371),(81,373),(115,373),(242,374),(292,374),(366,374),(447,374),(112,376),(311,376),(103,377),(241,377),(255,377),(169,378),(281,379),(89,381),(412,381),(303,382),(212,384),(260,384),(298,384),(164,386),(281,387),(309,387),(395,387),(24,388),(112,388),(468,388),(445,391),(164,393),(193,393),(243,393),(311,393),(344,393),(411,393),(66,395),(331,395),(369,395),(453,395),(184,396),(364,396),(260,397),(407,398),(52,401),(174,401),(187,402),(456,402),(205,404),(125,405),(318,407),(435,407),(52,409),(70,411),(230,412),(239,413),(320,413),(491,413),(251,414),(276,414),(426,414),(455,414),(269,415),(277,415),(269,416),(392,417),(457,417),(260,421),(371,421),(315,423),(445,423),(487,423),(46,424),(486,424),(228,426),(443,426),(177,429),(264,429),(202,432),(486,432),(91,433),(206,433),(341,433),(131,434),(186,437),(190,437),(207,437),(165,441),(119,442),(88,444),(146,444),(151,445),(373,445),(168,446),(258,446),(320,446),(218,447),(277,447),(447,447),(73,449),(246,449),(73,451),(108,451),(143,451),(138,453),(500,453),(20,454),(46,454),(179,454),(149,456),(344,456),(232,458),(458,458),(40,464),(415,466),(14,468),(49,468),(163,468),(316,468),(340,469),(266,472),(265,473),(134,474),(196,474),(167,475),(448,475),(380,476),(419,476),(443,476),(291,477),(34,478),(393,479),(126,482),(131,482),(306,482),(255,483),(393,483),(102,486),(466,486),(81,487),(489,488),(255,489),(169,491),(42,492),(455,492),(236,494),(98,495),(471,495),(53,496),(125,496),(410,496),(184,498),(319,498),(454,498);
/*!40000 ALTER TABLE `ingreso_has_proveedor` ENABLE KEYS */;
UNLOCK TABLES;

--
-- Table structure for table `medicamhab`
--

DROP TABLE IF EXISTS `medicamhab`;
/*!40101 SET @saved_cs_client     = @@character_set_client */;
/*!50503 SET character_set_client = utf8mb4 */;
CREATE TABLE `medicamhab` (
  `PACIENTE_id` int(10) unsigned NOT NULL,
  `FARMACEUTICA_id` int(10) unsigned NOT NULL,
  PRIMARY KEY (`PACIENTE_id`,`FARMACEUTICA_id`),
  KEY `fk_PACIENTE_has_FARMACEUTICA_FARMACEUTICA1_idx` (`FARMACEUTICA_id`),
  KEY `fk_PACIENTE_has_FARMACEUTICA_PACIENTE1_idx` (`PACIENTE_id`),
  CONSTRAINT `fk_PACIENTE_has_FARMACEUTICA_FARMACEUTICA10` FOREIGN KEY (`FARMACEUTICA_id`) REFERENCES `farmaceutica` (`id`),
  CONSTRAINT `fk_PACIENTE_has_FARMACEUTICA_PACIENTE10` FOREIGN KEY (`PACIENTE_id`) REFERENCES `paciente` (`idPACIENTE`)
) ENGINE=InnoDB DEFAULT CHARSET=utf8;
/*!40101 SET character_set_client = @saved_cs_client */;

--
-- Dumping data for table `medicamhab`
--

LOCK TABLES `medicamhab` WRITE;
/*!40000 ALTER TABLE `medicamhab` DISABLE KEYS */;
INSERT INTO `medicamhab` VALUES (173,1),(246,1),(319,1),(365,1),(464,1),(485,1),(529,1),(530,1),(535,1),(600,1),(746,1),(773,1),(780,1),(817,1),(985,1),(12,2),(221,2),(282,2),(634,2),(831,2),(877,2),(83,3),(358,3),(404,3),(752,3),(353,4),(583,4),(753,4),(477,5),(610,5),(625,5),(732,5),(273,6),(423,6),(540,6),(671,6),(926,6),(70,7),(517,7),(743,7),(946,7),(238,8),(507,8),(547,8),(757,8),(879,8),(981,8),(151,9),(209,9),(384,9),(442,9),(158,11),(330,11),(340,11),(466,11),(194,12),(297,12),(427,12),(433,12),(514,12),(597,12),(711,12),(870,12),(229,13),(601,13),(605,13),(659,13),(919,13),(977,13),(331,14),(147,15),(191,15),(444,15),(479,15),(688,15),(744,15),(876,15),(6,16),(32,16),(287,16),(314,16),(393,16),(476,16),(725,16),(902,16),(478,17),(603,17),(734,17),(782,17),(60,18),(515,18),(798,18),(890,18),(310,19),(349,19),(395,19),(561,19),(745,19),(820,19),(848,19),(934,19),(997,19),(240,21),(296,21),(406,21),(451,21),(508,21),(811,21),(927,21),(45,22),(175,22),(497,22),(504,22),(701,22),(952,22),(31,23),(69,23),(234,23),(527,23),(556,23),(756,23),(982,23),(43,24),(58,24),(190,24),(197,24),(324,24),(506,24),(884,24),(935,24),(86,25),(322,25),(553,25),(574,25),(695,25),(305,26),(434,26),(783,26),(869,26),(263,27),(480,27),(596,27),(887,27),(955,27),(179,28),(418,28),(463,28),(465,28),(473,28),(766,28),(814,28),(979,28),(33,29),(46,29),(348,29),(593,29),(700,29),(772,29),(824,29),(950,29),(494,31),(788,31),(165,32),(673,32),(741,32),(906,32),(20,33),(163,33),(509,33),(885,33),(34,34),(162,34),(212,34),(321,34),(441,34),(989,34),(18,35),(199,35),(204,35),(225,35),(841,35),(849,35),(929,35),(974,35),(27,36),(105,36),(143,36),(633,36),(720,36),(357,37),(380,37),(424,37),(528,37),(609,37),(858,37),(938,37),(3,38),(113,38),(164,38),(425,38),(551,38),(825,38),(921,38),(956,38),(267,39),(301,39),(623,39),(638,39),(894,39),(923,39),(360,41),(685,41),(94,42),(270,42),(821,42),(2,43),(114,43),(275,44),(563,44),(595,44),(667,44),(883,44),(170,45),(364,45),(410,45),(126,46),(72,47),(218,47),(363,47),(771,47),(260,48),(318,48),(794,48),(482,49),(686,49),(62,51),(236,52),(843,52),(893,52),(10,53),(117,53),(495,53),(830,53),(911,53),(532,54),(642,54),(138,55),(285,55),(573,55),(904,55),(268,56),(498,56),(951,56),(970,56),(834,57),(933,57),(460,58),(537,58),(726,58),(735,58),(343,59),(390,59),(748,59),(36,61),(82,61),(652,61),(842,61),(327,62),(407,62),(582,62),(863,62),(295,63),(320,63),(338,63),(367,63),(742,63),(826,63),(846,63),(24,64),(337,64),(971,64),(699,65),(408,66),(247,67),(261,67),(805,67),(389,68),(98,69),(148,69),(412,69),(840,69),(908,71),(818,72),(232,73),(430,73),(819,73),(217,74),(66,75),(501,75),(533,75),(797,75),(891,75),(931,75),(124,76),(346,77),(211,78),(953,78),(326,79),(664,81),(815,81),(146,82),(968,82),(243,83),(722,83),(210,84),(585,84),(710,84),(449,85),(694,85),(833,85),(615,86),(626,86),(467,87),(632,87),(844,87),(898,87),(366,88),(42,89),(461,89),(462,89),(483,91),(729,92),(791,92),(813,92),(850,92),(125,93),(394,93),(521,93),(994,93),(201,94),(612,94),(180,95),(531,95),(562,95),(954,96),(377,97),(545,97),(548,97),(778,97),(705,98),(851,98),(298,99),(491,99),(97,101),(629,101),(171,102),(89,103),(228,103),(294,103),(469,103),(707,103),(789,103),(875,103),(369,104),(903,104),(71,105),(289,105),(675,105),(684,105),(767,105),(334,106),(489,106),(594,106),(248,107),(328,107),(351,107),(452,107),(587,107),(692,107),(448,109),(536,109),(474,111),(303,112),(534,112),(447,113),(120,114),(375,114),(941,115),(588,116),(620,116),(193,117),(958,117),(727,118),(886,118),(918,118),(937,118),(254,119),(313,119),(403,119),(19,121),(1000,121),(107,122),(222,122),(233,122),(251,123),(829,123),(450,124),(980,124),(51,125),(101,125),(102,125),(647,126),(155,127),(372,127),(559,127),(432,128),(696,128),(628,129),(15,131),(50,131),(769,131),(910,131),(368,132),(549,133),(660,133),(802,133),(928,133),(608,134),(787,135),(47,136),(76,136),(590,136),(213,138),(396,138),(516,138),(607,138),(127,141),(589,141),(84,142),(100,142),(658,143),(35,144),(299,144),(992,144),(61,145),(676,145),(796,145),(991,145),(79,146),(538,146),(577,146),(108,147),(242,148),(641,148),(648,149),(738,149),(822,149),(87,151),(580,151),(639,151),(438,153),(999,153),(860,154),(874,154),(490,155),(925,155),(957,155),(110,156),(1,157),(611,157),(702,157),(793,157),(539,158),(964,158),(998,158),(21,159),(68,161),(75,161),(323,161),(415,161),(459,161),(948,161),(967,161),(552,162),(755,162),(836,162),(63,163),(187,163),(864,164),(405,165),(616,165),(657,165),(808,165),(104,166),(493,166),(622,166),(920,166),(397,167),(604,167),(835,167),(579,168),(630,168),(862,168),(868,168),(488,169),(288,171),(499,171),(419,172),(186,174),(823,174),(717,175),(592,176),(183,177),(258,177),(381,177),(128,179),(471,179),(618,179),(810,179),(845,181),(942,181),(28,182),(332,182),(93,184),(139,184),(576,184),(781,184),(91,185),(277,185),(402,185),(22,186),(721,186),(195,187),(557,187),(598,188),(751,188),(961,188),(167,189),(689,189),(792,189),(693,191),(761,191),(135,192),(132,193),(145,193),(709,193),(391,194),(617,194),(376,195),(14,196),(341,196),(316,197),(837,197),(49,198),(284,198),(356,198),(280,199),(293,199),(121,201),(307,201),(859,202),(56,203),(231,203),(269,203),(995,203),(264,204),(635,204),(786,204),(17,205),(239,205),(345,205),(215,206),(599,206),(570,207),(739,207),(112,208),(414,208),(523,208),(196,211),(409,211),(457,211),(637,211),(651,211),(687,211),(716,211),(809,211),(26,212),(524,213),(525,213),(790,213),(899,213),(333,214),(566,214),(666,214),(905,214),(329,215),(801,216),(703,217),(361,218),(362,219),(374,219),(67,221),(169,221),(680,221),(882,221),(416,222),(484,222),(865,222),(924,222),(123,223),(940,223),(990,223),(255,224),(663,224),(77,225),(291,225),(760,225),(988,225),(983,226),(140,227),(309,227),(116,228),(759,228),(939,228),(542,229),(249,231),(511,232),(737,232),(812,232),(922,232),(278,233),(987,233),(237,234),(431,234),(207,235),(379,235),(800,236),(947,236),(214,237),(342,237),(149,238),(900,238),(963,239),(439,241),(568,241),(765,241),(65,242),(41,243),(272,243),(838,244),(564,245),(975,245),(230,246),(526,246),(565,246),(758,247),(774,247),(832,247),(136,248),(137,249),(385,249),(806,249),(854,249),(889,249),(930,249),(172,252),(546,252),(698,252),(965,252),(302,253),(518,253),(857,253),(972,253),(286,254),(440,254),(522,254),(555,254),(560,254),(602,254),(252,256),(55,257),(665,258),(271,261),(259,262),(428,263),(740,263),(40,264),(188,264),(575,264),(683,264),(795,264),(118,265),(206,265),(916,265),(133,266),(649,266),(73,267),(411,267),(584,267),(59,271),(827,271),(144,272),(387,272),(154,273),(283,273),(777,273),(312,274),(354,275),(475,276),(715,276),(435,277),(888,277),(895,277),(39,278),(669,278),(973,278),(142,279),(481,281),(728,281),(764,281),(936,282),(256,283),(339,283),(446,283),(166,284),(640,284),(976,284),(723,285),(317,286),(571,286),(111,288),(492,288),(513,288),(682,289),(714,289),(64,291),(399,291),(804,291),(853,291),(915,291),(185,292),(520,292),(541,292),(661,292),(106,294),(184,294),(655,294),(656,294),(227,295),(897,295),(276,296),(677,296),(131,297),(768,297),(244,298),(382,298),(37,301),(569,301),(724,301),(943,301),(129,302),(253,302),(445,302),(502,302),(503,302),(713,302),(38,303),(654,303),(90,304),(245,305),(697,305),(871,305),(917,305),(81,306),(178,306),(274,306),(747,306),(88,307),(315,307),(614,307),(912,307),(644,308),(719,308),(873,308),(510,309),(828,309),(880,309),(177,311),(352,311),(359,311),(429,311),(621,311),(730,311),(807,311),(959,311),(182,312),(220,312),(932,312),(308,313),(30,314),(189,314),(192,314),(205,315),(619,315),(52,316),(141,316),(311,316),(872,316),(413,317),(624,317),(223,318),(458,318),(861,318),(16,319),(115,319),(631,319),(913,319),(453,321),(198,322),(378,322),(914,322),(420,323),(650,323),(712,323),(750,323),(54,324),(437,325),(668,325),(681,325),(109,326),(392,326),(347,327),(567,327),(613,327),(762,328),(763,328),(371,331),(53,332),(168,332),(645,332),(966,332),(25,333),(44,333),(496,333),(544,333),(662,333),(96,334),(161,334),(216,334),(257,335),(456,335),(672,335),(779,336),(901,336),(7,337),(984,337),(235,338),(896,338),(92,339),(949,339),(8,341),(292,341),(691,341),(754,342),(606,343),(855,343),(226,344),(443,344),(678,344),(718,345),(962,346),(152,347),(262,347),(776,347),(799,347),(203,348),(336,348),(373,348),(422,348),(512,348),(770,348),(436,349),(23,351),(176,351),(265,351),(388,351),(653,351),(784,351),(300,352),(505,352),(48,353),(290,353),(13,354),(119,354),(370,354),(401,354),(417,354),(454,354),(907,354),(29,355),(224,355),(266,355),(578,355),(775,355),(4,356),(150,356),(706,356),(867,358),(581,359),(78,361),(103,361),(134,361),(586,361),(643,361),(679,361),(731,361),(468,362),(153,363),(878,363),(99,364),(200,364),(856,364),(160,365),(386,365),(472,365),(400,366),(708,366),(344,367),(519,367),(646,367),(674,367),(852,367),(202,368),(398,368),(543,368),(591,368),(670,368),(993,368),(95,369),(978,369),(281,371),(304,371),(487,371),(550,371),(690,371),(749,371),(558,374),(572,374),(733,374),(335,375),(355,375),(9,376),(996,376),(839,377),(986,377),(241,378),(500,378),(85,379),(909,379),(704,381),(736,381),(969,381),(80,382),(847,382),(636,384),(892,384),(74,385),(174,385),(208,385),(325,385),(455,386),(627,386),(816,386),(960,386),(5,387),(421,387),(11,388),(279,388),(470,388),(866,388),(57,389),(219,391),(350,391),(554,391),(426,392),(785,392),(945,392),(944,394),(122,395),(157,395),(250,395),(383,395),(159,396),(486,396),(130,397),(181,397),(881,397),(156,398),(306,399),(803,399);
/*!40000 ALTER TABLE `medicamhab` ENABLE KEYS */;
UNLOCK TABLES;

--
-- Table structure for table `medtratamiento`
--

DROP TABLE IF EXISTS `medtratamiento`;
/*!40101 SET @saved_cs_client     = @@character_set_client */;
/*!50503 SET character_set_client = utf8mb4 */;
CREATE TABLE `medtratamiento` (
  `PACIENTE_id` int(10) unsigned NOT NULL,
  `FARMACEUTICA_id` int(10) unsigned NOT NULL,
  PRIMARY KEY (`PACIENTE_id`,`FARMACEUTICA_id`),
  KEY `fk_PACIENTE_has_FARMACEUTICA_FARMACEUTICA1_idx` (`FARMACEUTICA_id`),
  KEY `fk_PACIENTE_has_FARMACEUTICA_PACIENTE1_idx` (`PACIENTE_id`),
  CONSTRAINT `fk_PACIENTE_has_FARMACEUTICA_FARMACEUTICA1` FOREIGN KEY (`FARMACEUTICA_id`) REFERENCES `farmaceutica` (`id`),
  CONSTRAINT `fk_PACIENTE_has_FARMACEUTICA_PACIENTE1` FOREIGN KEY (`PACIENTE_id`) REFERENCES `paciente` (`idPACIENTE`)
) ENGINE=InnoDB DEFAULT CHARSET=utf8;
/*!40101 SET character_set_client = @saved_cs_client */;

--
-- Dumping data for table `medtratamiento`
--

LOCK TABLES `medtratamiento` WRITE;
/*!40000 ALTER TABLE `medtratamiento` DISABLE KEYS */;
INSERT INTO `medtratamiento` VALUES (93,1),(148,1),(272,1),(432,1),(518,1),(658,1),(808,1),(920,1),(8,2),(211,2),(527,2),(663,2),(771,2),(882,2),(923,2),(114,3),(168,3),(213,3),(625,3),(645,3),(936,3),(943,3),(55,4),(628,4),(146,5),(278,5),(408,5),(416,5),(631,5),(676,5),(883,5),(899,5),(26,6),(718,6),(839,6),(66,7),(322,7),(550,7),(705,7),(726,7),(880,7),(886,7),(984,7),(244,8),(446,8),(708,8),(154,9),(261,9),(346,9),(425,9),(729,9),(740,9),(156,11),(493,11),(755,11),(38,13),(331,13),(499,13),(980,13),(3,14),(263,14),(377,14),(513,14),(541,14),(615,14),(868,14),(877,14),(232,15),(603,15),(650,15),(749,15),(972,15),(2,16),(562,16),(690,16),(698,16),(965,16),(43,17),(285,17),(477,17),(908,17),(67,18),(275,18),(347,18),(509,18),(559,18),(585,18),(760,18),(62,19),(344,19),(554,19),(571,19),(580,19),(720,19),(828,19),(318,21),(395,21),(478,21),(151,22),(76,23),(94,23),(137,23),(391,23),(410,23),(453,23),(781,23),(956,23),(269,24),(945,24),(979,24),(231,25),(337,25),(689,25),(780,25),(149,26),(305,26),(602,26),(957,26),(122,27),(254,27),(326,27),(400,27),(529,27),(768,27),(784,27),(46,28),(106,28),(234,28),(673,28),(756,28),(775,28),(126,29),(300,29),(327,29),(925,29),(536,31),(640,31),(846,31),(14,32),(179,32),(247,32),(596,32),(964,32),(574,33),(661,33),(710,33),(773,33),(787,33),(267,34),(465,34),(660,34),(141,35),(190,35),(236,35),(414,35),(657,35),(786,35),(10,36),(112,36),(147,36),(375,36),(487,36),(528,36),(573,36),(946,36),(113,37),(303,37),(472,37),(748,37),(763,37),(397,38),(561,38),(855,38),(290,39),(451,39),(503,39),(531,39),(670,39),(785,39),(988,39),(570,41),(229,42),(732,43),(489,44),(601,44),(823,44),(18,46),(430,46),(722,47),(353,48),(522,48),(878,48),(415,49),(682,49),(6,51),(237,51),(421,51),(671,52),(101,53),(250,53),(65,54),(777,54),(966,54),(142,55),(508,55),(968,55),(287,56),(840,56),(245,57),(32,58),(185,58),(348,58),(813,58),(716,61),(370,62),(295,63),(469,63),(524,63),(643,63),(821,63),(890,63),(918,63),(991,63),(413,64),(743,64),(388,65),(535,65),(916,65),(311,66),(842,66),(930,66),(111,67),(214,67),(312,67),(579,67),(618,67),(79,68),(343,68),(241,69),(378,69),(812,69),(947,69),(387,71),(501,72),(619,72),(864,72),(233,73),(696,73),(803,73),(105,74),(195,74),(230,74),(255,74),(379,74),(949,74),(164,75),(591,75),(323,76),(789,76),(974,76),(474,77),(933,77),(7,78),(107,78),(332,78),(431,79),(533,79),(656,79),(772,81),(418,82),(814,82),(104,83),(301,83),(456,83),(767,83),(169,84),(727,84),(86,85),(97,85),(662,85),(674,85),(125,86),(273,86),(594,86),(896,86),(1,87),(9,87),(298,87),(911,87),(200,88),(103,89),(309,89),(745,89),(800,89),(832,89),(54,91),(447,91),(480,91),(852,91),(201,92),(252,92),(302,92),(476,93),(831,93),(552,94),(629,94),(746,94),(807,94),(204,95),(534,95),(675,95),(679,95),(725,96),(109,97),(844,97),(462,98),(426,99),(865,99),(145,101),(212,101),(904,101),(72,102),(85,102),(191,105),(464,105),(91,106),(308,106),(319,106),(183,107),(516,107),(851,107),(47,108),(242,108),(538,109),(664,109),(747,109),(931,111),(84,112),(174,112),(859,112),(876,112),(986,112),(959,113),(999,113),(116,114),(549,114),(944,114),(491,115),(672,115),(314,117),(481,117),(794,117),(124,119),(795,119),(293,121),(730,121),(188,123),(246,123),(624,123),(825,123),(83,124),(389,124),(564,124),(605,124),(659,124),(681,124),(704,124),(654,125),(913,125),(685,126),(741,127),(963,127),(73,129),(196,129),(466,129),(584,129),(598,129),(866,129),(870,129),(982,129),(951,131),(95,132),(648,132),(221,133),(444,134),(558,134),(860,134),(139,135),(157,135),(385,135),(995,135),(463,136),(542,136),(717,136),(738,136),(827,136),(17,137),(100,137),(994,137),(294,138),(769,138),(165,139),(173,139),(809,139),(315,141),(412,141),(521,141),(608,141),(693,141),(861,141),(577,142),(644,142),(277,143),(927,143),(405,144),(845,144),(336,145),(448,145),(470,145),(879,145),(208,146),(363,146),(757,146),(922,146),(198,147),(382,147),(473,147),(155,148),(638,148),(132,149),(313,149),(25,151),(96,151),(734,152),(850,152),(21,153),(162,154),(599,154),(723,154),(744,154),(818,154),(82,155),(172,155),(296,155),(334,155),(496,155),(712,155),(589,156),(367,158),(753,158),(996,158),(36,159),(910,159),(341,161),(520,161),(759,161),(871,161),(150,162),(57,163),(372,163),(833,163),(160,164),(304,164),(703,164),(750,164),(783,164),(869,164),(970,164),(59,165),(257,165),(310,165),(505,165),(881,165),(560,166),(256,167),(929,167),(23,168),(217,168),(262,168),(893,169),(356,171),(406,171),(475,171),(610,172),(652,172),(801,172),(239,173),(665,173),(335,174),(709,174),(307,175),(435,175),(909,175),(507,176),(22,177),(282,178),(384,178),(454,178),(587,178),(790,178),(907,179),(120,181),(177,181),(419,181),(731,181),(170,182),(248,182),(175,183),(176,183),(288,183),(364,183),(317,184),(438,184),(592,184),(184,185),(792,185),(900,185),(898,186),(932,186),(33,187),(121,187),(978,187),(11,189),(369,189),(392,189),(952,189),(136,191),(545,191),(566,191),(417,193),(440,193),(905,193),(593,194),(276,195),(193,196),(216,196),(856,196),(266,197),(423,197),(613,197),(63,199),(178,199),(349,199),(719,199),(140,203),(202,203),(680,203),(919,203),(77,204),(135,204),(325,204),(404,204),(355,206),(752,206),(64,207),(555,207),(621,207),(838,207),(48,208),(197,208),(655,208),(977,208),(29,209),(706,209),(92,211),(251,211),(351,211),(532,211),(482,212),(630,213),(637,213),(791,213),(862,213),(74,214),(588,214),(766,214),(1000,214),(514,216),(557,216),(711,216),(739,216),(81,217),(203,217),(575,217),(568,218),(626,218),(707,218),(394,219),(616,219),(89,221),(253,221),(297,221),(677,221),(724,221),(134,222),(159,222),(604,222),(666,222),(847,222),(41,223),(515,224),(939,224),(138,225),(653,225),(686,225),(61,226),(526,226),(243,227),(396,227),(906,227),(373,228),(817,229),(427,231),(494,231),(500,231),(782,231),(990,231),(424,233),(912,233),(194,234),(537,234),(284,236),(941,236),(960,236),(401,237),(819,237),(891,237),(102,238),(289,239),(119,241),(259,241),(572,241),(774,242),(133,243),(692,243),(371,244),(523,244),(627,244),(42,245),(649,245),(110,246),(816,246),(39,248),(390,248),(695,248),(158,249),(926,249),(506,251),(586,251),(171,252),(699,252),(235,253),(770,253),(872,254),(99,255),(58,257),(271,257),(519,257),(843,257),(854,257),(937,257),(973,257),(71,258),(778,258),(788,258),(31,259),(796,259),(224,261),(358,261),(634,261),(635,261),(829,261),(360,262),(15,263),(180,263),(205,263),(350,263),(848,263),(733,264),(12,265),(52,265),(590,265),(539,266),(192,267),(386,267),(459,267),(187,268),(260,268),(884,268),(948,268),(127,269),(547,269),(987,269),(227,271),(439,271),(609,271),(684,271),(687,271),(873,271),(90,272),(915,272),(354,273),(921,273),(13,274),(576,274),(691,274),(701,274),(776,274),(199,275),(342,275),(352,275),(407,275),(824,275),(895,275),(166,276),(321,276),(497,276),(976,277),(989,277),(633,278),(207,279),(728,279),(836,279),(849,279),(206,281),(228,281),(694,281),(765,281),(525,282),(543,282),(737,282),(409,283),(563,283),(928,283),(510,284),(837,284),(60,285),(167,285),(420,285),(841,286),(181,287),(362,287),(30,288),(403,288),(437,288),(220,291),(467,291),(793,291),(887,291),(901,291),(368,292),(636,292),(209,293),(471,293),(16,294),(306,294),(399,294),(902,294),(222,295),(490,295),(595,295),(985,295),(997,295),(742,296),(857,296),(992,296),(270,297),(504,297),(511,297),(567,297),(736,297),(993,297),(498,298),(875,298),(981,298),(35,299),(219,299),(328,299),(161,301),(320,301),(479,301),(830,301),(53,302),(189,302),(280,302),(688,302),(338,303),(449,303),(779,303),(914,303),(268,304),(457,304),(495,304),(668,304),(894,304),(934,304),(69,305),(383,305),(441,305),(488,305),(799,305),(971,305),(483,306),(450,307),(546,307),(975,307),(182,308),(339,308),(892,308),(484,309),(19,311),(889,311),(942,311),(374,312),(24,313),(80,313),(548,313),(647,313),(764,313),(612,314),(885,314),(98,315),(366,315),(950,315),(215,316),(461,316),(492,316),(143,317),(258,318),(735,318),(123,319),(853,319),(28,321),(87,321),(802,321),(917,321),(639,323),(924,323),(44,324),(117,324),(641,324),(697,325),(340,326),(798,326),(292,327),(540,327),(5,328),(27,328),(210,328),(226,328),(443,328),(683,328),(70,329),(333,329),(835,329),(961,329),(37,331),(607,331),(874,331),(281,332),(330,333),(751,333),(762,333),(935,333),(967,333),(274,334),(324,334),(669,334),(834,334),(888,334),(411,335),(428,335),(651,335),(433,336),(434,336),(953,336),(20,337),(758,337),(955,337),(436,338),(452,338),(623,338),(806,338),(131,339),(486,339),(569,339),(622,339),(642,339),(88,341),(129,341),(581,341),(617,341),(646,341),(826,341),(458,342),(714,342),(761,342),(822,342),(393,343),(544,344),(600,344),(118,345),(286,345),(359,345),(265,346),(754,346),(223,347),(4,348),(75,348),(958,348),(51,349),(632,349),(713,351),(715,351),(810,351),(485,352),(606,352),(811,352),(291,354),(445,354),(700,354),(938,354),(361,355),(40,356),(402,356),(455,356),(530,356),(597,356),(940,356),(218,357),(702,357),(45,358),(128,361),(279,361),(804,361),(381,362),(820,362),(56,363),(551,363),(108,364),(283,364),(429,364),(468,364),(49,365),(249,365),(962,365),(667,366),(50,367),(611,367),(954,367),(797,369),(163,371),(299,371),(316,372),(460,372),(553,372),(721,373),(867,374),(583,375),(422,376),(238,377),(380,378),(678,378),(78,379),(115,379),(614,379),(805,379),(815,381),(897,381),(153,382),(186,382),(264,382),(858,382),(442,383),(998,383),(345,384),(144,386),(329,386),(357,386),(512,386),(517,386),(969,386),(983,387),(582,388),(502,391),(376,393),(556,393),(34,394),(225,394),(620,394),(903,394),(68,396),(565,396),(240,397),(863,398),(130,399),(152,399),(365,399),(398,399),(578,399);
/*!40000 ALTER TABLE `medtratamiento` ENABLE KEYS */;
UNLOCK TABLES;

--
-- Table structure for table `obrasocial`
--

DROP TABLE IF EXISTS `obrasocial`;
/*!40101 SET @saved_cs_client     = @@character_set_client */;
/*!50503 SET character_set_client = utf8mb4 */;
CREATE TABLE `obrasocial` (
  `idObraSocial` int(10) unsigned NOT NULL,
  `Nombre` varchar(45) NOT NULL,
  `PROVINCIA_idPROVINCIA` int(11) NOT NULL,
  `website` varchar(160) NOT NULL,
  PRIMARY KEY (`idObraSocial`),
  KEY `fk_OBRASOCIAL_PROVINCIA1_idx` (`PROVINCIA_idPROVINCIA`)
) ENGINE=InnoDB DEFAULT CHARSET=utf8;
/*!40101 SET character_set_client = @saved_cs_client */;

--
-- Dumping data for table `obrasocial`
--

LOCK TABLES `obrasocial` WRITE;
/*!40000 ALTER TABLE `obrasocial` DISABLE KEYS */;
INSERT INTO `obrasocial` VALUES (1,'ACA Salud',1,'www.acasalud.com.ar'),(2,'Accord Salud',21,'www.accordsalud.com.ar'),(3,'ADOS Asociación de Obras Sociales de Comodoro',4,'www.adoscomodoro.org.ar'),(4,'Aetna',5,'www.aetna.com'),(5,'Agua y Energía de Capital Federal MAyEE',5,'www.mayee.com.ar'),(6,'AIC Asociación del Personal de Dirección y Je',18,'www.aicsalud.com.ar'),(7,'ALL Medicine',24,'www.allmedicinesa.com.ar'),(8,'Alta Salud',5,'www.altasaludsrl.com.ar'),(9,'AMFFA Asociación Mutual de Farmacéuticos Flor',17,'www.amffa.com.ar'),(10,'AMPAR Asociación Mutual del Personal de Phili',5,'www.ampar.org'),(11,'AMTA Asociación Mutual del Transporte Automot',1,'www.amta.org.ar'),(12,'AMUR Asociación Mutual Ruralista',1,'www.amur.com.ar'),(13,'ANDAR Obra Social de Viajantes Vendedores de ',6,'www.ieseve.edu.ar/redsocial/andar/html/andar.htm'),(14,'APDIS Asociación del Personal de Dirección de',6,'www.apdis.com.ar'),(15,'Apres Servicios Médicos',7,'www.apres.com.ar'),(16,'APROSS Administración Provincial del Seguro d',6,'www.apross.gov.ar'),(17,'Aproval Gerenciadora de Ceramistas',23,'www.aproval.com.ar'),(18,'APSOT Asociación del Personal Superior de la ',5,'www.apsot.com'),(19,'ASE Acción Social de Empresarios',20,'www.ase.com.ar'),(20,'ASIMRA Obra Social de Supervisores Metalmecán',2,'www.asimra.org.ar'),(21,'Asistencia Sanitaria Integral ASI Protección ',15,'www.sanatoriomodelo.com.ar'),(22,'Asistir en Salud',14,'www.asistirensalud.com.ar'),(23,'Asmepriv Asistencia Médica Privada',13,'www.asmepriv.com.ar'),(24,'Asociación de Empleados de Farmacia',11,'www.adef.org.ar'),(25,'Asociación Judicial Bonaerense',1,'www.ajb.org.ar'),(26,'Asociación Médica de Rosario Salud',21,'www.amr.org.ar'),(27,'Asociación Médica Federal',4,'www.amf.org.ar'),(28,'Asociación Mutual del Personal de Sancor',21,'www.amps.com.ar'),(29,'Asociación Mutual del Personal Jerárquico de ',24,'www.jerarquicossalud.com.ar'),(30,'Asociación Mutual Mercantil Argentina',12,'www.amma.org.ar'),(31,'Asociación Regional de Diálisis y Transplante',1,'www.renal.org.ar'),(32,'Asociart ART',10,'www.asociart.com.ar'),(33,'Austral O.M.I.',9,'www.australomi.com.ar'),(34,'Axa Assistance',8,'www.axa-assistance.com.ar'),(35,'Bristol Medicine',7,'www.bristolmedicine.com.ar'),(36,'Bristol Park',6,'www.bristolpark.com.ar'),(37,'Caja de Odontólogos de la Provincia de Buenos',1,'www.cajaodontologospba.org.ar'),(38,'CAMPSIC Cooperativa de Asistencia Médica del ',17,'www.campsic.com'),(39,'CASA Caja de Previsión Social para Abogados d',1,'www.cajaabogados.org.ar'),(40,'Centro Gallego de Buenos Aires',5,'www.galiciasalud.com.ar'),(41,'Centro Médico Pueyrredón',1,'www.cm-pueyrredon.com.ar'),(42,'Círculo Oficiales de Mar de la Armada Asociac',17,'www.circuloofmar.org.ar'),(43,'CM Salud Circulo Médico Salud Vicente López',1,'www.cmsaludonline.com.ar'),(44,'Cna Art',18,'www.cnaart.com.ar'),(45,'Cobermed',19,'www.cobermed.com'),(46,'Colegio de Escribanos de la Ciudad de Buenos ',5,'www.colegio-escribanos.org.ar'),(47,'Colegio de Escribanos Provincia de Buenos Air',1,'www.colescba.org.ar'),(48,'Comedica',20,'www.comedica.com.ar'),(49,'Comi',21,'www.comi.com.ar'),(50,'Compir Pirelli',22,'www.compir.com.ar'),(51,'Consejo Profesional de Ciencias Económicas de',5,'www.consejo.org.ar/consejosalud/consejosalud.htm'),(52,'Consolidar Art',23,'www.consolidar.com.ar'),(53,'Construir Salud Obra Social del Personal de l',24,'www.construirsalud.com.ar'),(54,'Corporación Médica Asistencial',2,'www.corporacion.com.ar'),(55,'DAS Dirección de Ayuda Social para el Persona',5,'www.das.gov.ar'),(56,'DASMI Dirección de Asistencia Social y Medici',1,'www.dasmi.unlu.edu.ar'),(57,'Docthos',4,'www.docthos.com.ar'),(58,'DOSUBA',6,'www.dosuba.com.ar'),(59,'Emergencias Emersur',7,'www.emersur.com'),(60,'Emergencias Emme',8,'www.emme-sa.com.ar'),(61,'Emergencias Médicas Mano',9,'www.mano.com.ar'),(62,'Emergencias S.A.',10,'www.emergencias.com.ar'),(63,'Emergencias Unidad Coronaria',11,'www.ucmq.com'),(64,'Emergencias Vittal',12,'www.vittal.com.ar'),(65,'Emergencias y Prevención Ecco',13,'www.ecco.com.ar'),(66,'Famyl S. A.',14,'www.famyl.com.ar'),(67,'Fedecamaras',15,'www.osfedecamaras.com.ar'),(68,'Federación Argentina de Obras Sociales de Per',16,'www.faosdir.org.ar'),(69,'Federación Argentina de Trabajadores de Prens',17,'www.fatpren.org.ar'),(70,'Federación Argentina Sindical del Petróleo y ',18,'www.petroleoygas.com.ar'),(71,'Federación de Educadores Bonaerenses Febos',5,'www.febos.com.ar'),(72,'Femeba Salud',19,'www.femeba.org.ar'),(73,'Femédica',20,'www.femedica.com.ar'),(74,'Forjar Salud',21,'www.forjarsalud.com'),(75,'Fundación Argentina para el desarrollo de la ',22,'www.fundaprev.org'),(76,'Fundación Galicia Salud',5,'www.galiciasalud.com.ar'),(77,'Fundec',23,'www.fundec.org.ar'),(78,'Galeno',24,'www.e-galeno.com.ar'),(79,'Galeno SPM TIM Life Ceprimed',5,'www.e-galeno.com.ar'),(80,'Generen',3,'www.genesen.com.ar'),(81,'Grupo Euro Salud',3,'www.grupoeurosalud.com'),(82,'Health Medical',6,'www.healthmedical.com.ar'),(83,'Helios Salud',24,'www.fundacionhelios.org.ar'),(84,'Hominis',17,'www.mphominis.com.ar'),(85,'Hope',4,'www.whope.com.ar'),(86,'IASEP Instituto de Asistencia Social para Emp',6,'www.iasep.gov.ar'),(87,'IMAS Derimed SA',20,'www.imas.com.ar'),(88,'INSSSEP Instituto de Seguridad Social del Cha',3,'www.insssep.com'),(89,'Instituto Nacional de Servicios Sociales para',5,'www.pami.org.ar'),(90,'Interacción Art',11,'www.interaccion.com.ar'),(91,'IOMA Instituto de Obra Médica Asistencial',23,'www.ioma.gba.gov.ar'),(92,'IOSEP Instituto de Obra Social del Empleado P',22,'www.iosep.gov.ar'),(93,'IOSPER Instituto de Obra Social de la Provinc',8,'www.iosper.gov.ar'),(94,'IPAUSS Instituto Provincial Autárquico Unific',23,'www.ipauss.gov.ar'),(95,'IPS Instituto de Previsión Social Misiones',14,'www.ips.misiones.gov.ar'),(96,'IPS Instituto Provincial de Salud de Salta',17,'www.ipssalta.gov.ar'),(97,'IPSST Instituto de Previsión y Seguridad Soci',24,'www.ipsst.gov.ar'),(98,'ISJ Instituto de Seguros de Jujuy',22,'www.isj.gov.ar'),(99,'Jerárquicos Salud',14,'www.jerarquicossalud.com.ar'),(100,'La Caja Art',8,'www.lacaja.com.ar'),(101,'La Mutual Argentina Salud',11,'www.lamutual.org.ar'),(102,'Liberty Art',12,'www.libertyargentina.com.ar'),(103,'Luis Pasteur',22,'www.oslpasteur.com.ar'),(104,'Luz y Fuerza OSFATLYF',17,'www.luzyfuerzasalud.org.ar'),(105,'Mapfre Salud',9,'www.mapfresalud.com.ar'),(106,'Medco Salud',14,'www.medcosalud.com.ar'),(107,'Medical Corporative Trade',19,'www.medicalcorporativetrade.com'),(108,'Medicals',14,'www.medicals-sa.com.ar'),(109,'Medicien',2,'www.swissmedical.com.ar'),(110,'Medicus',5,'www.medicus.com.ar'),(111,'Medifé',5,'www.medife.com.ar'),(112,'Municipalidad de Tres de Febrero',1,'www.tresdefebrero.gov.ar'),(113,'Mutual del Personal del Agua y la Energía de ',13,'http://mutualaye.com.ar/'),(114,'Mutual Farmacéutica de la República Argentina',4,'www.amffa.com.ar'),(115,'Mutual Odontológica Argentina MOA',5,'www.moa.org.ar'),(116,'Mutual Personal de Agua y Energía de la Capit',5,'www.mayee.com.ar'),(117,'Nubial',15,'www.swissmedical.com.ar'),(118,'Obra Acción Social de Empresarios',13,'www.ase.com.ar'),(119,'Obra Social Aceros Paraná OSAP',13,'www.osapsalud.com.ar'),(120,'Obra Social Agentes de Propaganda Médica',21,'www.apm.org.ar'),(121,'Obra Social Asociación del Personal de la Dir',11,'www.apdis.com.ar'),(122,'Obra Social Asociación Mutual del Personal de',18,'www.ampar.org'),(123,'Obra Social Ceras Johnson',23,'www.johnson.com.ar'),(124,'Obra Social Ciudad de Buenos Aires',5,'www.obsba.org.ar'),(125,'Obra Social Cooperativa de Asistencia Mutua y',9,'www.compir.com.ar'),(126,'Obra Social de Actividades Empresarias',23,'www.osim.com.ar'),(127,'Obra Social de Actores',7,'www.osa.org.ar'),(128,'Obra Social de Aeronavegantes',17,'www.aeronavegantes.com'),(129,'Obra Social de Agentes de Loterias y Afines d',2,'www.aleara.com.ar'),(130,'Obra Social de Arbitros Deportivos de la Repú',3,'www.osadra.org.ar'),(131,'Obra Social de Choferes de Camiones OSCHOCA',15,'www.camioneros-ba.org.ar'),(132,'Obra Social de Conductores Navales de la Repú',11,'www.siconara.org.ar'),(133,'Obra Social de Dirección                     ',16,'www.osdo.com.ar'),(134,'Obra Social de Docentes Particulares de Capit',5,'www.sadopcapital.org'),(135,'Obra Social de Empleados de Agencias de Infor',23,'www.oseadi.com.ar'),(136,'Obra Social de Empleados de Despachantes de A',20,'www.oseda.com.ar'),(137,'Obra Social de Empleados de Prensa de Córdoba',6,'www.osepc.com.ar'),(138,'Obra Social de Empleados Públicos de Catamarc',2,'www.osep-catamarca.gov.ar'),(139,'Obra Social de Empleados Públicos de Mendoza ',13,'www.osep.mendoza.gov.ar'),(140,'Obra Social de Empleados Textiles y Afines Os',2,'www.osetya.com.ar'),(141,'Obra Social de Empresarios, Profesionales y M',7,'www.osdepym.com.ar'),(142,'Obra Social de Entidades Deportivas y Civiles',6,'www.ospedyc.org.ar'),(143,'Obra Social de Futbolistas Argentinos Agremia',9,'www.agremiados.com.ar'),(144,'Obra Social de Guardavidas y Afines de la Rep',13,'www.sugara.com.ar'),(145,'Obra Social de Jefes y Oficiales Maquinistas ',3,'www.osjomn.com.ar'),(146,'Obra Social de la Actividad Minera',17,'www.aomaosam.org.ar'),(147,'Obra Social de la Asociación de Técnicos de V',4,'www.tecnicosdevuelo.org.ar'),(148,'Obra Social de la Cámara de la Industria Curt',15,'www.cica.org.ar'),(149,'Obra Social de la Ciudad de Buenos Aires OBSB',5,'www.obsba.org.ar'),(150,'Obra Social de la Federación Argentina de Tra',17,'www.luzyfuerzasalud.org.ar'),(151,'Obra Social de la Federación Argentina del Tr',22,'www.osfatun.com'),(152,'Obra Social de la Federación Gremial de la In',10,'www.obrasocialdelacarne.org.ar'),(153,'Obra Social de la Unión del Personal Civil de',20,'www.unionpersonal.com.ar'),(154,'Obra Social de La Unión Obrera Metalúrgica de',23,'www.uom.org.ar'),(155,'Obra Social de la Unión Obrera Metalúrgica Se',1,'www.uomtresdefebrero.org.ar'),(156,'Obra Social de la Unión Obreros y Empleados T',18,'www.uoetsylra.org'),(157,'Obra Social de la Universidad de Buenos Aires',1,'www.dosuba.com.ar'),(158,'Obra Social de la Universidad Nacional del Li',17,'www.unl.edu.ar'),(159,'Obra Social de Legisladores de la República A',24,'www.clnoslera.com.ar'),(160,'Obra Social de Locutores OSDEL',7,'www.locutores.org.ar'),(161,'Obra Social de los Inmigrantes Españoles y su',5,'www.ospana.com.ar'),(162,'Obra Social de los Médicos',16,'www.osmedica.com.ar'),(163,'Obra Social de los Médicos de la Provincia de',1,'www.femeba.org.ar'),(164,'Obra Social de los Músicos OSDEM',3,'www.sadem.org.ar'),(165,'Obra Social de los Trabajadores de la Educaci',14,'www.ostep.com.ar'),(166,'Obra Social de los Trabajadores Hoteleros y G',9,'www.uthgra.org.ar'),(167,'Obra Social de los Trabajadores Viales',4,'www.vialsalud.com.ar'),(168,'Obra Social de Mandos Medios de Telecomunicac',8,'www.osmmedt.org.ar'),(169,'Obra Social de Ministros Secretarios y Subsec',16,'www.osmiss.org.ar'),(170,'Obra Social de Peones de Taxis de la Capital ',5,'www.ospetax.org.ar'),(171,'Obra Social de Personal de Dirección APDIS',4,'www.apdis.com.ar'),(172,'Obra Social de Personal de Entidades Deportiv',18,'www.ospedyc.org.ar'),(173,'Obra Social de Petroleros de Córdoba',6,'www.ospecor.com.ar'),(174,'Obra Social de Petroleros OSPE',9,'www.ospesalud.com.ar'),(175,'Obra Social de Portuarios Argentinos OSPA',2,'www.ospaport.com.ar'),(176,'Obra Social de Prensa FATPREN',1,'www.fatpren.org.ar'),(177,'Obra Social de Recibidores de Granos y Anexos',19,'www.amsalud.com.ar'),(178,'Obra Social de Relojeros Joyeros y Afines de ',17,'www.surja.com.ar'),(179,'Obra Social de Seguros OSSEG',12,'www.osseg.org.ar'),(180,'Obra Social de Supervisores Metalmecánicos de',22,'www.asimra.org.ar'),(181,'Obra Social de Técnicos de Fútbol OSTECF',3,'www.ostecf.com.ar'),(182,'Obra Social de Televisión',21,'www.tvsalud.com.ar'),(183,'Obra Social de Trabajadores de la Industria d',23,'www.ospica.org.ar'),(184,'Obra Social de Trabajadores de las Comunicaci',5,'www.aatrac.org.ar'),(185,'Obra Social de Trabajadores de Prensa de Buen',6,'www.ostpba.org.ar'),(186,'Obra Social de Trabajadores Viales',15,'www.vialsalud.com.ar'),(187,'Obra Social de Viajantes Vendedores de la Rep',13,'www.ieseve.edu.ar/redsocial/andar/html/andar.htm'),(188,'Obra Social de YPF',14,'www.osypf.com.ar'),(189,'Obra Social del Ministerio de Economía',21,'www.osme.org.ar'),(190,'Obra Social del Personal Aeronáutico OSPA',20,'www.ospa.com.ar'),(191,'Obra Social del Personal Asociado a la Asocia',24,'www.sancorsalud.com.ar'),(192,'Obra Social del Personal Auxiliar de Casas Pa',1,'www.ospacp.org.ar'),(193,'Obra Social del Personal de Aeronavegación de',12,'www.ospadep.com'),(194,'Obra Social del Personal de Aguas Gaseosas y ',5,'www.ospaga.com.ar'),(195,'Obra Social del Personal de Dirección de Empr',9,'www.opdea.org'),(196,'Obra Social del Personal de Dirección de Empr',8,'www.frutosdelpais.org.ar'),(197,'Obra Social del Personal de Dirección de la I',23,'www.servesalud.com.ar'),(198,'Obra Social del Personal de Dirección de la I',7,'www.osmad.org.ar'),(199,'Obra Social del Personal de Dirección de la I',22,'www.osim.com.ar'),(200,'Obra Social del Personal de Dirección de la I',10,'www.osdipp.com.ar'),(201,'Obra Social del Personal de Dirección de la S',13,'www.oslpasteur.com.ar'),(202,'Obra Social del Personal de Dirección de las ',21,'www.opdea.org'),(203,'Obra Social del Personal de Dirección de Perf',2,'www.whope.com.ar'),(204,'Obra Social del Personal de Edificios de Rent',20,'www.fateryh.com.ar'),(205,'Obra Social del Personal de Estaciones de Ser',24,'www.ospes.org.ar'),(206,'Obra Social del Personal de Farmacia',12,'www.ospf.org.ar'),(207,'Obra Social del Personal de Imprenta, Diarios',11,'www.ospida.org.ar'),(208,'Obra Social del Personal de Jaboneros OSPEJ',23,'www.osjaboneros.com.ar'),(209,'Obra Social del Personal de la Acitividad Per',2,'www.ospap.org.ar'),(210,'Obra Social del Personal de la Actividad del ',22,'www.ospat.com.ar'),(211,'Obra Social del Personal de la Actividad Vial',21,'www.ospavial.com.ar'),(212,'Obra Social del Personal de la Actividad Viti',23,'www.ospav.com.ar'),(213,'Obra Social del Personal de la Construcción C',1,'www.construirsalud.com.ar'),(214,'Obra Social del Personal de la Enseñanza Priv',14,'www.ospepweb.com.ar'),(215,'Obra Social del Personal de la Industria Cine',4,'www.ospic.com.ar'),(216,'Obra Social del Personal de la Industria de l',1,'www.ospiapba.org.ar'),(217,'Obra Social del Personal de la Industria del ',2,'www.ospic-socaya.org.ar'),(218,'Obra Social del Personal de la Industria del ',22,'www.ospip.org.ar'),(219,'Obra Social del Personal de la Industria del ',21,'www.ospit.org.ar'),(220,'Obra Social del Personal de la Industria del ',11,'www.osvestido.com.ar'),(221,'Obra Social del Personal de la Industria Ladr',5,'www.ospilm.com.ar'),(222,'Obra Social del Personal de la Industria Made',20,'www.ospim.com.ar'),(223,'Obra Social del Personal de la Industria Text',15,'www.ospit.org.ar'),(224,'Obra Social del Personal de la Industria y Ac',19,'www.ospin.org.ar'),(225,'Obra Social del Personal de la Universidad Na',18,'www.dasu.com.ar'),(226,'Obra Social del Personal de las Telecomunicac',12,'www.ospetelco.org'),(227,'Obra Social del Personal de los Organismos de',3,'www.apoc.org.ar'),(228,'Obra Social del Personal de Prensa de la Repú',16,'www.osppra.com.ar'),(229,'Obra Social del Personal de Prensa de Rosario',15,'www.ospro.com.ar'),(230,'Obra Social del Personal de Prensa de Tucumán',24,'www.osppt.com.ar'),(231,'Obra Social del Personal de Seguridad Comerci',5,'www.ospsip.org.ar'),(232,'Obra Social del Personal de Telecomunicacione',13,'http://200.45.71.180/ostel/'),(233,'Obra Social del Personal de Televisión',16,'www.satv.org.ar'),(234,'Obra Social del Personal del Automovil Club A',20,'www.ospaca.com'),(235,'Obra Social del Personal del Caucho OSPECA',13,'www.ospeca.org.ar'),(236,'Obra Social del Personal del Espectáculo Públ',7,'www.ospepsalud.com.ar'),(237,'Obra Social del Personal del Papel, Cartón y ',5,'www.ospapel.org.ar'),(238,'Obra Social del Personal del Sindicato Gráfic',8,'www.sindicatografico.com.ar'),(239,'Obra Social del Personal Marítimo OSPM',16,'www.ospm.com.ar'),(240,'Obra Social del Personal Rural y Estibadores ',19,'www.osprera.org.ar'),(241,'Obra Social del Personal Superior de la Indus',10,'www.campsic.com'),(242,'Obra Social del Personal Superior de Mercedes',8,'www.apsdca.com.ar'),(243,'Obra Social del Pesonal de Estaciones de Serv',6,'www.ospes.org.ar'),(244,'Obra Social del Poder Judicial',4,'www.ospjn.gov.ar'),(245,'Obra Social del Servicio Penitenciario Nacion',14,'www.obrasocialspf.com.ar'),(246,'Obra Social del Sindicato de Mecánicos y Afin',17,'www.smata.com.ar'),(247,'Obra Social Federación Argentina Trabajadores',12,'www.federacion.pasteleros.org.ar'),(248,'Obra Social Federal de la Federacion Nacional',6,'www.fentos.org.ar'),(249,'Obra Social Ferroviaria OSFE',16,'www.osfe.org.ar'),(250,'Obra Social Industria Aceitera',23,'www.sindicato-aceitero.com.ar'),(251,'Obra Social Mutualidad Industrial Textil Arge',15,'www.obrasocialmita.com.ar'),(252,'Obra Social para el Personal de Obras y Servi',8,'www.ososs.com.ar'),(253,'Obra Social para el Personal del Ministerio d',6,'www.osme.org.ar'),(254,'Obra Social para Empleados de Comercio y Acti',20,'www.osecac.org.ar'),(255,'Obra Social para la Actividad Docente OSPLAD',14,'www.osplad.org.ar'),(256,'Obra Social para Pilotos de Líneas Aéreas OSP',20,'www.ospla.org.ar'),(257,'Obra Social Personal de la Sanidad Argentina ',5,'www.sanidad.org.ar'),(258,'Obra Social Portuarios Argentinos',5,'www.ospaport.com.ar'),(259,'Obra Social Trabajadores Empresas de Electric',2,'www.osteeluzmedica.com.ar'),(260,'Obra Social YPF',18,'www.osypf.com.ar'),(261,'Osde Binario',5,'www.osde.com.ar'),(262,'Osmecon Salud Asociación de Médicos de Gral. ',1,'www.osmeconsalud.org.ar'),(263,'PAMI Instituto Nacional de Servicios Sociales',17,'www.pami.org.ar'),(264,'Paramedic',9,'www.paramedic.com.ar'),(265,'Plan Nacional Médico Planamed',7,'www.planamed.com.ar'),(266,'Prevención Art',3,'www.prevencionart.com.ar'),(267,'Primedic Salud',8,'www.primedic-salud.com.ar'),(268,'Privamed',2,'www.privamedsa.com'),(269,'PROFE Programa Federal de Salud',2,'www.msal.gov.ar/htm/site/prog_profe.asp'),(270,'Proteger',21,'www.redproteger.com.ar'),(271,'Protexia',10,'www.protexia.com.ar'),(272,'Provincia Art',22,'www.provinciart.com.ar'),(273,'Qualitas',10,'www.qualitas.com.ar'),(274,'Red Argentina de Salud',13,'www.rascomra.com.ar'),(275,'Salud y Seguridad Ocupacional, Ambiental e In',20,'www.ecofield.com.ar'),(276,'Sama Servicio Asistencial Médico Adventista',16,'www.sama-adra.com.ar'),(277,'Sami Centro Médico Mar del Plata',1,'www.samimdp.com.ar'),(278,'Sami Salud',1,'www.osmecon-sami.com.ar'),(279,'San Gerónimo Servicios de Salud',1,'www.sangeronimo-salud.com.ar'),(280,'San Isidro Salud Osmecon Salud',14,'www.cmsanisidro.com.ar'),(281,'Servesalud',2,'www.servesalud.com.ar'),(282,'Sindicato Gráfico de Paraná, Centro y Sur de ',8,'www.sindicatografico.com.ar'),(283,'Sistema de Protección Médica SPM AMSA',13,'www.e-galeno.com.ar'),(284,'Sistema Médico Prepago de la Federación Médic',24,'www.femedica.com.ar'),(285,'Sociedad Alemana de Socorros a Enfermos DKV',6,'www.dkv.com.ar'),(286,'Staff Médico',14,'www.staffmedico.com'),(287,'Suteba',8,'www.suteba.org.ar'),(288,'Swiis Medical Group',22,'www.swissmedical.com.ar'),(289,'Tim',11,'www.e-galeno.com.ar'),(290,'Uai Salud',20,'www.uaisalud.com.ar'),(291,'Unión Docentes de la Provincia de Buenos Aire',1,'www.udocba.org.ar'),(292,'Universal Assistance',2,'www.universal-assistance.com'),(293,'Universidad Tecnológica Nacional Dasuten',8,'www.dasuten.utn.edu.ar'),(294,'Uom',2,'www.uom.org.ar'),(295,'Visitar',18,'www.visitar.com.ar'),(296,'Vita´s',1,'www.vitas-sa.com.ar');
/*!40000 ALTER TABLE `obrasocial` ENABLE KEYS */;
UNLOCK TABLES;

--
-- Table structure for table `obrasocial_has_telefono`
--

DROP TABLE IF EXISTS `obrasocial_has_telefono`;
/*!40101 SET @saved_cs_client     = @@character_set_client */;
/*!50503 SET character_set_client = utf8mb4 */;
CREATE TABLE `obrasocial_has_telefono` (
  `OBRASOCIAL_id` int(10) unsigned NOT NULL,
  `TELEFONO_id` int(10) unsigned NOT NULL,
  PRIMARY KEY (`OBRASOCIAL_id`,`TELEFONO_id`),
  KEY `fk_OBRASOCIAL_has_TELEFONO_OBRASOCIAL1_idx` (`OBRASOCIAL_id`),
  KEY `fk_OBRASOCIAL_has_TELEFONO_TELEFONO1_idx` (`TELEFONO_id`),
  CONSTRAINT `fk_OBRASOCIAL_has_TELEFONO_TELEFONO1` FOREIGN KEY (`TELEFONO_id`) REFERENCES `telefono` (`idTelefono`)
) ENGINE=InnoDB DEFAULT CHARSET=utf8;
/*!40101 SET character_set_client = @saved_cs_client */;

--
-- Dumping data for table `obrasocial_has_telefono`
--

LOCK TABLES `obrasocial_has_telefono` WRITE;
/*!40000 ALTER TABLE `obrasocial_has_telefono` DISABLE KEYS */;
INSERT INTO `obrasocial_has_telefono` VALUES (1,85),(2,1),(3,44),(4,95),(5,161),(6,280),(7,196),(8,129),(9,175),(10,230),(11,96),(12,94),(13,295),(14,153),(15,7),(16,66),(17,32),(18,92),(19,17),(20,245),(21,56),(22,194),(23,279),(24,296),(25,104),(26,150),(27,135),(28,262),(29,281),(30,80),(31,91),(32,67),(33,151),(34,234),(35,183),(36,149),(37,62),(38,121),(39,103),(40,159),(41,40),(42,209),(43,93),(44,250),(45,46),(46,214),(47,75),(48,53),(49,236),(50,158),(51,226),(52,28),(53,74),(54,244),(55,275),(56,216),(57,267),(58,203),(59,220),(60,139),(61,83),(62,249),(63,221),(64,176),(65,107),(66,291),(67,278),(68,215),(69,69),(70,264),(71,43),(72,229),(73,156),(74,71),(75,111),(76,84),(77,199),(78,49),(79,162),(80,243),(81,33),(82,6),(83,185),(84,77),(85,269),(86,124),(87,178),(88,276),(89,173),(90,213),(91,12),(92,38),(93,15),(94,177),(95,109),(96,45),(97,37),(98,240),(99,20),(100,10),(101,193),(102,117),(103,125),(104,2),(105,152),(106,197),(107,225),(108,166),(109,47),(110,18),(111,143),(112,88),(113,147),(114,112),(115,251),(116,248),(117,24),(118,238),(119,81),(120,283),(121,61),(122,113),(123,232),(124,165),(125,16),(126,198),(127,289),(128,272),(129,54),(130,263),(131,36),(132,253),(133,98),(134,182),(135,97),(136,27),(137,23),(138,164),(139,148),(140,208),(141,266),(142,14),(143,273),(144,50),(145,126),(146,206),(147,110),(148,277),(149,217),(150,191),(151,204),(152,72),(153,290),(154,167),(155,163),(156,242),(157,19),(158,287),(159,228),(160,39),(161,11),(162,145),(163,35),(164,30),(165,261),(166,123),(167,146),(168,29),(169,189),(170,141),(171,184),(172,154),(173,90),(174,210),(175,274),(176,285),(177,4),(178,55),(179,116),(180,168),(181,122),(182,260),(183,155),(184,223),(185,59),(186,26),(187,31),(188,239),(189,224),(190,70),(191,76),(192,211),(193,86),(194,284),(195,205),(196,170),(197,34),(198,222),(199,200),(200,292),(201,212),(202,241),(203,101),(204,160),(205,51),(206,246),(207,252),(208,134),(209,114),(210,41),(211,195),(212,87),(213,271),(214,227),(215,130),(216,115),(217,187),(218,192),(219,68),(220,235),(221,57),(222,171),(223,144),(224,3),(225,256),(226,136),(227,181),(228,142),(229,180),(230,138),(231,106),(232,169),(233,282),(234,157),(235,128),(236,64),(237,52),(238,231),(239,247),(240,63),(241,179),(242,270),(243,132),(244,79),(245,108),(246,102),(247,174),(248,133),(249,255),(250,22),(251,237),(252,78),(253,65),(254,8),(255,137),(256,233),(257,9),(258,131),(259,188),(260,172),(261,140),(262,218),(263,48),(264,73),(265,42),(266,186),(267,25),(268,259),(269,60),(270,127),(271,105),(272,254),(273,294),(274,82),(275,201),(276,118),(277,288),(278,258),(279,89),(280,265),(281,5),(282,13),(283,268),(284,190),(285,119),(286,293),(287,219),(288,286),(289,120),(290,100),(291,202),(292,58),(293,207),(294,99),(295,257),(296,21);
/*!40000 ALTER TABLE `obrasocial_has_telefono` ENABLE KEYS */;
UNLOCK TABLES;

--
-- Table structure for table `paciente`
--

DROP TABLE IF EXISTS `paciente`;
/*!40101 SET @saved_cs_client     = @@character_set_client */;
/*!50503 SET character_set_client = utf8mb4 */;
CREATE TABLE `paciente` (
  `idPACIENTE` int(10) unsigned NOT NULL,
  `PERSONA_DNI` int(10) unsigned NOT NULL,
  `CENTROSANITARIO_id` int(10) unsigned NOT NULL,
  `FechaDeInternacion` datetime NOT NULL,
  `CovidTest` tinyint(4) NOT NULL,
  PRIMARY KEY (`idPACIENTE`) USING BTREE,
  KEY `fk_PACIENTE_PERSONA1_idx` (`PERSONA_DNI`),
  KEY `fk_PACIENTE_CENTROSANITARIO1_idx` (`CENTROSANITARIO_id`),
  CONSTRAINT `fk_PACIENTE_CENTROSANITARIO1` FOREIGN KEY (`CENTROSANITARIO_id`) REFERENCES `centrosanitario` (`id`),
  CONSTRAINT `fk_PACIENTE_PERSONA1` FOREIGN KEY (`PERSONA_DNI`) REFERENCES `persona` (`DNI`)
) ENGINE=InnoDB DEFAULT CHARSET=utf8;
/*!40101 SET character_set_client = @saved_cs_client */;

--
-- Dumping data for table `paciente`
--

LOCK TABLES `paciente` WRITE;
/*!40000 ALTER TABLE `paciente` DISABLE KEYS */;
INSERT INTO `paciente` VALUES (1,3908897707,274,'2020-06-04 00:00:00',0),(2,2109967790,137,'2020-05-08 00:00:00',0),(3,429500671,53,'2020-04-15 00:00:00',1),(4,1575573467,268,'2020-05-03 00:00:00',0),(5,2539464606,199,'2020-03-11 00:00:00',0),(6,2539464514,10,'2020-05-20 00:00:00',1),(7,3479400814,98,'2020-04-23 00:00:00',0),(8,2539464432,140,'2020-06-20 00:00:00',1),(9,429500689,102,'2020-03-15 00:00:00',1),(10,2109967792,3,'2020-05-21 00:00:00',1),(11,1146076726,83,'2020-03-31 00:00:00',0),(12,2959488927,165,'2020-05-11 00:00:00',1),(13,2539464552,280,'2020-04-27 00:00:00',1),(14,2539464617,27,'2020-03-08 00:00:00',0),(15,3479400830,42,'2020-05-19 00:00:00',0),(16,3829,135,'2020-04-07 00:00:00',0),(17,2539464523,100,'2020-04-22 00:00:00',1),(18,2109967830,178,'2020-06-10 00:00:00',0),(19,2959488890,55,'2020-04-22 00:00:00',0),(20,1575573506,168,'2020-04-03 00:00:00',0),(21,429500632,112,'2020-04-16 00:00:00',1),(22,2959489036,225,'2020-06-11 00:00:00',0),(23,2109967729,184,'2020-06-22 00:00:00',1),(24,2109967861,174,'2020-04-30 00:00:00',1),(25,3388985771,117,'2020-04-16 00:00:00',1),(26,3479400848,34,'2020-06-03 00:00:00',1),(27,2539464510,19,'2020-04-18 00:00:00',1),(28,429500571,279,'2020-03-03 00:00:00',1),(29,2539464621,159,'2020-04-12 00:00:00',0),(30,3908897512,82,'2020-06-15 00:00:00',0),(31,3388985644,256,'2020-04-13 00:00:00',0),(32,2539464601,258,'2020-05-31 00:00:00',1),(33,3388985656,274,'2020-06-07 00:00:00',1),(34,3479401029,204,'2020-05-07 00:00:00',0),(35,429500520,38,'2020-05-25 00:00:00',1),(36,3479400797,79,'2020-03-19 00:00:00',0),(37,3908897516,29,'2020-05-05 00:00:00',0),(38,2959489026,138,'2020-05-27 00:00:00',1),(39,3479400857,244,'2020-03-03 00:00:00',0),(40,3908897634,60,'2020-03-21 00:00:00',1),(41,2109967877,196,'2020-06-06 00:00:00',0),(42,2109967804,244,'2020-03-09 00:00:00',1),(43,3388985738,74,'2020-05-20 00:00:00',0),(44,2959488857,193,'2020-04-04 00:00:00',0),(45,429500464,26,'2020-05-04 00:00:00',1),(46,2959489088,88,'2020-03-12 00:00:00',0),(47,2539464544,222,'2020-05-13 00:00:00',0),(48,2109967759,214,'2020-04-04 00:00:00',1),(49,2959488986,88,'2020-06-05 00:00:00',0),(50,3388985765,130,'2020-06-20 00:00:00',0),(51,2539464549,143,'2020-04-21 00:00:00',1),(52,429500570,189,'2020-04-10 00:00:00',0),(53,3908897622,7,'2020-05-17 00:00:00',0),(54,429500480,241,'2020-04-03 00:00:00',0),(55,2959489077,113,'2020-06-10 00:00:00',0),(56,2109967718,179,'2020-04-29 00:00:00',0),(57,2959489004,209,'2020-04-06 00:00:00',1),(58,1575573536,43,'2020-06-09 00:00:00',1),(59,2109967731,119,'2020-06-04 00:00:00',0),(60,2109967858,129,'2020-03-29 00:00:00',1),(61,429500510,269,'2020-06-04 00:00:00',1),(62,2959488905,124,'2020-05-14 00:00:00',1),(63,3388985695,5,'2020-05-25 00:00:00',1),(64,3797,190,'2020-06-08 00:00:00',0),(65,3479400863,31,'2020-05-05 00:00:00',0),(66,3908897548,116,'2020-03-18 00:00:00',1),(67,429500670,101,'2020-03-29 00:00:00',0),(68,429500441,82,'2020-04-29 00:00:00',1),(69,1146076848,257,'2020-05-16 00:00:00',1),(70,3388985709,102,'2020-05-24 00:00:00',0),(71,3768,215,'2020-04-23 00:00:00',0),(72,3908897742,206,'2020-05-04 00:00:00',1),(73,1146076895,173,'2020-05-28 00:00:00',0),(74,3388985615,266,'2020-05-30 00:00:00',1),(75,3479400991,66,'2020-04-20 00:00:00',0),(76,3876,219,'2020-03-07 00:00:00',1),(77,2959489049,177,'2020-06-06 00:00:00',0),(78,2539464382,21,'2020-04-11 00:00:00',1),(79,1575573455,154,'2020-06-18 00:00:00',1),(80,2539464408,224,'2020-06-20 00:00:00',0),(81,3479400929,37,'2020-05-31 00:00:00',0),(82,429500565,74,'2020-03-13 00:00:00',1),(83,3754,110,'2020-05-30 00:00:00',1),(84,1575573679,248,'2020-04-15 00:00:00',0),(85,2109967754,87,'2020-04-11 00:00:00',1),(86,2959488886,64,'2020-04-20 00:00:00',1),(87,3908897718,189,'2020-06-13 00:00:00',0),(88,429500646,119,'2020-05-23 00:00:00',1),(89,429500656,160,'2020-06-09 00:00:00',0),(90,2959488878,244,'2020-04-05 00:00:00',1),(91,2539464558,97,'2020-06-22 00:00:00',0),(92,3766,282,'2020-06-14 00:00:00',1),(93,3908897693,67,'2020-03-04 00:00:00',1),(94,2109967864,259,'2020-05-29 00:00:00',0),(95,429500469,17,'2020-03-23 00:00:00',1),(96,2539464583,203,'2020-03-26 00:00:00',0),(97,2109967756,67,'2020-06-07 00:00:00',1),(98,3388985787,89,'2020-03-24 00:00:00',0),(99,1575573567,261,'2020-03-11 00:00:00',0),(100,2959488982,73,'2020-05-11 00:00:00',1),(101,2959488892,176,'2020-03-20 00:00:00',1),(102,2959488949,240,'2020-04-01 00:00:00',0),(103,2959488917,191,'2020-04-02 00:00:00',0),(104,429500506,149,'2020-03-15 00:00:00',0),(105,1575573550,61,'2020-04-20 00:00:00',1),(106,3823,23,'2020-03-18 00:00:00',1),(107,2109967791,12,'2020-05-21 00:00:00',1),(108,2959488941,38,'2020-06-05 00:00:00',0),(109,1575573560,224,'2020-04-02 00:00:00',0),(110,3388985774,261,'2020-03-28 00:00:00',0),(111,2539464420,267,'2020-04-17 00:00:00',1),(112,429500605,61,'2020-03-06 00:00:00',0),(113,3908897695,171,'2020-06-19 00:00:00',1),(114,3908897527,65,'2020-04-22 00:00:00',1),(115,2109967827,20,'2020-04-10 00:00:00',0),(116,2959488952,19,'2020-05-21 00:00:00',1),(117,2539464466,28,'2020-04-06 00:00:00',1),(118,1146076923,253,'2020-06-22 00:00:00',0),(119,2959489007,214,'2020-03-28 00:00:00',0),(120,2539464470,114,'2020-05-21 00:00:00',0),(121,3479400852,139,'2020-04-23 00:00:00',1),(122,3479400961,257,'2020-04-30 00:00:00',0),(123,1575573502,66,'2020-05-06 00:00:00',1),(124,1146076853,45,'2020-03-08 00:00:00',0),(125,3479400974,103,'2020-05-27 00:00:00',1),(126,3388985662,167,'2020-04-17 00:00:00',1),(127,1575573441,76,'2020-04-27 00:00:00',1),(128,3908897560,170,'2020-04-28 00:00:00',1),(129,3479400822,82,'2020-03-09 00:00:00',0),(130,2539464630,208,'2020-03-24 00:00:00',0),(131,3777,54,'2020-05-29 00:00:00',0),(132,1575573585,213,'2020-03-04 00:00:00',1),(133,2959489070,149,'2020-03-10 00:00:00',0),(134,3773,110,'2020-06-10 00:00:00',0),(135,1146076926,84,'2020-05-29 00:00:00',0),(136,2109967703,90,'2020-04-27 00:00:00',0),(137,3388985713,44,'2020-06-04 00:00:00',0),(138,1575573513,160,'2020-06-16 00:00:00',1),(139,2109967816,155,'2020-03-30 00:00:00',1),(140,1146076774,97,'2020-05-31 00:00:00',1),(141,2539464567,18,'2020-05-18 00:00:00',0),(142,2539464463,16,'2020-03-14 00:00:00',0),(143,3908897568,117,'2020-05-04 00:00:00',0),(144,2539464612,185,'2020-03-10 00:00:00',1),(145,2539464462,63,'2020-04-21 00:00:00',0),(146,2109967815,97,'2020-04-19 00:00:00',0),(147,3479400920,207,'2020-03-18 00:00:00',1),(148,3388985817,229,'2020-05-20 00:00:00',0),(149,3388985687,214,'2020-04-02 00:00:00',0),(150,1146076937,201,'2020-06-18 00:00:00',1),(151,3801,49,'2020-03-31 00:00:00',0),(152,3479400841,245,'2020-06-16 00:00:00',0),(153,3479400815,5,'2020-06-23 00:00:00',1),(154,2109967876,41,'2020-06-15 00:00:00',1),(155,2539464444,74,'2020-06-14 00:00:00',0),(156,2109967898,17,'2020-03-28 00:00:00',0),(157,3908897649,98,'2020-05-26 00:00:00',0),(158,2539464530,273,'2020-03-16 00:00:00',1),(159,3964,237,'2020-03-04 00:00:00',0),(160,3479400834,229,'2020-03-22 00:00:00',1),(161,3388985714,3,'2020-05-11 00:00:00',1),(162,3388985671,133,'2020-06-02 00:00:00',0),(163,3479400817,162,'2020-06-10 00:00:00',1),(164,3388985786,132,'2020-03-27 00:00:00',0),(165,1575573646,210,'2020-04-10 00:00:00',0),(166,1146076807,230,'2020-03-24 00:00:00',1),(167,2109967771,22,'2020-04-24 00:00:00',0),(168,2539464426,185,'2020-04-25 00:00:00',1),(169,3388985779,237,'2020-04-18 00:00:00',0),(170,2109967810,225,'2020-03-15 00:00:00',0),(171,1146076724,210,'2020-05-16 00:00:00',0),(172,3960,54,'2020-06-12 00:00:00',1),(173,3908897681,149,'2020-03-30 00:00:00',0),(174,3908897672,246,'2020-04-18 00:00:00',0),(175,3908897587,263,'2020-04-03 00:00:00',0),(176,3388985684,202,'2020-05-25 00:00:00',1),(177,429500575,39,'2020-03-11 00:00:00',0),(178,429500487,103,'2020-05-16 00:00:00',1),(179,1146076842,47,'2020-03-02 00:00:00',0),(180,2109967868,260,'2020-04-15 00:00:00',0),(181,3908897728,207,'2020-04-29 00:00:00',0),(182,2959489040,60,'2020-04-25 00:00:00',0),(183,429500624,24,'2020-06-20 00:00:00',1),(184,2109967646,126,'2020-04-29 00:00:00',1),(185,2109967823,173,'2020-04-08 00:00:00',1),(186,2109967854,9,'2020-04-13 00:00:00',1),(187,2539464414,38,'2020-05-29 00:00:00',0),(188,2959488974,188,'2020-04-23 00:00:00',0),(189,2539464413,68,'2020-04-13 00:00:00',0),(190,2959489084,162,'2020-04-19 00:00:00',1),(191,2959489094,192,'2020-04-16 00:00:00',0),(192,2539464421,184,'2020-04-01 00:00:00',0),(193,3908897591,82,'2020-06-09 00:00:00',0),(194,2959488984,133,'2020-03-09 00:00:00',1),(195,3763,56,'2020-05-06 00:00:00',0),(196,3921,238,'2020-03-28 00:00:00',0),(197,3388985602,70,'2020-06-07 00:00:00',0),(198,3479400867,165,'2020-06-09 00:00:00',0),(199,2109967732,203,'2020-05-31 00:00:00',0),(200,2539464570,146,'2020-06-08 00:00:00',1),(201,3388985719,110,'2020-03-11 00:00:00',0),(202,2539464507,128,'2020-06-17 00:00:00',0),(203,2109967835,166,'2020-04-26 00:00:00',1),(204,3908897599,157,'2020-05-02 00:00:00',1),(205,3388985670,21,'2020-03-15 00:00:00',1),(206,3479401030,227,'2020-05-21 00:00:00',0),(207,2959489083,104,'2020-05-01 00:00:00',0),(208,3388985593,13,'2020-03-28 00:00:00',1),(209,3479400864,189,'2020-04-20 00:00:00',1),(210,1575573507,220,'2020-04-28 00:00:00',1),(211,429500568,123,'2020-03-03 00:00:00',1),(212,2539464459,170,'2020-04-17 00:00:00',1),(213,3479400905,252,'2020-05-21 00:00:00',0),(214,429500518,185,'2020-05-31 00:00:00',1),(215,1575573545,172,'2020-04-27 00:00:00',1),(216,1575573649,104,'2020-06-12 00:00:00',0),(217,2109967695,257,'2020-06-05 00:00:00',1),(218,429500651,60,'2020-06-19 00:00:00',1),(219,3388985646,84,'2020-03-14 00:00:00',0),(220,1575573554,50,'2020-03-09 00:00:00',1),(221,3388985627,111,'2020-06-23 00:00:00',1),(222,429500544,188,'2020-05-30 00:00:00',1),(223,2539464395,43,'2020-03-16 00:00:00',1),(224,3388985746,61,'2020-04-07 00:00:00',1),(225,2539464588,53,'2020-03-19 00:00:00',0),(226,1146076801,236,'2020-03-29 00:00:00',1),(227,3908897635,221,'2020-04-16 00:00:00',0),(228,2539464429,27,'2020-06-17 00:00:00',0),(229,429500639,90,'2020-03-06 00:00:00',1),(230,2109967822,230,'2020-06-07 00:00:00',1),(231,3916,191,'2020-03-10 00:00:00',1),(232,429500615,196,'2020-03-26 00:00:00',0),(233,429500633,130,'2020-05-27 00:00:00',1),(234,2959488888,136,'2020-06-06 00:00:00',0),(235,3388985720,101,'2020-04-06 00:00:00',0),(236,2959488970,74,'2020-06-20 00:00:00',1),(237,3944,23,'2020-04-12 00:00:00',1),(238,3846,134,'2020-04-25 00:00:00',0),(239,3388985744,158,'2020-03-26 00:00:00',1),(240,1575573460,251,'2020-05-22 00:00:00',1),(241,429500684,207,'2020-05-08 00:00:00',1),(242,429500543,113,'2020-05-19 00:00:00',1),(243,3479400956,122,'2020-03-02 00:00:00',0),(244,3908897716,135,'2020-04-06 00:00:00',1),(245,1146076951,271,'2020-03-02 00:00:00',1),(246,1575573648,246,'2020-06-03 00:00:00',0),(247,3908897567,39,'2020-03-04 00:00:00',0),(248,3908897601,5,'2020-04-01 00:00:00',1),(249,2539464449,22,'2020-06-20 00:00:00',0),(250,3388985649,59,'2020-05-26 00:00:00',0),(251,3886,2,'2020-04-24 00:00:00',1),(252,3479400990,250,'2020-06-16 00:00:00',1),(253,3388985780,5,'2020-05-07 00:00:00',0),(254,2539464604,150,'2020-06-20 00:00:00',0),(255,2539464500,84,'2020-03-14 00:00:00',0),(256,1575573613,50,'2020-04-19 00:00:00',1),(257,429500452,264,'2020-03-15 00:00:00',1),(258,3479400877,72,'2020-03-16 00:00:00',1),(259,3388985824,251,'2020-04-10 00:00:00',0),(260,429500515,114,'2020-05-22 00:00:00',1),(261,3749,152,'2020-03-01 00:00:00',0),(262,3908897645,153,'2020-05-07 00:00:00',0),(263,429500599,267,'2020-05-04 00:00:00',0),(264,2539464376,39,'2020-03-28 00:00:00',0),(265,2959488908,38,'2020-04-16 00:00:00',0),(266,2539464425,58,'2020-04-25 00:00:00',1),(267,2539464394,74,'2020-03-06 00:00:00',1),(268,3479400882,142,'2020-04-02 00:00:00',1),(269,1146076764,254,'2020-06-01 00:00:00',1),(270,2109967867,114,'2020-04-19 00:00:00',0),(271,429500561,105,'2020-06-12 00:00:00',0),(272,2539464619,3,'2020-03-17 00:00:00',0),(273,1575573471,2,'2020-03-19 00:00:00',1),(274,2109967665,49,'2020-05-12 00:00:00',0),(275,1146076910,22,'2020-05-03 00:00:00',1),(276,3479400869,26,'2020-04-11 00:00:00',1),(277,3388985604,195,'2020-04-22 00:00:00',0),(278,429500629,8,'2020-03-26 00:00:00',0),(279,1146076821,46,'2020-04-18 00:00:00',1),(280,2959488855,43,'2020-03-14 00:00:00',1),(281,3479400878,103,'2020-04-24 00:00:00',1),(282,2109967667,12,'2020-04-18 00:00:00',1),(283,3799,88,'2020-03-24 00:00:00',1),(284,429500528,202,'2020-05-22 00:00:00',0),(285,3388985707,187,'2020-06-16 00:00:00',0),(286,3388985739,236,'2020-04-04 00:00:00',1),(287,3479400950,11,'2020-06-12 00:00:00',0),(288,3908897641,39,'2020-04-26 00:00:00',0),(289,1146076865,148,'2020-03-14 00:00:00',0),(290,2109967872,267,'2020-06-05 00:00:00',1),(291,429500548,140,'2020-03-15 00:00:00',0),(292,2539464409,87,'2020-03-25 00:00:00',0),(293,2959488968,32,'2020-05-01 00:00:00',1),(294,2959488872,217,'2020-04-07 00:00:00',1),(295,2539464415,88,'2020-03-22 00:00:00',0),(296,3920,166,'2020-03-30 00:00:00',1),(297,1146076732,158,'2020-06-11 00:00:00',1),(298,3887,84,'2020-05-12 00:00:00',0),(299,3479400935,96,'2020-04-27 00:00:00',0),(300,2959489045,251,'2020-03-05 00:00:00',1),(301,2109967670,109,'2020-05-27 00:00:00',1),(302,2539464563,106,'2020-06-13 00:00:00',0),(303,2109967893,43,'2020-03-23 00:00:00',1),(304,3388985729,59,'2020-03-14 00:00:00',1),(305,3388985816,15,'2020-05-25 00:00:00',0),(306,429500552,156,'2020-06-16 00:00:00',0),(307,1146076754,64,'2020-03-31 00:00:00',0),(308,2539464405,49,'2020-04-16 00:00:00',0),(309,3813,131,'2020-06-03 00:00:00',0),(310,3832,202,'2020-04-18 00:00:00',1),(311,1146076888,102,'2020-04-14 00:00:00',0),(312,1146076875,161,'2020-05-07 00:00:00',0),(313,1146076784,259,'2020-03-31 00:00:00',1),(314,3479400989,180,'2020-04-02 00:00:00',0),(315,3908897708,232,'2020-06-16 00:00:00',1),(316,1146076900,137,'2020-04-23 00:00:00',0),(317,2959489001,271,'2020-06-14 00:00:00',1),(318,1146076837,240,'2020-06-23 00:00:00',1),(319,3388985766,125,'2020-06-16 00:00:00',1),(320,1146076710,123,'2020-06-14 00:00:00',1),(321,1575573462,27,'2020-05-22 00:00:00',1),(322,3743,179,'2020-03-09 00:00:00',0),(323,3479401002,106,'2020-05-25 00:00:00',1),(324,1146076944,140,'2020-05-20 00:00:00',1),(325,2539464389,115,'2020-06-21 00:00:00',0),(326,1575573605,82,'2020-03-10 00:00:00',0),(327,1146076892,89,'2020-04-19 00:00:00',0),(328,2109967875,218,'2020-03-06 00:00:00',1),(329,3908897633,222,'2020-05-07 00:00:00',1),(330,3479400948,272,'2020-05-15 00:00:00',0),(331,1575573503,116,'2020-06-14 00:00:00',0),(332,1146076878,30,'2020-04-01 00:00:00',0),(333,3908897741,100,'2020-03-04 00:00:00',1),(334,1146076718,185,'2020-04-08 00:00:00',1),(335,1575573670,30,'2020-03-21 00:00:00',0),(336,2109967722,128,'2020-04-02 00:00:00',1),(337,3908897753,93,'2020-04-28 00:00:00',1),(338,3388985680,199,'2020-04-21 00:00:00',1),(339,1575573495,198,'2020-05-20 00:00:00',1),(340,2109967719,30,'2020-03-02 00:00:00',1),(341,2109967888,116,'2020-03-01 00:00:00',0),(342,3908897530,141,'2020-05-31 00:00:00',1),(343,3388985685,1,'2020-06-21 00:00:00',1),(344,1575573676,34,'2020-03-12 00:00:00',0),(345,2109967742,187,'2020-03-03 00:00:00',0),(346,1146076772,39,'2020-05-28 00:00:00',1),(347,1575573510,79,'2020-03-03 00:00:00',0),(348,1146076871,62,'2020-04-03 00:00:00',1),(349,1146076731,247,'2020-03-20 00:00:00',0),(350,1146076886,257,'2020-06-22 00:00:00',1),(351,3908897740,181,'2020-06-15 00:00:00',0),(352,3839,214,'2020-03-25 00:00:00',0),(353,1575573622,113,'2020-03-10 00:00:00',0),(354,3479400854,84,'2020-03-07 00:00:00',0),(355,2959489071,69,'2020-04-23 00:00:00',0),(356,3479400799,8,'2020-06-12 00:00:00',1),(357,1146076947,169,'2020-06-23 00:00:00',1),(358,3479400787,173,'2020-03-18 00:00:00',1),(359,1146076795,140,'2020-05-14 00:00:00',0),(360,3902,100,'2020-04-22 00:00:00',0),(361,2539464537,134,'2020-06-05 00:00:00',0),(362,2959489015,144,'2020-06-21 00:00:00',1),(363,2539464450,73,'2020-05-06 00:00:00',1),(364,3479400806,25,'2020-04-05 00:00:00',0),(365,3479400835,176,'2020-05-07 00:00:00',1),(366,429500560,199,'2020-03-08 00:00:00',1),(367,3908897685,59,'2020-03-01 00:00:00',1),(368,3479400825,278,'2020-05-30 00:00:00',1),(369,2959488975,17,'2020-06-22 00:00:00',1),(370,429500693,212,'2020-05-02 00:00:00',1),(371,3388985633,272,'2020-06-20 00:00:00',0),(372,1146076790,23,'2020-05-20 00:00:00',0),(373,3908897610,151,'2020-04-20 00:00:00',1),(374,3293712,74,'2020-06-01 00:00:00',0),(375,11991514,279,'2020-04-20 00:00:00',0),(376,15158654,249,'2020-06-16 00:00:00',1),(377,20050521,65,'2020-05-27 00:00:00',1),(378,24762921,151,'2020-04-17 00:00:00',1),(379,36268191,122,'2020-04-16 00:00:00',1),(380,40322723,37,'2020-03-10 00:00:00',0),(381,41798448,276,'2020-04-20 00:00:00',0),(382,46098812,106,'2020-06-15 00:00:00',1),(383,48735975,141,'2020-04-08 00:00:00',1),(384,49329644,234,'2020-06-18 00:00:00',1),(385,56195451,255,'2020-05-05 00:00:00',0),(386,63262550,133,'2020-05-11 00:00:00',0),(387,92910608,56,'2020-05-05 00:00:00',1),(388,94567423,108,'2020-06-20 00:00:00',1),(389,101323408,116,'2020-03-04 00:00:00',0),(390,104666724,194,'2020-06-14 00:00:00',1),(391,106738754,245,'2020-05-01 00:00:00',0),(392,115152887,267,'2020-03-01 00:00:00',1),(393,117717224,152,'2020-03-26 00:00:00',0),(394,127477756,121,'2020-05-15 00:00:00',0),(395,133841375,135,'2020-06-09 00:00:00',0),(396,134630637,69,'2020-05-10 00:00:00',0),(397,138474580,114,'2020-05-02 00:00:00',0),(398,139104719,258,'2020-03-29 00:00:00',1),(399,140362824,75,'2020-03-21 00:00:00',0),(400,141587665,87,'2020-05-02 00:00:00',0),(401,147469785,100,'2020-04-08 00:00:00',1),(402,161653631,282,'2020-04-21 00:00:00',1),(403,165005164,100,'2020-03-09 00:00:00',1),(404,171117646,35,'2020-06-22 00:00:00',1),(405,173213446,36,'2020-04-08 00:00:00',0),(406,178250147,270,'2020-06-04 00:00:00',1),(407,196667739,187,'2020-04-25 00:00:00',1),(408,196923042,6,'2020-03-09 00:00:00',0),(409,203821700,275,'2020-06-07 00:00:00',1),(410,210780343,96,'2020-06-15 00:00:00',1),(411,213336025,11,'2020-05-29 00:00:00',0),(412,218317050,158,'2020-05-16 00:00:00',0),(413,222598240,6,'2020-04-16 00:00:00',0),(414,228833489,103,'2020-04-02 00:00:00',0),(415,229721201,19,'2020-04-06 00:00:00',1),(416,232083678,211,'2020-06-16 00:00:00',0),(417,244805540,68,'2020-05-11 00:00:00',1),(418,252280851,105,'2020-03-24 00:00:00',0),(419,255152045,178,'2020-03-02 00:00:00',0),(420,268457887,176,'2020-05-01 00:00:00',1),(421,272792075,219,'2020-06-10 00:00:00',1),(422,277162215,49,'2020-03-14 00:00:00',1),(423,277614837,221,'2020-04-04 00:00:00',1),(424,290152323,36,'2020-06-13 00:00:00',1),(425,296621645,148,'2020-03-20 00:00:00',1),(426,315463260,277,'2020-06-23 00:00:00',1),(427,317788636,122,'2020-05-09 00:00:00',0),(428,338990797,20,'2020-03-02 00:00:00',1),(429,342736836,87,'2020-05-10 00:00:00',0),(430,345880223,93,'2020-04-04 00:00:00',0),(431,347675458,88,'2020-03-28 00:00:00',1),(432,348070209,15,'2020-03-21 00:00:00',0),(433,353750288,165,'2020-03-02 00:00:00',0),(434,368804486,162,'2020-04-28 00:00:00',0),(435,375957371,274,'2020-05-21 00:00:00',0),(436,385416588,117,'2020-05-20 00:00:00',0),(437,387298815,98,'2020-04-15 00:00:00',1),(438,389813954,77,'2020-06-05 00:00:00',0),(439,392226809,81,'2020-04-10 00:00:00',1),(440,394688987,173,'2020-05-20 00:00:00',1),(441,400139536,227,'2020-05-18 00:00:00',1),(442,403820963,61,'2020-03-28 00:00:00',1),(443,405074320,35,'2020-05-08 00:00:00',0),(444,405824995,10,'2020-05-17 00:00:00',0),(445,408327165,235,'2020-03-15 00:00:00',1),(446,409015698,191,'2020-03-03 00:00:00',0),(447,410584196,117,'2020-04-13 00:00:00',0),(448,426007539,239,'2020-04-15 00:00:00',1),(449,436411369,120,'2020-03-26 00:00:00',0),(450,481981707,192,'2020-04-13 00:00:00',1),(451,485879831,31,'2020-03-06 00:00:00',0),(452,511236220,209,'2020-05-09 00:00:00',0),(453,514098640,72,'2020-06-17 00:00:00',0),(454,522723090,212,'2020-05-23 00:00:00',1),(455,523612181,209,'2020-04-29 00:00:00',0),(456,524435103,225,'2020-04-24 00:00:00',1),(457,528207453,195,'2020-05-13 00:00:00',0),(458,559635772,108,'2020-06-13 00:00:00',1),(459,565783682,96,'2020-04-02 00:00:00',1),(460,583782223,90,'2020-04-18 00:00:00',1),(461,591310016,253,'2020-03-03 00:00:00',1),(462,604320960,37,'2020-05-10 00:00:00',1),(463,618368829,281,'2020-06-15 00:00:00',1),(464,619418912,263,'2020-05-18 00:00:00',0),(465,625443697,182,'2020-03-13 00:00:00',0),(466,657486666,127,'2020-03-21 00:00:00',1),(467,679318294,224,'2020-03-13 00:00:00',0),(468,680038778,264,'2020-03-08 00:00:00',1),(469,683971326,133,'2020-04-29 00:00:00',0),(470,694912376,231,'2020-06-10 00:00:00',0),(471,697056532,43,'2020-03-27 00:00:00',0),(472,705506774,72,'2020-03-19 00:00:00',1),(473,706268347,209,'2020-03-11 00:00:00',0),(474,716739347,174,'2020-05-02 00:00:00',1),(475,723765351,60,'2020-06-15 00:00:00',1),(476,767062176,173,'2020-05-20 00:00:00',1),(477,792335607,227,'2020-03-05 00:00:00',1),(478,794779680,142,'2020-05-03 00:00:00',1),(479,797794035,117,'2020-04-04 00:00:00',0),(480,802234111,118,'2020-03-01 00:00:00',0),(481,815349006,278,'2020-06-13 00:00:00',0),(482,831459386,59,'2020-06-14 00:00:00',0),(483,835465255,231,'2020-03-17 00:00:00',1),(484,842399864,216,'2020-04-15 00:00:00',0),(485,867437114,127,'2020-05-09 00:00:00',0),(486,869014597,240,'2020-05-07 00:00:00',1),(487,876409089,2,'2020-03-26 00:00:00',0),(488,878397065,172,'2020-03-02 00:00:00',1),(489,878590302,146,'2020-06-22 00:00:00',1),(490,919021928,210,'2020-04-19 00:00:00',1),(491,919042156,203,'2020-06-14 00:00:00',0),(492,920156357,55,'2020-05-11 00:00:00',1),(493,920846044,41,'2020-04-30 00:00:00',0),(494,927730192,216,'2020-05-01 00:00:00',1),(495,941497405,254,'2020-03-12 00:00:00',0),(496,959030908,193,'2020-04-24 00:00:00',1),(497,972378445,108,'2020-03-08 00:00:00',0),(498,977128481,33,'2020-03-16 00:00:00',0),(499,994127698,155,'2020-06-16 00:00:00',1),(500,1009124934,171,'2020-04-23 00:00:00',0),(501,1022707229,94,'2020-06-05 00:00:00',1),(502,1038801775,169,'2020-04-26 00:00:00',1),(503,1040231758,182,'2020-03-06 00:00:00',1),(504,1061111052,193,'2020-04-28 00:00:00',0),(505,1071360814,52,'2020-05-26 00:00:00',0),(506,1076293461,138,'2020-04-03 00:00:00',0),(507,1082368088,61,'2020-04-09 00:00:00',1),(508,1090561022,32,'2020-05-24 00:00:00',1),(509,1124617047,145,'2020-03-10 00:00:00',0),(510,1147689154,15,'2020-04-30 00:00:00',0),(511,1162333450,235,'2020-04-21 00:00:00',1),(512,1182287062,105,'2020-04-01 00:00:00',1),(513,1238465639,193,'2020-03-17 00:00:00',1),(514,1249349044,142,'2020-04-20 00:00:00',1),(515,1254238528,101,'2020-06-18 00:00:00',0),(516,1282056639,258,'2020-05-01 00:00:00',1),(517,1291874036,70,'2020-03-05 00:00:00',0),(518,1300556755,103,'2020-03-10 00:00:00',0),(519,1313247557,35,'2020-06-13 00:00:00',1),(520,1319952876,220,'2020-03-06 00:00:00',1),(521,1323098046,222,'2020-04-27 00:00:00',1),(522,1325078644,211,'2020-06-10 00:00:00',1),(523,1331053407,42,'2020-05-04 00:00:00',0),(524,1340867217,163,'2020-04-18 00:00:00',0),(525,1344376353,188,'2020-03-30 00:00:00',0),(526,1346492803,150,'2020-06-19 00:00:00',0),(527,1353334419,244,'2020-03-04 00:00:00',0),(528,1354830695,92,'2020-03-26 00:00:00',1),(529,1365274340,247,'2020-05-15 00:00:00',1),(530,1369891058,9,'2020-04-05 00:00:00',1),(531,1370103491,151,'2020-03-23 00:00:00',1),(532,1373332769,40,'2020-03-14 00:00:00',0),(533,1399275116,67,'2020-06-04 00:00:00',0),(534,1417347589,113,'2020-06-05 00:00:00',1),(535,1418410401,43,'2020-03-28 00:00:00',1),(536,1421297038,162,'2020-04-22 00:00:00',1),(537,1424480392,187,'2020-03-14 00:00:00',0),(538,1424814140,150,'2020-05-27 00:00:00',0),(539,1431753864,135,'2020-04-04 00:00:00',1),(540,1432001799,38,'2020-03-25 00:00:00',1),(541,1444521311,18,'2020-03-24 00:00:00',1),(542,1446668828,211,'2020-05-29 00:00:00',1),(543,1478505486,192,'2020-04-20 00:00:00',0),(544,1487149429,204,'2020-05-17 00:00:00',0),(545,1513345195,281,'2020-03-26 00:00:00',1),(546,1527719729,137,'2020-03-04 00:00:00',0),(547,1561250691,49,'2020-03-08 00:00:00',1),(548,1563490282,239,'2020-05-13 00:00:00',1),(549,1565231630,84,'2020-04-29 00:00:00',0),(550,1572571288,163,'2020-03-01 00:00:00',1),(551,1597526892,245,'2020-03-16 00:00:00',1),(552,1604909332,91,'2020-05-12 00:00:00',1),(553,1609930767,61,'2020-05-05 00:00:00',0),(554,1621761662,134,'2020-03-25 00:00:00',0),(555,1624583183,226,'2020-03-09 00:00:00',1),(556,1632689304,77,'2020-06-11 00:00:00',0),(557,1634857364,67,'2020-04-26 00:00:00',0),(558,1636129570,193,'2020-06-07 00:00:00',1),(559,1637810966,11,'2020-03-17 00:00:00',1),(560,1649479224,42,'2020-04-11 00:00:00',1),(561,1658989225,202,'2020-04-22 00:00:00',0),(562,1668271153,259,'2020-04-15 00:00:00',0),(563,1670230780,281,'2020-06-10 00:00:00',1),(564,1671765399,166,'2020-04-06 00:00:00',1),(565,1690169960,55,'2020-06-22 00:00:00',1),(566,1692586476,63,'2020-03-29 00:00:00',1),(567,1723935586,57,'2020-04-27 00:00:00',1),(568,1764805794,238,'2020-03-12 00:00:00',1),(569,1794444779,171,'2020-04-21 00:00:00',1),(570,1795743058,275,'2020-05-03 00:00:00',0),(571,1817185906,111,'2020-03-28 00:00:00',1),(572,1835215851,218,'2020-03-27 00:00:00',1),(573,1838300131,181,'2020-03-24 00:00:00',0),(574,1840922869,172,'2020-05-20 00:00:00',0),(575,1847514278,87,'2020-04-13 00:00:00',0),(576,1854798080,268,'2020-05-23 00:00:00',0),(577,1859809512,112,'2020-06-08 00:00:00',1),(578,1864150475,35,'2020-04-25 00:00:00',1),(579,1866579802,272,'2020-05-17 00:00:00',0),(580,1867535921,58,'2020-04-02 00:00:00',0),(581,1887925082,51,'2020-03-05 00:00:00',0),(582,1888831492,45,'2020-03-29 00:00:00',0),(583,1893146819,121,'2020-05-31 00:00:00',1),(584,1899750790,134,'2020-03-19 00:00:00',1),(585,1901059134,210,'2020-05-24 00:00:00',1),(586,1902919958,74,'2020-06-14 00:00:00',0),(587,1907517666,45,'2020-06-16 00:00:00',0),(588,1910949896,199,'2020-03-17 00:00:00',0),(589,1916819188,205,'2020-06-21 00:00:00',0),(590,1918643083,222,'2020-06-14 00:00:00',1),(591,1921037116,172,'2020-06-07 00:00:00',1),(592,1950086095,26,'2020-06-04 00:00:00',1),(593,1964641421,136,'2020-04-28 00:00:00',0),(594,1976305073,178,'2020-05-22 00:00:00',0),(595,1990454911,25,'2020-03-10 00:00:00',1),(596,1990530956,197,'2020-06-23 00:00:00',1),(597,1997258103,128,'2020-05-17 00:00:00',1),(598,2001663287,134,'2020-04-03 00:00:00',1),(599,2004411263,268,'2020-03-29 00:00:00',1),(600,2015710007,192,'2020-04-17 00:00:00',1),(601,2029543346,88,'2020-04-07 00:00:00',0),(602,2050511011,235,'2020-06-06 00:00:00',0),(603,2061010391,183,'2020-03-31 00:00:00',1),(604,2064475258,224,'2020-05-17 00:00:00',1),(605,2074344895,51,'2020-05-26 00:00:00',1),(606,2077262882,96,'2020-05-13 00:00:00',1),(607,2078355532,223,'2020-03-19 00:00:00',1),(608,2078397189,117,'2020-03-04 00:00:00',1),(609,2080114811,16,'2020-05-18 00:00:00',1),(610,2080984071,103,'2020-04-01 00:00:00',1),(611,2081270639,114,'2020-06-07 00:00:00',0),(612,2082424323,117,'2020-06-23 00:00:00',0),(613,2083029353,241,'2020-06-21 00:00:00',1),(614,2087805040,127,'2020-05-07 00:00:00',1),(615,2089081980,187,'2020-03-17 00:00:00',0),(616,2093027242,246,'2020-04-26 00:00:00',0),(617,2097168667,145,'2020-04-14 00:00:00',0),(618,2099142395,74,'2020-06-06 00:00:00',0),(619,2107227970,5,'2020-05-04 00:00:00',0),(620,2108294218,260,'2020-06-19 00:00:00',0),(621,2109374556,126,'2020-06-13 00:00:00',1),(622,2116012891,131,'2020-03-29 00:00:00',1),(623,2118976649,230,'2020-05-26 00:00:00',1),(624,2129708237,119,'2020-06-03 00:00:00',1),(625,2138157960,136,'2020-03-11 00:00:00',0),(626,2138770545,52,'2020-04-14 00:00:00',1),(627,2153513254,269,'2020-04-17 00:00:00',1),(628,2164862156,144,'2020-06-18 00:00:00',1),(629,2165044572,43,'2020-04-15 00:00:00',0),(630,2172192264,159,'2020-06-10 00:00:00',1),(631,2178356704,213,'2020-03-26 00:00:00',0),(632,2180159854,145,'2020-04-06 00:00:00',1),(633,2183818047,185,'2020-06-13 00:00:00',0),(634,2185057735,87,'2020-06-01 00:00:00',1),(635,2185538050,256,'2020-03-27 00:00:00',1),(636,2187185930,53,'2020-04-18 00:00:00',0),(637,2202095571,168,'2020-05-23 00:00:00',1),(638,2209810509,229,'2020-03-31 00:00:00',0),(639,2214919280,132,'2020-06-08 00:00:00',1),(640,2223563650,91,'2020-06-03 00:00:00',1),(641,2231355769,255,'2020-04-17 00:00:00',0),(642,2244429376,259,'2020-03-04 00:00:00',1),(643,2245442832,251,'2020-03-06 00:00:00',1),(644,2252926599,271,'2020-03-15 00:00:00',0),(645,2255563370,218,'2020-04-27 00:00:00',1),(646,2258254202,164,'2020-04-21 00:00:00',1),(647,2266983435,248,'2020-06-08 00:00:00',1),(648,2269358624,222,'2020-05-05 00:00:00',1),(649,2270764339,26,'2020-04-07 00:00:00',1),(650,2271973400,137,'2020-03-29 00:00:00',1),(651,2287417398,5,'2020-05-11 00:00:00',0),(652,2292962164,83,'2020-03-11 00:00:00',0),(653,2293979384,238,'2020-03-19 00:00:00',0),(654,2309835687,219,'2020-04-19 00:00:00',0),(655,2313943959,153,'2020-05-29 00:00:00',1),(656,2315943079,173,'2020-06-05 00:00:00',0),(657,2318355471,109,'2020-04-21 00:00:00',0),(658,2321116021,196,'2020-04-29 00:00:00',1),(659,2325095012,199,'2020-03-20 00:00:00',1),(660,2334770293,140,'2020-03-09 00:00:00',0),(661,2341562416,110,'2020-04-01 00:00:00',1),(662,2342578939,1,'2020-06-08 00:00:00',1),(663,2344882979,196,'2020-04-14 00:00:00',1),(664,2345759301,191,'2020-06-08 00:00:00',0),(665,2351327575,244,'2020-05-16 00:00:00',1),(666,2351711998,51,'2020-06-11 00:00:00',0),(667,2356403437,227,'2020-03-07 00:00:00',1),(668,2370411738,145,'2020-03-11 00:00:00',1),(669,2372975572,107,'2020-03-18 00:00:00',1),(670,2377954929,111,'2020-03-03 00:00:00',0),(671,2384098691,127,'2020-03-10 00:00:00',0),(672,2389436467,224,'2020-06-05 00:00:00',1),(673,2391737773,36,'2020-03-12 00:00:00',1),(674,2413615692,228,'2020-04-25 00:00:00',0),(675,2415188700,141,'2020-06-11 00:00:00',0),(676,2420405287,100,'2020-05-10 00:00:00',0),(677,2420858260,15,'2020-05-21 00:00:00',1),(678,2438117642,58,'2020-04-28 00:00:00',1),(679,2444641494,247,'2020-05-17 00:00:00',1),(680,2445018799,30,'2020-03-29 00:00:00',1),(681,2445584134,269,'2020-06-17 00:00:00',0),(682,2459159176,17,'2020-05-30 00:00:00',0),(683,2464971727,95,'2020-04-10 00:00:00',0),(684,2469453025,28,'2020-03-03 00:00:00',1),(685,2477279715,228,'2020-03-24 00:00:00',1),(686,2482484604,264,'2020-04-26 00:00:00',0),(687,2495375266,235,'2020-05-03 00:00:00',0),(688,2500354688,135,'2020-04-06 00:00:00',1),(689,2517070130,252,'2020-03-31 00:00:00',0),(690,2520979939,267,'2020-05-23 00:00:00',1),(691,2522182561,185,'2020-05-29 00:00:00',1),(692,2522583524,50,'2020-05-20 00:00:00',0),(693,2526181278,114,'2020-06-18 00:00:00',1),(694,2530407869,209,'2020-03-13 00:00:00',1),(695,2545634404,203,'2020-04-17 00:00:00',1),(696,2557483051,217,'2020-04-18 00:00:00',0),(697,2561274178,164,'2020-03-07 00:00:00',0),(698,2561796211,129,'2020-06-21 00:00:00',1),(699,2563052436,35,'2020-03-30 00:00:00',1),(700,2564661030,222,'2020-04-27 00:00:00',0),(701,2569642373,87,'2020-05-03 00:00:00',0),(702,2571732786,65,'2020-04-02 00:00:00',1),(703,2578215241,32,'2020-04-19 00:00:00',1),(704,2578941122,238,'2020-06-04 00:00:00',1),(705,2588651301,213,'2020-05-24 00:00:00',0),(706,2592285095,158,'2020-05-20 00:00:00',0),(707,2594184815,90,'2020-06-07 00:00:00',1),(708,2602884560,208,'2020-03-16 00:00:00',1),(709,2605106011,184,'2020-06-10 00:00:00',1),(710,2610047858,21,'2020-03-21 00:00:00',1),(711,2612209206,16,'2020-04-04 00:00:00',0),(712,2613502263,150,'2020-04-05 00:00:00',0),(713,2614311188,258,'2020-03-10 00:00:00',0),(714,2614580217,266,'2020-06-17 00:00:00',1),(715,2618103022,62,'2020-04-04 00:00:00',1),(716,2622903099,3,'2020-03-26 00:00:00',1),(717,2623327698,243,'2020-03-07 00:00:00',0),(718,2633588347,95,'2020-04-17 00:00:00',1),(719,2635856765,20,'2020-05-31 00:00:00',1),(720,2636259996,171,'2020-06-20 00:00:00',0),(721,2636605099,18,'2020-03-02 00:00:00',0),(722,2637155599,282,'2020-03-23 00:00:00',0),(723,2638247720,99,'2020-03-25 00:00:00',0),(724,2655566279,186,'2020-06-07 00:00:00',1),(725,2656371591,84,'2020-04-15 00:00:00',0),(726,2664888283,23,'2020-05-25 00:00:00',0),(727,2670463499,188,'2020-05-06 00:00:00',0),(728,2681276558,51,'2020-03-26 00:00:00',1),(729,2690267790,272,'2020-03-13 00:00:00',0),(730,2699754075,167,'2020-05-01 00:00:00',1),(731,2707337035,180,'2020-05-21 00:00:00',0),(732,2708526976,41,'2020-05-27 00:00:00',0),(733,2712202611,248,'2020-04-30 00:00:00',0),(734,2712961697,29,'2020-06-11 00:00:00',0),(735,2714412050,171,'2020-06-20 00:00:00',1),(736,2718884449,106,'2020-04-15 00:00:00',0),(737,2719207551,205,'2020-05-30 00:00:00',1),(738,2724638725,216,'2020-03-22 00:00:00',0),(739,2727503351,48,'2020-05-14 00:00:00',0),(740,2728408526,249,'2020-05-12 00:00:00',0),(741,2730369403,253,'2020-04-20 00:00:00',1),(742,2732704397,26,'2020-04-11 00:00:00',1),(743,2734752827,66,'2020-04-28 00:00:00',1),(744,2739450868,144,'2020-03-30 00:00:00',0),(745,2740673344,83,'2020-03-05 00:00:00',0),(746,2745200722,200,'2020-03-13 00:00:00',1),(747,2746366855,59,'2020-03-13 00:00:00',1),(748,2753942718,205,'2020-05-06 00:00:00',1),(749,2754211130,162,'2020-06-13 00:00:00',1),(750,2754439459,46,'2020-06-23 00:00:00',0),(751,2760304934,275,'2020-04-16 00:00:00',0),(752,2761028559,213,'2020-03-07 00:00:00',0),(753,2763037896,107,'2020-03-31 00:00:00',1),(754,2772796967,217,'2020-05-25 00:00:00',1),(755,2777150820,254,'2020-05-04 00:00:00',1),(756,2778607290,86,'2020-05-20 00:00:00',0),(757,2779668797,174,'2020-06-14 00:00:00',1),(758,2781223273,150,'2020-03-25 00:00:00',0),(759,2791285759,122,'2020-03-22 00:00:00',0),(760,2793344853,176,'2020-05-28 00:00:00',0),(761,2794879341,190,'2020-06-14 00:00:00',1),(762,2802412855,48,'2020-05-02 00:00:00',0),(763,2805228700,111,'2020-05-22 00:00:00',1),(764,2805490408,171,'2020-05-02 00:00:00',1),(765,2814168559,134,'2020-06-12 00:00:00',0),(766,2822591253,221,'2020-03-13 00:00:00',0),(767,2841285923,83,'2020-06-23 00:00:00',1),(768,2845108747,50,'2020-04-11 00:00:00',0),(769,2846003014,134,'2020-04-18 00:00:00',1),(770,2847339966,96,'2020-04-21 00:00:00',1),(771,2852300632,170,'2020-04-29 00:00:00',0),(772,2852535939,11,'2020-05-05 00:00:00',1),(773,2854287691,132,'2020-05-30 00:00:00',1),(774,2855130682,190,'2020-06-17 00:00:00',1),(775,2859905527,187,'2020-04-14 00:00:00',1),(776,2866565365,37,'2020-05-18 00:00:00',1),(777,2873717837,166,'2020-03-28 00:00:00',0),(778,2879278145,18,'2020-03-18 00:00:00',0),(779,2880648091,50,'2020-04-21 00:00:00',1),(780,2884475011,139,'2020-04-30 00:00:00',1),(781,2886785213,185,'2020-03-07 00:00:00',0),(782,2887617254,153,'2020-04-21 00:00:00',0),(783,2889770847,31,'2020-05-07 00:00:00',0),(784,2899358891,149,'2020-05-22 00:00:00',1),(785,2904150894,15,'2020-05-20 00:00:00',1),(786,2904603799,95,'2020-06-20 00:00:00',1),(787,2922690353,214,'2020-06-07 00:00:00',0),(788,2923550984,200,'2020-04-20 00:00:00',0),(789,2928718403,7,'2020-05-11 00:00:00',1),(790,2942541480,107,'2020-05-04 00:00:00',1),(791,2953691203,237,'2020-04-10 00:00:00',1),(792,2962493927,204,'2020-06-03 00:00:00',0),(793,2962708992,250,'2020-03-11 00:00:00',1),(794,2964229236,13,'2020-04-07 00:00:00',0),(795,2965529185,73,'2020-04-29 00:00:00',0),(796,2979810096,232,'2020-05-22 00:00:00',0),(797,2982294020,71,'2020-06-08 00:00:00',0),(798,2989295698,193,'2020-06-05 00:00:00',1),(799,2992932767,16,'2020-05-07 00:00:00',1),(800,2993451794,251,'2020-03-11 00:00:00',0),(801,2999476006,100,'2020-05-17 00:00:00',1),(802,3002102155,121,'2020-04-02 00:00:00',1),(803,3005678397,260,'2020-06-12 00:00:00',0),(804,3010289647,244,'2020-05-18 00:00:00',1),(805,3019349598,135,'2020-05-15 00:00:00',0),(806,3023463386,126,'2020-05-28 00:00:00',1),(807,3024281581,57,'2020-04-16 00:00:00',1),(808,3026396770,205,'2020-03-20 00:00:00',0),(809,3030321439,198,'2020-05-07 00:00:00',0),(810,3033165377,43,'2020-05-27 00:00:00',0),(811,3040876381,191,'2020-05-12 00:00:00',0),(812,3048292948,281,'2020-04-29 00:00:00',1),(813,3049332978,146,'2020-05-25 00:00:00',1),(814,3050831429,270,'2020-05-19 00:00:00',1),(815,3056727419,89,'2020-06-22 00:00:00',0),(816,3056778074,171,'2020-03-22 00:00:00',0),(817,3065445081,55,'2020-06-03 00:00:00',0),(818,3070635826,221,'2020-06-10 00:00:00',0),(819,3075238839,181,'2020-06-06 00:00:00',1),(820,3078084790,55,'2020-06-19 00:00:00',0),(821,3078120166,227,'2020-05-26 00:00:00',1),(822,3090154443,31,'2020-03-21 00:00:00',0),(823,3095007872,259,'2020-06-10 00:00:00',1),(824,3101697857,27,'2020-06-11 00:00:00',1),(825,3107640387,52,'2020-06-19 00:00:00',0),(826,3112648654,13,'2020-04-07 00:00:00',0),(827,3113540990,193,'2020-04-07 00:00:00',1),(828,3113764799,269,'2020-04-10 00:00:00',0),(829,3120474745,171,'2020-04-20 00:00:00',1),(830,3127764333,240,'2020-04-30 00:00:00',1),(831,3129082031,279,'2020-03-11 00:00:00',1),(832,3133913525,82,'2020-04-02 00:00:00',0),(833,3134148571,94,'2020-06-14 00:00:00',0),(834,3134927896,123,'2020-03-13 00:00:00',0),(835,3141760369,273,'2020-04-23 00:00:00',0),(836,3142891704,265,'2020-03-10 00:00:00',0),(837,3143794236,53,'2020-03-05 00:00:00',0),(838,3146068495,233,'2020-03-16 00:00:00',0),(839,3154516693,265,'2020-04-06 00:00:00',0),(840,3160960645,208,'2020-03-17 00:00:00',1),(841,3164969173,172,'2020-05-03 00:00:00',0),(842,3165125492,94,'2020-04-04 00:00:00',0),(843,3167106431,57,'2020-04-06 00:00:00',0),(844,3168373631,147,'2020-03-28 00:00:00',0),(845,3169104484,142,'2020-03-16 00:00:00',1),(846,3170156425,11,'2020-04-04 00:00:00',1),(847,3170316858,6,'2020-06-04 00:00:00',1),(848,3181852499,92,'2020-06-14 00:00:00',0),(849,3182188674,93,'2020-04-11 00:00:00',1),(850,3183234121,74,'2020-03-23 00:00:00',1),(851,3183563968,140,'2020-03-31 00:00:00',1),(852,3188507849,82,'2020-06-14 00:00:00',0),(853,3203314704,259,'2020-03-05 00:00:00',1),(854,3205348074,49,'2020-05-24 00:00:00',1),(855,3207551561,44,'2020-05-25 00:00:00',0),(856,3209453174,198,'2020-03-12 00:00:00',1),(857,3216004598,137,'2020-06-04 00:00:00',0),(858,3217675147,83,'2020-03-14 00:00:00',1),(859,3222039610,129,'2020-03-14 00:00:00',1),(860,3223903660,206,'2020-06-16 00:00:00',0),(861,3232773935,133,'2020-05-20 00:00:00',1),(862,3233644370,71,'2020-03-07 00:00:00',1),(863,3234980023,197,'2020-03-07 00:00:00',0),(864,3242395803,209,'2020-03-27 00:00:00',0),(865,3246101770,225,'2020-05-24 00:00:00',1),(866,3248150879,76,'2020-03-01 00:00:00',0),(867,3249039273,201,'2020-04-11 00:00:00',1),(868,3250165587,230,'2020-03-08 00:00:00',1),(869,3251684299,25,'2020-05-04 00:00:00',0),(870,3252936295,176,'2020-04-30 00:00:00',1),(871,3254509650,12,'2020-03-24 00:00:00',1),(872,3257872643,188,'2020-06-17 00:00:00',1),(873,3261393148,203,'2020-04-07 00:00:00',0),(874,3264832494,64,'2020-05-10 00:00:00',1),(875,3270524745,237,'2020-03-14 00:00:00',0),(876,3275242078,88,'2020-04-25 00:00:00',1),(877,3277388443,14,'2020-05-08 00:00:00',0),(878,3278816711,45,'2020-04-07 00:00:00',1),(879,3282042014,232,'2020-05-18 00:00:00',0),(880,3283700852,89,'2020-04-08 00:00:00',0),(881,3283880146,64,'2020-04-14 00:00:00',0),(882,3286207890,88,'2020-04-08 00:00:00',1),(883,3293807319,140,'2020-05-24 00:00:00',1),(884,3308696653,242,'2020-05-14 00:00:00',1),(885,3314121384,280,'2020-03-17 00:00:00',0),(886,3317207354,282,'2020-04-25 00:00:00',1),(887,3318879984,153,'2020-03-20 00:00:00',0),(888,3330832005,135,'2020-06-23 00:00:00',0),(889,3332593713,221,'2020-04-06 00:00:00',0),(890,3344177167,52,'2020-04-18 00:00:00',1),(891,3346881170,269,'2020-06-08 00:00:00',0),(892,3348923093,73,'2020-06-08 00:00:00',1),(893,3350340386,205,'2020-06-14 00:00:00',0),(894,3355913656,87,'2020-03-11 00:00:00',1),(895,3356105784,159,'2020-03-10 00:00:00',1),(896,3358528372,253,'2020-06-16 00:00:00',0),(897,3363557009,233,'2020-05-30 00:00:00',0),(898,3364403991,174,'2020-04-05 00:00:00',0),(899,3364868718,209,'2020-04-28 00:00:00',0),(900,3365176024,21,'2020-05-06 00:00:00',0),(901,3365423128,159,'2020-05-18 00:00:00',0),(902,3371261341,239,'2020-04-08 00:00:00',0),(903,3372648956,124,'2020-06-23 00:00:00',1),(904,3375160630,275,'2020-05-15 00:00:00',0),(905,3379219663,280,'2020-05-16 00:00:00',0),(906,3385018087,163,'2020-05-06 00:00:00',0),(907,3386787653,193,'2020-05-27 00:00:00',1),(908,3386820751,73,'2020-03-14 00:00:00',0),(909,3388749024,157,'2020-05-28 00:00:00',0),(910,3388878126,98,'2020-05-23 00:00:00',0),(911,3390424494,1,'2020-03-24 00:00:00',1),(912,3391770139,17,'2020-03-25 00:00:00',0),(913,3397735075,79,'2020-03-06 00:00:00',1),(914,3398622687,55,'2020-03-29 00:00:00',1),(915,3399626799,171,'2020-03-28 00:00:00',1),(916,3399908939,133,'2020-06-10 00:00:00',0),(917,3402006812,235,'2020-05-05 00:00:00',0),(918,3409448891,221,'2020-04-14 00:00:00',1),(919,3411900843,238,'2020-03-25 00:00:00',1),(920,3414145948,136,'2020-04-13 00:00:00',1),(921,3414473473,222,'2020-05-14 00:00:00',1),(922,3415111202,153,'2020-05-13 00:00:00',0),(923,3415582780,62,'2020-03-28 00:00:00',1),(924,3417558348,125,'2020-04-06 00:00:00',0),(925,3419312612,101,'2020-05-10 00:00:00',0),(926,3422187911,213,'2020-04-09 00:00:00',0),(927,3424117720,34,'2020-03-16 00:00:00',1),(928,3428518225,201,'2020-03-11 00:00:00',0),(929,3437125769,37,'2020-06-03 00:00:00',1),(930,3439497933,196,'2020-04-02 00:00:00',1),(931,3440782526,259,'2020-03-13 00:00:00',0),(932,3447262301,17,'2020-04-14 00:00:00',0),(933,3449165034,94,'2020-05-09 00:00:00',1),(934,3450868677,241,'2020-04-14 00:00:00',1),(935,3458351261,27,'2020-05-09 00:00:00',1),(936,3462128465,29,'2020-06-02 00:00:00',1),(937,3473343783,24,'2020-04-12 00:00:00',1),(938,3486697847,226,'2020-03-04 00:00:00',1),(939,3491275282,127,'2020-03-13 00:00:00',1),(940,3491613768,208,'2020-03-29 00:00:00',0),(941,3493213435,132,'2020-03-29 00:00:00',1),(942,3495517678,162,'2020-04-23 00:00:00',0),(943,3496273666,94,'2020-06-06 00:00:00',0),(944,3498594380,59,'2020-04-01 00:00:00',1),(945,3504963318,54,'2020-04-11 00:00:00',1),(946,3505208180,55,'2020-03-18 00:00:00',1),(947,3508386685,78,'2020-03-29 00:00:00',0),(948,3516397642,106,'2020-04-19 00:00:00',0),(949,3516606282,165,'2020-03-29 00:00:00',1),(950,3521924954,256,'2020-04-03 00:00:00',0),(951,3522237425,57,'2020-06-17 00:00:00',1),(952,3522622350,239,'2020-03-02 00:00:00',0),(953,3535243743,97,'2020-05-26 00:00:00',0),(954,3535501918,227,'2020-05-21 00:00:00',0),(955,3537933420,42,'2020-05-21 00:00:00',1),(956,3539449885,51,'2020-03-06 00:00:00',1),(957,3550550595,80,'2020-05-23 00:00:00',0),(958,3553911561,140,'2020-03-24 00:00:00',1),(959,3555293415,35,'2020-04-22 00:00:00',0),(960,3572632074,182,'2020-06-03 00:00:00',1),(961,3572919934,189,'2020-05-14 00:00:00',0),(962,3573269133,141,'2020-06-13 00:00:00',1),(963,3573393598,210,'2020-06-05 00:00:00',0),(964,3574185527,242,'2020-03-30 00:00:00',1),(965,3575203794,132,'2020-03-24 00:00:00',1),(966,3580250494,52,'2020-03-18 00:00:00',0),(967,3580734603,224,'2020-03-31 00:00:00',1),(968,3582106724,258,'2020-04-29 00:00:00',0),(969,3589410922,232,'2020-06-10 00:00:00',0),(970,3597058115,282,'2020-05-06 00:00:00',1),(971,3600874908,150,'2020-06-22 00:00:00',1),(972,3602228360,184,'2020-04-15 00:00:00',0),(973,3602507469,269,'2020-03-04 00:00:00',1),(974,3605140210,269,'2020-03-15 00:00:00',0),(975,3605951326,155,'2020-04-27 00:00:00',0),(976,3618305175,278,'2020-06-09 00:00:00',0),(977,3622424117,91,'2020-04-06 00:00:00',1),(978,3632707526,172,'2020-03-23 00:00:00',0),(979,3633616821,10,'2020-06-16 00:00:00',1),(980,3634698924,24,'2020-05-13 00:00:00',0),(981,3642318181,222,'2020-04-25 00:00:00',1),(982,3645685024,8,'2020-05-21 00:00:00',0),(983,3647539305,236,'2020-06-03 00:00:00',1),(984,3650508554,216,'2020-04-20 00:00:00',0),(985,3651878801,24,'2020-03-31 00:00:00',0),(986,3655306194,35,'2020-03-25 00:00:00',1),(987,3657344261,55,'2020-06-08 00:00:00',0),(988,3658251677,13,'2020-04-13 00:00:00',0),(989,3663226054,127,'2020-05-25 00:00:00',1),(990,3663678273,73,'2020-04-17 00:00:00',1),(991,3663821566,244,'2020-04-12 00:00:00',1),(992,3667866669,19,'2020-05-05 00:00:00',0),(993,3668388101,102,'2020-03-18 00:00:00',1),(994,3669370681,17,'2020-03-22 00:00:00',0),(995,3674623766,137,'2020-05-22 00:00:00',0),(996,3683436819,68,'2020-04-12 00:00:00',1),(997,3686438004,38,'2020-04-02 00:00:00',0),(998,3692192555,55,'2020-03-08 00:00:00',0),(999,3695364379,120,'2020-05-06 00:00:00',1),(1000,3698805942,12,'2020-05-11 00:00:00',0);
/*!40000 ALTER TABLE `paciente` ENABLE KEYS */;
UNLOCK TABLES;

--
-- Table structure for table `paciente_enfermedades`
--

DROP TABLE IF EXISTS `paciente_enfermedades`;
/*!40101 SET @saved_cs_client     = @@character_set_client */;
/*!50503 SET character_set_client = utf8mb4 */;
CREATE TABLE `paciente_enfermedades` (
  `PACIENTE_id` int(11) unsigned NOT NULL,
  `ENFERMEDAD_id` int(11) NOT NULL,
  KEY `PACIENTE_id` (`PACIENTE_id`) USING BTREE,
  KEY `ENFERMEDAD_id` (`ENFERMEDAD_id`) USING BTREE,
  CONSTRAINT `paciente_enfermedades_ibfk_1` FOREIGN KEY (`PACIENTE_id`) REFERENCES `paciente` (`idPACIENTE`) ON DELETE RESTRICT ON UPDATE RESTRICT,
  CONSTRAINT `paciente_enfermedades_ibfk_2` FOREIGN KEY (`ENFERMEDAD_id`) REFERENCES `enfermedad` (`idEnfermedad`) ON DELETE RESTRICT ON UPDATE RESTRICT
) ENGINE=InnoDB DEFAULT CHARSET=utf8;
/*!40101 SET character_set_client = @saved_cs_client */;

--
-- Dumping data for table `paciente_enfermedades`
--

LOCK TABLES `paciente_enfermedades` WRITE;
/*!40000 ALTER TABLE `paciente_enfermedades` DISABLE KEYS */;
INSERT INTO `paciente_enfermedades` VALUES (588,24),(173,132),(766,89),(69,258),(316,342),(692,61),(11,8),(111,181),(94,32),(969,88),(360,17),(218,337),(859,91),(888,204),(413,116),(622,118),(436,262),(29,17),(587,239),(321,142),(419,11),(454,176),(792,39),(808,13),(387,267),(901,53),(511,28),(126,313),(832,33),(874,56),(103,207),(575,211),(660,336),(758,151),(176,231),(246,246),(963,373),(820,303),(53,195),(574,318),(946,143),(414,156),(201,7),(911,322),(433,171),(464,329),(161,34),(194,367),(864,275),(466,322),(784,237),(549,236),(153,166),(901,13),(186,287),(276,61),(635,132),(17,142),(693,18),(188,118),(393,277),(297,159),(935,281),(94,48),(161,314),(428,286),(405,177),(200,34),(705,34),(594,65),(339,17),(231,81),(385,382),(95,267),(833,226),(94,133),(837,89),(914,6),(197,177),(831,274),(371,29),(119,212),(646,144),(30,28),(624,36),(927,189),(314,316),(46,341),(157,33),(556,315),(983,13),(24,123),(107,1),(407,275),(419,57),(289,133),(757,345),(744,223),(762,341),(186,48),(639,121),(504,24),(233,179),(794,77),(621,1),(499,141),(326,3),(62,284),(192,128),(147,336),(597,308),(24,89),(170,356),(740,26),(506,261),(545,158),(878,183),(309,242),(370,147),(477,31),(471,373),(966,32),(78,124),(42,279),(744,47),(562,125),(235,46),(674,349),(198,62),(276,65),(206,187),(89,295),(305,368),(181,76),(811,16),(836,164),(436,237),(815,349),(580,5),(218,28),(673,379),(366,202),(299,116),(616,213),(743,328),(71,161),(682,122),(222,26),(270,131),(887,45),(730,181),(430,145),(585,361),(433,224),(443,188),(464,13),(247,305),(104,135),(240,334),(361,239),(877,364),(411,266),(401,232),(318,165),(972,211),(223,7),(942,186),(607,25),(424,363),(602,33),(495,105),(638,247),(680,4),(272,8),(227,225),(431,322),(77,369),(565,15),(49,302),(424,126),(575,302),(80,141),(659,126),(125,265),(317,301),(206,382),(251,207),(345,136),(577,219),(45,343),(220,376),(274,214),(123,367),(413,353),(443,1),(808,284),(380,147),(985,344),(94,211),(988,134),(808,26),(733,235),(524,71),(448,3),(485,32),(555,364),(474,209),(444,359),(645,195),(606,321),(117,106),(403,366),(730,228),(951,82),(979,232),(869,54),(37,39),(564,175),(632,354),(263,76),(373,168),(601,52),(281,139),(841,188),(43,88),(534,87),(417,305),(730,165),(457,2),(396,175),(218,7),(386,231),(57,155),(182,378),(336,38),(180,16),(400,83),(872,52),(534,28),(701,53),(489,303),(279,62),(398,234),(753,327),(502,206),(935,195),(32,61),(800,9),(808,23),(953,71),(742,136),(361,23),(782,375),(653,6),(618,363),(971,284),(944,148),(646,121),(41,287),(824,73),(21,269),(47,31),(115,143),(966,171),(555,302),(76,336),(791,122),(915,261),(277,124),(139,185),(260,233),(954,175),(822,113),(791,3),(202,4),(711,19),(47,338),(812,81),(417,216),(857,309),(747,3),(698,143),(203,93),(837,322),(648,73),(408,197),(57,1),(422,383),(136,112),(231,286),(268,309),(641,74),(722,362),(216,155),(293,82),(975,129),(795,298),(725,171),(14,381),(135,184),(768,136),(526,326),(340,74),(527,345),(342,368),(639,72),(816,91),(723,171),(956,201),(2,52),(334,2),(339,222),(700,202),(272,187),(4,377),(447,361),(554,3),(996,119),(780,146),(901,282),(962,35),(407,301),(132,349),(903,249),(455,261),(522,349),(216,302),(241,321),(135,369),(214,44),(165,85),(260,365),(699,245),(62,312),(182,111),(775,104),(469,293),(234,231),(310,169),(177,193),(729,192),(392,53),(18,279),(781,171),(135,348),(936,277),(84,203),(50,182),(383,207),(926,114),(728,9),(730,322),(208,134),(99,292),(750,331),(300,136),(945,26),(6,127),(25,237),(110,348),(412,238),(567,275),(15,43),(971,48),(975,175),(866,105),(645,282),(370,232),(975,5),(615,241),(245,376),(720,234),(85,331),(458,278),(352,372),(962,375),(102,181),(18,213),(568,3),(26,12),(116,347),(820,215),(92,163),(67,189),(337,218),(98,104),(296,74),(446,92),(640,176),(979,54),(52,215),(454,303),(889,71),(867,152),(565,312),(875,375),(582,344),(644,36),(938,149),(17,78),(724,51),(491,22),(666,27),(940,333),(672,363),(928,246),(340,38),(433,225),(36,48),(107,35),(885,373),(576,323),(410,97),(833,354),(95,283),(657,22),(1,317),(523,171),(517,136),(585,99),(378,284),(866,175),(155,317),(433,133),(909,272),(250,3),(422,33),(919,166),(575,112),(678,86),(405,13),(439,214),(965,304),(863,191),(409,183),(432,292),(926,11),(976,203),(147,225),(285,367),(766,58),(261,23),(782,228),(881,308),(728,362),(878,284),(403,154),(379,248),(180,237),(649,169),(171,342),(83,36),(746,317),(704,348),(705,208),(630,156),(28,88),(740,5),(592,2),(553,314),(865,196),(245,339),(271,95),(215,41),(993,151),(703,93),(286,163),(208,28),(324,167),(882,49),(846,338),(228,198),(714,164),(252,96),(791,12),(378,8),(141,186),(158,23),(530,374),(963,186),(151,24),(156,196),(319,27),(888,77),(788,14),(29,145),(187,112),(524,227),(87,193),(734,14),(411,103),(588,249),(537,241),(420,1),(697,34),(540,105),(628,121),(202,364),(113,47),(891,93);
/*!40000 ALTER TABLE `paciente_enfermedades` ENABLE KEYS */;
UNLOCK TABLES;

--
-- Table structure for table `paciente_has_camahopistal`
--

DROP TABLE IF EXISTS `paciente_has_camahopistal`;
/*!40101 SET @saved_cs_client     = @@character_set_client */;
/*!50503 SET character_set_client = utf8mb4 */;
CREATE TABLE `paciente_has_camahopistal` (
  `PACIENTE_id` int(10) unsigned NOT NULL,
  `CAMAHOPISTAL_id` int(10) unsigned NOT NULL,
  KEY `fk_PACIENTE_has_CAMAHOPISTAL_CAMAHOPISTAL1_idx` (`CAMAHOPISTAL_id`),
  KEY `fk_PACIENTE_has_CAMAHOPISTAL_PACIENTE1_idx` (`PACIENTE_id`),
  CONSTRAINT `fk_PACIENTE_has_CAMAHOPISTAL_CAMAHOPISTAL1` FOREIGN KEY (`CAMAHOPISTAL_id`) REFERENCES `hopistalcama` (`idCama`),
  CONSTRAINT `fk_PACIENTE_has_CAMAHOPISTAL_PACIENTE1` FOREIGN KEY (`PACIENTE_id`) REFERENCES `paciente` (`idPACIENTE`)
) ENGINE=InnoDB DEFAULT CHARSET=utf8;
/*!40101 SET character_set_client = @saved_cs_client */;

--
-- Dumping data for table `paciente_has_camahopistal`
--

LOCK TABLES `paciente_has_camahopistal` WRITE;
/*!40000 ALTER TABLE `paciente_has_camahopistal` DISABLE KEYS */;
INSERT INTO `paciente_has_camahopistal` VALUES (1,169),(2,163),(3,291),(4,378),(5,415),(6,76),(7,81),(8,484),(9,132),(10,472),(11,176),(12,444),(13,256),(14,314),(15,102),(16,202),(17,181),(18,316),(19,183),(20,88),(21,445),(22,113),(23,15),(24,333),(25,107),(26,426),(27,307),(28,116),(29,494),(30,374),(31,369),(32,419),(33,142),(34,275),(35,109),(36,409),(37,243),(38,282),(39,192),(40,77),(41,236),(42,391),(43,24),(44,244),(45,418),(46,456),(47,402),(48,65),(49,52),(50,239),(51,180),(52,438),(53,480),(54,269),(55,188),(56,334),(57,177),(58,462),(59,37),(60,164),(61,62),(62,186),(63,460),(64,90),(67,219),(68,205),(69,151),(70,294),(71,252),(72,421),(73,126),(74,211),(75,193),(76,158),(77,424),(78,451),(79,342),(80,201),(81,489),(82,483),(83,363),(84,351),(85,51),(86,79),(87,260),(88,71),(89,356),(90,442),(91,354),(92,300),(93,370),(94,497),(95,368),(96,449),(97,364),(99,264),(100,257),(102,341),(103,266),(104,318),(106,148),(107,458),(108,92),(109,100),(114,61),(115,473),(119,499),(120,435),(121,263),(122,425),(123,68),(125,400),(126,111),(127,155),(128,23),(129,311),(131,273),(132,105),(133,324),(134,128),(135,20),(136,233),(138,185),(139,310),(141,32),(143,127),(144,225),(145,119),(146,106),(147,172),(149,218),(151,154),(153,411),(154,179),(155,471),(157,78),(158,30),(162,431),(164,379),(166,398),(167,173),(168,388),(169,171),(170,468),(171,123),(172,89),(173,198),(174,475),(176,389),(177,210),(178,326),(181,56),(182,381),(183,174),(184,70),(185,470),(186,159),(188,13),(191,412),(195,60),(196,296),(197,392),(198,304),(200,74),(201,28),(202,140),(205,386),(206,407),(207,298),(208,214),(210,303),(212,231),(213,187),(215,42),(216,12),(217,35),(220,359),(221,276),(222,96),(223,469),(224,403),(225,302),(232,284),(233,26),(234,319),(235,289),(236,248),(237,345),(238,63),(239,297),(242,258),(243,114),(244,212),(245,434),(247,427),(249,366),(251,220),(253,360),(254,437),(256,320),(257,393),(258,29),(259,385),(262,17),(263,36),(264,457),(266,394),(268,478),(270,292),(286,312),(287,290),(289,3),(290,463),(292,377),(294,147),(296,216),(297,138),(298,395),(302,27),(303,344),(304,203),(307,53),(308,48),(314,323),(316,274),(323,58),(325,103),(327,474),(330,278),(331,353),(334,136),(335,340),(337,422),(338,44),(339,384),(342,428),(345,429),(348,206),(349,129),(350,436),(351,104),(355,487),(358,167),(359,199),(362,204),(365,383),(366,317),(371,406),(378,134),(379,493),(380,410),(383,21),(384,16),(390,130),(393,72),(395,455),(396,279),(398,161),(399,401),(401,221),(403,14),(404,417),(406,40),(409,255),(412,450),(419,253),(420,464),(422,459),(423,476),(427,495),(428,416),(429,8),(437,101),(440,120),(442,335),(444,467),(446,259),(452,117),(453,251),(455,91),(461,322),(463,254),(467,34),(468,367),(469,272),(472,306),(477,99),(480,338),(483,313),(490,343),(491,162),(503,283),(504,87),(505,152),(506,229),(510,361),(513,441),(514,57),(516,404),(517,328),(519,365),(526,352),(527,170),(528,262),(532,110),(535,94),(537,19),(539,222),(540,420),(542,112),(543,67),(545,235),(546,228),(547,175),(559,224),(560,466),(563,481),(565,232),(566,108),(567,115),(575,482),(576,59),(579,287),(580,213),(585,25),(586,387),(591,238),(592,149),(594,293),(597,336),(599,93),(608,315),(611,10),(613,486),(615,433),(618,498),(619,215),(625,440),(626,227),(638,281),(640,376),(646,454),(648,299),(655,178),(663,372),(664,182),(669,321),(673,295),(676,144),(677,373),(678,277),(680,75),(681,80),(683,141),(690,237),(703,69),(704,337),(711,125),(719,207),(726,492),(728,11),(732,73),(733,86),(739,241),(743,223),(746,4),(753,49),(759,150),(762,461),(767,124),(770,330),(771,143),(776,447),(779,84),(782,346),(787,413),(788,85),(803,121),(818,332),(819,18),(829,66),(832,43),(838,382),(840,430),(843,234),(855,288),(858,358),(859,153),(861,9),(867,477),(868,443),(873,5),(875,448),(876,196),(880,309),(881,22),(895,97),(897,83),(898,38),(900,6),(901,47),(927,160),(932,432),(937,267),(938,490),(939,7),(940,190),(943,165),(945,184),(947,245),(948,397),(956,145),(957,82),(958,226),(965,50),(967,271),(968,31);
/*!40000 ALTER TABLE `paciente_has_camahopistal` ENABLE KEYS */;
UNLOCK TABLES;

--
-- Table structure for table `paciente_has_estado_evolutivo`
--

DROP TABLE IF EXISTS `paciente_has_estado_evolutivo`;
/*!40101 SET @saved_cs_client     = @@character_set_client */;
/*!50503 SET character_set_client = utf8mb4 */;
CREATE TABLE `paciente_has_estado_evolutivo` (
  `PACIENTE_id` int(10) unsigned NOT NULL,
  `fechaYhora` datetime NOT NULL,
  `ST_EVO_id` int(10) unsigned NOT NULL,
  KEY `FK_paciente_has_estado_evolutivo_paciente_idPACIENTE` (`PACIENTE_id`),
  KEY `IDX_paciente_has_estado_evolutivo_ESTADO_EVOLUTIVO_id` (`ST_EVO_id`),
  CONSTRAINT `FK_paciente_has_estado_evolutivo_estado_evolutivo_idStEvo` FOREIGN KEY (`ST_EVO_id`) REFERENCES `estado_evolutivo` (`idStEvo`),
  CONSTRAINT `FK_paciente_has_estado_evolutivo_paciente_idPACIENTE` FOREIGN KEY (`PACIENTE_id`) REFERENCES `paciente` (`idPACIENTE`)
) ENGINE=InnoDB DEFAULT CHARSET=utf8;
/*!40101 SET character_set_client = @saved_cs_client */;

--
-- Dumping data for table `paciente_has_estado_evolutivo`
--

LOCK TABLES `paciente_has_estado_evolutivo` WRITE;
/*!40000 ALTER TABLE `paciente_has_estado_evolutivo` DISABLE KEYS */;
INSERT INTO `paciente_has_estado_evolutivo` VALUES (1,'2020-06-09 05:58:00',2),(2,'2020-01-11 05:34:00',6),(3,'2020-03-22 01:34:00',2),(4,'2020-06-07 01:59:00',1),(5,'2020-01-24 22:46:00',4),(6,'2020-03-11 00:55:00',1),(7,'2020-04-24 17:37:00',4),(8,'2020-06-07 21:07:00',5),(9,'2020-04-09 03:34:00',6),(10,'2020-05-25 21:22:00',1),(11,'2020-05-20 00:46:00',4),(12,'2020-02-03 13:24:00',2),(13,'2020-05-17 09:31:00',1),(14,'2020-02-27 14:29:00',6),(15,'2020-05-27 16:31:00',5),(16,'2020-06-03 03:40:00',1),(17,'2020-03-28 21:17:00',3),(18,'2020-06-08 09:07:00',1),(19,'2020-03-29 21:50:00',5),(20,'2020-06-14 16:58:00',4),(21,'2020-04-12 17:39:00',4),(22,'2020-03-27 09:48:00',5),(23,'2020-03-04 06:23:00',4),(24,'2020-03-01 23:03:00',1),(25,'2020-05-21 02:10:00',4),(26,'2020-05-20 06:25:00',2),(27,'2020-04-30 23:14:00',1),(28,'2020-05-07 07:35:00',4),(29,'2020-06-24 13:06:00',6),(30,'2020-04-22 03:13:00',1),(31,'2020-04-25 08:41:00',5),(32,'2020-01-28 13:29:00',2),(33,'2020-05-04 14:28:00',2),(34,'2020-06-23 04:35:00',6),(35,'2020-06-20 09:16:00',6),(36,'2020-05-26 02:18:00',5),(37,'2020-01-05 07:03:00',6),(38,'2020-02-16 16:54:00',3),(39,'2020-05-30 08:39:00',1),(40,'2020-02-01 03:17:00',4),(41,'2020-01-31 04:24:00',1),(42,'2020-04-02 12:52:00',3),(43,'2020-06-10 00:09:00',1),(44,'2020-04-23 05:19:00',4),(45,'2020-02-18 18:59:00',4),(46,'2020-04-14 12:14:00',4),(47,'2020-03-18 13:53:00',3),(48,'2020-01-25 12:35:00',2),(49,'2020-04-03 07:17:00',3),(50,'2020-02-27 07:17:00',3),(51,'2020-04-27 10:30:00',3),(52,'2020-02-29 14:46:00',4),(53,'2020-01-16 03:12:00',4),(54,'2020-01-18 21:14:00',2),(55,'2020-06-03 15:42:00',3),(56,'2020-06-05 06:44:00',4),(57,'2020-02-27 13:26:00',4),(58,'2020-04-05 20:41:00',4),(59,'2020-03-28 10:56:00',3),(60,'2020-03-17 12:13:00',1),(61,'2020-04-09 09:06:00',6),(62,'2020-03-28 04:14:00',4),(63,'2020-06-21 10:07:00',3),(64,'2020-01-21 03:32:00',2),(65,'2020-03-09 13:30:00',2),(66,'2020-06-12 13:29:00',5),(67,'2020-04-29 20:40:00',2),(68,'2020-05-19 09:06:00',3),(69,'2020-02-26 07:12:00',3),(70,'2020-05-21 18:59:00',4),(71,'2020-04-27 17:05:00',2),(72,'2020-03-24 07:17:00',5),(73,'2020-06-10 16:08:00',6),(74,'2020-04-17 03:50:00',6),(75,'2020-01-25 17:17:00',4),(76,'2020-02-19 11:41:00',6),(77,'2020-03-14 02:10:00',6),(78,'2020-01-28 09:36:00',4),(79,'2020-06-04 04:52:00',1),(80,'2020-03-23 21:16:00',3),(81,'2020-04-18 22:11:00',1),(82,'2020-05-01 23:41:00',1),(83,'2020-01-20 22:45:00',2),(84,'2020-02-13 02:02:00',2),(85,'2020-03-04 06:39:00',1),(86,'2020-04-24 09:02:00',1),(87,'2020-05-20 16:53:00',1),(88,'2020-03-05 02:30:00',4),(89,'2020-05-18 20:37:00',1),(90,'2020-06-11 12:33:00',1),(91,'2020-02-21 03:14:00',1),(92,'2020-04-25 09:05:00',5),(93,'2020-02-05 17:17:00',1),(94,'2020-02-15 21:23:00',5),(95,'2020-03-09 21:47:00',5),(96,'2020-03-19 20:04:00',5),(97,'2020-04-11 21:59:00',3),(98,'2020-01-03 22:19:00',5),(99,'2020-06-01 17:23:00',2),(100,'2020-06-15 09:16:00',6),(101,'2020-03-13 06:19:00',1),(102,'2020-04-26 09:55:00',5),(103,'2020-02-11 10:22:00',5),(104,'2020-01-01 17:32:00',4),(105,'2020-05-12 05:35:00',5),(106,'2020-01-10 14:10:00',3),(107,'2020-01-11 00:41:00',2),(108,'2020-02-21 13:55:00',3),(109,'2020-06-12 20:26:00',6),(110,'2020-05-09 13:59:00',4),(111,'2020-03-03 07:26:00',4),(112,'2020-02-28 21:13:00',4),(113,'2020-02-24 13:13:00',5),(114,'2020-04-18 14:55:00',6),(115,'2020-05-13 14:27:00',3),(116,'2020-06-14 19:30:00',2),(117,'2020-05-09 01:03:00',3),(118,'2020-05-21 20:59:00',6),(119,'2020-02-10 16:46:00',6),(120,'2020-01-13 15:21:00',6),(121,'2020-05-02 18:19:00',6),(122,'2020-05-16 00:44:00',6),(123,'2020-01-12 23:02:00',5),(124,'2020-05-21 09:35:00',5),(125,'2020-03-07 06:22:00',1),(126,'2020-01-17 22:37:00',2),(127,'2020-01-27 13:34:00',3),(128,'2020-01-27 10:05:00',2),(129,'2020-06-09 21:39:00',1),(130,'2020-03-08 17:57:00',5),(131,'2020-01-12 21:25:00',2),(132,'2020-02-08 19:32:00',1),(133,'2020-06-03 20:46:00',1),(134,'2020-05-21 10:27:00',4),(135,'2020-04-21 22:34:00',1),(136,'2020-04-07 11:56:00',4),(137,'2020-01-18 00:09:00',2),(138,'2020-02-06 01:26:00',4),(139,'2020-02-29 23:30:00',5),(140,'2020-02-08 00:04:00',5),(141,'2020-04-12 22:23:00',6),(142,'2020-05-11 06:10:00',6),(143,'2020-05-15 16:12:00',6),(144,'2020-03-28 16:33:00',4),(145,'2020-02-17 23:18:00',4),(146,'2020-02-10 08:58:00',5),(147,'2020-06-04 06:58:00',2),(148,'2020-01-29 15:11:00',4),(149,'2020-02-23 12:57:00',5),(150,'2020-01-31 03:17:00',3),(151,'2020-04-30 17:13:00',2),(152,'2020-05-28 04:24:00',3),(153,'2020-03-03 10:28:00',2),(154,'2020-03-08 01:37:00',4),(155,'2020-06-25 22:51:00',2),(156,'2020-05-06 02:07:00',1),(157,'2020-03-10 23:50:00',1),(158,'2020-03-13 22:22:00',4),(159,'2020-02-10 01:52:00',5),(160,'2020-02-08 14:26:00',5),(161,'2020-02-03 06:28:00',5),(162,'2020-01-25 21:41:00',6),(163,'2020-04-08 01:04:00',1),(164,'2020-02-25 01:51:00',1),(165,'2020-04-06 02:55:00',5),(166,'2020-04-24 13:49:00',5),(167,'2020-04-19 17:04:00',1),(168,'2020-04-25 12:26:00',4),(169,'2020-06-17 23:00:00',5),(170,'2020-04-28 08:45:00',6),(171,'2020-05-26 17:01:00',1),(172,'2020-01-25 19:34:00',1),(173,'2020-05-02 01:33:00',3),(174,'2020-01-29 17:27:00',6),(175,'2020-02-01 00:25:00',2),(176,'2020-05-21 04:44:00',1),(177,'2020-04-19 06:42:00',3),(178,'2020-05-07 13:24:00',6),(179,'2020-06-08 02:46:00',4),(180,'2020-01-21 09:45:00',3),(181,'2020-03-02 15:57:00',2),(182,'2020-02-21 20:44:00',3),(183,'2020-05-22 19:06:00',2),(184,'2020-04-13 03:03:00',5),(185,'2020-02-10 14:58:00',3),(186,'2020-04-27 01:51:00',2),(187,'2020-03-29 11:06:00',5),(188,'2020-06-20 23:37:00',3),(189,'2020-05-01 10:18:00',4),(190,'2020-04-21 18:04:00',1),(191,'2020-02-18 23:35:00',4),(192,'2020-03-21 01:33:00',5),(193,'2020-05-04 10:08:00',1),(194,'2020-04-10 07:37:00',3),(195,'2020-05-24 01:18:00',2),(196,'2020-05-02 05:11:00',3),(197,'2020-05-07 04:14:00',2),(198,'2020-03-02 06:31:00',2),(199,'2020-05-29 07:27:00',2),(200,'2020-05-15 05:41:00',5),(201,'2020-03-01 04:37:00',3),(202,'2020-06-06 20:08:00',4),(203,'2020-03-28 22:48:00',1),(204,'2020-05-31 17:31:00',3),(205,'2020-01-17 00:17:00',4),(206,'2020-01-28 15:08:00',5),(207,'2020-05-29 06:58:00',2),(208,'2020-01-29 01:01:00',6),(209,'2020-02-23 20:53:00',6),(210,'2020-03-11 09:37:00',4),(211,'2020-05-01 14:45:00',2),(212,'2020-02-23 12:23:00',3),(213,'2020-03-20 00:21:00',3),(214,'2020-02-07 21:38:00',2),(215,'2020-02-11 03:18:00',1),(216,'2020-01-15 23:47:00',6),(217,'2020-03-14 17:03:00',5),(218,'2020-04-02 19:50:00',1),(219,'2020-05-14 11:01:00',6),(220,'2020-04-15 22:42:00',2),(221,'2020-03-03 03:39:00',3),(222,'2020-05-31 01:18:00',4),(223,'2020-01-30 17:41:00',3),(224,'2020-01-09 07:09:00',3),(225,'2020-04-30 18:54:00',6),(226,'2020-06-12 14:31:00',6),(227,'2020-05-04 05:44:00',1),(228,'2020-04-23 15:41:00',2),(229,'2020-04-14 07:46:00',1),(230,'2020-06-18 07:51:00',4),(231,'2020-05-10 19:53:00',5),(232,'2020-03-10 01:19:00',5),(233,'2020-06-17 02:10:00',3),(234,'2020-03-13 02:58:00',5),(235,'2020-03-12 07:36:00',1),(236,'2020-06-07 14:11:00',5),(237,'2020-02-01 09:31:00',3),(238,'2020-03-24 14:31:00',2),(239,'2020-04-21 04:28:00',1),(240,'2020-03-22 14:04:00',6),(241,'2020-04-12 19:37:00',5),(242,'2020-04-29 12:35:00',3),(243,'2020-06-15 23:24:00',1),(244,'2020-06-01 00:29:00',6),(245,'2020-04-16 00:15:00',1),(246,'2020-01-03 08:13:00',5),(247,'2020-05-16 19:17:00',6),(248,'2020-04-11 02:25:00',1),(249,'2020-03-22 11:07:00',2),(250,'2020-02-21 06:05:00',5),(251,'2020-02-07 07:53:00',1),(252,'2020-06-17 20:56:00',6),(253,'2020-01-25 11:06:00',1),(254,'2020-03-21 21:32:00',1),(255,'2020-02-29 20:38:00',1),(256,'2020-02-09 08:30:00',4),(257,'2020-03-26 20:14:00',3),(258,'2020-01-17 05:52:00',6),(259,'2020-04-19 04:19:00',3),(260,'2020-03-16 23:28:00',3),(261,'2020-02-29 05:45:00',1),(262,'2020-05-16 17:50:00',3),(263,'2020-02-05 16:19:00',6),(264,'2020-06-18 02:36:00',1),(265,'2020-02-18 21:55:00',5),(266,'2020-06-02 08:17:00',6),(267,'2020-05-21 13:32:00',6),(268,'2020-02-26 06:26:00',5),(269,'2020-02-09 07:13:00',5),(270,'2020-04-30 01:56:00',3),(271,'2020-03-14 01:35:00',2),(272,'2020-04-05 20:50:00',3),(273,'2020-06-15 03:04:00',4),(274,'2020-03-28 20:20:00',6),(275,'2020-04-04 22:11:00',6),(276,'2020-01-12 01:24:00',3),(277,'2020-04-09 18:51:00',5),(278,'2020-03-28 04:23:00',2),(279,'2020-02-13 02:50:00',3),(280,'2020-04-11 07:56:00',2),(281,'2020-04-04 16:28:00',1),(282,'2020-06-14 07:03:00',3),(283,'2020-04-24 00:52:00',4),(284,'2020-03-04 01:42:00',1),(285,'2020-04-16 06:50:00',4),(286,'2020-03-19 19:22:00',4),(287,'2020-04-15 20:32:00',2),(288,'2020-06-06 10:11:00',2),(289,'2020-03-28 16:00:00',4),(290,'2020-06-12 21:42:00',2),(291,'2020-05-14 23:52:00',6),(292,'2020-03-20 22:23:00',4),(293,'2020-02-15 06:09:00',5),(294,'2020-04-04 22:59:00',5),(295,'2020-03-09 08:29:00',3),(296,'2020-05-01 01:57:00',2),(297,'2020-04-10 01:43:00',6),(298,'2020-06-10 10:52:00',3),(299,'2020-03-24 07:47:00',3),(300,'2020-04-28 21:13:00',1),(301,'2020-03-11 08:00:00',2),(302,'2020-05-09 07:49:00',3),(303,'2020-03-04 16:09:00',4),(304,'2020-05-29 20:26:00',5),(305,'2020-02-08 18:19:00',5),(306,'2020-03-21 11:15:00',5),(307,'2020-04-07 01:30:00',6),(308,'2020-03-31 11:07:00',5),(309,'2020-02-12 03:57:00',5),(310,'2020-04-12 19:03:00',1),(311,'2020-04-21 20:47:00',4),(312,'2020-06-05 10:46:00',6),(313,'2020-01-03 09:35:00',5),(314,'2020-01-20 12:26:00',4),(315,'2020-03-17 14:26:00',1),(316,'2020-03-08 02:11:00',4),(317,'2020-04-18 17:08:00',2),(318,'2020-04-17 20:46:00',5),(319,'2020-02-10 03:12:00',1),(320,'2020-05-04 17:21:00',6),(321,'2020-04-29 03:53:00',1),(322,'2020-03-03 01:43:00',4),(323,'2020-05-24 22:54:00',6),(324,'2020-04-24 03:37:00',5),(325,'2020-03-08 09:57:00',4),(326,'2020-05-06 09:14:00',2),(327,'2020-06-11 12:52:00',1),(328,'2020-04-14 08:35:00',1),(329,'2020-06-25 16:12:00',4),(330,'2020-04-09 15:33:00',6),(331,'2020-05-08 01:01:00',4),(332,'2020-05-31 02:45:00',4),(333,'2020-03-30 03:52:00',6),(334,'2020-06-04 08:55:00',4),(335,'2020-05-19 13:37:00',1),(336,'2020-04-17 07:00:00',5),(337,'2020-03-22 02:58:00',1),(338,'2020-02-06 09:25:00',3),(339,'2020-05-05 18:03:00',3),(340,'2020-05-08 23:43:00',4),(341,'2020-04-10 10:43:00',3),(342,'2020-02-23 10:53:00',5),(343,'2020-03-24 12:26:00',5),(344,'2020-04-09 16:23:00',1),(345,'2020-03-19 11:30:00',3),(346,'2020-01-02 20:39:00',3),(347,'2020-05-03 03:27:00',5),(348,'2020-04-19 10:43:00',4),(349,'2020-04-09 17:18:00',3),(350,'2020-03-10 08:56:00',4),(351,'2020-02-25 13:54:00',4),(352,'2020-03-29 16:01:00',4),(353,'2020-06-03 00:40:00',3),(354,'2020-04-14 05:11:00',1),(355,'2020-02-26 18:12:00',2),(356,'2020-02-06 10:10:00',3),(357,'2020-04-03 10:22:00',3),(358,'2020-01-12 09:12:00',6),(359,'2020-01-31 14:52:00',1),(360,'2020-01-09 08:39:00',6),(361,'2020-04-19 22:20:00',5),(362,'2020-06-05 13:58:00',4),(363,'2020-05-06 02:34:00',2),(364,'2020-02-22 21:02:00',3),(365,'2020-02-23 03:18:00',1),(366,'2020-04-16 13:37:00',4),(367,'2020-04-04 11:22:00',5),(368,'2020-02-08 09:31:00',1),(369,'2020-06-13 08:30:00',4),(370,'2020-01-09 17:00:00',3),(371,'2020-05-01 23:06:00',1),(372,'2020-01-23 20:34:00',4),(373,'2020-01-12 09:04:00',6),(374,'2020-01-16 21:47:00',5),(375,'2020-02-02 17:31:00',3),(376,'2020-02-07 14:15:00',2),(377,'2020-06-08 09:58:00',1),(378,'2020-01-17 09:56:00',2),(379,'2020-01-07 07:49:00',6),(380,'2020-04-30 06:25:00',4),(381,'2020-04-01 11:43:00',3),(382,'2020-03-15 11:33:00',4),(383,'2020-02-07 13:57:00',3),(384,'2020-05-02 07:42:00',1),(385,'2020-04-07 02:29:00',1),(386,'2020-06-20 14:26:00',1),(387,'2020-02-22 09:42:00',2),(388,'2020-01-03 22:24:00',2),(389,'2020-02-23 01:18:00',3),(390,'2020-01-17 05:35:00',4),(391,'2020-05-31 08:44:00',5),(392,'2020-06-20 11:01:00',6),(393,'2020-03-08 11:40:00',6),(394,'2020-06-20 19:47:00',2),(395,'2020-04-20 11:32:00',6),(396,'2020-01-11 22:45:00',2),(397,'2020-02-05 04:07:00',3),(398,'2020-02-25 17:41:00',2),(399,'2020-01-03 11:38:00',4),(400,'2020-04-26 00:16:00',2),(401,'2020-06-19 07:32:00',3),(402,'2020-05-18 20:44:00',2),(403,'2020-06-24 16:28:00',5),(404,'2020-04-11 09:45:00',3),(405,'2020-03-05 14:41:00',3),(406,'2020-06-25 21:35:00',6),(407,'2020-03-23 01:29:00',6),(408,'2020-05-29 12:33:00',6),(409,'2020-01-12 08:44:00',2),(410,'2020-01-11 12:18:00',5),(411,'2020-05-11 07:08:00',6),(412,'2020-02-24 22:25:00',5),(413,'2020-01-18 02:47:00',6),(414,'2020-03-13 19:53:00',3),(415,'2020-03-01 01:10:00',2),(416,'2020-03-07 11:31:00',2),(417,'2020-04-13 02:01:00',6),(418,'2020-03-28 04:58:00',1),(419,'2020-04-16 04:37:00',6),(420,'2020-05-22 11:18:00',2),(421,'2020-05-19 09:12:00',5),(422,'2020-01-03 19:15:00',2),(423,'2020-02-10 12:40:00',6),(424,'2020-01-20 20:54:00',6),(425,'2020-01-30 04:19:00',3),(426,'2020-01-08 13:59:00',5),(427,'2020-01-21 09:31:00',1),(428,'2020-01-06 20:04:00',6),(429,'2020-01-05 19:33:00',2),(430,'2020-02-29 07:46:00',2),(431,'2020-01-29 21:05:00',5),(432,'2020-01-17 09:01:00',4),(433,'2020-03-28 06:07:00',3),(434,'2020-04-11 02:43:00',1),(435,'2020-06-15 16:39:00',5),(436,'2020-04-21 13:19:00',5),(437,'2020-01-21 03:54:00',4),(438,'2020-05-15 06:52:00',6),(439,'2020-03-20 13:13:00',5),(440,'2020-02-06 02:49:00',3),(441,'2020-05-15 06:42:00',4),(442,'2020-05-29 04:38:00',6),(443,'2020-04-07 16:00:00',3),(444,'2020-03-02 09:37:00',3),(445,'2020-05-20 17:42:00',5),(446,'2020-02-23 15:53:00',2),(447,'2020-02-02 07:57:00',3),(448,'2020-02-03 17:49:00',2),(449,'2020-05-13 13:39:00',5),(450,'2020-01-22 11:42:00',4),(451,'2020-03-28 15:06:00',4),(452,'2020-05-08 11:59:00',2),(453,'2020-03-14 23:25:00',6),(454,'2020-03-17 06:57:00',5),(455,'2020-04-30 19:50:00',1),(456,'2020-03-06 05:15:00',4),(457,'2020-03-02 05:54:00',3),(458,'2020-05-19 05:59:00',3),(459,'2020-06-14 02:47:00',3),(460,'2020-02-17 15:45:00',2),(461,'2020-03-05 22:36:00',1),(462,'2020-05-31 00:46:00',3),(463,'2020-03-05 05:28:00',4),(464,'2020-05-24 05:22:00',6),(465,'2020-03-29 10:47:00',5),(466,'2020-04-20 14:51:00',1),(467,'2020-04-23 08:55:00',6),(468,'2020-02-15 07:18:00',6),(469,'2020-05-12 06:48:00',3),(470,'2020-03-02 07:26:00',4),(471,'2020-01-06 17:28:00',6),(472,'2020-03-25 00:34:00',3),(473,'2020-05-30 08:08:00',5),(474,'2020-05-17 09:11:00',6),(475,'2020-01-09 00:43:00',4),(476,'2020-06-06 18:02:00',5),(477,'2020-05-17 03:53:00',6),(478,'2020-01-16 14:14:00',6),(479,'2020-02-10 15:47:00',4),(480,'2020-06-04 18:47:00',1),(481,'2020-05-11 16:18:00',3),(482,'2020-04-26 05:22:00',1),(483,'2020-03-25 17:12:00',1),(484,'2020-05-18 09:23:00',2),(485,'2020-04-03 16:27:00',4),(486,'2020-05-15 23:32:00',5),(487,'2020-06-10 13:01:00',5),(488,'2020-06-18 21:43:00',1),(489,'2020-06-08 16:37:00',6),(490,'2020-03-07 06:17:00',4),(491,'2020-05-06 09:20:00',6),(492,'2020-01-03 14:36:00',1),(493,'2020-05-11 09:26:00',4),(494,'2020-04-07 15:18:00',2),(495,'2020-01-16 15:20:00',1),(496,'2020-01-16 23:07:00',6),(497,'2020-06-12 09:58:00',3),(498,'2020-04-19 21:09:00',5),(499,'2020-01-30 19:24:00',5),(500,'2020-05-06 18:24:00',6),(501,'2020-06-18 22:00:00',2),(502,'2020-02-23 07:32:00',4),(503,'2020-03-19 13:59:00',3),(504,'2020-01-26 11:11:00',6),(505,'2020-05-22 20:04:00',4),(506,'2020-01-31 07:01:00',2),(507,'2020-02-05 09:49:00',3),(508,'2020-02-11 03:25:00',1),(509,'2020-05-31 19:48:00',6),(510,'2020-03-13 18:31:00',6),(511,'2020-02-08 12:37:00',4),(512,'2020-05-06 23:49:00',1),(513,'2020-05-03 19:13:00',6),(514,'2020-05-02 20:58:00',5),(515,'2020-02-15 16:34:00',3),(516,'2020-01-17 12:33:00',4),(517,'2020-02-01 03:49:00',4),(518,'2020-03-11 06:24:00',4),(519,'2020-06-06 00:23:00',1),(520,'2020-05-20 00:15:00',5),(521,'2020-04-04 03:04:00',2),(522,'2020-04-23 19:23:00',1),(523,'2020-02-20 06:21:00',4),(524,'2020-06-05 23:46:00',4),(525,'2020-04-10 13:50:00',4),(526,'2020-05-26 17:00:00',5),(527,'2020-02-28 15:00:00',6),(528,'2020-02-02 06:14:00',5),(529,'2020-02-09 21:58:00',1),(530,'2020-03-21 10:54:00',4),(531,'2020-05-09 23:59:00',3),(532,'2020-01-17 14:34:00',2),(533,'2020-03-31 16:37:00',5),(534,'2020-05-02 21:54:00',5),(535,'2020-02-15 18:15:00',3),(536,'2020-04-12 18:59:00',3),(537,'2020-02-19 19:49:00',1),(538,'2020-06-14 14:20:00',1),(539,'2020-04-05 20:43:00',1),(540,'2020-02-20 12:18:00',4),(541,'2020-05-11 00:59:00',2),(542,'2020-05-06 15:55:00',2),(543,'2020-06-07 15:21:00',2),(544,'2020-03-05 13:00:00',1),(545,'2020-06-09 07:27:00',4),(546,'2020-02-22 13:05:00',4),(547,'2020-04-30 10:45:00',3),(548,'2020-04-05 08:19:00',6),(549,'2020-01-17 21:09:00',5),(550,'2020-01-04 06:11:00',2),(551,'2020-02-19 06:35:00',4),(552,'2020-06-08 11:19:00',3),(553,'2020-01-16 18:44:00',6),(554,'2020-01-01 01:45:00',6),(555,'2020-02-02 17:53:00',4),(556,'2020-04-08 07:00:00',1),(557,'2020-01-16 06:53:00',6),(558,'2020-05-05 06:03:00',2),(559,'2020-04-04 10:09:00',5),(560,'2020-05-01 22:09:00',3),(561,'2020-04-28 22:39:00',1),(562,'2020-01-21 22:52:00',6),(563,'2020-05-08 07:37:00',2),(564,'2020-04-06 09:30:00',1),(565,'2020-06-10 21:49:00',6),(566,'2020-05-22 08:04:00',2),(567,'2020-01-08 07:42:00',1),(568,'2020-01-02 14:29:00',3),(569,'2020-03-16 12:11:00',2),(570,'2020-01-05 01:17:00',6),(571,'2020-04-30 22:59:00',2),(572,'2020-04-10 08:33:00',3),(573,'2020-06-17 09:18:00',5),(574,'2020-06-15 00:39:00',3),(575,'2020-05-19 20:10:00',3),(576,'2020-04-06 22:47:00',6),(577,'2020-05-29 10:53:00',3),(578,'2020-02-28 08:36:00',3),(579,'2020-01-20 02:15:00',1),(580,'2020-05-11 08:49:00',3),(581,'2020-01-28 15:05:00',6),(582,'2020-01-30 03:39:00',6),(583,'2020-01-07 10:32:00',1),(584,'2020-01-16 21:07:00',6),(585,'2020-06-10 09:28:00',2),(586,'2020-03-04 12:09:00',5),(587,'2020-05-27 12:32:00',3),(588,'2020-03-18 18:56:00',4),(589,'2020-05-26 23:22:00',3),(590,'2020-01-18 12:57:00',2),(591,'2020-02-19 20:31:00',1),(592,'2020-05-13 03:32:00',2),(593,'2020-01-12 16:28:00',6),(594,'2020-02-03 00:40:00',2),(595,'2020-05-22 14:25:00',6),(596,'2020-05-05 16:26:00',3),(597,'2020-02-18 11:18:00',3),(598,'2020-04-02 04:43:00',3),(599,'2020-06-16 22:31:00',6),(600,'2020-02-11 03:23:00',6),(601,'2020-01-26 03:26:00',5),(602,'2020-02-01 22:21:00',5),(603,'2020-03-10 18:00:00',5),(604,'2020-04-19 01:42:00',1),(605,'2020-03-19 18:20:00',3),(606,'2020-02-17 21:39:00',4),(607,'2020-04-15 01:15:00',6),(608,'2020-03-05 23:35:00',5),(609,'2020-03-15 22:01:00',5),(610,'2020-03-18 00:28:00',6),(611,'2020-01-18 17:02:00',2),(612,'2020-01-24 11:33:00',1),(613,'2020-04-09 21:44:00',6),(614,'2020-06-14 10:14:00',4),(615,'2020-03-02 22:11:00',4),(616,'2020-04-28 16:29:00',6),(617,'2020-01-26 01:15:00',6),(618,'2020-05-15 13:38:00',2),(619,'2020-01-18 14:03:00',2),(620,'2020-05-01 23:11:00',5),(621,'2020-05-18 12:37:00',3),(622,'2020-01-27 05:50:00',2),(623,'2020-03-21 09:42:00',6),(624,'2020-02-29 02:04:00',3),(625,'2020-05-13 16:39:00',6),(626,'2020-01-06 09:47:00',5),(627,'2020-01-08 23:13:00',3),(628,'2020-04-02 22:13:00',1),(629,'2020-05-14 19:03:00',5),(630,'2020-03-31 00:09:00',1),(631,'2020-04-03 14:45:00',3),(632,'2020-03-03 07:48:00',2),(633,'2020-02-01 17:44:00',5),(634,'2020-06-19 21:36:00',4),(635,'2020-04-13 13:57:00',1),(636,'2020-02-19 17:18:00',6),(637,'2020-06-04 13:16:00',1),(638,'2020-01-08 07:54:00',2),(639,'2020-04-02 03:01:00',2),(640,'2020-04-15 05:18:00',3),(641,'2020-01-21 01:26:00',1),(642,'2020-05-07 19:44:00',6),(643,'2020-04-18 08:39:00',6),(644,'2020-05-01 00:30:00',5),(645,'2020-01-01 03:31:00',1),(646,'2020-06-22 13:03:00',1),(647,'2020-03-05 17:43:00',6),(648,'2020-04-11 02:04:00',5),(649,'2020-05-26 08:31:00',3),(650,'2020-04-03 20:24:00',5),(651,'2020-05-07 12:12:00',4),(652,'2020-06-16 12:58:00',4),(653,'2020-05-15 16:35:00',2),(654,'2020-05-25 06:29:00',6),(655,'2020-04-15 11:56:00',5),(656,'2020-03-19 18:57:00',2),(657,'2020-01-17 01:15:00',6),(658,'2020-02-09 20:48:00',6),(659,'2020-01-10 01:59:00',1),(660,'2020-04-02 20:37:00',6),(661,'2020-05-27 10:56:00',1),(662,'2020-05-08 05:55:00',1),(663,'2020-01-28 20:00:00',1),(664,'2020-01-21 23:18:00',5),(665,'2020-04-12 13:25:00',1),(666,'2020-01-21 09:01:00',6),(667,'2020-04-13 17:30:00',3),(668,'2020-05-01 21:31:00',3),(669,'2020-05-17 11:35:00',2),(670,'2020-04-13 12:56:00',5),(671,'2020-03-13 05:02:00',4),(672,'2020-03-25 14:56:00',5),(673,'2020-05-18 07:10:00',4),(674,'2020-01-03 16:19:00',1),(675,'2020-04-23 18:20:00',6),(676,'2020-05-01 15:48:00',1),(677,'2020-02-11 17:56:00',3),(678,'2020-04-20 04:17:00',2),(679,'2020-05-21 04:14:00',1),(680,'2020-04-11 04:29:00',3),(681,'2020-04-05 01:58:00',1),(682,'2020-01-13 14:29:00',1),(683,'2020-05-12 06:58:00',3),(684,'2020-06-18 15:26:00',1),(685,'2020-01-10 21:47:00',5),(686,'2020-04-27 20:43:00',1),(687,'2020-03-27 10:11:00',6),(688,'2020-05-20 02:31:00',4),(689,'2020-02-10 18:09:00',6),(690,'2020-04-14 02:03:00',4),(691,'2020-02-22 18:55:00',2),(692,'2020-05-31 21:38:00',6),(693,'2020-04-22 01:01:00',2),(694,'2020-04-20 03:41:00',5),(695,'2020-04-29 21:09:00',5),(696,'2020-02-03 11:00:00',2),(697,'2020-03-31 15:16:00',4),(698,'2020-02-03 21:43:00',1),(699,'2020-01-12 05:32:00',6),(700,'2020-01-22 17:13:00',6),(701,'2020-03-19 15:32:00',3),(702,'2020-03-16 23:16:00',2),(703,'2020-04-04 13:43:00',6),(704,'2020-02-04 12:11:00',4),(705,'2020-05-10 14:31:00',2),(706,'2020-02-15 15:09:00',3),(707,'2020-02-11 09:02:00',3),(708,'2020-02-03 04:55:00',6),(709,'2020-01-31 10:07:00',3),(710,'2020-02-19 21:54:00',2),(711,'2020-03-17 08:26:00',4),(712,'2020-06-25 12:56:00',3),(713,'2020-01-19 20:41:00',6),(714,'2020-04-10 22:06:00',5),(715,'2020-02-15 15:17:00',4),(716,'2020-03-20 00:18:00',4),(717,'2020-02-23 04:57:00',4),(718,'2020-04-20 20:34:00',6),(719,'2020-04-12 11:53:00',6),(720,'2020-02-22 23:56:00',6),(721,'2020-01-10 02:49:00',6),(722,'2020-01-14 10:53:00',6),(723,'2020-04-27 05:25:00',3),(724,'2020-05-15 07:30:00',1),(725,'2020-05-22 15:40:00',1),(726,'2020-02-17 06:25:00',4),(727,'2020-02-27 00:45:00',6),(728,'2020-03-04 06:09:00',6),(729,'2020-04-25 05:18:00',5),(730,'2020-06-03 03:57:00',4),(731,'2020-01-05 19:30:00',5),(732,'2020-03-07 20:46:00',2),(733,'2020-01-17 08:17:00',4),(734,'2020-01-11 01:42:00',5),(735,'2020-04-10 07:26:00',1),(736,'2020-02-19 13:56:00',2),(737,'2020-03-18 05:17:00',6),(738,'2020-04-20 09:14:00',1),(739,'2020-02-18 13:14:00',6),(740,'2020-06-09 21:33:00',4),(741,'2020-03-29 00:33:00',4),(742,'2020-03-27 07:20:00',5),(743,'2020-04-14 16:24:00',2),(744,'2020-04-22 20:04:00',3),(745,'2020-06-01 07:18:00',6),(746,'2020-03-03 23:25:00',1),(747,'2020-04-06 00:16:00',6),(748,'2020-01-07 08:27:00',5),(749,'2020-02-12 16:12:00',5),(750,'2020-04-08 17:39:00',4),(751,'2020-06-06 13:49:00',4),(752,'2020-05-18 05:36:00',6),(753,'2020-06-24 08:59:00',5),(754,'2020-06-04 11:24:00',5),(755,'2020-03-16 23:46:00',2),(756,'2020-01-17 15:19:00',3),(757,'2020-05-28 04:13:00',4),(758,'2020-03-24 16:38:00',5),(759,'2020-02-27 17:17:00',6),(760,'2020-01-05 07:27:00',1),(761,'2020-01-12 11:41:00',3),(762,'2020-03-06 14:29:00',1),(763,'2020-06-20 16:24:00',6),(764,'2020-04-03 17:51:00',3),(765,'2020-03-02 03:54:00',3),(766,'2020-02-22 18:19:00',4),(767,'2020-05-08 22:14:00',1),(768,'2020-05-27 13:41:00',1),(769,'2020-06-23 09:04:00',5),(770,'2020-01-20 05:55:00',1),(771,'2020-04-06 11:54:00',3),(772,'2020-04-06 00:12:00',3),(773,'2020-06-03 08:02:00',3),(774,'2020-03-20 19:23:00',2),(775,'2020-06-16 21:22:00',2),(776,'2020-04-13 01:12:00',6),(777,'2020-04-26 19:08:00',4),(778,'2020-06-09 03:44:00',3),(779,'2020-03-15 04:58:00',6),(780,'2020-01-24 18:25:00',5),(781,'2020-02-28 18:52:00',1),(782,'2020-04-23 23:42:00',5),(783,'2020-04-03 02:50:00',6),(784,'2020-02-01 13:35:00',2),(785,'2020-04-15 23:43:00',4),(786,'2020-03-03 03:39:00',5),(787,'2020-04-12 12:12:00',6),(788,'2020-01-10 17:49:00',1),(789,'2020-02-17 05:48:00',4),(790,'2020-03-27 16:52:00',6),(791,'2020-06-01 15:47:00',2),(792,'2020-05-21 03:09:00',3),(793,'2020-06-22 22:16:00',1),(794,'2020-01-12 07:18:00',6),(795,'2020-03-10 07:18:00',5),(796,'2020-06-08 09:15:00',2),(797,'2020-02-15 00:35:00',1),(798,'2020-01-17 18:41:00',6),(799,'2020-06-08 03:40:00',6),(800,'2020-02-06 10:30:00',3),(801,'2020-05-20 06:38:00',3),(802,'2020-01-18 11:08:00',1),(803,'2020-05-04 23:32:00',2),(804,'2020-03-06 20:47:00',5),(805,'2020-05-05 08:10:00',1),(806,'2020-06-06 10:33:00',4),(807,'2020-04-07 08:39:00',3),(808,'2020-04-13 10:55:00',3),(809,'2020-02-22 18:42:00',1),(810,'2020-05-27 02:12:00',2),(811,'2020-06-17 06:07:00',4),(812,'2020-03-22 10:39:00',2),(813,'2020-04-23 15:31:00',3),(814,'2020-02-27 08:09:00',3),(815,'2020-05-20 04:13:00',3),(816,'2020-05-09 03:59:00',2),(817,'2020-04-29 16:06:00',3),(818,'2020-04-04 12:11:00',2),(819,'2020-04-20 10:40:00',2),(820,'2020-02-11 14:30:00',3),(821,'2020-01-28 02:39:00',3),(822,'2020-04-13 09:16:00',2),(823,'2020-03-22 10:15:00',1),(824,'2020-05-12 15:29:00',2),(825,'2020-03-12 22:05:00',3),(826,'2020-01-11 19:01:00',1),(827,'2020-05-01 21:35:00',2),(828,'2020-02-29 18:17:00',4),(829,'2020-03-23 14:30:00',1),(830,'2020-03-03 01:45:00',6),(831,'2020-03-24 20:04:00',4),(832,'2020-03-30 04:25:00',3),(833,'2020-01-25 23:46:00',5),(834,'2020-01-17 11:13:00',2),(835,'2020-05-16 13:56:00',6),(836,'2020-04-15 10:59:00',2),(837,'2020-06-12 20:51:00',6),(838,'2020-05-15 18:09:00',1),(839,'2020-04-05 09:02:00',1),(840,'2020-06-16 01:32:00',2),(841,'2020-01-09 01:56:00',2),(842,'2020-06-19 10:31:00',6),(843,'2020-01-21 09:28:00',3),(844,'2020-03-17 05:09:00',4),(845,'2020-01-06 15:41:00',4),(846,'2020-02-25 14:44:00',6),(847,'2020-05-28 13:51:00',2),(848,'2020-06-14 19:33:00',2),(849,'2020-01-02 02:59:00',5),(850,'2020-06-22 13:43:00',3),(851,'2020-03-23 02:11:00',6),(852,'2020-01-07 16:36:00',5),(853,'2020-06-25 12:02:00',1),(854,'2020-06-15 18:09:00',4),(855,'2020-02-18 13:44:00',2),(856,'2020-03-19 10:49:00',3),(857,'2020-02-24 10:14:00',1),(858,'2020-02-26 01:50:00',5),(859,'2020-01-08 02:42:00',3),(860,'2020-05-03 12:08:00',1),(861,'2020-04-13 16:40:00',1),(862,'2020-02-29 23:09:00',4),(863,'2020-04-24 17:53:00',3),(864,'2020-06-21 02:56:00',1),(865,'2020-05-26 17:28:00',5),(866,'2020-04-14 13:21:00',3),(867,'2020-02-01 03:54:00',6),(868,'2020-04-01 14:04:00',2),(869,'2020-01-29 19:21:00',4),(870,'2020-04-20 02:47:00',4),(871,'2020-06-02 15:56:00',6),(872,'2020-02-24 13:08:00',1),(873,'2020-03-17 16:57:00',1),(874,'2020-06-01 12:01:00',1),(875,'2020-02-23 03:04:00',3),(876,'2020-03-24 13:38:00',2),(877,'2020-03-11 13:14:00',3),(878,'2020-03-22 17:52:00',5),(879,'2020-05-17 18:23:00',5),(880,'2020-05-17 09:49:00',1),(881,'2020-06-11 23:30:00',6),(882,'2020-03-15 08:43:00',4),(883,'2020-02-10 05:33:00',3),(884,'2020-02-03 14:43:00',1),(885,'2020-01-17 09:06:00',2),(886,'2020-01-21 19:54:00',3),(887,'2020-06-09 08:11:00',5),(888,'2020-01-11 23:12:00',6),(889,'2020-02-20 12:42:00',4),(890,'2020-05-16 01:29:00',6),(891,'2020-06-17 06:52:00',5),(892,'2020-01-09 15:04:00',5),(893,'2020-02-07 21:19:00',4),(894,'2020-01-24 00:53:00',3),(895,'2020-02-19 04:31:00',6),(896,'2020-05-11 18:28:00',3),(897,'2020-06-12 19:29:00',2),(898,'2020-02-09 03:20:00',4),(899,'2020-06-22 00:35:00',2),(900,'2020-02-11 07:27:00',5),(901,'2020-01-17 13:00:00',1),(902,'2020-02-11 08:16:00',5),(903,'2020-06-13 20:25:00',4),(904,'2020-04-26 00:08:00',4),(905,'2020-02-03 10:20:00',4),(906,'2020-03-05 09:55:00',1),(907,'2020-04-05 06:30:00',6),(908,'2020-01-02 15:00:00',5),(909,'2020-03-14 05:03:00',4),(910,'2020-01-14 01:35:00',6),(911,'2020-06-05 08:51:00',4),(912,'2020-02-07 01:41:00',4),(913,'2020-02-25 02:23:00',6),(914,'2020-06-08 17:39:00',5),(915,'2020-04-29 10:18:00',6),(916,'2020-06-21 17:29:00',6),(917,'2020-03-23 14:08:00',4),(918,'2020-06-12 16:51:00',5),(919,'2020-04-20 02:37:00',2),(920,'2020-03-02 10:01:00',6),(921,'2020-02-04 04:58:00',2),(922,'2020-04-05 00:32:00',6),(923,'2020-01-22 11:29:00',3),(924,'2020-01-06 21:35:00',5),(925,'2020-05-24 11:04:00',1),(926,'2020-06-11 03:40:00',4),(927,'2020-06-03 11:49:00',4),(928,'2020-05-22 19:17:00',3),(929,'2020-02-25 16:02:00',2),(930,'2020-04-05 00:16:00',1),(931,'2020-06-02 02:06:00',4),(932,'2020-03-10 00:06:00',5),(933,'2020-04-29 07:13:00',6),(934,'2020-04-15 09:50:00',2),(935,'2020-03-16 06:40:00',1),(936,'2020-04-17 09:16:00',3),(937,'2020-05-31 03:26:00',4),(938,'2020-04-07 16:38:00',1),(939,'2020-03-16 19:46:00',3),(940,'2020-02-14 17:52:00',6),(941,'2020-02-29 20:35:00',2),(942,'2020-02-29 09:50:00',6),(943,'2020-02-14 23:17:00',4),(944,'2020-03-08 04:23:00',5),(945,'2020-05-23 19:29:00',6),(946,'2020-05-01 17:10:00',2),(947,'2020-02-08 05:01:00',6),(948,'2020-04-14 00:30:00',6),(949,'2020-04-14 01:29:00',2),(950,'2020-02-24 19:36:00',6),(951,'2020-04-02 06:30:00',3),(952,'2020-03-01 13:25:00',3),(953,'2020-01-27 06:00:00',6),(954,'2020-03-10 13:46:00',5),(955,'2020-04-12 17:41:00',2),(956,'2020-03-18 03:29:00',4),(957,'2020-05-28 15:44:00',2),(958,'2020-03-13 01:39:00',4),(959,'2020-04-08 09:36:00',4),(960,'2020-05-28 04:55:00',1),(961,'2020-05-14 14:44:00',6),(962,'2020-04-01 04:41:00',4),(963,'2020-05-12 18:08:00',1),(964,'2020-01-30 11:47:00',4),(965,'2020-02-05 05:41:00',5),(966,'2020-01-27 14:15:00',2),(967,'2020-01-30 15:17:00',6),(968,'2020-03-07 03:39:00',1),(969,'2020-05-14 23:45:00',1),(970,'2020-05-29 18:20:00',4),(971,'2020-06-10 03:48:00',3),(972,'2020-01-18 14:20:00',6),(973,'2020-06-09 13:51:00',6),(974,'2020-03-13 21:37:00',4),(975,'2020-01-04 03:52:00',2),(976,'2020-02-19 13:29:00',2),(977,'2020-04-28 07:40:00',1),(978,'2020-06-21 23:35:00',6),(979,'2020-01-23 04:53:00',3),(980,'2020-06-11 01:13:00',4),(981,'2020-05-28 08:32:00',1),(982,'2020-05-08 21:06:00',3),(983,'2020-05-17 03:20:00',1),(984,'2020-06-07 22:58:00',6),(985,'2020-04-23 12:30:00',1),(986,'2020-01-06 13:15:00',1),(987,'2020-06-21 19:11:00',6),(988,'2020-05-16 10:12:00',4),(989,'2020-01-01 22:51:00',1),(990,'2020-05-18 08:52:00',6),(991,'2020-03-15 15:00:00',4),(992,'2020-03-18 14:40:00',5),(993,'2020-03-22 15:41:00',4),(994,'2020-01-20 22:47:00',3),(995,'2020-03-09 07:30:00',3),(996,'2020-04-26 23:20:00',2),(997,'2020-03-27 04:55:00',5),(998,'2020-04-07 23:39:00',3),(999,'2020-04-03 12:42:00',4),(1000,'2020-01-09 11:02:00',6),(611,'2020-05-03 13:51:00',1),(836,'2020-03-16 13:26:00',1),(619,'2020-03-25 07:13:00',5),(152,'2020-03-10 13:23:00',4),(513,'2020-05-10 03:26:00',4),(575,'2020-01-29 04:08:00',2),(153,'2020-04-03 03:15:00',4),(524,'2020-04-26 00:41:00',2),(966,'2020-02-23 22:59:00',4),(766,'2020-02-01 08:52:00',3),(229,'2020-05-29 06:17:00',2),(759,'2020-01-06 13:33:00',6),(36,'2020-06-05 17:57:00',5),(627,'2020-05-06 16:58:00',4),(823,'2020-02-21 19:13:00',1),(512,'2020-03-30 11:07:00',4),(840,'2020-02-12 02:18:00',5),(533,'2020-03-26 21:29:00',1),(69,'2020-01-14 07:51:00',3),(696,'2020-02-04 12:21:00',6),(94,'2020-05-03 06:38:00',4),(66,'2020-03-09 00:00:00',1),(221,'2020-03-27 17:35:00',6),(13,'2020-06-02 06:26:00',4),(304,'2020-01-07 02:07:00',6),(876,'2020-06-18 18:06:00',1),(554,'2020-05-10 13:42:00',4),(18,'2020-05-10 19:57:00',5),(616,'2020-01-10 10:50:00',6),(390,'2020-02-07 17:15:00',1),(768,'2020-04-09 09:47:00',6),(757,'2020-04-01 23:12:00',4),(940,'2020-05-23 21:17:00',2),(416,'2020-02-19 05:42:00',2),(793,'2020-02-21 19:29:00',6),(818,'2020-04-11 05:40:00',2),(753,'2020-05-11 11:00:00',5),(245,'2020-06-21 17:46:00',5),(519,'2020-06-15 20:12:00',1),(808,'2020-06-12 22:37:00',5),(299,'2020-06-11 23:01:00',5),(562,'2020-02-08 08:37:00',1),(227,'2020-01-17 07:07:00',6),(231,'2020-03-01 06:36:00',3),(380,'2020-05-05 19:56:00',2),(2,'2020-05-24 11:10:00',2),(186,'2020-06-20 02:31:00',4),(68,'2020-05-05 15:22:00',2),(101,'2020-02-25 16:05:00',5),(559,'2020-04-26 21:59:00',5),(640,'2020-01-17 03:48:00',2),(124,'2020-05-24 08:39:00',1),(546,'2020-04-27 13:31:00',5),(582,'2020-05-23 09:16:00',4),(825,'2020-05-11 02:40:00',1),(838,'2020-04-14 13:22:00',4),(149,'2020-02-17 10:50:00',3),(344,'2020-03-29 04:32:00',1),(702,'2020-06-08 22:55:00',1),(62,'2020-01-02 13:36:00',2),(121,'2020-05-08 17:24:00',3),(744,'2020-01-11 06:37:00',1),(138,'2020-05-05 13:22:00',1),(342,'2020-04-05 11:54:00',6),(634,'2020-02-10 17:27:00',6),(313,'2020-01-09 12:07:00',3),(104,'2020-05-26 17:15:00',4),(63,'2020-01-29 03:16:00',4),(854,'2020-05-27 18:19:00',1),(84,'2020-03-20 05:04:00',1),(838,'2020-02-28 18:58:00',3),(234,'2020-03-18 20:44:00',6),(907,'2020-05-13 08:41:00',2),(589,'2020-04-02 19:48:00',4),(647,'2020-06-24 00:28:00',5),(85,'2020-02-25 01:41:00',5),(363,'2020-06-02 14:45:00',3),(463,'2020-05-18 12:09:00',5),(91,'2020-05-26 04:05:00',5),(320,'2020-06-02 16:15:00',3),(700,'2020-03-10 12:36:00',3),(551,'2020-04-09 00:28:00',4),(976,'2020-04-08 08:24:00',3),(916,'2020-03-06 12:27:00',6),(838,'2020-03-28 18:53:00',6),(941,'2020-06-01 11:38:00',5),(41,'2020-03-11 01:35:00',6),(896,'2020-01-11 21:33:00',6),(210,'2020-02-12 16:05:00',3),(161,'2020-02-01 20:24:00',1),(413,'2020-04-26 00:06:00',2),(376,'2020-03-08 15:05:00',2),(203,'2020-03-11 14:26:00',1),(80,'2020-06-17 11:56:00',2),(673,'2020-02-20 23:04:00',4),(620,'2020-06-24 12:49:00',6),(467,'2020-03-24 23:00:00',4),(361,'2020-02-10 15:54:00',6),(256,'2020-04-07 15:48:00',3),(938,'2020-01-25 18:50:00',6),(97,'2020-02-21 03:39:00',4),(93,'2020-06-23 22:56:00',5),(766,'2020-02-09 08:08:00',4),(364,'2020-03-03 07:18:00',4),(124,'2020-03-04 07:30:00',3),(245,'2020-05-30 07:32:00',3),(299,'2020-04-04 00:52:00',5),(144,'2020-05-15 10:13:00',5),(375,'2020-03-03 01:27:00',4),(288,'2020-05-28 17:03:00',2),(12,'2020-01-21 13:55:00',6),(65,'2020-04-25 03:32:00',2),(815,'2020-03-30 13:27:00',2),(917,'2020-03-23 08:57:00',1),(361,'2020-04-28 21:33:00',5),(841,'2020-06-04 11:38:00',5),(624,'2020-02-28 23:28:00',3),(47,'2020-06-13 07:49:00',5),(240,'2020-05-06 22:51:00',1),(381,'2020-01-23 13:02:00',4),(617,'2020-05-30 22:10:00',2),(929,'2020-03-09 13:59:00',4),(961,'2020-01-19 00:23:00',6),(857,'2020-02-05 04:41:00',6),(472,'2020-01-17 13:07:00',6),(391,'2020-06-22 06:20:00',3),(845,'2020-03-28 14:56:00',2),(499,'2020-01-04 13:05:00',3),(690,'2020-01-09 05:26:00',4),(507,'2020-04-28 23:05:00',1),(248,'2020-04-04 13:05:00',2),(978,'2020-01-17 07:54:00',5),(795,'2020-02-13 11:57:00',5),(356,'2020-03-25 20:45:00',5),(46,'2020-02-08 22:42:00',4),(189,'2020-05-18 03:56:00',6),(964,'2020-05-24 16:42:00',3),(153,'2020-03-26 09:28:00',2),(627,'2020-01-27 04:59:00',3),(942,'2020-01-10 06:55:00',6),(944,'2020-02-12 19:10:00',5),(911,'2020-02-26 10:35:00',2),(479,'2020-04-25 08:17:00',1),(204,'2020-01-10 10:19:00',4),(725,'2020-01-09 12:48:00',6),(830,'2020-03-22 12:45:00',4),(814,'2020-03-25 11:48:00',1),(271,'2020-04-17 05:51:00',1),(329,'2020-02-07 20:15:00',2),(220,'2020-01-15 11:15:00',1),(973,'2020-05-09 12:15:00',2),(438,'2020-03-14 12:31:00',1),(150,'2020-06-08 07:03:00',1),(326,'2020-03-15 11:56:00',4),(843,'2020-06-24 11:49:00',6),(502,'2020-01-04 20:58:00',2),(305,'2020-06-02 00:00:00',5),(323,'2020-04-13 16:23:00',6),(717,'2020-04-05 09:04:00',6),(608,'2020-06-01 17:57:00',4),(678,'2020-02-13 03:01:00',3),(205,'2020-01-30 17:28:00',2),(320,'2020-03-19 16:56:00',1),(457,'2020-01-10 11:23:00',2),(841,'2020-03-27 18:48:00',6),(350,'2020-03-24 12:34:00',3),(40,'2020-04-24 08:28:00',4),(746,'2020-05-08 04:02:00',1),(846,'2020-02-08 21:57:00',2),(107,'2020-02-29 11:05:00',6),(827,'2020-03-04 04:24:00',3),(469,'2020-05-30 06:14:00',3),(267,'2020-02-08 05:07:00',1),(92,'2020-06-21 16:19:00',5),(493,'2020-04-05 10:49:00',1),(350,'2020-03-14 20:38:00',6),(816,'2020-05-29 15:41:00',5),(405,'2020-05-29 02:02:00',2),(421,'2020-01-28 21:32:00',3),(355,'2020-02-29 17:26:00',5),(854,'2020-05-22 19:10:00',5),(80,'2020-01-06 10:54:00',5),(822,'2020-01-16 14:45:00',4),(84,'2020-06-23 02:04:00',5),(695,'2020-02-20 04:39:00',2),(192,'2020-04-01 07:32:00',4),(172,'2020-04-25 10:18:00',3),(781,'2020-04-25 17:44:00',1),(690,'2020-05-09 17:56:00',5),(782,'2020-04-21 21:15:00',2),(830,'2020-01-17 11:27:00',4),(484,'2020-04-13 13:39:00',5),(668,'2020-02-28 07:21:00',4),(594,'2020-04-16 01:27:00',6),(896,'2020-05-26 08:48:00',4),(735,'2020-02-22 14:29:00',5),(923,'2020-05-30 21:34:00',4),(131,'2020-01-06 05:17:00',6),(325,'2020-02-27 12:00:00',2),(914,'2020-06-18 23:28:00',5),(474,'2020-02-13 17:46:00',1),(799,'2020-06-04 17:22:00',2),(44,'2020-04-12 23:12:00',6),(796,'2020-03-04 00:25:00',6),(34,'2020-02-25 00:41:00',4),(983,'2020-01-06 16:52:00',1),(171,'2020-01-01 02:12:00',3),(3,'2020-04-04 05:35:00',1),(338,'2020-04-25 15:27:00',3),(611,'2020-01-30 21:29:00',5),(135,'2020-02-03 11:00:00',2),(447,'2020-04-16 07:10:00',3),(476,'2020-02-08 22:52:00',4),(632,'2020-01-20 05:33:00',1),(360,'2020-03-09 05:32:00',2),(379,'2020-01-15 06:17:00',3),(738,'2020-02-22 17:39:00',1),(189,'2020-03-09 04:59:00',4),(43,'2020-01-31 18:30:00',4),(18,'2020-03-31 22:54:00',2),(235,'2020-04-23 17:25:00',4),(615,'2020-05-31 11:30:00',3),(414,'2020-03-05 13:00:00',1),(405,'2020-06-21 08:37:00',6),(110,'2020-01-30 06:07:00',3),(106,'2020-03-13 21:05:00',3),(656,'2020-06-02 11:50:00',4),(505,'2020-02-22 21:05:00',6),(894,'2020-04-27 19:10:00',5),(247,'2020-06-20 11:36:00',5),(71,'2020-04-04 08:28:00',6),(39,'2020-06-24 06:28:00',2),(656,'2020-05-29 03:24:00',3),(16,'2020-03-20 15:46:00',5),(72,'2020-03-13 19:02:00',3),(865,'2020-05-23 08:21:00',3),(654,'2020-06-03 07:43:00',5),(354,'2020-03-18 22:45:00',6),(871,'2020-02-26 06:51:00',6),(665,'2020-06-04 18:58:00',5),(128,'2020-05-20 07:34:00',3),(496,'2020-04-29 21:22:00',3),(785,'2020-01-26 04:27:00',1),(82,'2020-05-22 03:08:00',3),(494,'2020-03-31 11:26:00',5),(849,'2020-02-17 00:41:00',4),(146,'2020-02-05 20:19:00',1),(529,'2020-03-09 12:54:00',2),(706,'2020-01-09 19:00:00',6),(595,'2020-01-20 08:20:00',6),(700,'2020-05-17 22:21:00',6),(778,'2020-01-07 11:04:00',3),(169,'2020-03-29 15:41:00',4),(407,'2020-03-28 16:58:00',1),(570,'2020-06-06 00:33:00',6),(939,'2020-03-05 21:50:00',3),(458,'2020-06-05 17:20:00',3),(999,'2020-06-01 06:57:00',2),(429,'2020-05-05 21:28:00',1),(141,'2020-03-14 00:17:00',3),(681,'2020-05-05 18:03:00',2),(363,'2020-04-17 07:23:00',5),(536,'2020-03-01 06:41:00',1),(508,'2020-06-19 14:58:00',3),(333,'2020-05-07 16:43:00',1),(762,'2020-04-04 21:15:00',5),(915,'2020-02-16 19:33:00',6),(611,'2020-03-09 22:09:00',3),(764,'2020-04-12 09:10:00',5),(5,'2020-06-16 01:07:00',1),(101,'2020-03-26 02:26:00',2),(361,'2020-03-15 06:00:00',3),(631,'2020-04-19 13:42:00',2),(81,'2020-06-01 05:14:00',2),(698,'2020-06-13 22:57:00',2),(403,'2020-04-17 16:10:00',1),(304,'2020-01-06 21:56:00',5),(437,'2020-03-30 13:03:00',6),(103,'2020-06-21 20:42:00',6),(363,'2020-03-26 20:20:00',2),(752,'2020-04-17 20:46:00',1),(87,'2020-05-06 12:58:00',5),(498,'2020-04-17 03:16:00',3),(350,'2020-06-15 00:47:00',1),(705,'2020-05-25 18:04:00',1),(885,'2020-01-19 21:40:00',6),(88,'2020-01-25 13:41:00',6),(547,'2020-01-21 12:51:00',4),(813,'2020-03-26 18:20:00',6),(482,'2020-05-17 06:11:00',2),(917,'2020-04-14 21:23:00',6),(647,'2020-06-23 05:57:00',6),(142,'2020-03-01 17:03:00',3),(925,'2020-03-04 05:33:00',5),(415,'2020-01-15 06:36:00',1),(49,'2020-01-08 05:47:00',3),(665,'2020-02-26 09:19:00',6),(318,'2020-01-15 06:03:00',4),(454,'2020-02-28 06:26:00',1),(953,'2020-02-18 14:52:00',5),(10,'2020-04-20 16:41:00',1),(313,'2020-02-28 19:22:00',4),(767,'2020-03-10 19:11:00',5),(456,'2020-02-21 22:59:00',3),(312,'2020-02-26 07:15:00',2),(680,'2020-05-07 01:16:00',5),(154,'2020-04-04 18:19:00',5),(195,'2020-03-21 00:23:00',2),(891,'2020-05-31 08:02:00',2),(669,'2020-06-25 07:57:00',3),(375,'2020-06-01 07:37:00',5),(716,'2020-03-10 14:59:00',2),(728,'2020-03-07 13:22:00',6),(859,'2020-01-23 20:51:00',4),(347,'2020-02-14 04:57:00',5),(222,'2020-04-13 08:49:00',6),(897,'2020-05-06 06:17:00',2),(934,'2020-05-07 02:15:00',4),(966,'2020-06-04 20:33:00',2),(891,'2020-06-16 12:20:00',1),(2,'2020-06-11 07:40:00',1),(8,'2020-03-31 17:11:00',6),(146,'2020-03-08 03:57:00',6),(222,'2020-03-24 22:40:00',3),(979,'2020-06-05 10:38:00',6),(319,'2020-02-05 17:32:00',4),(272,'2020-06-23 00:12:00',5),(203,'2020-05-23 02:28:00',1),(881,'2020-05-30 19:35:00',2),(996,'2020-03-26 09:10:00',2),(455,'2020-03-12 16:03:00',2),(610,'2020-04-19 16:29:00',5),(934,'2020-04-12 07:48:00',6),(314,'2020-04-17 14:06:00',2),(881,'2020-06-03 11:58:00',5),(485,'2020-03-18 05:25:00',4),(380,'2020-02-09 08:17:00',4),(745,'2020-03-25 16:53:00',6),(840,'2020-03-18 20:15:00',3),(526,'2020-04-28 16:16:00',6),(285,'2020-01-22 13:46:00',3),(725,'2020-06-23 15:07:00',1),(177,'2020-06-10 05:53:00',4),(834,'2020-03-17 05:54:00',5),(134,'2020-01-27 14:37:00',5),(252,'2020-01-15 23:59:00',5),(270,'2020-03-07 09:15:00',6),(271,'2020-01-08 21:54:00',2),(425,'2020-01-19 10:46:00',5),(935,'2020-04-17 13:17:00',5),(562,'2020-06-15 20:05:00',4),(689,'2020-02-24 04:48:00',6),(966,'2020-03-25 01:04:00',5),(753,'2020-03-20 18:41:00',1),(612,'2020-04-26 08:05:00',2),(661,'2020-03-15 03:39:00',4),(600,'2020-04-06 08:20:00',6),(119,'2020-04-28 17:48:00',6),(671,'2020-06-16 02:06:00',4),(80,'2020-04-25 12:10:00',6),(458,'2020-04-11 19:43:00',6),(543,'2020-03-03 10:29:00',6),(698,'2020-02-15 03:28:00',5),(85,'2020-04-16 09:15:00',4),(715,'2020-01-28 00:20:00',2),(739,'2020-01-02 04:36:00',1),(814,'2020-06-06 02:10:00',1),(483,'2020-02-24 17:25:00',3),(681,'2020-06-15 22:47:00',4),(246,'2020-04-22 02:41:00',2),(350,'2020-04-24 22:47:00',3),(254,'2020-03-22 06:24:00',3),(36,'2020-02-13 09:49:00',4),(705,'2020-03-09 20:43:00',2),(977,'2020-05-15 11:32:00',3),(751,'2020-04-16 06:01:00',5),(691,'2020-06-07 10:02:00',3),(474,'2020-06-01 00:12:00',1),(235,'2020-01-31 17:52:00',6),(210,'2020-04-06 06:24:00',1),(567,'2020-04-08 18:36:00',4),(604,'2020-02-21 04:38:00',6),(549,'2020-01-26 01:53:00',5),(689,'2020-01-17 03:56:00',3),(612,'2020-05-16 08:52:00',6),(364,'2020-03-27 17:50:00',6),(843,'2020-06-14 02:16:00',5),(63,'2020-03-13 10:48:00',2),(759,'2020-01-16 06:53:00',3),(891,'2020-05-19 09:51:00',5),(117,'2020-01-23 22:12:00',2),(683,'2020-05-16 19:31:00',3),(387,'2020-02-06 08:21:00',5),(926,'2020-06-08 14:19:00',6),(805,'2020-05-29 05:24:00',1),(798,'2020-01-23 01:17:00',3),(532,'2020-06-04 07:51:00',5),(793,'2020-04-12 05:55:00',1),(696,'2020-03-04 12:53:00',5),(163,'2020-04-06 06:57:00',4),(75,'2020-02-19 09:22:00',4),(780,'2020-05-21 04:58:00',4),(103,'2020-03-17 03:43:00',3),(296,'2020-05-04 12:57:00',5),(843,'2020-03-07 16:00:00',4),(666,'2020-01-26 05:19:00',4),(364,'2020-03-23 11:45:00',1),(944,'2020-05-04 16:28:00',2),(808,'2020-03-26 22:09:00',2),(177,'2020-05-27 00:17:00',4),(959,'2020-04-03 18:57:00',6),(627,'2020-01-27 19:16:00',6),(839,'2020-06-17 03:51:00',6),(484,'2020-03-11 20:27:00',4),(541,'2020-02-16 05:04:00',4),(518,'2020-05-22 21:07:00',1),(676,'2020-04-17 12:28:00',4),(149,'2020-02-06 08:20:00',1),(81,'2020-02-16 06:12:00',6),(107,'2020-04-29 11:52:00',5),(543,'2020-06-04 10:23:00',1),(439,'2020-04-10 15:45:00',4),(656,'2020-02-05 18:49:00',1),(745,'2020-01-27 11:17:00',5),(843,'2020-05-13 21:24:00',3),(155,'2020-06-15 23:56:00',3),(888,'2020-03-23 11:28:00',2),(552,'2020-05-06 07:55:00',5),(172,'2020-01-02 17:14:00',6),(246,'2020-04-20 03:16:00',2),(730,'2020-06-08 10:08:00',3),(366,'2020-04-04 20:13:00',3),(803,'2020-06-04 21:49:00',1),(981,'2020-01-01 21:19:00',1),(732,'2020-03-07 19:24:00',1),(208,'2020-02-07 04:34:00',4),(765,'2020-02-11 05:50:00',4),(527,'2020-01-25 08:54:00',2),(886,'2020-05-24 21:19:00',1),(671,'2020-02-18 22:02:00',4),(325,'2020-02-23 13:46:00',2),(624,'2020-04-19 15:57:00',2),(446,'2020-01-14 18:20:00',5),(568,'2020-04-06 08:26:00',2),(653,'2020-04-04 15:28:00',2),(247,'2020-02-22 04:55:00',3),(368,'2020-06-16 15:02:00',5),(732,'2020-02-21 12:23:00',1),(370,'2020-05-07 17:26:00',3),(947,'2020-02-15 09:18:00',5),(94,'2020-01-21 00:12:00',2),(893,'2020-02-09 12:46:00',1),(318,'2020-05-24 22:51:00',4),(683,'2020-01-17 14:45:00',4),(540,'2020-05-09 03:01:00',4),(628,'2020-03-19 13:32:00',6),(939,'2020-02-03 08:41:00',6),(472,'2020-05-16 11:56:00',3),(209,'2020-01-16 02:08:00',3),(11,'2020-03-19 10:15:00',6),(682,'2020-04-04 09:41:00',6),(910,'2020-02-10 09:10:00',2),(37,'2020-05-30 09:26:00',2),(360,'2020-03-31 02:16:00',3),(213,'2020-05-30 23:04:00',6),(416,'2020-01-29 15:13:00',6),(73,'2020-03-13 19:47:00',6),(205,'2020-01-16 22:28:00',5),(758,'2020-02-17 16:28:00',3),(588,'2020-01-15 04:08:00',1),(51,'2020-02-18 15:20:00',3),(394,'2020-06-25 17:13:00',6),(432,'2020-01-09 04:56:00',6),(679,'2020-02-29 20:47:00',4),(613,'2020-02-04 00:34:00',1),(456,'2020-01-14 12:49:00',6),(604,'2020-03-09 06:04:00',4),(12,'2020-06-05 04:56:00',1),(894,'2020-04-01 21:57:00',5),(482,'2020-06-12 23:09:00',6),(981,'2020-02-02 17:35:00',6),(325,'2020-01-07 09:57:00',3),(908,'2020-04-25 03:04:00',3),(628,'2020-01-23 00:13:00',4),(410,'2020-04-12 22:54:00',3),(411,'2020-01-16 02:55:00',5),(742,'2020-01-18 06:32:00',2),(704,'2020-06-21 14:01:00',1),(720,'2020-01-04 19:11:00',4),(448,'2020-06-25 09:28:00',5),(778,'2020-05-19 08:27:00',6),(14,'2020-06-19 12:21:00',2),(374,'2020-02-12 20:36:00',1),(819,'2020-03-23 23:55:00',1),(580,'2020-02-11 21:39:00',6),(1,'2020-01-31 23:41:00',5),(699,'2020-05-10 18:25:00',3),(795,'2020-03-02 02:13:00',5),(329,'2020-01-25 03:58:00',3),(942,'2020-05-28 20:28:00',1);
/*!40000 ALTER TABLE `paciente_has_estado_evolutivo` ENABLE KEYS */;
UNLOCK TABLES;

--
-- Table structure for table `paciente_has_habitacion_hotel`
--

DROP TABLE IF EXISTS `paciente_has_habitacion_hotel`;
/*!40101 SET @saved_cs_client     = @@character_set_client */;
/*!50503 SET character_set_client = utf8mb4 */;
CREATE TABLE `paciente_has_habitacion_hotel` (
  `PACIENTE_id` int(10) unsigned NOT NULL,
  `HABITACIONHOTEL_id` int(11) NOT NULL,
  UNIQUE KEY `PACIENTE_id` (`PACIENTE_id`),
  UNIQUE KEY `HABITACIONHOTEL_id` (`HABITACIONHOTEL_id`),
  KEY `fk_PACHOTELHAB_HABITACIONHOTEL1_idx` (`HABITACIONHOTEL_id`),
  CONSTRAINT `FK_pachotelhab_hotelhabitacion_idHabitacion` FOREIGN KEY (`HABITACIONHOTEL_id`) REFERENCES `hotel_has_habitacion` (`idHabitacion`),
  CONSTRAINT `FK_pachotelhab_paciente_idPACIENTE` FOREIGN KEY (`PACIENTE_id`) REFERENCES `paciente` (`idPACIENTE`)
) ENGINE=InnoDB DEFAULT CHARSET=utf8;
/*!40101 SET character_set_client = @saved_cs_client */;

--
-- Dumping data for table `paciente_has_habitacion_hotel`
--

LOCK TABLES `paciente_has_habitacion_hotel` WRITE;
/*!40000 ALTER TABLE `paciente_has_habitacion_hotel` DISABLE KEYS */;
INSERT INTO `paciente_has_habitacion_hotel` VALUES (791,25),(278,29),(995,33),(414,38),(781,55),(372,63),(798,66),(837,77),(802,78),(522,91),(996,97),(920,98),(374,108),(827,123),(1000,133),(850,137),(218,160),(276,178),(845,197),(807,211),(856,221),(800,236),(495,242),(464,243),(605,244),(696,245),(801,269),(694,290),(992,299),(809,302),(799,304),(312,317),(911,330),(280,340),(919,341),(496,349),(999,355),(601,358),(439,363),(991,386),(598,396),(272,398),(277,403),(695,415),(273,419),(458,420),(494,424),(309,436),(766,452),(916,454),(632,466),(716,467),(410,478),(231,488),(913,489),(265,497),(285,505),(692,519),(230,527),(921,530),(101,562),(886,566),(275,572),(792,573),(693,579),(110,590),(553,596),(520,606),(328,620),(376,639),(550,647),(691,655),(918,673),(993,680),(508,696),(793,697),(988,714),(397,741),(152,752),(797,768),(804,774),(227,795),(915,800),(465,806),(914,840),(849,842),(697,850),(274,862),(910,868),(460,872),(658,880),(847,894),(660,917),(604,934),(353,952),(319,979),(375,994),(279,1005),(997,1026),(320,1035),(794,1056),(554,1068),(941,1087),(661,1092),(922,1097),(998,1099),(989,1106),(282,1119),(909,1132),(577,1134),(602,1135),(373,1151),(317,1187),(246,1210),(796,1214),(552,1215),(556,1222),(852,1226),(795,1258),(844,1284),(416,1285),(846,1298),(311,1299),(848,1325),(705,1334),(313,1344),(459,1346),(657,1356),(431,1358),(524,1359),(228,1363),(994,1404),(708,1407),(606,1427),(413,1430),(555,1442),(493,1447),(430,1458),(961,1459),(917,1465),(889,1467),(293,1470),(842,1480),(321,1497),(549,1527),(281,1535),(523,1537),(432,1551),(851,1558),(659,1561),(415,1567),(318,1574),(904,1611),(347,1613),(310,1663),(990,1667),(912,1676),(610,1684),(229,1692),(603,1699);
/*!40000 ALTER TABLE `paciente_has_habitacion_hotel` ENABLE KEYS */;
UNLOCK TABLES;

--
-- Table structure for table `persona`
--

DROP TABLE IF EXISTS `persona`;
/*!40101 SET @saved_cs_client     = @@character_set_client */;
/*!50503 SET character_set_client = utf8mb4 */;
CREATE TABLE `persona` (
  `DNI` int(10) unsigned NOT NULL,
  `NombreYApellido` tinytext NOT NULL,
  `FechaNacimiento` date NOT NULL,
  `Sexo` varchar(1) NOT NULL,
  `Domicilio` varchar(45) NOT NULL,
  `PERSONA_CONTACTO` int(10) unsigned NOT NULL,
  `PROVINCIA_idPROVINCIA` int(11) NOT NULL,
  PRIMARY KEY (`DNI`),
  UNIQUE KEY `PERSONA_CONTACTO_UNIQUE` (`PERSONA_CONTACTO`),
  KEY `fk_PERSONA_PROVINCIA1_idx` (`PROVINCIA_idPROVINCIA`),
  CONSTRAINT `FK_persona_persona_DNI` FOREIGN KEY (`PERSONA_CONTACTO`) REFERENCES `persona` (`DNI`),
  CONSTRAINT `FK_persona_provincia_idPROVINCIA` FOREIGN KEY (`PROVINCIA_idPROVINCIA`) REFERENCES `provincia` (`idPROVINCIA`)
) ENGINE=InnoDB DEFAULT CHARSET=utf8;
/*!40101 SET character_set_client = @saved_cs_client */;

--
-- Dumping data for table `persona`
--

LOCK TABLES `persona` WRITE;
/*!40000 ALTER TABLE `persona` DISABLE KEYS */;
INSERT INTO `persona` VALUES (3710,'Reyes Berrios','1975-09-15','M','Am Westpark 26b, 95497, Borgentreich',1146076887,2),(3711,'Kathleen Mauldin','1963-04-12','M','Ackerstra?e 1, 39070, Neubrunn',3908897587,7),(3712,'Antony Huff','1955-11-24','F','Riedlstra?e 1, 76864, Siershahn',1146076824,11),(3713,'Fanny Gallant','1949-12-24','M','Theresienstra?e 6, 68015, Balgst?dt',3948,16),(3714,'Augusta Flores','1969-08-27','M','Marstallplatz 1, 42391, B?rnersdorf-Breitenau',2959489040,2),(3715,'Cyril Gomez','1949-06-11','M','Oskar-von-Miller-Ring 3d, 82058, Abenberg',3840,17),(3716,'Delores Hurt','2009-08-10','M','Sparkassenstra?e 2, 08683, Adlkofen',429500571,22),(3717,'Danial Elmore','1991-02-20','F','Vilshofener Stra?e 31, 69615, essern',2959489086,24),(3718,'Modesto Callahan','1961-04-18','M','Siebertstra?e 14-19, 27693, Surberg',3950,8),(3719,'Deandre Chase','1978-01-05','M','Alter Messeplatz 2, 57132, Abberode',3388985718,17),(3720,'Jamie Montez','1954-09-18','M','B?ttingerstra?e 3, 25834, Lohne',1575573525,1),(3721,'Amada Romano','1988-08-31','F','Rupertigaustra?e 9, 85667, Kreischa',3816,15),(3722,'German Stacy','1980-12-17','M','Simon-Knoll-Platz 11c, 49780, Alt Duvenstedt',429500572,13),(3723,'Twyla Sprouse','2012-06-27','M','Nigerstra?e 9, 87306, Weyarn',3388985608,21),(3724,'Harris Montes','1973-03-14','M','Hofstatt 22, 16458, Altenkrempe',3388985629,20),(3725,'Nicholle Westfall','1953-03-27','M','Katharina-von-Bora-Stra?e 13f, 91323, Tappend',3479400899,7),(3726,'Robt Nguyen','1971-02-01','F','Alexandrastra?e 10, 59330, Grafing',2539464430,9),(3727,'Billy Bayne','1990-03-02','F','Lerchenfeldstra?e 20a, 42002, Kirchhain',3388985787,13),(3728,'Alessandra Catalano','1975-02-15','M','An der Stemmerwiese 2, 98143, Wuppertal',2539464442,21),(3729,'Garry Hayward','2000-02-10','F','Hofenfelsstra?e 1, 45596, Laichingen',1146076944,10),(3730,'Johnathan Abbott','1972-12-27','M','Ackermannstra?e 42d, 86815, Altentreptow',2959488899,14),(3731,'Mitchel Redden','2018-12-25','F','Schrenkstra?e 88, 34335, Serba',3766,6),(3732,'Alishia Priest','1998-01-16','M','Bergmannstra?e 9a, 88532, Angern',3479401023,20),(3733,'Audie Abbott','1942-04-24','M','Gabelsbergerstra?e 2, 37655, Labrun',1575573643,6),(3734,'Shay Lankford','2005-09-03','F','Stielerstra?e 35c, 08074, Niedermohr',2959488963,10),(3735,'Gwendolyn Furman','1986-12-20','F','Alfons-Goppel-Stra?e 1b, 38701, Triftern',429500497,20),(3736,'Jefferey Mulligan','1968-08-04','F','Angererstra?e 1, 33416, Schleching',1146076827,10),(3737,'Monet Byars','1996-02-13','M','Beichstra?e 22, 69557, Fockbek',2539464518,12),(3738,'Harry Barbee','1993-01-23','M','August-K?hn-Stra?e 27, 15473, Mieste',2959489020,15),(3739,'Dirk Rivera','1988-06-02','F','Laplacestra?e 21, 77198, Gro? Plasten',2109967713,19),(3740,'Barry Mcleod','1974-11-21','M','Wilhelm-Tell-Stra?e 298e, 64955, Limburg',1575573526,5),(3741,'Gino Benefield','1962-07-31','M','Ackerstra?e 2f, 82426, Oberer Eutinger Talhof',429500574,9),(3742,'Lashunda Aleman','2015-05-02','M','P?ppelstra?e 15-15, 98538, Strukdorf',429500550,15),(3743,'Jacinto Cleary','2020-01-03','F','Edlingerstra?e 2c, 22660, Bandenitz',2539464469,22),(3744,'Lurlene Abreu','2004-09-13','F','Therese-Studer-Stra?e 16, 26631, Klein Molzah',1146076913,9),(3745,'Hilaria Seal','1998-10-25','F','Mannlichstra?e 13, 94715, Bad Salzuflen',3758,2),(3746,'Brianna Pettit','1952-05-13','F','Freibadstra?e 27, 45127, Lonnig',3922,13),(3747,'Gwyneth Bryson','2018-07-03','F','Cranachstra?e 1, 58627, R?fingen',3479400979,4),(3748,'Adela Adair','2002-06-28','M','Z?ndappbogen 1a, 35129, Girod',1146076829,7),(3749,'Glen Richardson','1984-08-31','F','Rambergstra?e 24e, 03400, R?witz',429500489,15),(3750,'Ulysses Ferris','2007-08-30','M','Weiglstra?e 3f, 11375, Ferch',2959489091,4),(3751,'Deanne Ainsworth','1957-05-14','M','Barer Stra?e 8b, 94846, Vorwerk',3904,13),(3752,'Nicholas Foust','1965-10-12','M','Reuchlinstra?e 2, 71901, K?gsdorf',3388985722,16),(3753,'Afton Lott','1999-07-06','M','Emil-Riedel-Stra?e 1, 49006, Kunreuth',3479400954,19),(3754,'Moshe Banuelos','1967-07-22','M','Jungwirthstra?e 57f, 78354, Hinterloh',3908897705,1),(3755,'Rebbeca Arias','1947-08-04','M','Ackermannstra?e 1b, 03106, Augsdorf',1146076892,5),(3756,'Lincoln Shearer','1976-07-13','M','Alter Hof 5, 93186, Ahnatal',1575573468,7),(3757,'Stephan Farrington','2015-12-18','M','A?linger Stra?e 1f, 85828, Orbachshof',2539464553,15),(3758,'Cicely Norman','1972-06-21','M','Berlepschstra?e 8d, 06989, H?sen',429500441,17),(3759,'Roscoe Gainey','1958-10-05','F','Ohmstra?e 8, 07801, Herzebrock-Clarholz',429500501,23),(3760,'Alida Hines','1945-05-01','F','Aschheimer Stra?e 17, 12237, Konradsreuth',3735,18),(3761,'Mario Cockrell','1941-03-26','M','Schlotthauerstra?e 32, 23563, Wambacherhof',3388985664,7),(3762,'Royal Abernathy','1992-04-12','M','Leonrodplatz 32, 74561, Rastatt',1575573588,21),(3763,'Gertrudis Villalobos','1961-06-03','M','Sternwartstra?e 1f, 08874, Klein Oschersleben',3908897751,7),(3764,'Jed Collado','1956-03-13','F','Schwalbenstra?e 24, 96399, Frie?nitz',1146076801,18),(3765,'Cinthia Crabtree','1976-07-20','F','An der Hauptfeuerwache 9d, 07852, Sta?furt',3908897595,9),(3766,'Antonio Canada','1981-08-06','M','Triftstra?e 8, 36546, Altrip',2539464501,17),(3767,'Adria Hawks','2002-02-08','F','Untere Feldstra?e 4, 58441, Ottenb?ttel',2959488881,3),(3768,'Basil Clancy','2003-06-01','F','Mitterwieserstra?e 29f, 84529, Aach',1575573589,8),(3769,'Lavern Abreu','1979-01-01','F','Angererstra?e 1a, 95283, Kreut',3906,13),(3770,'Dannie Mayberry','2017-12-18','M','Blumenstra?e 1, 76447, Christinendorf',2539464583,21),(3771,'Mohamed Baum','1971-02-01','M','Rosenstra?e 4b, 19981, Admannshagen-Bargeshag',3479401027,7),(3772,'Paris Jeffrey','1954-01-16','M','Adalbertstra?e 5, 04745, Fedderingen',2109967791,14),(3773,'Dwayne Burroughs','2010-04-02','F','Nu?baumstra?e 14-17, 43774, Leubetha',429500503,20),(3774,'Bob Aiken','1986-04-07','M','Neherstra?e 2, 79491, Schilda',2539464554,4),(3775,'Sixta Mcafee','1958-04-14','M','Mayrfelsstra?e 5e, 76423, Achern',1575573440,14),(3776,'Amos Berry','1952-10-22','M','Riedlstra?e 6, 05112, Keppeshausen',3908897656,20),(3777,'Alana Marrero','2009-01-16','M','Oberanger 1, 63812, Steinheuterode',3736,14),(3778,'Kenny Boss','1948-10-26','F','Sankt-Anna-Stra?e 19a, 87411, Gro?littgen',2959489023,3),(3779,'Debbie Abreu','1965-04-30','M','Ysenburgstra?e 24c, 77131, Stadtilm',1146076859,10),(3780,'Lyndon Swisher','1980-08-17','F','Ebenauer Stra?e 4, 46808, Seeshaupt',429500468,16),(3781,'Adela Cecil','1946-06-28','F','H?berlstra?e 2f, 02293, Sigmaringendorf',3908897629,24),(3782,'Alvaro Toledo','2001-06-02','F','Gl?ckstra?e 1c, 45420, asseb?hla',3908897596,15),(3783,'Darrick Trevino','2012-02-18','M','Barer Stra?e 4d, 57193, Neuching',3958,22),(3784,'Bong Colon','1942-10-23','M','Boosstra?e 3f, 04819, Affing',2539464473,4),(3785,'Johnathon Daley','2005-10-21','M','Am Einla? 39f, 38781, Hilden',2109967875,21),(3786,'Dexter Edgar','2015-06-10','F','Humboldtstra?e 2, 37430, Bistensee',3388985754,8),(3787,'Florance Bearden','1946-06-21','F','Gellertstra?e 189, 48078, Adendorf',429500555,5),(3788,'Luella Bowlin','1946-03-26','M','Denisstra?e 31, 55333, Lupendorf',2959488858,9),(3789,'Diamond Ackerman','1968-09-09','F','Herzog-Ernst-Platz 51, 59258, Allendorf',3908897528,11),(3790,'Toney Keith','1971-09-16','M','Funkerstra?e 1, 54142, Megesheim',1575573534,18),(3791,'Adolfo Marrero','1944-12-30','M','Asamstra?e 1, 41667, Friedebach',2539464407,1),(3792,'Abbie Haines','1952-05-09','M','Freibadstra?e 57d, 32668, Bad Sch?nborn',2109967876,5),(3793,'Donovan Goldsmith','1988-02-09','M','Gotzinger Stra?e 58, 98173, Adelschlag',2109967794,20),(3794,'Allan Mckeown','1995-06-23','M','Anzinger Stra?e 1e, 68683, Mauern',2539464505,24),(3795,'Alan Thayer','2005-01-16','M','Schweigerstra?e 5e, 57226, Krummesse',3908897570,5),(3796,'Clarence Abney','1962-02-18','M','Isartorplatz 2c, 28480, Z?hlsdorf',1575573563,16),(3797,'Margurite Romo','1975-09-23','F','Bothmerstra?e 8, 54088, Gneus',3479400958,7),(3798,'Alfredo Myrick','1949-07-31','M','Georgenstra?e 1, 42264, Klein Schwarzlosen',2539464474,8),(3799,'Abe Peacock','1950-10-02','F','Kufsteiner Stra?e 6, 91293, Guggenhausen',3717,18),(3800,'Benton Brockman','1956-08-06','M','Einsteinstra?e 1, 33904, Felsenhagen',429500690,9),(3801,'Melda Hanson','1984-08-04','M','Bruderstra?e 1, 87979, Wesseling',2539464526,23),(3802,'Sina Trejo','1959-02-11','M','Kobellstra?e 6a, 35603, Abbau Ader',2959489094,5),(3803,'Trish Mcintyre','1944-05-08','M','Adi-Maislinger-Stra?e 2c, 31026, Absberg',429500579,1),(3804,'Beau Howe','2018-06-29','M','Clemensstra?e 22-28, 39612, Wannefeld',2539464535,9),(3805,'Bennie Beale','2013-04-03','F','Lachnerstra?e 2, 63181, Langula',2959488971,20),(3806,'Valerie Stinnett','1992-01-13','M','Mariannenstra?e 8, 72522, Meesiger',2539464607,17),(3807,'Adelaida Tipton','1954-03-08','M','Thorwaldsenstra?e 1, 61864, Holt',1575573679,24),(3808,'Mika Ferrara','1942-09-14','F','Zweibr?ckenstra?e 9, 02699, Schlechtsart',1146076949,7),(3809,'Jerrell Marcus','2014-12-04','F','Wilhelmstra?e 3c, 67630, Buggenhagen',3719,17),(3810,'Sherly Graf','1970-01-25','F','Safferlingstra?e 26, 12796, Krampfer',2959489067,1),(3811,'Edwin Colon','2003-03-31','M','Regensburger Platz 2, 87011, Ammeldingen',3908897633,6),(3812,'Albert Hallman','1947-07-09','M','Nu?baumstra?e 4, 77690, Aasb?ttel',1146076870,13),(3813,'Louis Anders','1974-03-18','F','Fallmerayerstra?e 2, 21754, Spessart',2959488972,15),(3814,'Ada Wentworth','1964-01-06','F','Adlzreiterstra?e 27, 91683, Sanne',2539464411,21),(3815,'Barry Beckman','1949-06-22','M','Adamstra?e 1, 02648, Biesterholz',2539464631,13),(3816,'Les Baez','2010-01-18','M','Holzapfelstra?e 24c, 81318, R?dlin-Thurow',3850,3),(3817,'Un Hazel','1948-01-12','F','Tengstra?e 3c, 09176, Achtrup',3741,7),(3818,'Herman Allard','2007-09-07','F','Widderstra?e 9f, 23834, Zaberfeld',1146076871,16),(3819,'Ada Abrams','2018-12-18','M','Dom-Pedro-Stra?e 2c, 25095, Frielendorf',3479400807,1),(3820,'Jacob Wagoner','1997-02-07','M','Sternstra?e 4c, 22741, Aebtissinwisch',3388985671,14),(3821,'Francina Sheffield','1985-06-28','M','Thalkirchner Stra?e 2, 46578, Auw',3388985648,14),(3822,'Darius Sullivan','2011-11-10','M','Am Feuerb?chl 2, 17245, B?ste',429500661,20),(3823,'Abdul Story','1991-05-28','M','Senefelderstra?e 2, 79135, Divitz-Spoldershag',3388985828,23),(3824,'Shona Abrams','1948-03-30','M','Altenhofstra?e 28, 06503, Henfst?dt',2109967830,6),(3825,'Edwardo Borden','1953-09-29','M','Scheinerstra?e 4, 49624, Giershausen',3388985733,13),(3826,'Abdul Corona','1978-04-12','F','Nikolaistra?e 14-15, 65575, Beedenbostel',3884,24),(3827,'King Wentz','1961-06-12','M','Jensenstra?e 5, 65502, Abraham',3479400887,14),(3828,'Giuseppe Peck','1945-12-28','M','Nockherstra?e 70, 75656, Uttenweiler',3479400910,23),(3829,'Emilio Alexander','1988-06-25','M','Bonner Stra?e 1, 45175, Zarrentin',3388985681,18),(3830,'Christiane Blackburn','1948-08-30','F','Guldeinstra?e 73, 88416, Knappensee-Koblenz',3479400788,18),(3831,'Johnson Herndon','2018-01-07','F','Westenriederstra?e 4, 63362, Erfurt',2959488951,3),(3832,'Kris Polanco','1990-07-11','M','Zumpestra?e 14-15, 68209, Hauteroda',3388985705,15),(3833,'Kristofer Beverly','1960-07-01','F','Adelgundenstra?e 1, 24746, Osteroda',2109967683,2),(3834,'Theron Keeler','1950-08-16','M','Adalbertstra?e 29, 36505, L?tzelbach',3908897514,5),(3835,'Katharyn Dyer','1942-10-06','M','Maronstra?e 9, 56938, Martensrade',1146076715,10),(3836,'Ferne Council','1959-03-28','F','Freibadstra?e 18c, 22529, Kevelaer',2959488952,23),(3837,'Cordell Maier','1993-11-22','F','Ortnitstra?e 1, 26526, Lindetal',3479400809,8),(3838,'Ilse Carrier','2000-06-17','M','Bruderstra?e 1, 51572, Aderstedt',3388985706,16),(3839,'Vanna Larry','2014-06-01','F','Ackermannstra?e 74e, 35484, Pentling',3479400913,3),(3840,'Rosemary Abreu','1999-02-02','M','Tengstra?e 3, 78065, Abenberg',2959488976,9),(3841,'Cordell Humphries','1985-03-06','F','Ackermannstra?e 22, 03549, Wildburg',1575573666,13),(3842,'Luanna Dunham','2012-04-20','M','Bauerstra?e 4, 87050, Klosterberg',429500510,16),(3843,'Israel Mccord','2004-09-03','F','Hartliebstra?e 1e, 57004, Abbau Ader',3388985735,6),(3844,'Calvin Mcqueen','1983-03-26','M','Fritz-Endres-Stra?e 27, 04887, Wittenbergen',1575573447,10),(3845,'Jordon Olmstead','1980-09-26','M','Renatastra?e 1, 81518, Aarbergen',3720,19),(3846,'Alexandra Hayes','1950-05-21','F','Adalbert-Stifter-Stra?e 12, 95560, B?sumer De',3479400890,24),(3847,'Debrah Mueller','1970-07-14','F','Aldringenstra?e 1, 77655, Lei?ling',3908897668,7),(3848,'Debbie Vega','2008-07-02','F','Zenettistra?e 1, 57123, Niestetal',3479400963,6),(3849,'Adela Burke','1978-10-25','M','Hilblestra?e 2f, 01214, Stelle-Wittenwurth',3479400916,3),(3850,'Agnus Cheney','1988-05-08','M','Adi-Maislinger-Stra?e 4a, 07613, Amorbach',429500591,10),(3851,'Keneth Snell','2017-10-26','M','Ehrengutstra?e 4a, 14475, Abtweiler',3479400811,17),(3852,'Titus Adair','1948-09-20','M','Kurf?rstenplatz 8, 02103, Augustdorf',3388985618,3),(3853,'Ada Ewing','1982-01-12','M','Klarastra?e 6, 71565, Erlenmoos',2109967755,6),(3854,'Lucretia Medlock','2001-11-30','M','Rundfunkplatz 6c, 09002, Ahorn',1146076784,14),(3855,'Quinton Jeffrey','1952-02-01','F','Adamstra?e 19, 32379, Kreypau',3479400891,1),(3856,'Jed Carlton','2000-07-16','F','Agnes-Neuhaus-Stra?e 213, 06290, Stra?gr?bche',3388985737,9),(3857,'Les Luther','1973-02-04','F','Ruffinistra?e 2, 45918, Gerschweiler',2539464457,21),(3858,'Jonnie Olvera','1956-02-06','F','Effnerstra?e 22-29, 93955, B?schow',1575573606,2),(3859,'Cedrick Ambrose','1941-12-13','M','Infanteriestra?e 2b, 84581, Aasb?ttel',2959488920,20),(3860,'Jeff Whitfield','1970-03-17','M','Beethovenplatz 1a, 41232, Aach',429500562,1),(3861,'Israel Snead','1970-08-20','F','Ernst-Reuter-Stra?e 2, 24990, Altrich',1146076719,10),(3862,'Ashley Joyce','2003-02-04','M','Adolf-Kolping-Stra?e 12-18, 65994, Dranske',1575573480,1),(3863,'Corina Gerald','1990-09-25','M','Rindermarkt 95, 54514, Benkendorf',2959488980,7),(3864,'Tim Kaminski','1993-03-01','F','Kunigundenstra?e 2, 52609, Biebertal',3908897609,12),(3865,'Beulah Layton','1997-11-07','M','Ampfingstra?e 13d, 14869, Hemmersheim',1146076920,15),(3866,'Frances Arnold','1964-10-31','F','Albanistra?e 4, 93887, Dreeker Fladder',2109967756,20),(3867,'Juana Tomlin','2006-07-23','F','Dultstra?e 3f, 53792, Ehrenstein',2109967659,2),(3868,'Colin Bowlin','1965-11-27','M','Hartliebstra?e 8a, 32639, Olbernhau',2109967660,20),(3869,'Dino Cutler','1964-10-29','M','Thorwaldsenstra?e 23-27, 43468, Muschwitz',3889,10),(3870,'Rudolf Hampton','2019-01-16','F','Luitpoldstra?e 17, 81243, Marklkofen',2959488946,24),(3871,'Mathew Ackerman','1998-05-05','M','Paul-Meisel-Weg 1c, 01738, Krummh',1575573575,4),(3872,'Adam Abraham','1960-08-31','M','Paschstra?e 1, 56287, Schneeberg',3479400813,19),(3873,'Shantell Wadsworth','1984-12-06','M','Sedanstra?e 16, 78269, Osterr?nfeld',2109967857,1),(3874,'Dominque Hatton','2005-11-06','M','Artilleriestra?e 8, 01616, Bolz',1575573608,15),(3875,'James Carnes','1959-08-22','M','Adamstra?e 57a, 99288, B?kensberg',2539464420,19),(3876,'Elinor Carbajal','1999-02-26','F','Eisensteinstra?e 6, 97194, Gallinchen',429500668,3),(3877,'Marion Tinsley','2005-05-24','M','Therese-Danner-Platz 25c, 33478, Abenberg',429500539,11),(3878,'Kylie Blount','1984-06-10','M','Adams-Lehmann-Stra?e 3, 01836, Abberode',3908897669,18),(3879,'Hilton Woody','1949-09-14','M','Welserstra?e 2, 06051, Auderath',3908897739,22),(3880,'Kelsi Lorenz','1953-01-02','M','Welfenstra?e 61c, 97711, Abentheuer',1575573576,6),(3881,'Adelaida Christian','2003-09-13','M','Einsteinstra?e 3, 54795, Nusbaum',2539464421,23),(3882,'Willian Duong','1956-04-30','M','Wittelsbacherstra?e 2, 73413, Klein Gr?nau',3479400966,9),(3883,'Linnea Julian','2009-06-02','F','Artur-Kutscher-Platz 123, 62462, Bielen',1575573452,20),(3884,'Augustus Mattson','1964-03-31','M','Gl?ckstra?e 2, 41339, Muggensturm',429500621,11),(3885,'Shane Mccain','1942-04-22','M','Rochusstra?e 9f, 66509, Wainsdorf',3759,20),(3886,'Albert Allison','1993-01-05','M','Alter Messeplatz 123b, 16085, Aach',3388985653,8),(3887,'Tracy Maier','2015-08-06','M','Am Westpark 8, 44384, L?nen',3479400944,19),(3888,'Vonnie Mangum','1979-07-28','M','M?nzstra?e 2, 64725, Velbert',429500478,23),(3889,'Venetta Abernathy','1981-11-24','F','Adams-Lehmann-Stra?e 3, 03312, S?derholz',3891,4),(3890,'Neely Pannell','1983-02-17','F','Kunigundenstra?e 8, 83151, Altottenhain',1575573550,12),(3891,'Addie Trask','1985-03-15','M','Dietlindenstra?e 15, 58923, Griebo',3810,23),(3892,'Duane Fox','2002-12-01','M','Richelstra?e 1, 56782, Walsrode',3479400793,18),(3893,'Ariel Acosta','1949-06-15','M','Westenriederstra?e 4, 26836, Sieversh?tten',2959489036,22),(3894,'Dena Alexander','2005-09-16','F','Arberstra?e 24f, 82446, Waldleiningen',3388985633,5),(3895,'Jerrod Hubert','1951-07-01','F','Barnabasstra?e 11c, 72746, L?bsch?tzer Teiche',3908897711,7),(3896,'Edna Jarvis','1962-12-04','F','Hochbr?ckenstra?e 4, 45265, Wickenrodt',1146076847,19),(3897,'Carlos Bratcher','2017-07-18','F','Giselastra?e 11, 46784, Mechelsdorf',2539464512,4),(3898,'Bernardo Anthony','2000-06-22','F','Hofenfelsstra?e 2, 57889, Krina',3479400829,10),(3899,'Devon Markham','1965-12-31','F','Karolinenstra?e 44c, 48183, Fl?rsbachtal',3908897580,15),(3900,'Damion Beltran','1983-04-02','M','Fasaneriestra?e 4, 87586, Ebnath',429500515,3),(3901,'Adella Kimble','2011-03-07','F','Angererstra?e 11-19, 64903, Rimsberg',2539464490,6),(3902,'Erwin Curley','1977-08-19','M','Sprunerstra?e 7e, 99116, Zossen',429500644,15),(3903,'Lenita Acevedo','2004-03-01','F','Tassiloplatz 2a, 74218, H?blingen',3836,8),(3904,'Brady Abney','1958-07-02','F','Hochmeierstra?e 20, 79304, Wathlingen',3908897544,13),(3905,'Victorina Bayer','1978-05-26','M','Wallstra?e 6e, 86724, Niendorf',1146076905,21),(3906,'Kieth Little','1994-05-20','F','Am Bergsteig 16, 73467, Groveh',3908897581,6),(3907,'Paris Tirado','1996-09-24','M','Utzschneiderstra?e 1c, 05052, Bad S?lze',3908897712,12),(3908,'Fabian Carver','1998-10-28','F','Maria-Theresia-Stra?e 2, 15513, Gastem?hle',1575573670,18),(3909,'Hershel Castleberry','2002-07-23','F','Uhlandstra?e 29f, 56608, Abbenrode',3479400945,24),(3910,'Bradford Lopes','1940-10-27','F','Adelheidstra?e 88, 11094, Aresing',2539464590,18),(3911,'Danelle Gibbs','1970-05-05','F','Kazmairstra?e 1, 93781, G?hlen',429500672,6),(3912,'Rhiannon Diaz','1999-01-03','M','Baldeplatz 1, 77816, Ackermannshof',2959488873,16),(3913,'Ezequiel Burge','2001-06-13','M','Sebastiansplatz 64, 93683, Glienick',1146076849,22),(3914,'Lynwood Denham','1999-02-07','F','Felix-Dahn-Stra?e 9a, 52017, Abbenrode',2109967813,2),(3915,'Norbert Peek','1981-01-12','M','Schie?st?ttstra?e 95, 66409, Altenfeld',2109967705,7),(3916,'Adaline Guffey','1964-01-20','M','Trappentreustra?e 31a, 22980, Burgk',1575573637,17),(3917,'Jose Hiatt','1962-12-01','F','Meindlstra?e 2d, 54783, Windelsbach',3786,3),(3918,'Darryl Clinton','2010-01-09','M','Lothstra?e 94b, 61108, Abbau Ader',2109967664,13),(3919,'Evita Cousins','1955-02-25','F','Prinzregentenstra?e 3, 25971, Nustrow',3388985807,24),(3920,'Reinaldo Hanson','1991-12-15','F','Ringseisstra?e 1, 96257, Ahneby',3479400819,8),(3921,'Grant Flynn','1984-08-17','M','Lothringer Stra?e 15-17, 47480, Affinghausen',2539464571,2),(3922,'Jesusita Baker','1978-11-14','F','Enhuberstra?e 1, 67031, Meuspath',1575573492,3),(3923,'Fermin Holton','1994-10-31','M','Zellstra?e 2, 08475, Kleverhof',1146076907,11),(3924,'Kendall Spradlin','1990-07-17','M','Lamontstra?e 17a, 19948, Pesterwitz',1575573655,15),(3925,'Jason Bussey','2018-01-24','F','Ferdinand-Miller-Platz 2, 81574, Buchfart',2539464592,24),(3926,'Geneva Stock','2016-07-07','M','Hohenzollernplatz 2, 98115, Nordrach',1146076728,11),(3927,'Desmond Speer','1959-06-02','F','Baldestra?e 7, 38526, Kuhlowitz',1575573580,10),(3928,'Enid Creamer','1993-12-05','F','Agnes-Neuhaus-Stra?e 25-28, 29496, M?ckenm',429500626,13),(3929,'Alphonso Roden','1949-11-11','F','Schie?st?ttstra?e 75b, 17409, Meusebach',1146076755,24),(3930,'Renato Amaya','1983-05-22','M','Alexandrastra?e 6c, 62801, Dubro',2109967762,3),(3931,'Johnathan Childers','1954-12-13','F','Sederanger 22d, 57090, Krackow',3908897623,10),(3932,'Isaac Byers','2001-07-27','M','Prannerstra?e 1, 11301, M?rsfeld',1146076729,19),(3933,'Simon Hartman','1993-04-15','F','Hesseloherstra?e 1a, 02617, Weidenbach',1146076792,8),(3934,'Walton Agee','2005-03-06','M','Wei?enburger Stra?e 1, 18253, Schallbach',3908897696,12),(3935,'Bradly Stockton','1998-10-11','M','Bereiteranger 6e, 23882, Winterhof',1575573486,1),(3936,'Madge Dyson','2012-09-06','F','Himmelreichstra?e 23, 67580, Welden',2109967708,4),(3937,'Noemi Vincent','1988-08-14','F','Herbststra?e 2, 06597, Viechtach',2109967731,8),(3938,'Carin Trahan','1981-05-25','F','Kurf?rstenplatz 14f, 24487, Massenhausen',1575573656,13),(3939,'Miquel Hardin','1958-10-22','M','Leibweg 2c, 74424, Eixen',3388985769,20),(3940,'Ada Frizzell','1989-09-15','F','Alramstra?e 66, 96521, Hockenheim',3839,1),(3941,'Carlena Pimentel','1968-08-20','M','Garmischer Stra?e 25-27, 43028, Br?ckau',3908897558,7),(3942,'Mellisa Chaney','2013-01-24','F','Rosenheimer Stra?e 6b, 95123, Alth?tte',3908897697,20),(3943,'Ethan Moniz','2003-08-07','M','Helene-Weber-Allee 2, 31630, Kronau',3479400898,2),(3944,'Ferne Abrams','1949-12-17','M','A?linger Stra?e 5, 62491, Mitterstatt',3479400972,10),(3945,'Adam Doss','2014-02-06','F','Sebastiansplatz 2, 88437, Ehrenkirchen',2959488895,16),(3946,'Marion Woods','1951-01-21','F','Isolde-Kurz-Stra?e 12-16, 26498, Ahlum',3388985811,20),(3947,'Emelia Rider','1954-11-13','F','Dom-Pedro-Stra?e 25, 44083, Neuendettelsau',1146076941,14),(3948,'Alton Blair','1954-02-21','M','Kellerstra?e 43, 63713, Schummhof',429500520,5),(3949,'Denae Jennings','2019-12-13','M','Esebeckstra?e 21, 35857, Aldenhoven',2959488907,7),(3950,'Delbert Hadley','1940-05-08','M','Alter Messeplatz 1, 59631, Aachen',2959488928,11),(3951,'Roxie Abrams','1956-01-12','M','Quellenstra?e 55, 81859, Abenberg',1146076885,2),(3952,'Beverley Lantz','1994-04-13','M','Dreifaltigkeitsplatz 1, 69944, Frickingen',3790,10),(3953,'Mason Mcgowan','1943-06-30','M','Am Tucherpark 20d, 74459, Neul?wenberg',3388985638,15),(3954,'Viviana Regalado','2005-05-15','M','Rheinbergerstra?e 2d, 29773, Auw',2959489082,20),(3955,'Richie Nabors','1951-07-15','F','M?hlbaurstra?e 91b, 99766, Ahrenshagen',3388985628,4),(3956,'Edison Mccartney','1954-04-05','F','Stubenvollstra?e 11e, 03143, Aichwald',3754,8),(3957,'Athena Candelaria','2009-07-12','F','Gabelsbergerstra?e 43, 84257, Abberode',2109967891,20),(3958,'Foster Vandyke','1965-03-07','M','Besselstra?e 2, 39135, Ballerstedt',2959489016,23),(3959,'Molly Salazar','1966-12-27','F','Bavariastra?e 5e, 44448, Hesweiler',3479400860,9),(3960,'Emilia Schuler','2014-07-24','M','Adi-Maislinger-Stra?e 7, 72729, Hagen',2959488909,14),(3961,'Adaline Diggs','1957-10-13','M','Margaretenstra?e 24, 63166, Harsum',3908897745,24),(3962,'Maritza Lindstrom','1998-07-09','M','Rochusberg 1f, 62574, Willst?tt',3908897562,16),(3963,'Linda Fredericks','2019-09-20','M','Kopernikusstra?e 16, 79753, Addeb',2959489085,23),(3964,'Jazmine Mcclellan','2020-02-06','F','A?linger Stra?e 62e, 76754, Bartow',2109967865,4),(429500441,'Jordon Brower','1978-03-06','M','Elisabethstra?e 1, 64984, Oststeinbek',1575573641,6),(429500442,'Akiko Abernathy','1961-04-12','F','Paul-Meisel-Weg 5a, 71191, eppern',1575573618,8),(429500443,'Nannie Benjamin','1986-12-21','F','Adamstra?e 4, 38064, Aalen',3908897676,14),(429500444,'Dewayne Ali','1980-11-13','F','Felix-Dahn-Stra?e 2d, 72067, Wernitz',1146076851,21),(429500445,'Malcom Elam','1952-07-20','F','Gl?ckstra?e 9, 15043, Habscheid',1146076766,3),(429500446,'Napoleon Golden','1969-07-04','M','Blutenburgstra?e 1, 98129, Ertingen',3908897722,21),(429500447,'Mitzie Ackerman','1942-03-24','M','Luise-Ullrich-Stra?e 12-19, 28946, Priepert',3479400824,23),(429500448,'Armando Abel','1955-11-15','M','Maria-Josepha-Stra?e 1, 97405, Pfullendorf',2539464597,7),(429500449,'Vivian Marcus','1963-05-17','F','Pilotystra?e 1, 77194, Abberode',2539464465,16),(429500450,'Bella Sturgeon','1940-03-29','F','Cuvilli?sstra?e 2, 97504, Friedelshausen',3908897589,8),(429500451,'Mark Kiefer','1990-11-01','M','Parkstra?e 17, 42389, Gro?almerode',3765,5),(429500452,'Adolph Keene','2002-06-19','F','Gotzinger Stra?e 1, 47163, L?witz',3731,8),(429500453,'Toney Shinn','1950-08-02','M','Weiglstra?e 5e, 27842, Schwerbach',429500547,17),(429500454,'Carrol Peralta','1998-08-07','F','Loristra?e 17, 94085, Sommerhausen',2959488878,17),(429500455,'Aurelia Logue','2000-09-07','F','G?rresstra?e 2, 09153, Abbenrode',2959489041,6),(429500456,'Adolfo Merritt','2019-01-04','F','Asamstra?e 71, 94096, Etzelsrode',2539464515,8),(429500457,'Hugo Burge','2001-12-30','M','Lindwurmstra?e 8d, 09011, Luschendorf',2539464467,11),(429500458,'Ariel Boles','1980-08-01','F','Rablstra?e 20, 13151, Mering',3908897590,17),(429500459,'Patria Abreu','1961-03-22','M','Am Giesinger Feld 4, 23885, Soltau',2959489088,5),(429500460,'Sherryl Amos','1994-07-08','F','Thierschplatz 15d, 61226, Klein Oschersleben',3479400865,12),(429500461,'Viva Yarbrough','2017-01-21','F','Emanuelstra?e 1, 78908, Schwerte',3388985819,18),(429500462,'Kamilah Snyder','1960-08-30','M','Schornstra?e 40, 48989, Abberode',3792,18),(429500463,'Tony Martindale','2016-03-17','M','Bauerstra?e 28b, 02972, Ziegra-Knobelsdorf',3388985693,2),(429500464,'Alonso Switzer','1941-09-27','M','Ligsalzstra?e 3, 45993, Teutschenthal',2109967786,8),(429500465,'Emeline Medrano','1952-05-09','M','Himbselstra?e 2, 09810, Efringen-Kirchen',3908897553,13),(429500466,'Karima Acker','1972-11-03','M','Stephansplatz 1, 49570, Rheinsberg',3908897702,21),(429500467,'Tiffanie Autry','1956-12-03','M','Adalbertstra?e 14-19, 94810, Rathmannsdorf',3908897703,11),(429500468,'Carmen Oh','2016-10-20','M','Klarastra?e 11-15, 68344, Kospoda',2539464403,13),(429500469,'Adah Moyer','1960-07-12','M','Augustinerstra?e 2, 21180, Klein D?bbern',429500633,17),(429500470,'Adalberto Valentin','1992-01-29','M','Nestroystra?e 7, 27923, Irrel',3388985663,24),(429500471,'Clark Wilks','1983-02-07','M','Ebenauer Stra?e 1, 41928, Mesenich',3908897704,6),(429500472,'Boyce Overby','1994-08-02','F','Adelheidstra?e 6, 86177, Abbendorf',2959488900,11),(429500473,'Awilda Medlock','2004-08-31','F','Hochstra?e 52b, 24423, Abbenrode',1575573467,21),(429500474,'Aimee Fields','2015-12-04','F','Augustenstra?e 6, 51271, Badekow',2539464579,1),(429500475,'Gale Acker','2015-11-06','M','Beethovenplatz 1, 92408, Lassahn',3733,22),(429500476,'Abbie Cline','1951-04-15','M','Wagnerstra?e 2, 64928, B?chingen',3479400900,10),(429500477,'Rebekah Bader','1997-03-08','M','Vilshofener Stra?e 1, 86063, Neuh?usel',3769,2),(429500478,'Doug Burge','1941-12-16','M','Tumblingerstra?e 5, 08055, Tangeln',3794,6),(429500479,'Owen Held','1969-11-29','M','Am Bavariapark 1, 41053, Stresendorf',1575573501,12),(429500480,'Agripina Trotter','1981-10-04','F','Falckenbergstra?e 1, 34702, Beinerstadt',3479400839,20),(429500481,'Harold Eggleston','1975-05-08','M','Schumannstra?e 1, 71880, Ahaus',3795,10),(429500482,'Kazuko Huey','1951-04-01','F','Schwanthalerstra?e 23, 67855, G?rmin',1575573560,15),(429500483,'Eleonore Maldonado','1989-10-01','M','Adlzreiterstra?e 8, 16113, Barum',2539464405,23),(429500484,'Isadora Hogan','1942-12-08','M','Pariser Stra?e 2, 47413, Buchdorf',3770,22),(429500485,'Carrol Southerland','1956-04-27','F','Oberl?nderstra?e 24f, 51510, Bayrischzell',3908897594,3),(429500486,'Jerrie Brink','2011-12-09','M','Angertorstra?e 26, 66691, Kohlbacher Hof',1575573587,20),(429500487,'Katharine Williamson','2005-02-11','M','Goethestra?e 2, 15229, Ballenstedt',3905,10),(429500488,'Arnulfo Whittaker','1943-09-02','M','Spicherenstra?e 1c, 78587, Thalhausen',2109967740,16),(429500489,'Breanne Kovach','1984-12-10','M','Pacellistra?e 1, 58771, Schlagenthin',3479400840,21),(429500490,'Blake Abraham','1946-11-21','M','Adelheidstra?e 25b, 05336, Seevetal',429500442,8),(429500491,'Titus Foote','1985-01-06','M','Adelheidstra?e 92, 85223, Deisenhofen',3908897750,6),(429500492,'Lenny Griffith','1949-06-08','F','Kanalstra?e 1d, 22570, Abbenrode',3908897566,13),(429500493,'Jermaine Mcguire','1945-12-01','M','Adalbert-Stifter-Stra?e 25-29, 51608, Wolfers',3388985611,6),(429500494,'Wilber Laird','1977-08-23','F','Zaubzerstra?e 2, 79083, Sewekow',1575573439,13),(429500495,'France Barron','1957-01-19','F','Ampfingstra?e 1, 12669, Obertraubling',429500686,6),(429500496,'Jerrod Carlin','1946-07-09','F','W?rthstra?e 12-19, 09494, Ahlbeck',3956,15),(429500497,'Kylie Dion','1954-04-28','M','Wormser Stra?e 23d, 85840, Agathenburg',3388985792,22),(429500498,'Errol Bennett','1989-06-01','M','Mariahilfstra?e 53, 58022, Dieterode',429500609,7),(429500499,'Cleo Cano','1998-07-24','M','Gotzinger Stra?e 9, 38549, Wittbrietzen',2109967771,10),(429500500,'August Fowler','1949-07-13','F','Falkenstra?e 2, 66526, Schmorkau',2539464626,18),(429500501,'Palmer Ali','1949-05-30','F','Sigmundstra?e 21f, 46807, Aarbergen',429500577,5),(429500502,'Concepcion Bussey','1980-06-14','F','Kobellstra?e 7, 23344, Adelmannsfelden',3879,8),(429500503,'Celestine John','2016-09-06','F','Obermaierstra?e 17c, 14211, Rain',2109967896,17),(429500504,'Abraham Abrams','2011-02-05','M','Josephspitalstra?e 11c, 69881, Winnen',2109967742,2),(429500505,'Janett Pedersen','1989-10-16','M','Kurf?rstenplatz 9, 13175, Arnstorf',3479401003,8),(429500506,'Hassan Malone','1942-09-15','M','Astallerstra?e 3c, 23177, B?hlen',2539464447,16),(429500507,'Cletus Oshea','2019-01-19','F','Mauerkircherstra?e 1, 67858, Abberode',2109967717,10),(429500508,'Adelaida Coward','1992-03-19','M','Stiglmaierplatz 2, 53363, Kl?den',2539464448,2),(429500509,'Shelby Allard','2019-10-11','M','Schlotthauerstra?e 1f, 32892, Adelshofen',2109967792,8),(429500510,'Stanley Loftis','2014-12-20','M','Braganzastra?e 2, 47275, Karlskron',1575573597,13),(429500511,'Jeromy Ezell','2014-08-17','M','Beethovenplatz 1e, 41229, Aebtissinwisch',3479400931,23),(429500512,'Lashunda Mauldin','1956-04-01','M','Poccistra?e 27c, 02541, St Georgen',1575573591,2),(429500513,'Otis Ackerman','1989-03-29','M','Kazmairstra?e 64, 45963, Eschach',2109967800,18),(429500514,'Marc Keating','1989-06-10','M','Senserstra?e 1, 17888, Oebisfelde',3388985725,23),(429500515,'Earl Burger','1963-03-15','M','Adi-Maislinger-Stra?e 11, 79098, Abraham',1575573677,17),(429500516,'Addie Laster','1941-04-09','F','Oefelestra?e 75, 58920, Bokensdorf',2959488935,6),(429500517,'Elvira Agee','1957-04-22','F','Widderstra?e 2, 89405, Gro? Pankow',2109967676,19),(429500518,'Carmella Antonio','1968-11-05','F','Baaderstra?e 2f, 84108, Fellen',3479400802,8),(429500519,'Edwardo Abernathy','1976-10-24','M','Walter-Klingenbeck-Weg 6e, 48399, T?bingen',2539464532,10),(429500520,'Rolf Stacy','1987-08-27','F','Adelgundenstra?e 23, 46127, Stedtlingen',3388985755,12),(429500521,'Afton Clanton','1981-10-28','M','Newtonstra?e 5, 26418, Abberode',3908897598,22),(429500522,'Freddy Hess','2006-08-15','M','Leonhard-Frank-Stra?e 9a, 75737, Gauernitz',1146076740,9),(429500523,'Cayla Burr','1956-08-07','F','Jungfernturmstra?e 6, 67169, Nustrow',1575573471,9),(429500524,'Antonia Ordonez','1957-03-17','F','Berg-am-Laim-Stra?e 2f, 67019, Wehrbleck',3908897529,21),(429500525,'Lezlie Truong','2012-05-04','M','Sigmundstra?e 5, 96034, Barmstedt',3388985667,2),(429500526,'Woodrow Stclair','1977-10-17','M','August-K?hn-Stra?e 5, 16318, Abbenrode',2959488970,14),(429500527,'Carol Joyce','1942-04-18','M','Liebfrauenstra?e 29, 69950, Buch a. Wald',3479400937,23),(429500528,'Efrain Acker','1985-03-25','M','Alter Messeplatz 7, 37445, Eschlkam',3479400933,3),(429500529,'Deanne Bagley','1940-02-25','M','Wittelsbacherplatz 21-27, 17723, St?terhof',3479400938,15),(429500530,'Zina Dickerson','2009-04-11','M','Erika-Mann-Stra?e 6d, 89264, Estorf',3826,3),(429500531,'Olin Bollinger','2019-06-29','M','Infanteriestra?e 6, 95801, Adelebsen',2959489027,15),(429500532,'Dorsey Chaffin','2010-03-19','M','Bauerstra?e 56, 83901, Hedeper',3388985758,4),(429500533,'Oliva Savage','2005-11-24','M','Rimstinger Stra?e 1, 95986, Steegen',2109967648,23),(429500534,'Adam Hamlin','1973-06-01','M','Richard-Strauss-Stra?e 2, 67114, Abbenrode',429500613,2),(429500535,'Josephine Cisneros','1983-10-25','M','Herrnstra?e 98, 71195, Malk',2109967721,14),(429500536,'Rufus Hutson','2019-04-13','M','Pfarrstra?e 8, 44527, M?rowsche Kavelheide',3388985759,3),(429500537,'Noble Aguiar','2007-05-19','F','Possartstra?e 9, 01332, G?rgeshausen',3799,20),(429500538,'Catina Hurt','2018-03-09','M','Denisstra?e 1f, 58211, Porschdorf',429500470,1),(429500539,'Cornell Kelsey','1995-01-07','F','Palmstra?e 1e, 12493, Abberode',1575573444,9),(429500540,'Ariel Huston','2003-10-21','F','Elisabethstra?e 7a, 98361, Hugoldsdorf',2109967776,18),(429500541,'Raphael Thrasher','1975-07-21','F','Kidlerstra?e 2c, 83751, Burgk',3849,3),(429500542,'Zella Anaya','1950-10-12','F','Renatastra?e 3, 46283, G?nserode',3740,8),(429500543,'Adrian Mark','1979-07-27','F','Blumenstra?e 2, 98654, Oberlauterbach',429500471,14),(429500544,'Lesha Soto','2005-08-13','F','Adelgundenstra?e 7, 51198, Lexgaard',2959488998,18),(429500545,'Lai Dudley','1951-02-09','M','Hohenzollernstra?e 1, 55324, Reckershausen',2959489068,9),(429500546,'Dania Ledford','1954-09-17','F','Amortstra?e 2, 39607, Ahrenvi',2539464559,22),(429500547,'Ira Kurtz','1964-11-29','M','Speyerer Stra?e 14-18, 87764, Kleinsendelbach',2539464452,6),(429500548,'Ria Alexander','1983-03-20','M','Bogenhauser Kirchplatz 2, 28296, W?hlsdorf',2109967829,10),(429500549,'Marcelo Deal','1983-03-19','M','Lazarettstra?e 1, 48278, Niedererbach',1575573682,17),(429500550,'Davina Mathis','2012-01-09','M','Wredestra?e 89d, 33292, Neu Garge',429500692,6),(429500551,'Haywood Mcclung','1973-06-23','M','Herzogstra?e 1, 83377, Lemberg',2539464608,21),(429500552,'Annita Samples','1972-11-29','M','Ursulastra?e 5, 15065, Triepkendorf',3388985704,19),(429500553,'Alejandra Andre','2020-08-29','F','Braystra?e 8a, 67616, Lipporn',3857,21),(429500554,'Darrell Roney','1944-06-16','F','Kobellstra?e 14, 64190, R?ckingen',1146076838,4),(429500555,'Florentino Abbott','1980-01-10','F','Safferlingstra?e 20, 03691, Hatzfeld',3742,9),(429500556,'Adriene Abbott','1977-09-18','F','Elisabeth-Kohn-Stra?e 9, 08841, Frauenau',2109967807,21),(429500557,'Lucrecia Martinez','2018-09-30','M','Lily-Braun-Weg 12-16, 95269, Attendorn',1146076781,2),(429500558,'Barbara Crews','1959-05-19','M','Osserstra?e 7, 88349, Lehmrade',3908897733,17),(429500559,'Yung Amaya','1971-09-15','M','An der Hauptfeuerwache 65b, 63278, Reddelich',3479400941,16),(429500560,'Carrie Groce','1983-03-22','F','Rambergstra?e 16a, 71323, Wenigenehrich',3479400942,11),(429500561,'Kamala Holcomb','1960-04-22','F','Von-der-Tann-Stra?e 25-26, 15618, Aindling',2539464454,1),(429500562,'Scotty Benavidez','1956-11-16','F','Erhardtstra?e 29, 73955, Ahlerstedt',3885,4),(429500563,'Thad Bruno','1984-12-20','M','Auenstra?e 2, 96651, Serrig',3388985734,19),(429500564,'Lauren Ahrens','1974-08-16','M','Angertorstra?e 223, 94769, K?mbdchen',2539464610,4),(429500565,'Adelia Goodson','1968-01-24','M','Clemensstra?e 21, 99100, B?chelborn',429500474,8),(429500566,'Darell Rhea','2000-03-08','F','Theresienh?he 14-17, 51185, Falkenfels',2109967832,14),(429500567,'Richie Andrus','1982-11-25','F','Max-Friedlaender-Bogen 54, 06285, Gorxheimert',3479400888,7),(429500568,'Celena Mclaughlin','2015-07-25','M','Riedlstra?e 181d, 44986, asingen',3908897614,10),(429500569,'Santiago Barone','2020-01-19','M','Hohenzollernstra?e 3, 08992, Ahrenshagen',2109967752,17),(429500570,'Ariel Huber','2011-12-15','M','Josephspitalstra?e 3, 91128, Abbau Ader',1146076813,4),(429500571,'Orville Choi','1999-09-09','M','Herzog-Ernst-Platz 1, 39424, Ahnsbeck',3801,10),(429500572,'Heath Tate','1991-09-11','M','Auerfeldstra?e 2, 56182, Abend',2109967684,15),(429500573,'Sherley Easton','2014-03-31','M','Bahnhofplatz 1a, 75395, Ahlst?dt',3805,17),(429500574,'Genny Hibbard','1971-11-01','F','Soldnerweg 29, 97174, Schl??lesm?hle',2959489005,16),(429500575,'Elwood Brownlee','1998-11-20','M','Adamstra?e 1b, 09997, Waldshagen',1575573477,12),(429500576,'Otis Reinhart','1958-11-16','M','Marienplatz 25-25, 77731, Klipphausen',429500560,21),(429500577,'Collin David','2013-03-13','M','Neherstra?e 4, 36346, Hanhofen',1146076747,1),(429500578,'Edris Goddard','1963-11-14','M','Prinzregentenplatz 2d, 04029, Reimerath',3908897606,18),(429500579,'Mirna Coats','1971-01-07','F','Adalbertstra?e 15f, 78506, Kaisersbach',1575573540,19),(429500580,'Monique Conroy','2014-12-28','M','Bayerstra?e 1, 54479, Ihlow',1575573545,5),(429500581,'Alaine Barrows','2017-12-18','M','Barer Stra?e 7, 24437, Hohn',1575573479,15),(429500582,'Abby Castle','1998-03-25','F','Rosa-Aschenbrenner-Bogen 1c, 17386, Elmenhors',1146076718,19),(429500583,'Abe Adcock','1969-06-15','F','Beethovenplatz 1, 07130, ?rnsen',3479400882,5),(429500584,'Alan Joyce','1984-02-19','F','Sedanstra?e 2, 49374, Altenfeld',1575573541,10),(429500585,'Rosamond Abernathy','2006-07-15','M','Gellertstra?e 11-15, 82656, Sabow',1575573546,17),(429500586,'Abel Babb','1944-06-08','M','Adams-Lehmann-Stra?e 68, 22120, Leippen',2539464387,4),(429500587,'Joel Bartlett','2006-09-06','M','Kapellenstra?e 21, 04672, Burgberg',3908897737,20),(429500588,'Albina Rucker','1979-08-10','F','Mariannenstra?e 22, 98322, Niedling',3479400964,1),(429500589,'Mauricio Lugo','2013-10-03','F','Gotzinger Stra?e 8, 88950, Banzkow',3908897709,15),(429500590,'Crystal Hanley','1987-09-10','F','Bauerstra?e 2, 54442, Schlotfeld',2539464417,23),(429500591,'Abe Allman','1986-04-28','M','Ungererstra?e 7, 48452, Bischoffen',3908897617,4),(429500592,'Zachary Razo','1950-12-01','M','Metzstra?e 15, 85395, Neitersen',3479400850,22),(429500593,'Elba Fuentes','2015-07-15','M','Besselstra?e 2, 38150, Bim?hlen',2959489047,6),(429500594,'Glen Dockery','1989-07-24','F','Rosental 1b, 99864, Abbenrode',3935,8),(429500595,'Lynnette Donohue','2008-10-25','M','Artilleriestra?e 95a, 35582, Freigericht',2109967882,14),(429500596,'Heath Townes','1994-11-26','M','Braganzastra?e 8, 36584, Altendiez',3908897538,19),(429500597,'Willian Albert','1975-03-12','M','Marienplatz 29, 11043, Hermerode',1575573574,24),(429500598,'Abel Andres','1985-10-26','M','Hofenfelsstra?e 109e, 92727, Boize',3388985778,19),(429500599,'Agueda Schultz','1995-05-19','M','Franz-Joseph-Stra?e 3, 26946, P?cking',3782,6),(429500600,'Dannielle Kee','1987-06-30','M','Osserstra?e 23, 48322, Traunstein',3479400917,17),(429500601,'Jarrod Ackerman','1974-04-10','M','Josephstra?e 92f, 42270, Obertraubling',2109967688,1),(429500602,'Alena Stamper','1977-10-07','M','Herzog-Heinrich-Stra?e 2, 37407, Neuenweg',429500513,10),(429500603,'Herman Hughey','1944-04-10','F','Christophstra?e 19, 81551, Sassenhof',3388985598,21),(429500604,'Ashley Abraham','2001-03-04','F','Opitzstra?e 2c, 24287, Seibis',3908897643,3),(429500605,'Damon Goodman','1981-07-27','M','Neuhauser Stra?e 23, 21750, Velburg',2109967750,18),(429500606,'Georgiana Chamberlin','1991-03-26','M','Angererstra?e 9c, 76983, Detershagen',2539464565,20),(429500607,'Kristi Lynch','1958-07-04','M','Seeriederstra?e 1, 79518, Ausacker',429500563,5),(429500608,'Alida Lawrence','1947-11-01','M','Amberger Stra?e 7, 37094, Meuschau',2539464488,17),(429500609,'Elmo Reed','1942-10-30','M','Tizianstra?e 11, 78653, Abenberg',1575573634,19),(429500610,'Florentino Obrien','1967-11-05','M','Aberlestra?e 16, 89774, Gochsheim',3479400814,3),(429500611,'Austin Eaton','2012-08-07','F','Rimstinger Stra?e 1, 19118, Seilershof',3479400919,16),(429500612,'Allen Abrams','1969-04-10','M','Kohlstra?e 9, 37154, Hardt',3908897540,6),(429500613,'Kasey Rainey','1950-06-02','F','Mittererstra?e 9, 41701, Mahlberg',1575573542,18),(429500614,'Miles Hester','1959-06-28','F','Klementinenstra?e 2, 82988, H?rden',3863,6),(429500615,'Anika Parish','1948-06-02','F','Rosenstra?e 12-15, 09710, Castell',429500594,12),(429500616,'Arlen Conley','2014-06-09','M','Schnorrstra?e 2a, 47733, Aach',2539464613,6),(429500617,'Clora Blackwell','2008-11-19','F','Tittmoninger Stra?e 5, 29862, Rathmannsdorf',3908897541,15),(429500618,'Briana Gustafson','1969-09-04','M','Kaulbachstra?e 5c, 43010, Aach',2109967837,21),(429500619,'Man Mcafee','1949-07-29','F','Gabrielenstra?e 9, 71887, Adelzhausen',3748,2),(429500620,'Adam Alvarado','1992-03-27','F','Albrechtstra?e 8c, 94096, Hambuch',3912,6),(429500621,'Alton Conger','1991-07-27','M','Destouchesstra?e 2, 76041, Fretterode',3835,18),(429500622,'Merri Zuniga','1989-12-04','F','Ansbacher Stra?e 43b, 92199, Erlenbach',2109967811,15),(429500623,'Abigail Segura','1976-08-17','M','Mayrfelsstra?e 1, 69971, Goldbach',2109967662,20),(429500624,'Man Huston','1972-11-27','F','Adalbertstra?e 1, 93723, Osterrade',429500671,2),(429500625,'Abel Abreu','1947-09-19','M','Schraudolphstra?e 12-15, 73015, Aham',2539464568,6),(429500626,'Abby Abernathy','1992-06-21','M','Implerstra?e 9, 89300, Abenberg',2109967838,13),(429500627,'Deloras Villareal','1965-04-11','M','Grafinger Stra?e 21-27, 34487, Loose',3479400895,3),(429500628,'Machelle Brewer','2005-01-07','M','Kellerstra?e 280, 31876, Wieda',1575573518,6),(429500629,'Antione Beatty','1981-11-25','M','Pariser Platz 2, 34702, Aarbergen',1575573610,11),(429500630,'Lilia Chase','1998-10-16','M','Adamstra?e 7c, 48018, Bad Birnbach',3388985601,16),(429500631,'Casimira Berg','1991-09-28','M','Ortnitstra?e 1, 44971, Kauschwitz',1575573635,4),(429500632,'Melaine Colwell','1961-01-03','F','Baumgartnerstra?e 124, 84242, Glienecke',3908897670,9),(429500633,'Rogelio London','1967-06-12','F','Sonnenstra?e 1, 32166, Adenstedt',3479400830,22),(429500634,'Benjamin Christenson','1975-05-01','F','Farinellistra?e 35f, 52436, F?rstenzell',3388985713,12),(429500635,'Adan Abrams','1990-03-03','M','Bergmannstra?e 20d, 64601, Abbenrode',3388985805,16),(429500636,'Emilia Abernathy','1946-02-18','M','Dom-Pedro-Platz 19c, 84897, Weigendorf',3388985622,5),(429500637,'Etha Berger','1959-12-23','F','Kaiserstra?e 1, 87935, R?terberg',2109967812,11),(429500638,'Cory Talley','1956-05-04','M','Lazarettstra?e 9a, 93599, Elslaake',2109967729,17),(429500639,'Jacquetta Buckley','1974-07-20','F','Ainmillerstra?e 9, 11615, Affler',1146076760,22),(429500640,'Adolph Acuna','2012-03-21','F','Pacellistra?e 2c, 47282, Weisch',2959489049,7),(429500641,'Zulema Mckenzie','1984-11-28','F','Ackermannstra?e 14-19, 31399, Adenb?ttel',2959488983,2),(429500642,'Doretha Briggs','1972-05-25','M','Maximiliansplatz 9, 83486, Abbau Ader',1575573654,12),(429500643,'Barrett Baez','2018-03-03','M','Ehrenguststra?e 27, 64948, Barweiler',3908897743,20),(429500644,'Bryan Ridgeway','1950-06-15','F','Prinzregentenstra?e 21-27, 27547, Achtrup',2959489075,24),(429500645,'Rodney Villanueva','2010-04-06','F','Spiridon-Louis-Ring 18, 84579, Babst',3908897713,4),(429500646,'Elvina Short','1994-08-01','M','Lenbachplatz 53, 65642, M?llheim',1575573520,8),(429500647,'Geoffrey Flagg','2001-08-08','M','Sch?nbergstra?e 1, 12155, Erlenbacher Forstha',3388985806,2),(429500648,'Harold Conaway','1994-11-11','F','Anzinger Stra?e 1, 67401, Breunigweiler',3388985623,8),(429500649,'Mable Groves','1988-11-01','F','Alter Hof 2, 86147, Leinfelden-Echterdingen',2539464424,18),(429500650,'Margret Altman','1968-01-22','F','Hansastra?e 8, 57800, Apensen',3943,7),(429500651,'Joey Atkins','2015-03-09','F','P?ppelstra?e 4a, 27153, Heinbockel',2539464395,14),(429500652,'Lenny Alston','1993-12-25','M','Edlingerplatz 1, 33398, Grundm?hle',1146076753,23),(429500653,'Wally Hutchings','2008-09-09','M','Clemensstra?e 28, 11704, Appeln',2959488905,7),(429500654,'Elisha Bingham','1943-02-23','M','Maximilian-Wetzger-Stra?e 8, 34363, Gernstedt',3388985808,14),(429500655,'Nina Hanes','1966-07-26','M','Heimeranstra?e 9, 68307, Klein Kampen',2539464492,18),(429500656,'Sheldon Bayer','1966-03-26','M','Degenfeldstra?e 7a, 59273, Bronnerlehe',429500569,10),(429500657,'Shonta Acevedo','1972-03-05','M','Therese-Danner-Platz 12a, 86760, Hammersfeld',1146076882,8),(429500658,'Raleigh Guajardo','1966-09-28','M','Schraudolphstra?e 1, 04732, D?rscheid',2959489014,12),(429500659,'Aundrea Chase','1951-08-09','M','Haushoferstra?e 47d, 51729, Rathendorf',3388985657,16),(429500660,'Douglass Jewett','1956-12-25','M','Himbselstra?e 69a, 58471, Abbenrode',1146076850,1),(429500661,'Gale Gould','1982-03-16','M','Gumppenbergstra?e 1b, 23780, Roschbach',2959489038,9),(429500662,'Lilian Abney','2001-02-27','M','Angererstra?e 13-19, 22204, Umleitungsdeich',3479400857,17),(429500663,'Clayton Shearer','1996-12-19','F','Josephsplatz 165a, 76928, Euscheid',2109967666,24),(429500664,'Derick Parry','1966-02-11','F','D?rnbr?ugasse 1, 19436, Rothes?tte',2109967694,11),(429500665,'Abe Hinkle','2010-08-18','F','Herrnstra?e 5, 43094, Katzow',3388985690,14),(429500666,'Cherelle Colbert','1961-07-19','M','Max-Joseph-Platz 1, 63359, Netzbach',3388985658,3),(429500667,'Alfred Almanza','1957-10-04','M','Hirtenstra?e 27, 94116, K?rner',3908897744,5),(429500668,'Monty Byrnes','2020-02-26','F','Baumstra?e 8a, 53264, Abbenrode',1146076823,12),(429500669,'Gilberto High','1979-12-03','F','Wilderich-Lang-Stra?e 54, 05372, Waldalgeshei',429500676,18),(429500670,'Ollie Wadsworth','2011-04-14','M','Hotterstra?e 2c, 46939, Baumholder',2959488894,22),(429500671,'Scottie Acevedo','1986-05-01','M','Arcisstra?e 8f, 71441, Aarbergen',2109967815,4),(429500672,'Keith Riley','1947-12-06','M','Winkstra?e 1d, 37878, Ilbesheim',2539464439,15),(429500673,'Fred Farias','2006-06-05','M','Beetzstra?e 6f, 22628, P?chersreuth',3388985810,1),(429500674,'Arthur Haley','1946-07-29','F','Falckenbergstra?e 2b, 68144, Aarbergen',2959489080,4),(429500675,'Trudi Coward','1969-08-05','F','Pariser Stra?e 255c, 24126, Krevese',3388985605,15),(429500676,'Fleta Riley','1955-08-31','M','An der Stemmerwiese 2e, 59380, Abberode',1146076730,19),(429500677,'Dillon Fife','2018-07-22','M','Lucile-Grahn-Stra?e 22-27, 77117, L?dinghause',2539464594,2),(429500678,'Roy Morrissey','1972-03-26','F','Leonrodplatz 4, 64166, Battgendorf',2539464425,18),(429500679,'Jani Ison','1957-08-30','M','Brienner Stra?e 2, 53154, Baudenbach',2539464399,6),(429500680,'Ora Bone','1999-05-27','F','Adalbertstra?e 8, 37337, Hohenwulsch',3908897585,8),(429500681,'Tonisha William','1945-10-03','M','Bavariastra?e 23-25, 66406, Aarbergen',1146076793,14),(429500682,'Alton Caldwell','1943-10-31','F','Beetzstra?e 1, 61135, Gem',3763,8),(429500683,'Orlando Ferrer','1963-10-28','F','Auerfeldstra?e 2a, 95554, Achtrup',3479400973,12),(429500684,'Jeramy Laflamme','2011-12-01','M','Galileiplatz 4, 94130, Gro?m?lsen',3870,19),(429500685,'Cherlyn Pleasant','2008-07-03','F','Paumannstra?e 9, 83702, Mollenstorf',429500629,22),(429500686,'Brent Strauss','1990-09-26','M','Triftstra?e 2, 08944, Altl?dersdorf',3908897549,6),(429500687,'Corina Dupont','1983-05-20','M','Bauerstra?e 13, 22593, Abberode',2539464400,10),(429500688,'Corrina Conyers','2003-10-21','F','Rauchstra?e 1e, 67433, Karith',3920,21),(429500689,'Lloyd Clark','2000-05-11','F','Adams-Lehmann-Stra?e 2, 58084, Aitzendorf',429500494,5),(429500690,'Kristy Kroll','1970-01-16','M','Romanstra?e 37, 83331, Kribbe',3388985785,13),(429500691,'Izetta Judd','1968-11-13','F','Am Bergsteig 7, 63197, Hinzweiler',1146076764,17),(429500692,'Madaline Lynch','1993-05-28','M','Rosental 61f, 76262, Dieterskirchen',3479400836,12),(429500693,'Marvin Ordonez','1941-10-16','M','Hohenstaufenstra?e 2, 07412, Strauch',3479401020,19),(429500694,'Dexter Atwell','1983-11-04','F','Vilshofener Stra?e 13, 38206, Griesheim',3908897721,2),(1146076708,'Brendan Andrade','2012-11-08','F','Amalienstra?e 8, 62532, Lahstedt',429500485,12),(1146076709,'Abigail Joyner','1980-03-06','F','Sankt-Wolfgangs-Platz 1, 64829, Diepholz',2539464575,15),(1146076710,'Richelle Griffis','2016-11-14','F','Maillingerstra?e 82, 14690, Schernebeck',429500461,24),(1146076711,'Joel Beck','1962-07-05','M','Kapuzinerplatz 1, 58444, H?llthal',2539464514,7),(1146076712,'Dodie Loveless','2007-01-30','F','Adams-Lehmann-Stra?e 25c, 18005, Rosien',1146076731,12),(1146076713,'Adaline Borges','1982-06-26','M','Bavariastra?e 2b, 58049, Neu Bleckede',2959488930,2),(1146076714,'Miss Cordell','2018-02-11','M','Amiraplatz 25-29, 48766, Norden',2109967845,21),(1146076715,'Vina Haggard','1966-02-28','F','Johann-Schmaus-Stra?e 2, 52942, Bad Blankenbu',3479400997,15),(1146076716,'Jennette Booker','2011-10-11','M','Preysingplatz 2, 28499, Torfkaten',1575573487,23),(1146076717,'Cecile Strand','1975-08-14','F','Stuckstra?e 2e, 29570, Breitenbrunn',1146076733,7),(1146076718,'Marvis Huskey','1960-02-19','M','Fritz-Endres-Stra?e 24, 99639, Buschvitz',1146076768,9),(1146076719,'Hershel Beverly','2009-07-05','M','Augustenstra?e 15-16, 49989, Volgfelde',3872,19),(1146076720,'Akilah Herzog','1944-04-12','F','Gebelestra?e 18b, 77296, Aventoft',1146076911,4),(1146076721,'Keisha Small','1948-06-24','F','Franziska-Bilek-Weg 9c, 73015, Bad M?nstereif',1575573488,12),(1146076722,'Michaele Armstead','1990-03-07','M','Soldnerweg 8, 37503, Bokensdorf',3842,16),(1146076723,'Addie Akins','2001-02-05','M','Trostberger Stra?e 2, 22224, Zempow',429500632,24),(1146076724,'Kristan Mccann','1941-02-27','F','Seeaustra?e 2b, 04358, Ahlum',2109967736,11),(1146076725,'Lina Agnew','1995-12-24','F','Adlzreiterstra?e 3f, 42220, Korntal-M?nchinge',429500548,18),(1146076726,'Clelia Cathey','1985-08-02','M','Welfenstra?e 2d, 98231, Hundsdorf',1575573464,23),(1146076727,'Karan Velazquez','1947-10-21','M','Gl?ckstra?e 24, 17169, ersleben',3479400826,2),(1146076728,'Greg Hayden','1995-04-09','F','Adalbertstra?e 3, 13887, Suhlequelle',2109967711,12),(1146076729,'Ada Hardman','1970-10-09','M','Sankt-Cajetan-Stra?e 1, 75674, Grube Alfred',1575573556,18),(1146076730,'Cameron Langlois','1961-03-29','F','Arndtstra?e 29a, 03446, Holzheim',3908897724,3),(1146076731,'Nathan Hawthorne','1985-08-09','M','Winthirstra?e 9, 44283, Niederndodeleben',3479400999,19),(1146076732,'Stacee Bowens','1971-06-05','M','Alfons-Goppel-Stra?e 23, 59611, Niedersch?nen',1146076826,23),(1146076733,'Rene Numbers','1978-04-30','F','Ruhestra?e 24-25, 15206, Binningen',2959489019,3),(1146076734,'Lesley Abraham','1996-01-18','F','G?rresstra?e 19b, 95780, Abenberg',2109967870,14),(1146076735,'Kylie Barth','1946-07-25','M','Friedenstra?e 22-28, 42131, Brenk',3479400838,16),(1146076736,'Fritz Simon','1987-10-25','M','Rosental 1, 14130, Wagenhoff',3908897564,3),(1146076737,'Awilda Durham','1960-04-23','F','Friedrichstra?e 2, 04842, Pleidelsheim',1575573499,7),(1146076738,'Alva Shanks','1942-11-14','M','Barthstra?e 24f, 27947, Gaisberg',3388985820,18),(1146076739,'Katheryn Keeling','1984-06-09','M','Kaulbachstra?e 4, 26474, Lauchr?den',2109967787,9),(1146076740,'Derek Parr','1983-05-14','M','Zweibr?ckenstra?e 19e, 24979, Talkau',1575573583,1),(1146076741,'Phuong Abernathy','1966-11-08','F','Richard-Wagner-Stra?e 2, 58886, Aasb?ttel',1146076828,13),(1146076742,'Santos Kinsey','2010-06-17','F','Astallerstra?e 1, 79264, Mittweide',1575573584,17),(1146076743,'Shea Vanburen','2012-04-22','M','Leonhard-Frank-Stra?e 1, 69702, Rothes?tte',3767,19),(1146076744,'Aimee Chen','2007-04-23','M','Keplerstra?e 2, 22354, Aasb?ttel',3874,8),(1146076745,'Ada Walden','2004-03-06','M','Lily-Braun-Weg 9, 69324, Ofterdingen',2959488965,20),(1146076746,'Lenny Lucero','1952-05-03','F','Rudliebstra?e 8d, 08650, Angl',429500498,8),(1146076747,'Adam Agnew','2020-07-22','F','A?linger Stra?e 22-25, 25388, Fresenbr?gge',2109967739,12),(1146076748,'Brigitte Barrows','2017-12-29','M','Adi-Maislinger-Stra?e 4, 66441, Calbe',1575573500,17),(1146076749,'Janette Conger','2002-11-06','M','Gravelottestra?e 3e, 25461, Kirchst?tt',3479400927,3),(1146076750,'Laticia Lambert','1945-12-09','M','Agnes-Neuhaus-Stra?e 24-27, 86258, Bergneusta',429500464,11),(1146076751,'Rafael Acker','1977-09-20','M','Claude-Lorrain-Stra?e 2, 33565, Bruchertseife',2959488933,14),(1146076752,'Brianna Kaiser','1954-08-30','M','Wei?enburger Platz 23, 25578, Abenberg',3820,6),(1146076753,'Samuel Truong','2007-07-06','M','Geschwister-Scholl-Platz 6a, 81904, Sulzburg',3876,19),(1146076754,'Wai Bonds','1954-02-11','M','Aschheimer Stra?e 24d, 05833, ausnitz',3388985790,22),(1146076755,'Kary Lamb','2014-06-29','M','Ettstra?e 2, 52178, Ruppach-Goldhausen',2539464497,2),(1146076756,'Abraham Woodward','1972-02-06','M','Ortnitstra?e 21-26, 38232, D?rrmoschel',2539464625,2),(1146076757,'Harvey Mackey','2015-07-31','M','Opitzstra?e 8, 84973, Boize',3388985586,14),(1146076758,'Adaline Oneill','1948-01-07','M','Aberlestra?e 3, 09698, Breuberg',1146076830,19),(1146076759,'Bennie Davila','1991-09-17','M','Anzinger Stra?e 81e, 67944, Adelsried',2109967768,1),(1146076760,'Arden Samson','1989-03-13','F','Max-Weber-Platz 26b, 11471, Drei Annen Hohne',1146076800,15),(1146076761,'Nelida Gonzalez','2000-08-20','M','Kellerstra?e 18, 63764, Reudnitz',429500502,2),(1146076762,'Alexander Molina','2016-08-07','M','Adalbert-Stifter-Stra?e 3d, 92076, Aasb?ttel',2959488913,8),(1146076763,'Adalberto Castellanos','2006-02-27','M','Herzog-Ernst-Platz 13-18, 39029, Droschka',3712,12),(1146076764,'Michelle Bostick','1951-07-24','F','Schornstra?e 1, 01466, Bad Sobernheim',2109967770,15),(1146076765,'Nena Edward','1965-09-23','M','Lothstra?e 11b, 11042, Hachelbich',3908897680,19),(1146076766,'Zaida Braden','1943-02-08','F','Herzogspitalstra?e 8, 25682, Aerzen',3845,24),(1146076767,'Delbert Arrington','1949-12-26','M','Fallmerayerstra?e 3, 98963, Gl?vzin',1575573660,5),(1146076768,'Adolph Shafer','2011-04-01','M','Karl-Theodor-Stra?e 22-27, 95678, Oberkl',3388985698,10),(1146076769,'Luther Lundy','1993-04-29','M','Elvirastra?e 2b, 54296, H?llthal',3388985587,6),(1146076770,'Laure Allard','1944-08-26','M','Marsplatz 104, 16088, Friedensau',2539464521,11),(1146076771,'Abdul Pollock','1942-05-06','F','Siegesstra?e 1c, 62197, Abtswind',2539464603,17),(1146076772,'Aldo Abney','1978-04-09','M','Johann-Pez-Stra?e 2, 43970, Lebrade',3846,20),(1146076773,'Kelly Harness','1960-12-08','M','Seeligerstra?e 2, 32981, Schaafheim',1146076894,24),(1146076774,'Joan Boudreaux','1954-10-20','M','Alter Messeplatz 3, 39220, Bad Langensalza',2539464472,3),(1146076775,'Michel Baggett','2017-08-20','F','Schl?rstra?e 2, 82377, Surbergbichl',2959488914,6),(1146076776,'Adrienne Fairley','1945-09-05','F','Pf?nderstra?e 18, 02355, Oebelitz',2109967824,19),(1146076777,'Adan Shade','1978-03-21','M','Zeppelinstra?e 3, 51623, Lotte',2539464530,23),(1146076778,'Abe Bowman','1991-08-27','F','Herrnstra?e 5a, 53955, Josefsm?hle',1146076946,6),(1146076779,'Tomeka Morey','1994-08-03','M','Werneckstra?e 40, 56146, Gering',3388985588,12),(1146076780,'Nikki Kemper','1971-03-01','M','K?nigsplatz 1, 83111, Scheidt',3908897510,20),(1146076781,'Byron Purdy','2005-06-23','M','Baldestra?e 1e, 18225, Altenpleen',3957,24),(1146076782,'Ashley Gauthier','1954-06-27','M','Adalbert-Stifter-Stra?e 19c, 45765, Mais',3388985699,9),(1146076783,'Blake Comstock','2016-11-11','F','Germaniastra?e 21, 16555, Stolzenhain a d R',1575573590,17),(1146076784,'Terrence Whittaker','1969-05-07','M','Ackermannstra?e 22-29, 35563, Aebtissinwisch',1146076895,3),(1146076785,'Alane Cornwell','1959-12-21','M','Sigmundstra?e 86, 82826, Gr?ningen',2109967825,17),(1146076786,'Parker Abrams','1957-03-01','F','Karlstra?e 1, 87340, Aschheim',2109967874,1),(1146076787,'Robert Thayer','1984-08-15','F','Wittelsbacherplatz 13-15, 79206, ?dersee b We',3908897527,14),(1146076788,'Alejandrina Levine','1989-11-10','F','Liebherrstra?e 6c, 98458, Bonerath',1575573661,18),(1146076789,'Sumiko Felton','2012-07-14','M','Hornsteinstra?e 4c, 98559, Biebesheim',2539464531,22),(1146076790,'Winona Carter','1999-10-07','M','Johann-von-Werth-Stra?e 2, 04007, Barby',2539464523,10),(1146076791,'Marlin Ripley','1998-12-17','F','Schyrenstra?e 2e, 44671, Mauel',429500611,17),(1146076792,'Kyra Eaton','1973-11-26','M','August-K?hn-Stra?e 10, 98214, B?tthard',3388985700,23),(1146076793,'Adriana Gerber','1998-05-29','M','Osterwaldstra?e 77c, 79833, Bockwitz',429500505,15),(1146076794,'Jude Mancini','1943-04-28','F','T?rkenstra?e 9f, 66196, Marktleugast',2109967646,4),(1146076795,'Delora Lunsford','2019-08-05','F','Agnes-Neuhaus-Stra?e 9d, 75172, Haina',3908897662,10),(1146076796,'Tory Keegan','2011-04-20','F','Oskar-von-Miller-Ring 25-28, 82387, Bechhofen',1146076862,18),(1146076797,'Jenni Kessler','1969-11-07','F','Isolde-Kurz-Stra?e 16c, 62389, Nottfeld',2109967827,3),(1146076798,'Brock Abrams','1969-08-06','M','N?rnberger Stra?e 16a, 14723, Glash?tte-Ditte',429500506,7),(1146076799,'Derek Stockton','1958-05-29','F','Ridlerstra?e 48, 78178, Nusbaum',2539464525,11),(1146076800,'Tanner Gilley','1953-01-10','F','Oettingenstra?e 95f, 88792, Diekhusen-Fahrste',2539464378,17),(1146076801,'Peter Burroughs','1983-12-18','M','Adalbert-Stifter-Stra?e 23-25, 57640, Geisenh',1575573627,22),(1146076802,'Clotilde Ayres','1996-01-07','M','Montgelasstra?e 7, 04703, Dittelsdorf',3908897630,5),(1146076803,'Kiesha Abney','2001-05-20','F','Laplacestra?e 2, 47266, Abbau Ader',3848,17),(1146076804,'Shanae Beckham','1977-08-19','M','Siebertstra?e 20, 53849, Meckenbeuren',2109967775,24),(1146076805,'Matthew Linkous','1997-10-05','F','Sendlinger Stra?e 8, 17957, Ahorn',3882,10),(1146076806,'Jackeline Kelly','1977-12-09','F','Feilitzschstra?e 8, 92508, Gasteyers M?hle',1575573564,17),(1146076807,'Donn Doughty','1995-08-26','F','Ebersberger Stra?e 19, 29087, Liebsch',3388985824,22),(1146076808,'Cammy Champion','1976-03-07','F','Nymphenburger Stra?e 7, 41629, L?ckenburg',1575573507,13),(1146076809,'Eliseo Loomis','2001-12-17','M','Mariahilfstra?e 1, 33594, Barleben',2959488860,7),(1146076810,'Ada Bradford','1944-08-31','M','Bad-Schachener-Stra?e 7, 21009, Riesdorf',1575573600,9),(1146076811,'Alexis Heller','1990-02-24','M','Jutastra?e 1, 75208, Wangenheim',3388985796,19),(1146076812,'Leonia East','1974-08-03','M','Herzog-Max-Stra?e 2, 64615, St?tzengr',3479400806,3),(1146076813,'Gail Griggs','1944-09-02','M','Gohrenstra?e 2, 17836, T??ling',3856,17),(1146076814,'Lawanna Mize','1948-04-16','F','Hirschauer Stra?e 1, 56986, Linthe',2109967805,8),(1146076815,'Adaline Machado','1995-08-28','F','Mittererstra?e 7, 94013, R?delsee',3388985592,12),(1146076816,'Carol Busby','1973-07-03','M','Esebeckstra?e 8e, 73950, Sch?nwald',2959488862,19),(1146076817,'Valorie Markham','1968-05-06','M','Radlkoferstra?e 2, 12568, Ahlerstedt',1146076836,6),(1146076818,'Douglass Peoples','2001-01-12','F','Adams-Lehmann-Stra?e 4, 85577, St Katharinen',2109967798,12),(1146076819,'Raymundo Rousseau','2003-06-19','M','Laplacestra?e 2, 83399, Eisenberg',3388985797,19),(1146076820,'Jacob Huston','2016-09-15','M','Arnulfstra?e 3, 27688, Altweidelbach',2109967899,2),(1146076821,'Adan Ochoa','1965-10-15','F','Schrenkstra?e 2, 85157, ramstedtlund',3388985798,23),(1146076822,'Albert Gilson','1999-08-15','F','Mayrfelsstra?e 2, 94520, Bayrischzell',1146076714,8),(1146076823,'Malinda Bronson','2012-08-30','M','Rochusberg 47, 44516, Aarbergen',1146076837,16),(1146076824,'German Acker','1983-12-11','M','Leopoldstra?e 12, 31667, B?ddenstedt',3828,19),(1146076825,'Elden Becerra','1999-02-20','M','Faberstra?e 2, 16414, Ackermannshof',3479400940,5),(1146076826,'Bobbi Bauman','1964-06-15','F','Therese-Danner-Platz 9f, 21956, Fischbach',3777,15),(1146076827,'Michael Blackwell','1949-09-09','M','Augustinerstra?e 1, 16428, Edertal',3388985827,23),(1146076828,'Jame Abel','2004-09-25','F','Anzinger Stra?e 2a, 23070, Oppenau',3908897602,3),(1146076829,'Alena Morey','1973-08-18','F','Karolinenstra?e 12c, 61590, Adelmannsfelden',2959489097,12),(1146076830,'Dennise Smoot','1987-12-24','F','Aventinstra?e 1d, 94165, M?nchenbernsdorf',429500587,22),(1146076831,'Rich Song','1967-09-07','M','Merianstra?e 9f, 19452, Horstedt',3931,1),(1146076832,'Juan Matney','1989-09-11','M','Artur-Kutscher-Platz 2, 46820, Fu?stall',2539464561,14),(1146076833,'Clayton Savage','2018-02-19','M','Hirschauer Stra?e 2, 12589, Ernzen',1146076934,19),(1146076834,'Antonio Polanco','1956-07-20','F','Maximilianstra?e 11b, 18204, Abenberg',2959488950,23),(1146076835,'Arnulfo Abernathy','1972-06-29','F','Gudrunstra?e 1, 31178, Braunsroda',3479400808,7),(1146076836,'Ming Zeller','2020-01-09','M','Schnorrstra?e 47, 44208, Kettemers M?hle',429500450,15),(1146076837,'Vella Snider','2004-07-01','M','Lenzfrieder Stra?e 10, 38620, Zollwitz',3778,22),(1146076838,'Cletus Barrera','2010-12-27','F','Kardinal-Faulhaber-Stra?e 5e, 67920, Retzin',429500534,6),(1146076839,'Alethea Gorman','1979-11-19','M','Damenstiftstra?e 5, 82495, Fehrbellin',1575573569,23),(1146076840,'Jame Hamilton','1995-03-12','F','Alfons-Goppel-Stra?e 5, 62740, Abbendorf',1575573512,14),(1146076841,'Nana Butterfield','1952-05-25','F','Zirkus-Krone-Stra?e 2, 05163, Altenkunstadt',3479400911,21),(1146076842,'Adaline Boren','1975-12-01','F','Siegesstra?e 2d, 72480, Rodder',2539464482,24),(1146076843,'Elsie Abbott','1963-04-24','M','Adalbertstra?e 1, 65727, Altersbach',1146076872,5),(1146076844,'Micheal Mcdonald','1964-07-05','M','Mauerkircherstra?e 4a, 42812, Acht',2539464632,11),(1146076845,'Roy Andrade','2017-07-14','F','Hedwigstra?e 22-25, 65314, St?rdorf',3908897687,18),(1146076846,'Crystal Davidson','1955-07-10','M','Augsburgerstra?e 23a, 21152, Aalen',2109967879,23),(1146076847,'Doyle Hess','1954-01-10','F','An der Stemmerwiese 7, 99980, Abbendorf',3779,16),(1146076848,'Lane Shaffer','1989-12-20','F','Ruhestra?e 1, 22334, Kleverhof',2109967746,22),(1146076849,'Claud Lujan','1993-07-11','M','Albanistra?e 14-18, 29327, Heldenstein',2539464414,5),(1146076850,'Ambrose Hogue','1946-04-01','M','Fendstra?e 5, 94171, Gatterst?dt',1575573543,21),(1146076851,'Lady Burdick','2020-04-03','M','Luisenstra?e 6, 56993, Gumpener Kreuz',2539464483,7),(1146076852,'Adam Wyman','2005-02-25','F','Braystra?e 9a, 35665, Achslach',2959489031,4),(1146076853,'Barton Berube','1953-11-22','M','Kapuzinerplatz 20, 75977, D?rrr?hrsdorf-Ditte',2959489071,12),(1146076854,'Colin Abel','1984-09-19','F','Bothmerstra?e 6, 81867, Gersheim',429500639,17),(1146076855,'Cleora Chatman','1947-10-30','M','Lazarettstra?e 6, 52105, Alkersum',1146076873,21),(1146076856,'Theo Bethea','1981-12-12','F','Adams-Lehmann-Stra?e 161, 01839, Altrip',3859,4),(1146076857,'Melani Clem','1978-09-07','M','Einsteinstra?e 12, 46668, Remlingen',3909,11),(1146076858,'Adah Mace','1951-01-07','F','Schubertstra?e 13e, 87521, Altfriedland',3479400982,18),(1146076859,'Bud Landry','1954-07-20','F','Lipowskystra?e 1, 23289, Balge',2539464584,9),(1146076860,'Nicky Ruby','1945-04-08','M','Beetzstra?e 31e, 88689, Klein Behnitz',2959488866,11),(1146076861,'Dia Mercier','1993-12-09','M','Kaiserplatz 23c, 83668, Westerngrund',3908897688,15),(1146076862,'Bruce Gamez','1962-05-30','F','Wiltrudenstra?e 1, 54948, Aach',3908897536,24),(1146076863,'Kristi Mattox','1965-04-14','F','Maillingerstra?e 8, 36010, auwalde',429500451,5),(1146076864,'Scarlet Cousins','1995-05-21','M','Ackerstra?e 13a, 21509, Zschoppach',1575573571,11),(1146076865,'Carol Carlson','1961-06-23','M','Max-Joseph-Platz 2b, 67253, Berbisdorf',1146076874,21),(1146076866,'Melissia Prescott','1954-10-20','M','Merianstra?e 1, 66277, Sch?chleinsm?hle',3908897689,8),(1146076867,'Sherrill Sager','1978-01-31','M','Rochusberg 6f, 48990, Aasb?ttel',2539464585,23),(1146076868,'Margarita Satterfield','1995-05-11','F','Lueg ins Land 4d, 83326, Hirten',3388985709,12),(1146076869,'Victor Acosta','1974-05-20','M','Oberl?nderstra?e 1, 05937, Artlenburg',1146076842,23),(1146076870,'Spencer Dutton','1947-02-20','F','Gabrielenstra?e 1, 43574, Allmersbach',2109967657,13),(1146076871,'Earl Cochran','1980-08-01','F','Wredestra?e 6a, 82312, Leienkaul',3721,19),(1146076872,'Alfredia Marion','2007-05-22','M','Adi-Maislinger-Stra?e 167a, 66560, Aftholderb',2109967809,10),(1146076873,'Ardella Provost','1998-03-26','F','Adelgundenstra?e 11c, 76079, Alt Zachun',3479401012,19),(1146076874,'Felton Boykin','1950-10-03','M','Kapellenstra?e 99d, 91094, Allersberg',3888,3),(1146076875,'Hertha Basham','1997-01-23','F','Alois-Gilg-Weg 1, 86148, Abbenrode',2539464389,7),(1146076876,'Paul Yazzie','1956-01-26','M','Eduard-Schmid-Stra?e 2, 73097, Bardowick',1146076816,11),(1146076877,'Nicolas Macdonald','1945-10-06','M','Schweppermannstra?e 9d, 77683, Brunau',3388985764,16),(1146076878,'Pamella Alvarez','1959-06-02','M','Augustinerstra?e 1, 22809, Klein Rheide',3479400883,3),(1146076879,'Claude Adler','1941-11-15','F','Schleibingerstra?e 49, 64432, Sandbeiendorf',2539464458,13),(1146076880,'Johnson Leger','2015-04-24','F','Belfortstra?e 7, 04372, Wotersen',2539464487,1),(1146076881,'Berry Abernathy','2004-05-10','M','Hiltenspergerstra?e 4b, 72640, Neum?hlen',429500476,10),(1146076882,'Marquis Perales','1966-03-08','M','Gy?lingstra?e 1f, 39995, Niederbergkirchen',3908897642,1),(1146076883,'Danielle Simms','1965-09-27','F','Ramungstra?e 1d, 84288, Ruppertshofen',3937,9),(1146076884,'Harlan Nava','1940-06-19','F','Adi-Maislinger-Stra?e 1, 94545, Pobershau',3479400792,13),(1146076885,'Neville Brent','2019-06-27','F','Bismarckstra?e 1, 01752, Geiselh?ring',3388985685,21),(1146076886,'Jeremiah Wallace','2006-07-27','M','Regerplatz 2, 91079, Abbendorf',2959489048,2),(1146076887,'Theodore Tanaka','2003-07-13','F','Kirchenstra?e 2, 11591, M?nkhagen',429500532,7),(1146076888,'Alanna Webster','1945-11-10','M','Augsburgerstra?e 7d, 19696, Landgemeinde',2959488867,15),(1146076889,'Tom Amos','2014-08-19','M','Seeriederstra?e 1, 01832, Holm',3479400918,5),(1146076890,'Aide Jansen','1972-08-26','F','Felix-Fechenbach-Bogen 9, 34493, G?nzerode',3783,17),(1146076891,'Charlie Dozier','1981-12-23','F','Guldeinstra?e 7, 74257, Prenzlau',1146076845,24),(1146076892,'Julio Simonson','2002-01-13','F','Schwanthalerstra?e 25, 23278, Sulzhof',3479400984,8),(1146076893,'Grayce Martens','1961-09-25','M','Johann-Schmaus-Stra?e 61d, 99010, G?llesheim',2109967690,13),(1146076894,'Len Fry','1946-04-16','F','Thiereckstra?e 19f, 61383, Poley',1146076786,21),(1146076895,'Tenesha Ackerman','1947-09-29','M','Orlandostra?e 2d, 67519, Gollwitz',3908897577,8),(1146076896,'Alfredo Bledsoe','1948-02-06','F','Belgradstra?e 2d, 48249, Lambsheim',3388985679,3),(1146076897,'Dalton Mcginnis','1952-12-30','F','Barer Stra?e 1, 93465, Bargstall',2959488869,10),(1146076898,'Kermit Pomeroy','1944-06-29','M','Funkerstra?e 91, 66451, Aarbergen',1146076939,17),(1146076899,'Liliana Daley','2020-08-01','M','Adams-Lehmann-Stra?e 1, 89729, Premslin',3833,1),(1146076900,'Rachell Montanez','1990-06-05','F','Adelgundenstra?e 4, 01254, Weibersbrunn',429500453,19),(1146076901,'Abe Brand','2003-03-25','M','Frauenlobstra?e 7, 17711, Stavern',2959488955,4),(1146076902,'Addie Duckworth','1955-07-31','F','A?linger Stra?e 1, 88404, Wei?ensee',1575573453,13),(1146076903,'Calista Chism','1953-07-11','M','Bavariaring 1, 39882, H?rlitz',1146076879,5),(1146076904,'Zane Whipple','1986-08-10','F','K?chelb?ckerstra?e 6, 28765, Liebenhof',2109967691,17),(1146076905,'Dagmar Simpson','1976-08-13','F','Bl?cherstra?e 2f, 81629, Lehe',2959488982,12),(1146076906,'Alfonzo Upton','2012-10-24','M','Zaubzerstra?e 2, 17364, R?tgesb?ttel',2959488923,16),(1146076907,'Edwardo Rosas','2006-06-25','F','Effnerstra?e 6, 82084, Burweg',429500566,8),(1146076908,'Liberty Locke','2000-07-12','F','Ohmstra?e 2, 59458, Riegersheim',2959488956,12),(1146076909,'Audrey Odell','1979-12-03','F','Sporerstra?e 3c, 79683, Gro? Timkenberg',3908897646,24),(1146076910,'Joesph Cruz','1989-06-25','M','Schie?st?ttstra?e 2, 38686, Adelschlag',2959488890,17),(1146076911,'Adela Hudson','1966-06-08','M','Siegesstra?e 15-19, 46829, Gischau',3941,8),(1146076912,'Ping Noonan','1971-11-06','F','Poccistra?e 2, 87879, Merbelsrod',429500490,16),(1146076913,'Bennett Bonds','1951-03-05','F','Ridlerstra?e 26, 84632, Streitau',2539464434,4),(1146076914,'Gretchen Muller','2009-07-11','M','Fuetererstra?e 2, 76315, Grubo',3479400794,14),(1146076915,'Inez Wolff','1940-11-28','M','Margaretenstra?e 2, 75067, Hurt',1575573455,22),(1146076916,'Adalberto Duval','2015-05-20','M','Baldestra?e 24-29, 05803, Laaslich',3908897694,8),(1146076917,'Lacresha Armenta','1969-07-30','M','Guldeinstra?e 2, 92981, Beutenm?hle',3750,15),(1146076918,'Lamar Coe','1966-12-15','F','Regerplatz 15e, 37955, Adelshofen',2959488892,3),(1146076919,'Jacob Branch','2012-05-31','F','Berg-am-Laim-Stra?e 4c, 66566, Allensbach',1146076752,11),(1146076920,'Ariane Archibald','1981-11-30','F','Orffstra?e 24-29, 65505, Alkersleben',2539464615,19),(1146076921,'Everett Clark','1940-11-14','F','Sammtstra?e 1, 47154, Feilsdorf',3908897557,11),(1146076922,'Henriette Liles','1961-04-29','F','Adalbertstra?e 5f, 94996, Abbenrode',1146076881,15),(1146076923,'Jerrold Fenner','1991-08-16','F','Leonrodstra?e 25, 74538, Lindenau',429500544,19),(1146076924,'Armando Weaver','1999-05-09','M','Gebsattelstra?e 1, 17864, Perlesreut',1146076726,21),(1146076925,'Taneka Maupin','1976-09-08','F','Gunezrainerstra?e 1, 34289, Farnst?dt',429500568,9),(1146076926,'Morris Stackhouse','2012-11-30','M','Homerstra?e 1, 99514, ettingen-Scheppach',3479400988,14),(1146076927,'Tamica Dupont','1959-07-13','M','M?llerstra?e 1f, 13004, Heiligenstedtenerkamp',2109967861,9),(1146076928,'Ellis Hebert','2005-02-08','M','Gew?rzm?hlstra?e 34, 93439, Zernsdorf',3908897545,12),(1146076929,'Adaline Wilkinson','1964-08-28','F','Leonrodstra?e 2, 83642, Gr?nstadt',3726,5),(1146076930,'Zoe Chappell','2004-03-08','F','Mittererstra?e 5, 61330, Eisenhammer',3838,4),(1146076931,'Irvin Rhea','1945-09-12','M','G?llstra?e 1, 65154, Bad Honnef',3917,21),(1146076932,'Lavina Patrick','1990-10-01','M','Fritz-Endres-Stra?e 2d, 44112, Theisbergstege',3388985768,6),(1146076933,'Ehtel Preston','2019-04-15','M','Ickstattstra?e 61c, 82092, Welmb?ttel',2539464572,19),(1146076934,'Carolyne Massie','2001-01-08','M','Adlzreiterstra?e 1, 92756, Aichhalden',3479400821,11),(1146076935,'Timmy Okeefe','1942-02-03','M','Ansbacher Stra?e 94d, 15966, Salz',3388985624,14),(1146076936,'Alysa Mercer','1968-06-14','M','Westendstra?e 1a, 37955, Aach',2109967667,19),(1146076937,'Adeline Adler','1949-05-28','M','Andr?estra?e 25f, 76783, Langweiler',1575573581,24),(1146076938,'Marquerite Colley','1992-06-03','M','P?tschnerstra?e 2, 32810, Bettenhausen',3388985717,10),(1146076939,'Berna Macias','2011-04-25','F','Pappenheimstra?e 1, 59822, Appenrode',1575573494,19),(1146076940,'Bart Mattingly','2005-10-17','M','Haidhauser Stra?e 11d, 82207, Kolrep',2959489015,17),(1146076941,'Grant Bostick','1961-09-15','M','Am Einla? 2, 01077, Abbau Ader',2959489081,6),(1146076942,'Tran Acevedo','1948-05-25','M','Kolumbusstra?e 2, 67444, Beicha',429500459,17),(1146076943,'Brittani Mcfarlane','2017-05-03','M','Gebsattelstra?e 4, 61364, Gro?vargula',2109967890,16),(1146076944,'Jeanett Crouse','2010-04-29','M','Vilshofener Stra?e 19c, 14805, Hawangen',3729,24),(1146076945,'Rolf Williford','2002-12-08','F','Donaustra?e 9, 17300, B?renbach',429500460,2),(1146076946,'Newton Herring','1999-12-30','F','Adams-Lehmann-Stra?e 16c, 63270, Aschendorf',3947,18),(1146076947,'Adriane Sauer','1956-08-16','F','Holbeinstra?e 1d, 58059, Bubsheim',3479400835,3),(1146076948,'Gloria Larue','1989-05-18','F','Sterneckerstra?e 21, 15725, Kist',429500678,15),(1146076949,'Chana Fort','1983-07-26','F','Ganghoferstra?e 4, 75600, Valfitz',1146076910,23),(1146076950,'Rosalia Nunes','1982-01-20','M','Senftlstra?e 22, 11080, Achern',429500651,5),(1146076951,'Alberto Kerns','2006-02-21','M','Theklastra?e 21-27, 72271, Masburg',3479400861,8),(1146076952,'Armando Bartley','2017-01-28','M','Kurf?rstenstra?e 232d, 29274, Aarbergen',2109967710,14),(1146076953,'Tracey Ahern','1980-04-14','M','Ramungstra?e 12, 29438, Dettenheim',3908897720,22),(1575573439,'Johnathon Adler','2001-10-16','M','Barer Stra?e 3, 74430, Amselgraben',3388985606,13),(1575573440,'Delphine Rhea','1970-10-01','F','Erika-Mann-Stra?e 2a, 01123, Ebersbrunn',3908897624,20),(1575573441,'Kandis Teel','1997-06-09','F','Ackermannstra?e 2, 73687, Martinsh',2959489017,5),(1575573442,'Jacquline Clevenger','2020-01-09','M','Soldnerweg 2, 96715, Hermannshagen Hof',3755,10),(1575573443,'Syreeta Carnes','2000-05-19','F','Erhardtstra?e 14, 76394, Schleifm?hle',3388985691,19),(1575573444,'Gordon Oakes','1945-06-02','F','Ledererstra?e 1a, 85296, Gottberg',2539464427,15),(1575573445,'Markus Way','2016-11-19','M','Orlandostra?e 14-19, 66287, B?nen',2539464428,6),(1575573446,'Stanley Truong','1984-02-29','M','Keuslinstra?e 5, 87310, Ummerstadt',1575573498,20),(1575573447,'Emmett Acker','1998-09-17','F','Stubenvollstra?e 2, 95601, R?delhausen',2539464598,24),(1575573448,'Monserrate Boston','1963-10-10','F','Isarring 14, 61239, H?mmerich',3388985661,8),(1575573449,'Emmitt Mcadams','1979-06-11','M','Elisenstra?e 4, 07339, Hemme',3388985817,10),(1575573450,'Emory Upton','2007-11-25','F','Gaiglstra?e 29c, 92059, Friedebach',2109967818,22),(1575573451,'Charisse Aponte','1941-03-04','M','Wittelsbacherplatz 12-16, 71106, Th',3479400825,9),(1575573452,'Eddie Chang','1942-12-04','M','Adi-Maislinger-Stra?e 1, 09272, Sch?nsee',2109967672,15),(1575573453,'Ramon Smiley','2003-09-21','M','Arcisstra?e 2, 16875, Ailertchen',429500573,18),(1575573454,'Basilia Dahl','1947-08-09','M','Berg-am-Laim-Stra?e 24-25, 37523, Adelheidsdo',3388985719,9),(1575573455,'Selene Bethel','1990-01-05','M','Adelheidstra?e 11-15, 31070, Kahler Berg',3908897551,15),(1575573456,'Carlie Free','1981-12-12','F','Ackerstra?e 14-19, 45809, Tacherting',1146076928,19),(1575573457,'Alphonso Schaefer','2011-12-08','F','Arberstra?e 7, 28636, Kummer',1575573674,24),(1575573458,'Brittney Cortez','2019-07-21','M','Sedlmayrstra?e 2d, 39335, Hagen',1146076734,10),(1575573459,'Adela Hill','1953-11-08','M','Schl?rstra?e 1, 98574, Achen',3908897701,15),(1575573460,'Rubye Carlin','1973-07-27','F','Damenstiftstra?e 1, 08178, St Johann',2109967737,24),(1575573461,'Jessie Judd','2006-03-26','F','Trautenwolfstra?e 9a, 09768, Gro? Teetzleben',2109967819,4),(1575573462,'Adolfo Connell','1974-01-28','M','Ifflandstra?e 6a, 87868, Pr?fern',1575573582,20),(1575573463,'Ming Danner','1943-06-20','M','Sammtstra?e 28c, 62180, Aschendorf',1575573489,2),(1575573464,'Carolin Acevedo','1995-03-26','F','Margaretenstra?e 1, 65006, Bubenreuth',3908897591,12),(1575573465,'Errol Andersen','2007-06-29','F','Lamontstra?e 87, 44328, Aarbergen',2539464516,15),(1575573466,'Johnson Cavazos','1944-11-10','F','Hanebergstra?e 28, 25574, Miellen',2539464550,1),(1575573467,'Julianne Boyce','1950-10-04','F','Hermann-Lingg-Stra?e 51d, 92631, Schermen',3479400866,4),(1575573468,'Leila Bates','1982-02-19','M','Richard-Strauss-Stra?e 1, 27048, Lupendorf',3388985694,16),(1575573469,'Abe Geary','2008-12-20','F','B?hmerwaldplatz 187, 38770, Bad Salzungen',3908897592,19),(1575573470,'Ray Coats','1989-04-21','M','Adelgundenstra?e 5, 62593, Bad Driburg',429500652,18),(1575573471,'Virgilio Mccray','2009-09-15','M','Margaretenstra?e 2a, 21099, Wei?enfeld',1146076853,4),(1575573472,'Abbie Weddle','2001-06-15','M','Platenstra?e 2, 66352, Bad D?rrheim',2959488932,16),(1575573473,'Kristine Ackerman','2010-01-12','F','Anzinger Stra?e 18a, 12397, Heroldstatt',1575573466,18),(1575573474,'Rich Anderson','1997-02-16','M','Herzog-Wilhelm-Stra?e 15, 51799, Schwarzenbac',3388985788,2),(1575573475,'Emil Godfrey','1943-03-23','F','Rothmundstra?e 1, 97372, Rupbach, Gem Gutenac',2959489021,14),(1575573476,'Gene Link','1975-03-04','M','Thiemestra?e 24-26, 24386, K?nigstein',429500682,2),(1575573477,'Jamaal Allison','2011-10-10','F','Adi-Maislinger-Stra?e 7, 77954, Altenmoor',3768,11),(1575573478,'Jeff Tyson','1947-11-16','F','Schlei?heimer Stra?e 5, 49278, Goldenbow',2539464580,16),(1575573479,'Herminia Horn','1975-05-23','M','Ligsalzstra?e 1, 31127, Grafhorst',3908897652,18),(1575573480,'Aldo Pauley','1990-05-19','M','Margaretenplatz 276, 35918, Adendorf',2959488901,7),(1575573481,'Kristine Boyd','1940-01-02','M','Landaubogen 8d, 28893, Steinberg',3908897679,1),(1575573482,'Lawrence Rossi','1966-02-12','F','Kufsteiner Platz 21, 32272, Sierksdorf',2109967821,2),(1575573483,'Marquis Ahmed','2006-03-17','M','Hochstra?e 53, 42528, Insel Riems',429500500,8),(1575573484,'Abram Dutton','2006-08-08','M','Am Eisbach 54, 35066, Raddusch',3908897749,21),(1575573485,'Max Currier','1989-01-17','M','Mainzer Stra?e 18, 63985, Bestensee',1575573586,1),(1575573486,'Ann Isaacs','2014-10-24','F','Obermaierstra?e 2, 32465, Eggenstedt',1146076772,10),(1575573487,'Ambrose Meza','1973-05-22','F','Gunezrainerstra?e 5a, 73619, Willingen',1575573529,12),(1575573488,'Orlando Abney','1973-01-08','M','Lessingstra?e 1, 98622, Hohenbruch',1146076773,18),(1575573489,'Valene Ahern','2007-11-29','F','Gabelsbergerstra?e 5, 53504, Merzalben',2959489060,3),(1575573490,'Robin Alger','2010-02-21','M','Ackermannstra?e 2c, 99404, Edewecht',3388985773,11),(1575573491,'Kyra Carl','1954-04-28','F','Marsplatz 15a, 02631, Trebra',1146076893,21),(1575573492,'Corey Leung','1995-01-09','M','Ebersberger Stra?e 75b, 71963, Hilst',3924,4),(1575573493,'Lani Acevedo','2002-07-31','F','Am Giesinger Feld 5, 12816, Abbau Ader',429500466,11),(1575573494,'Aleisha Croteau','2005-10-27','M','Alramstra?e 1, 74452, Stemshorn',2539464500,18),(1575573495,'Giselle Needham','1991-05-06','M','Haidhauser Stra?e 1a, 24390, Trappenkamp',3479401002,16),(1575573496,'Robert Oneill','1953-01-01','M','Sebastiansplatz 26f, 21591, Ehrenstein',2539464406,23),(1575573497,'Shon Abbott','2009-04-01','M','Alter Hof 266c, 78940, Adelshofen',1575573646,1),(1575573498,'Graham Findley','2000-06-24','F','Stielerstra?e 1, 97803, Reichen',3479401026,8),(1575573499,'Adam Burrow','1956-04-14','M','Herkomerplatz 1, 58231, Wernau',2959489043,21),(1575573500,'Corie Folsom','2013-10-17','F','Augustenstra?e 9f, 91532, Mittelbrunn',3908897728,9),(1575573501,'Dallas Gamez','2008-06-03','M','Hackerbr?cke 2f, 32235, Muttenhaus',1575573624,14),(1575573502,'Cole Slaughter','1946-05-03','M','Wilhelm-Tell-Stra?e 1, 77362, Basthorst',1575573532,19),(1575573503,'Rebbeca Conrad','1985-09-21','M','Burggrafenstra?e 1, 63075, Glasau',1146076930,22),(1575573504,'Santos Crane','1974-03-01','M','Orlandostra?e 51a, 44354, Kuhnh?fen',3821,2),(1575573505,'Garret Mcknight','1972-05-05','M','Centa-Herker-Bogen 1, 38563, Achtelsbach',3479400903,6),(1575573506,'Deloras Hassell','2002-10-27','M','Kopernikusstra?e 2, 77793, Gremersdorf',3479400930,7),(1575573507,'Enrique Andersen','2011-08-29','F','Isartorplatz 1e, 09479, Achim',3479400801,22),(1575573508,'Dwight Abney','1986-07-24','M','Oberanger 16, 05763, B?lau',429500610,3),(1575573509,'Angel Hamer','1957-06-01','F','Gammelsdorfer Stra?e 2, 93223, Gebhardshain',1146076739,11),(1575573510,'Martin Caudle','1973-10-08','M','Daiserstra?e 4, 26266, Achim',3847,18),(1575573511,'Nigel Masterson','1997-10-11','F','Hirschauer Stra?e 4, 21355, Torfbr?cke',2959489063,22),(1575573512,'Mason Robinson','2006-12-17','M','Katharina-von-Bora-Stra?e 2, 49715, Nievern',3737,5),(1575573513,'Bruce Alba','1950-08-19','M','Bazeillesstra?e 55e, 07938, Barth',3908897681,15),(1575573514,'Adolph Henning','1962-11-18','M','Lachnerstra?e 126b, 05390, Tackmannshof',1146076831,20),(1575573515,'Delta Henry','1985-04-13','M','Trostberger Stra?e 4, 28173, Aalen',2109967718,13),(1575573516,'Leonardo Ricketts','1956-05-21','F','Ackerstra?e 1a, 85045, Saurasen',2959488969,19),(1575573517,'Kandy Randolph','1983-05-06','M','Adalbert-Stifter-Stra?e 5d, 59189, Adelberg',3479400785,7),(1575573518,'Adam Cary','2012-01-16','F','Kurf?rstenstra?e 9, 03552, Helsa',2109967719,15),(1575573519,'Tommye Camacho','2002-03-27','F','Beethovenstra?e 5f, 09223, Rastow',3479401029,20),(1575573520,'Donny Whitt','2014-06-18','M','Lissi-Kaeser-Stra?e 2, 64709, Neumarkt-Sankt ',3908897511,7),(1575573521,'Keith Portillo','1955-07-01','F','J?gerwirtstra?e 12, 96075, Potsdam',3908897568,14),(1575573522,'Howard Abel','1964-04-03','M','Kurf?rstenstra?e 8, 18541, Ebertsheim',3388985795,18),(1575573523,'Brady Ashby','2020-10-02','F','Oberf?hringer Stra?e 24-29, 82885, Rodenbek',429500578,24),(1575573524,'Gregg Gutierrez','1947-01-24','M','Hefner-Alteneck-Stra?e 24a, 21611, Nimritz',3479400803,3),(1575573525,'Carrol Abbott','1960-01-14','M','Adi-Maislinger-Stra?e 4, 29477, Klein Trebbow',2539464628,19),(1575573526,'Madonna Dickson','1995-03-19','F','Loristra?e 22b, 55505, erischke',3825,16),(1575573527,'Arturo Alves','1973-11-18','M','Rothmundstra?e 7, 46404, Bronkow',3775,22),(1575573528,'Trey Ahrens','2002-05-10','M','Hofgraben 1, 51542, Adelshofen',2959488937,6),(1575573529,'Abigail Baugh','1954-05-06','M','Oskar-von-Miller-Ring 62d, 94051, Abraham',429500528,10),(1575573530,'Adaline Speed','1943-08-01','M','Karlstra?e 19c, 75857, Obere ?lm?hle',2959488915,12),(1575573531,'Abdul Liles','1999-04-08','M','Sternwartstra?e 5, 95645, Abtsteinach',3388985616,20),(1575573532,'Angelic Dunn','1944-08-08','M','Adalbertstra?e 41a, 45819, B?ckwitz',3908897658,2),(1575573533,'Anibal Aragon','1956-08-07','F','Kindermannstra?e 38e, 24170, Dittrichsh?tte',3908897663,9),(1575573534,'Hiram Acosta','1943-06-08','M','Galeriestra?e 1, 92709, Hetzdorf',3908897755,19),(1575573535,'Mikel Mcmurray','1954-05-21','M','Alfonsstra?e 2, 88264, Ahnsbeck',429500556,4),(1575573536,'Andre Loyd','1965-09-07','M','Amberger Stra?e 22-28, 11297, Sellessen',1146076869,11),(1575573537,'Julius Aiello','2012-03-25','M','Bothmerstra?e 9b, 84589, Gnaschwitz',2109967795,19),(1575573538,'Lachelle Hood','1956-02-29','M','Werneckstra?e 1, 17188, Philippsburg',2959489001,8),(1575573539,'Akilah Ahern','1988-03-09','F','Herzog-Heinrich-Stra?e 11, 12997, Bartenshage',2959488938,17),(1575573540,'Consuela Caron','1984-09-20','F','Dachauer Stra?e 14c, 38289, Gusborn',2959489065,8),(1575573541,'Ashlie Saxton','2018-02-16','M','Adelgundenstra?e 1e, 42190, Aasb?ttel',3388985591,13),(1575573542,'Dane Broughton','1946-09-17','F','Donnersbergerstra?e 3, 33880, Abstatt',2539464451,17),(1575573543,'Donella Godfrey','2008-07-25','F','Angererstra?e 2, 74528, Gnetsch',429500658,16),(1575573544,'Joe Barbour','2001-09-24','M','Adelgundenstra?e 2, 88290, Hinterhermsdorf',2109967797,4),(1575573545,'Ken Chisholm','2008-05-09','M','Kufsteiner Platz 6, 59420, Riesweiler',2539464528,10),(1575573546,'Ruth Gilbert','2005-12-19','F','Wendl-Dietrich-Stra?e 1, 01228, Am Sandweiher',3388985826,13),(1575573547,'Roxane Mcgraw','1943-10-10','M','Nockherstra?e 1, 31429, Weidenbach',1575573663,2),(1575573548,'Eugenio George','2005-05-07','M','Faberstra?e 38c, 86296, Aalen',1575573537,11),(1575573549,'Abbie Greco','1966-04-10','M','Senefelderstra?e 6f, 99394, Gletzow',429500449,14),(1575573550,'Clementina Abney','2014-07-28','F','Sporerstra?e 93, 93190, Gro?kochberg',3479400787,23),(1575573551,'Addie Gavin','2008-10-25','M','Gedonstra?e 15a, 53277, Heinkenborstel',2959488863,9),(1575573552,'Annabell Whittle','1997-09-20','M','Amberger Stra?e 46, 98120, Gro? Wieblitz',3908897732,5),(1575573553,'Omar Kohl','2018-11-01','F','Tumblingerstra?e 44, 98050, Abbendorf',1146076807,10),(1575573554,'Adan Rivera','2015-07-19','M','Franziska-Bilek-Weg 2, 62002, Dackenheim',3908897660,17),(1575573555,'Adah Norwood','2013-09-26','M','Stielerstra?e 5, 63258, Rayerschied',2959489002,21),(1575573556,'Lonnie Mcgrath','2002-01-29','M','Prinzregentenstra?e 1, 33129, Glindenberg',2109967806,12),(1575573557,'Regenia Kellum','2005-02-11','M','Bauerstra?e 23-25, 61184, H?gel',3930,21),(1575573558,'Marcellus Bolduc','1973-06-22','F','Josephsplatz 6a, 33751, Siefersheim',3479400935,2),(1575573559,'Daniella Abrams','1954-10-03','M','Friedenstra?e 4, 06238, Lauenf?rde',429500530,8),(1575573560,'Theodore Jernigan','1963-03-10','F','K?chelb?ckerstra?e 2, 12532, Saunstorf',2959488973,15),(1575573561,'Bert Skipper','1944-03-31','M','Ohlm?llerstra?e 13-17, 23879, Parchen',2539464560,24),(1575573562,'Rafael Lacey','1948-03-09','M','Hirtenstra?e 5, 05588, Abbendorf',2959488918,10),(1575573563,'Irwin Benavidez','1981-10-21','F','Katharina-von-Bora-Stra?e 2, 74566, Attenhofe',3388985672,17),(1575573564,'Armanda Bridges','1962-07-09','F','Horemansstra?e 3, 36614, Abberode',2109967652,22),(1575573565,'Toshiko Irizarry','1951-10-16','M','Breisacher Stra?e 4, 21162, Adenbach',429500615,4),(1575573566,'Johnny Finley','1970-07-16','F','Garmischer Stra?e 2e, 23558, Baudenbach',429500533,10),(1575573567,'Clemente Ackerman','1950-06-26','M','Adams-Lehmann-Stra?e 7f, 66409, Dolgesheim',1146076808,21),(1575573568,'Alane Littleton','1955-06-19','M','Obere Johannisstra?e 7, 42436, Neukirchen-Bal',2959489098,24),(1575573569,'Roscoe Cary','2017-08-17','M','Sachsenstra?e 2, 88606, Heuberg',1146076953,15),(1575573570,'Cleo Cordell','2016-05-21','M','Adelheidstra?e 1d, 41562, Dragensdorf',429500531,8),(1575573571,'Tom Brothers','1981-05-17','F','Gumppenbergstra?e 8, 23246, Elsterwerda',2959489003,17),(1575573572,'Dannie Crawley','1940-10-18','F','Siegfriedstra?e 1e, 43192, Kirtorf',2539464538,22),(1575573573,'Johnathan Rutledge','1993-06-06','M','Augustenstra?e 11, 22808, Abbenrode',3829,2),(1575573574,'Dudley Boynton','2002-02-11','F','Albrechtstra?e 11c, 79423, Sotterhausen',2539464413,9),(1575573575,'Berry Garnett','1953-12-02','F','Fliegenstra?e 2, 52134, Willingshausen',3804,14),(1575573576,'Omer Medlin','1953-02-05','M','Mariahilfstra?e 1, 82598, Badem',3908897706,21),(1575573577,'Antione Abel','1972-09-05','F','Ziemssenstra?e 20b, 69046, Rehagen',2539464539,15),(1575573578,'Earnest Felix','2015-10-01','F','Aldringenstra?e 9, 08886, L?sten',2539464384,20),(1575573579,'Tessie Wade','1982-08-18','M','Niedermayerstra?e 18, 78844, Paulinzella',2539464563,3),(1575573580,'Ashlea Abel','1949-04-12','M','Ackermannstra?e 9e, 45530, Stallwang',3908897735,20),(1575573581,'Gale Berube','2009-11-06','M','Fasaneriestra?e 2, 84968, Utersum',429500663,1),(1575573582,'Lavone Adam','1971-12-29','M','Geschwister-Scholl-Platz 1b, 69299, Welschenb',2109967753,1),(1575573583,'Angelo Ellsworth','1949-12-16','F','Adalbertstra?e 1a, 82502, Gro? Wasserburg',2109967853,11),(1575573584,'Ahmed Alonso','1952-09-04','M','Adelgundenstra?e 15-19, 76420, othkamp',1146076746,14),(1575573585,'Kelvin Danielson','1965-10-15','M','Gentzstra?e 2, 81040, Bad Wildbad',1575573632,18),(1575573586,'Ronald Koehler','1996-02-07','M','Tattenbachstra?e 17e, 13602, Appenheim',3908897605,3),(1575573587,'Claire Hammonds','2019-08-02','M','Geroltstra?e 23-27, 44136, Breitenworbis',2539464415,9),(1575573588,'Michael Davison','2006-05-04','M','Felix-Dahn-Stra?e 2f, 56830, Brinjahe',3388985736,17),(1575573589,'Bernardina Hammonds','1985-02-25','M','Odeonsplatz 3a, 95373, Jevenberg',3479400880,22),(1575573590,'Elwood Ackerman','1963-05-10','M','Widderstra?e 14, 41278, Vatterode',3908897616,10),(1575573591,'Amos Maier','1981-12-03','M','Liebherrstra?e 1, 52791, Bad Soden',429500536,13),(1575573592,'Abe Coombs','1972-09-27','M','Kolumbusstra?e 6, 94390, Abbendorf',3479400915,22),(1575573593,'Milford Owens','2008-09-15','M','F?ustlestra?e 1b, 67419, Gostewitz',2959488887,3),(1575573594,'Jefferey Ross','2012-04-23','M','Raglovichstra?e 79, 14420, Ahnsbeck',2109967854,10),(1575573595,'Abe Cass','2019-10-16','F','Rheinbergerstra?e 3, 68273, Alth?tte',3830,13),(1575573596,'Paul Durham','1994-07-07','M','Obere Johannisstra?e 1, 18064, Abenberg',1146076810,1),(1575573597,'Gregory Newsom','1981-08-24','M','Besselstra?e 4, 26319, Ammersbek',1575573605,20),(1575573598,'Shaunda Ferrell','1956-03-28','M','Adolf-Kolping-Stra?e 20, 92898, Leubsdorf',429500512,8),(1575573599,'Kaitlin Barnhill','1977-11-06','F','Beethovenplatz 8b, 27517, Biblis',3388985675,21),(1575573600,'Walker Martell','1992-09-13','M','Orleansstra?e 5, 84568, Abenberg',2539464478,5),(1575573601,'Rosario Madrigal','1993-08-16','F','Rauchstra?e 1, 26382, Aderstedt',1575573573,16),(1575573602,'Lanny France','1942-12-04','F','Alramstra?e 14-18, 83508, Abbau Ader',2959488954,4),(1575573603,'Cassidy Holloman','1949-11-12','M','Kreuzstra?e 14-17, 53969, Uder',1575573633,13),(1575573604,'Arlen Abraham','1943-02-09','M','Denisstra?e 1c, 77034, Hallungen',2109967658,21),(1575573605,'Royce Limon','1945-09-14','M','B?hmerwaldplatz 1b, 13977, Tilleda',1575573650,5),(1575573606,'Sabra Abbott','1975-12-18','M','Viktor-Scheffel-Stra?e 15-19, 04959, Abtl?bni',1575573667,8),(1575573607,'Stevie Alger','1962-05-04','M','Lerchenfeldstra?e 22-29, 35733, Vorbach',2959488888,14),(1575573608,'Josue Abbott','1960-12-27','M','Rochusstra?e 13, 87357, Halbertshof',3388985803,23),(1575573609,'Armando Keaton','2016-12-04','M','Am Neudeck 13-19, 76858, Schwabm?nchen',3908897690,4),(1575573610,'Adolph Gallardo','1976-10-21','M','Nestroystra?e 1, 28698, B?renhof',1575573450,21),(1575573611,'Jonah Edmonds','1944-07-07','M','Altenhofstra?e 3a, 55706, Nordergeilwang',2539464586,9),(1575573612,'Jaime Bernal','1946-08-04','M','Merianstra?e 5b, 76778, Karlshorst',2539464418,21),(1575573613,'Aida Harmon','1994-07-25','M','Destouchesstra?e 5, 24943, Abbendorf',2109967856,3),(1575573614,'May Gaskin','2019-04-25','F','Philipp-Loewenfeld-Stra?e 14f, 71085, Hagen',2959489009,12),(1575573615,'Fransisca Ackerman','1959-05-11','F','Am Giesinger Feld 23-28, 11072, Schaprode',1146076903,15),(1575573616,'Marissa Leger','1951-10-05','M','Keferstra?e 7, 97489, Bugk',429500620,22),(1575573617,'Lanny Worthy','1988-09-15','F','Besselstra?e 1, 11577, W?nsch',2539464540,6),(1575573618,'Denae Locke','1991-10-29','M','Seeaustra?e 1c, 94084, M?hlbeck',2959489034,8),(1575573619,'Esteban Aguiar','1957-03-14','F','Ainmillerstra?e 12-19, 55755, Vachdorf',3388985677,22),(1575573620,'Samual Paradis','1976-10-28','M','Landaubogen 27, 18788, Friedrichsrode',3808,10),(1575573621,'Caleb Chacon','1989-10-27','M','Bavariastra?e 20, 23343, Andervenne',3479400943,22),(1575573622,'Chelsey Stroud','1983-08-04','M','Arnulfstra?e 2b, 26908, Kirchzarten',3908897539,4),(1575573623,'Pedro Tejeda','1961-10-17','M','Karl-Scharnagl-Ring 26, 45869, Holste',3890,9),(1575573624,'Garfield Swanson','1966-08-19','F','Isartalstra?e 28, 84509, Alflen',3479400884,20),(1575573625,'Alison Allard','2008-07-14','M','Schlotthauerstra?e 11-17, 25148, Ahorntal',1575573651,24),(1575573626,'Sofia Bright','2008-06-28','F','Rosenstra?e 43f, 52683, Aasb?ttel',1575573669,11),(1575573627,'Abbie Tyree','1998-08-02','F','B?ttingerstra?e 5, 96652, Blekendorf',1575573549,4),(1575573628,'Lester Lyon','2007-12-26','M','Dreim?hlenstra?e 1, 56664, Waddeweitz',2959488981,15),(1575573629,'Autumn Brownlee','1993-11-29','F','Gohrenstra?e 1, 09853, Drebber',3479400894,24),(1575573630,'Alberta Gerard','2015-01-18','F','Alois-Gilg-Weg 2a, 85350, Ahlum',429500540,16),(1575573631,'Sharan Mauro','2011-11-14','F','Trogerstra?e 16, 03710, Dauwelshausen',2109967836,23),(1575573632,'Christen Carlisle','2019-06-11','M','Nigerstra?e 11, 97496, Feldkirchen',3908897645,5),(1575573633,'Myriam Hyatt','2001-09-30','M','Zollstra?e 1, 88669, Absberg',2539464391,20),(1575573634,'Hortencia Copley','1944-07-12','M','Augustinerstra?e 7a, 28863, ?sleben-W?llersle',2959488889,13),(1575573635,'Theo Alexander','1969-07-24','M','Agnes-Neuhaus-Stra?e 19, 51839, M?nchberg',2539464614,9),(1575573636,'Abdul Adam','1998-06-01','M','Adalbert-Stifter-Stra?e 2, 76367, Neu Duvenst',3479400967,14),(1575573637,'Adolph Ackerman','1977-02-16','M','Zenettiplatz 2, 48947, Raubach',2959489011,23),(1575573638,'Alisa Quinn','1993-05-30','M','Unertlstra?e 2d, 45977, Unterschops',3388985742,9),(1575573639,'Herb Blum','1961-08-04','M','R?ntgenstra?e 34, 04506, Abbenrode',3749,15),(1575573640,'Karl Frasier','1952-10-20','M','Adi-Maislinger-Stra?e 18, 97634, Grana',2109967782,8),(1575573641,'Ada Acker','1992-02-27','M','Zenettiplatz 24-27, 33408, Abberode',2959488871,18),(1575573642,'Leon Ingram','1982-05-21','M','Wilderich-Lang-Stra?e 1, 49192, Brunnhartshau',2539464569,10),(1575573643,'Alverta Rosado','1947-01-13','F','Nockherstra?e 2, 09513, Weigenheim',1146076724,18),(1575573644,'Eliseo Skipper','1960-12-18','M','Adelheidstra?e 11-18, 44502, Steinalben',3812,9),(1575573645,'Roberta Batts','2005-10-03','M','Pirkheimerstra?e 70, 62461, Aalen',3908897556,17),(1575573646,'Agripina Howerton','1991-01-02','M','An der Stemmerwiese 6, 26002, Lisberg',3479400831,3),(1575573647,'Addie Oreilly','1951-01-25','M','Beethovenplatz 24c, 15936, Ahlerstedt',1575573636,10),(1575573648,'Keven Kane','2017-02-06','M','Dienerstra?e 1, 45236, Abbau Ader',2539464543,16),(1575573649,'Suanne Crittenden','2018-11-12','M','Homerstra?e 2, 54902, Dahlenwarsleben',2109967884,8),(1575573650,'Lorene Coker','1972-05-10','M','Ohmstra?e 11-17, 57183, Siedenbr?nzow',2109967704,14),(1575573651,'Kent Obryan','1974-01-22','M','Riedlstra?e 4, 06363, Bolz',429500646,7),(1575573652,'Agnes Fournier','2017-11-11','M','Wehrlestra?e 2, 18393, Alt Poorstorf',429500516,13),(1575573653,'Abigail Pickering','1986-06-18','F','Spicherenstra?e 2, 78031, Klein Rogahn',3479400987,18),(1575573654,'Abbie Mcallister','1975-08-28','M','Pflugstra?e 2, 79418, Pfatter',3908897672,9),(1575573655,'Jimmie Laplante','1959-07-20','F','Eduard-Schmid-Stra?e 8, 63561, Tiefensee',1146076821,24),(1575573656,'Asley Conyers','1941-09-29','M','Pilgersheimer Stra?e 281, 11456, Zeilarn',3479400969,10),(1575573657,'Forrest Alaniz','1989-01-02','F','Sankt-Anna-Stra?e 13, 24062, Marktsteft',2539464436,17),(1575573658,'Adolph Barger','1957-08-08','F','Am Giesinger Feld 14-17, 88417, Hausweiler',429500674,4),(1575573659,'Abby Clayton','1984-04-02','F','Heldstra?e 91d, 39985, Kaarst',3895,19),(1575573660,'Pierre Barrios','1946-03-27','F','Adi-Maislinger-Stra?e 5, 73743, Schloen',429500457,22),(1575573661,'Maurice Knoll','1952-10-10','M','Josephstra?e 8c, 48688, Ingelbach',3388985715,18),(1575573662,'Sandy Beaver','1996-08-17','M','Aberlestra?e 3, 63935, Bisingen',2959489051,2),(1575573663,'Adriane Allen','1965-01-28','F','Holzapfelstra?e 66, 86905, Friedrichshof',1575573553,15),(1575573664,'Christopher Plunkett','1953-05-04','F','Schrammerstra?e 161a, 77386, Wundersleben',3388985809,7),(1575573665,'Adam Schulte','2001-05-12','M','Obermaierstra?e 9, 57288, Ispringen',2109967862,13),(1575573666,'Kandi Eggleston','2004-04-04','F','Poccistra?e 28, 06443, Weberstedt',3908897583,2),(1575573667,'Rickie Barrow','1967-09-04','M','Richelstra?e 1, 26898, Crimla',2959488927,22),(1575573668,'Troy Coble','1974-06-28','M','Preysingstra?e 23-26, 08122, List',1575573460,6),(1575573669,'Mariano Mccormick','2008-02-08','F','Kn?belstra?e 1a, 21937, Auhausen',3479400858,17),(1575573670,'Freeman Gifford','1946-12-27','M','Sankt-Pauls-Platz 13, 92156, Simmersfeld',3388985625,11),(1575573671,'Dorian Fontaine','1947-09-24','M','Kunigundenstra?e 7, 67369, Hakeborn',3388985626,22),(1575573672,'Shaniqua Mckenna','2005-02-08','F','Claude-Lorrain-Stra?e 8, 68331, Achterwehr',429500628,11),(1575573673,'Bobbie Adams','1950-02-09','M','Adelheidstra?e 2, 94948, Alth?tte',3789,21),(1575573674,'Kyle Oglesby','2017-02-23','M','Oettingenstra?e 175f, 76576, Tettenweis',3908897717,20),(1575573675,'Aimee Donaldson','2001-08-19','F','Wagm?llerstra?e 6b, 37455, Adlkofen',2959488908,21),(1575573676,'Colin Maher','1983-06-07','M','Habsburgerplatz 23-29, 35982, Bad Sch?nborn',2109967669,5),(1575573677,'Greg Renteria','2018-10-18','M','Deroystra?e 14, 27970, Br?unlingen',3908897699,1),(1575573678,'Stevie Meador','2014-07-01','M','Hohenlohestra?e 19, 22227, Voigtsdorf',429500630,10),(1575573679,'Rob Abraham','1977-08-03','M','Faberstra?e 2, 32133, Bardenitz',1575573495,22),(1575573680,'Hyman Lin','2009-08-09','F','Falkenstra?e 68f, 07348, Auufer',1575573524,1),(1575573681,'Ariel Luciano','1982-04-13','F','Brahmsstra?e 77, 72371, Aiglsbach',1146076794,6),(1575573682,'Rosendo Woodall','1972-03-25','M','Burgstra?e 3, 69508, R?gland',3388985660,10),(1575573683,'Bobbie Alley','2015-12-12','F','Winthirstra?e 6f, 25721, Auhof',429500522,18),(1575573684,'Fredrick Roth','1941-03-01','M','Galileiplatz 1, 89817, Aufse?\";3479400995;24\r',3479400862,6),(2109967646,'Otto Buchanan','1984-12-02','M','Kreuzpl?tzchen 12-18, 92098, Rodleben',2109967866,14),(2109967647,'Altha Odom','1958-12-07','F','Barnabasstra?e 13f, 59000, Padenstedt',3388985640,18),(2109967648,'Cole Bagley','1985-07-08','M','Augsburgerstra?e 1, 23301, Westerngrund',3479400951,9),(2109967649,'Reginald Abbott','1955-03-19','F','Kaiserstra?e 4a, 77628, Kloster Neuendorf',2539464401,23),(2109967650,'Jesse Moreland','1945-10-27','M','Josephspitalstra?e 22e, 22816, Malsburg-Marze',3908897550,1),(2109967651,'Sun Denney','1952-09-03','F','Piusstra?e 7, 78855, Agathenburg',1146076732,4),(2109967652,'Abel Fredrickson','1998-12-16','M','Erhardtstra?e 24, 74735, Gro? Gr?nau',429500495,7),(2109967653,'Kareem Fanning','1975-02-18','M','Prannerstra?e 4, 27364, Leese',3479400925,10),(2109967654,'Laurence Gillis','2004-11-06','M','Artilleriestra?e 4, 65399, Alterk',3479400864,17),(2109967655,'Moses Mcmillan','1972-03-25','F','Petersplatz 2, 84507, Ahaus',2109967763,19),(2109967656,'Christene Arredondo','2019-12-16','M','Helene-Lange-Weg 13, 53954, Neunh?user',2539464429,6),(2109967657,'Adella Ryan','1991-02-25','M','Holzstra?e 68, 37769, Eppelsheim',429500631,14),(2109967658,'Zachary Wester','1986-09-21','M','Grosjeanstra?e 11-15, 69330, Willerstedt',2959488988,17),(2109967659,'Matha Bernier','1949-01-20','M','Radlkoferstra?e 5, 42139, Aiter',2539464494,23),(2109967660,'Dante Shull','1960-12-22','F','Beethovenplatz 4, 17901, Abbendorf',2539464466,1),(2109967661,'Orval Townsend','1952-03-10','F','Schwere-Reiter-Stra?e 2, 42894, Neu Runstedt',3908897747,22),(2109967662,'Brandon Slone','1971-10-27','M','Haushoferstra?e 1, 86698, Aachen',2959489087,2),(2109967663,'Cordell Biggs','1987-09-18','F','Am Eisbach 2a, 76482, Sankt Katharinen',3479400837,6),(2109967664,'Babette Abel','2012-02-20','F','Loristra?e 2, 33264, Forst',2539464549,1),(2109967665,'Renaldo Edmonds','2002-11-01','M','Veterin?rstra?e 23-28, 31412, Bl?tenberg',3873,5),(2109967666,'Myles Bunn','1991-04-19','M','Holzstra?e 4, 53347, Nieden',2109967785,19),(2109967667,'Adolph Domingo','2011-03-09','F','Tengstra?e 1, 01697, Bargischow',3908897552,23),(2109967668,'Louie Rivera','1996-12-18','M','P?tschnerstra?e 2, 73305, Hochstedt',3479401022,7),(2109967669,'Alice Gainey','1997-02-21','M','Blutenburgstra?e 1, 04689, Helmstadt',1575573465,13),(2109967670,'Vaughn Elmore','2007-09-04','F','Schnaderb?ckstra?e 1, 89688, Ahrenvi',2959489057,16),(2109967671,'Dirk Beltran','1949-10-04','M','Sammtstra?e 12d, 06354, Groitzsch',3951,1),(2109967672,'Stuart Henderson','1987-04-24','M','Adamstra?e 4, 25265, Ebenheim',3479400976,8),(2109967673,'Lisbeth Bradbury','1966-06-03','F','Safferlingstra?e 12-19, 95401, Aalen',3388985662,22),(2109967674,'Ignacio Wayne','2008-05-01','M','Gallmayerstra?e 4d, 97893, Ewighausen',3908897725,9),(2109967675,'Delfina Carey','1978-04-07','F','Jungfernturmstra?e 1e, 01741, Schlammersdorf',2539464601,15),(2109967676,'Janell Dowling','1972-03-14','F','Augsburgerstra?e 1, 61238, Abbenrode',3479400867,20),(2109967677,'Vanita Ennis','1954-05-26','M','Sankt-Anna-Stra?e 5, 49854, Grieben',2959488991,9),(2109967678,'Ike Poindexter','1999-01-28','M','Neufahrner Stra?e 6, 82161, D?bernitz',2539464444,15),(2109967679,'Felipa Harwood','1952-12-17','M','Dienerstra?e 9, 86498, Ogrosen',2109967738,22),(2109967680,'Fallon Scully','2008-05-27','F','Berlepschstra?e 60, 28391, Nittel',2109967820,4),(2109967681,'Abel Proffitt','1963-02-20','M','Linprunstra?e 57, 07052, Diespeck',429500463,12),(2109967682,'Adrian Cartwright','2001-04-24','M','Jugendstra?e 1, 05468, Aglasterhausen',2539464432,19),(2109967683,'Madaline Burgess','1984-09-28','F','Waisenhausstra?e 98, 65086, Kirchhundem',2539464404,24),(2109967684,'Agustina Alcorn','1956-04-29','M','Rosa-Luxemburg-Platz 4, 49811, Katzow',1146076890,7),(2109967685,'Abdul Lloyd','1948-07-05','M','Bonner Stra?e 56d, 42778, Meckesheim',2109967850,20),(2109967686,'Grayce Jenkins','1956-04-08','F','Sandtnerstra?e 2, 87053, Bad Essen',2539464624,24),(2109967687,'Rick Foy','1956-03-07','M','Ackerstra?e 28, 94367, Schlat',3903,9),(2109967688,'Natividad Sanchez','1996-07-10','F','Belfortstra?e 1, 22047, Wallroda',2109967702,15),(2109967689,'Allen Dees','2020-03-22','F','Liebergesellstra?e 1b, 17000, Achterwehr',1575573621,18),(2109967690,'Birdie Abraham','1978-04-30','M','Adi-Maislinger-Stra?e 57c, 71234, Berchtesgad',1146076855,21),(2109967691,'Raymundo Birch','1978-10-25','F','Orffstra?e 52a, 78999, Beerfelden',1146076891,9),(2109967692,'Pinkie Brand','1958-09-24','F','Biedersteiner Stra?e 2b, 02212, Abbau Ader',2109967715,17),(2109967693,'Adam Alley','2011-04-15','F','Kirchenstra?e 1, 65537, Abbenrode',429500634,9),(2109967694,'Alishia Crockett','1970-08-17','M','Sederanger 20a, 32001, Gro? Hundorf',1575573528,8),(2109967695,'Pinkie Swann','1965-08-25','M','Schraudolphstra?e 1, 67201, Oberf?hrbuch',3710,18),(2109967696,'Joette Coleman','1975-08-16','M','Isabellastra?e 68c, 87056, Ailertchen',1575573503,4),(2109967697,'Billy Farrell','1987-04-27','M','Possartstra?e 7, 56175, Ziethenhorst',2109967767,8),(2109967698,'Alberto Sweeney','1949-08-01','F','H?bnerstra?e 2, 52374, Ainring',3388985643,11),(2109967699,'Simone Prentice','1987-01-25','F','Thomas-Wimmer-Ring 2d, 22991, Suhl',429500551,15),(2109967700,'Quinton Acevedo','1968-05-12','F','Adalbert-Stifter-Stra?e 1c, 03701, Berkach',3479400783,5),(2109967701,'Minh Meehan','2019-09-25','F','Sprunerstra?e 15d, 44754, Aarbergen',2539464498,11),(2109967702,'Kent Luna','1942-05-30','F','Orleansstra?e 28, 11169, Wartenberg-Rohrbach',1146076774,19),(2109967703,'Ela Abrams','1940-02-02','M','Wittelsbacherplatz 7, 44672, Linthe',3479401001,7),(2109967704,'Benito Gamboa','1940-02-05','M','Adlzreiterstra?e 1f, 69309, Ahorn',3771,16),(2109967705,'Anton Richey','1944-11-17','F','Josephspitalstra?e 1, 11364, Muggerkuhl',2539464471,20),(2109967706,'Jody Vargas','1996-06-09','M','Fritz-Endres-Stra?e 8b, 89364, Bargholz',3388985723,24),(2109967707,'Nelia Whitmore','1998-01-10','M','M?nchner Freiheit 11, 43693, Mespelbrunn',2109967769,14),(2109967708,'Myron Gooden','1976-03-28','F','Ohlm?llerstra?e 2, 47559, Kefferhausen',3908897727,16),(2109967709,'Alease Abney','2008-12-06','M','Rochusstra?e 4, 08455, Schneeberg',3908897525,3),(2109967710,'Albert Griffiths','1996-05-30','M','T?rringstra?e 1, 02504, Barmissen',3479400800,21),(2109967711,'Gregorio Bernstein','1983-12-08','F','Sammtstra?e 1, 99847, Altkalen',3925,13),(2109967712,'Wilmer Rigsby','1954-10-12','F','An der Stemmerwiese 2a, 63062, Kr?beln',3479400870,16),(2109967713,'Rosemarie Folse','1967-08-07','F','Lothstra?e 14, 06775, Abenberg',3908897526,24),(2109967714,'German Scholl','1983-11-04','M','Aldringenstra?e 2, 48501, Ahlden',429500636,5),(2109967715,'Tonisha Dietz','2012-04-15','F','Gau?stra?e 3, 17271, Eschenrode',429500687,15),(2109967716,'Aleisha Vogt','1985-08-24','F','August-K?hn-Stra?e 2, 41387, Arras',2109967873,12),(2109967717,'Francene Aguilar','1945-12-23','F','Gl?ckstra?e 2a, 27565, Quitzow',2109967772,21),(2109967718,'Alton Bryant','1986-11-24','M','Aldringenstra?e 1, 62593, Bolleroda',1575573625,23),(2109967719,'Wilburn Galvan','2014-04-09','M','Klosterhofstra?e 1, 97714, Birtlingen',429500637,3),(2109967720,'Ann Craig','1962-02-13','F','Amberger Stra?e 1, 42853, Wolfsberg',2959488934,24),(2109967721,'Gale Bach','1982-06-10','M','Gebsattelstra?e 2, 27628, Briedern',429500656,4),(2109967722,'Delaine Busby','1971-12-10','F','Paumannstra?e 23-25, 13642, ramsche',1146076710,15),(2109967723,'Lawrence Hutcherson','2018-03-24','F','Adelheidstra?e 25-29, 69622, Rastorf',429500553,1),(2109967724,'Lauren English','1957-02-28','F','Lenaustra?e 1, 73588, Wolfersdorf',1575573533,12),(2109967725,'Claribel Adamson','1962-07-28','M','Am Herrgottseck 2, 77205, Aitzendorf',3388985730,4),(2109967726,'Alleen Peeples','1956-06-10','M','Johannisplatz 2a, 65439, W?rmlitz',2109967773,6),(2109967727,'Jenniffer Harley','1988-12-17','F','Kaiserplatz 94, 82080, eckarzimmern',2539464555,10),(2109967728,'Alena Seals','1945-01-27','F','Ortnitstra?e 214f, 68389, Bad Endorf',1146076867,16),(2109967729,'Terese Wendt','1995-11-24','M','Heideckstra?e 1, 06939, Gro?barkau',1146076711,1),(2109967730,'Dona Weiss','1962-09-15','M','Maxburgstra?e 22-26, 41832, Heuberg',3739,9),(2109967731,'Alvaro Arthur','2005-09-09','F','Ohlm?llerstra?e 24, 64152, Abberode',1575573506,3),(2109967732,'Jake Mcreynolds','2016-04-01','F','Kolumbusstra?e 4, 68291, Warnstedt',2109967802,20),(2109967733,'Akiko Parrish','1984-09-27','M','Hohenzollernstra?e 30, 35214, Aalen',3388985645,23),(2109967734,'Genaro Bearden','1942-07-13','M','Adalbert-Stifter-Stra?e 1, 59069, Eborn',1575573562,8),(2109967735,'Jonathan William','2015-05-30','M','Barthstra?e 5, 33662, Aasb?ttel',2959488936,16),(2109967736,'Mac Broadway','2009-07-22','M','Herkomerplatz 2d, 13563, Bad Bentheim',2959488859,22),(2109967737,'Benton Chastain','2018-04-02','M','Konradstra?e 228, 76716, Enspel',1146076868,1),(2109967738,'Albert Olson','2010-11-15','F','Oberf?hringer Stra?e 1a, 48244, Aachen',1146076804,14),(2109967739,'Debbra Needham','1983-03-24','M','Gentzstra?e 2, 56305, Herzhorn',1146076832,19),(2109967740,'Dean Andersen','2003-11-11','F','Ifflandstra?e 1, 64404, Schuby',2109967803,13),(2109967741,'Alishia Peeler','1977-02-09','F','Adelgundenstra?e 17d, 71007, Scholen',1575573535,21),(2109967742,'Adena Quinlan','1948-05-04','F','Sommerstra?e 11, 92414, Grove',3959,4),(2109967743,'Johna Leak','1943-08-08','M','Altenhofstra?e 10, 28765, Liebenhof',3479401005,16),(2109967744,'Ada Abney','2009-07-22','F','Am Feuerb?chl 6, 34082, Hundsh?bel',1575573594,24),(2109967745,'Garland Polk','1972-01-07','M','Aberlestra?e 22b, 93719, Gieseritz',1146076741,16),(2109967746,'Erich Marrero','1945-09-30','F','Englischer Garten 15-18, 38611, Bischweier',3960,21),(2109967747,'Manual Martel','1949-12-16','M','Roecklplatz 7, 58843, St Alban',1146076742,14),(2109967748,'Adalberto Porterfield','2007-05-03','M','Europaplatz 7, 07531, Kaar?en',2539464629,18),(2109967749,'Isabelle Newton','2015-05-19','F','An der Hauptfeuerwache 14-17, 67488, Sandhage',3388985726,24),(2109967750,'Jaqueline Garland','2013-07-28','M','Kazmairstra?e 6, 41325, Kleinpaschleben',2109967720,9),(2109967751,'Virgil Jolly','2013-07-25','F','Fuggerstra?e 2, 52035, Kaden',3908897600,5),(2109967752,'Inocencia Wooden','2014-12-30','M','Margaretenplatz 23, 68018, Sch?ller',2959488861,15),(2109967753,'Maria Parish','2003-12-05','F','Milchstra?e 1, 87260, Speichersdorf',2959488997,21),(2109967754,'Abbie Torres','1948-01-25','F','Pf?nderstra?e 13, 12802, Heroldsbach',3388985646,6),(2109967755,'Asley Christman','1987-11-14','F','Artur-Kutscher-Platz 2, 41021, Abbau Ader',1146076778,11),(2109967756,'Abbie Acosta','1996-06-14','M','Piusstra?e 2, 03232, Kirschbacherhof',3908897665,22),(2109967757,'Alex Timmons','2005-03-20','M','Luisenstra?e 12-17, 25630, Altfriedland',2959488886,5),(2109967758,'Britt Sprouse','1991-02-26','M','Soldnerweg 15a, 35533, An der Rhumequelle',3479400847,16),(2109967759,'Joe Flynn','1945-09-17','M','Aschheimer Stra?e 2, 14847, Abberode',429500558,4),(2109967760,'Benjamin Karr','1970-07-31','F','Sankt-Bonifatius-Stra?e 25-26, 34500, Quermat',3908897513,19),(2109967761,'Adam Pittman','1987-01-10','M','Kaiserstra?e 1e, 34117, Zirchow',2109967877,1),(2109967762,'Eugene Tinsley','2002-04-08','F','Heimeranplatz 21-29, 93597, Kroppenstedt',1146076779,11),(2109967763,'Alethea Mendenhall','2003-12-06','M','Seidlstra?e 36, 24762, Wahrstorf',429500660,2),(2109967764,'Sylvester Belton','2014-09-10','M','Erhard-Auer-Stra?e 6e, 34140, A?ling',3388985799,9),(2109967765,'Brinda Bader','1970-05-13','M','Ohlm?llerstra?e 2, 34921, H?melhausen',3388985647,5),(2109967766,'Fidel Chapa','1970-01-12','M','Regerstra?e 1d, 29466, Alsleben',2539464529,16),(2109967767,'Sabina Rosenthal','2016-05-13','F','Oberl?nderstra?e 8, 92795, Aiglsbach',2959488941,20),(2109967768,'Lance Talbert','1956-02-04','M','Stielerstra?e 6, 91834, Abbau Ader',1575573664,1),(2109967769,'Giovanni Cloutier','1986-03-16','M','Ansbacher Stra?e 14, 93715, Ahlerstedt',2109967681,5),(2109967770,'Ivan Beck','1940-12-17','M','Hartliebstra?e 2d, 06168, Aitrang',2109967878,8),(2109967771,'Adalberto Ambrose','1963-04-07','M','Baldeplatz 43, 25500, Ebersdorf',2539464475,12),(2109967772,'Abel Levine','2015-05-02','M','Adi-Maislinger-Stra?e 12-17, 46672, Stelzen',429500581,17),(2109967773,'Murray Abraham','1969-09-30','F','Frauenstra?e 2, 28110, Kleinopitz',2959488949,3),(2109967774,'Corie Lake','1982-01-19','M','Adamstra?e 4, 78205, Ahlst?dt',3388985680,12),(2109967775,'Amiee Hurley','1945-03-07','M','Schneckenburgerstra?e 26, 09101, Hinsdorf',2539464507,20),(2109967776,'Gisele Colon','1968-10-24','M','Unterer Anger 1, 87781, Nu?bach',3908897603,16),(2109967777,'Micheal Abney','2009-01-25','M','Lazarettstra?e 78b, 99671, Weitersborn',3908897636,9),(2109967778,'Ahmad Alvarado','1989-01-07','M','Poccistra?e 2, 62613, Neuendorf A',2109967778,14),(2109967779,'Stephaine Alonso','2010-01-26','F','Kardinal-D?pfner-Stra?e 2c, 08708, Aalen',3388985649,4),(2109967780,'Laurence Acosta','1965-07-03','M','Bogenhauser Kirchplatz 2, 98790, Bad Schussen',429500509,3),(2109967781,'Valene Huff','1951-11-25','M','Lilli-Palmer-Stra?e 1, 77025, Berndroth',1575573476,11),(2109967782,'Celia Witt','1996-07-22','F','Eisensteinstra?e 1, 14417, Eickelberg',429500589,19),(2109967783,'Forrest Abernathy','1985-04-12','M','Zwieseler Stra?e 9, 43949, Ast',429500638,6),(2109967784,'Francesco Beauregard','1998-02-19','M','Baldestra?e 2d, 75330, Gro? O?nig',3479400981,18),(2109967785,'Arturo Cormier','1991-05-03','F','Fuetererstra?e 1, 67857, Gleima',3388985674,23),(2109967786,'Dallas Ahmed','1985-09-27','M','Praterinsel 2, 73738, Abberode',3388985775,5),(2109967787,'Andreas Rich','1965-03-16','F','Karolinenplatz 11-17, 74320, Ro?tal',3388985801,9),(2109967788,'Cherlyn Tubbs','2014-09-01','M','Kreuzstra?e 7, 48438, Gehrde',3388985596,22),(2109967789,'Ismael Escalante','1946-06-28','M','Pflugstra?e 23-28, 54873, Aldingen',3744,24),(2109967790,'Francis Eubanks','2014-06-22','F','Senserstra?e 1d, 69589, Wackerow',3886,16),(2109967791,'Adela Garvey','2008-12-30','M','Lenaustra?e 2b, 16920, Abbau Ader',3479401010,3),(2109967792,'Alanna Allan','1975-06-09','F','Spicherenstra?e 1f, 24713, Aalen',3908897574,8),(2109967793,'Aron Anglin','2015-12-27','M','Roecklplatz 2, 38758, Eisendorf',1146076918,19),(2109967794,'Andrew Chang','1968-09-25','M','Arberstra?e 1, 37017, Diebach',3860,1),(2109967795,'Brynn Mcgee','1988-06-19','M','Stuckstra?e 11e, 15112, Ebersberg',2109967754,9),(2109967796,'Eldridge Forrester','1987-05-07','M','Beichstra?e 14-16, 88468, Plossig',2539464455,17),(2109967797,'Ross Hutto','1978-03-25','M','Gollierstra?e 18e, 92513, Eck',3479400849,23),(2109967798,'Kasha Acker','1997-01-26','F','Ledererstra?e 80, 37656, Dohren',3388985684,2),(2109967799,'Ivana Reeder','1956-07-26','F','Rheinbergerstra?e 65e, 73974, Wainsdorf',2109967881,14),(2109967800,'Justine Cuevas','1965-11-18','F','Liebigstra?e 3e, 75554, Heidmoor',3388985763,24),(2109967801,'Garry Koehler','1954-04-04','M','Mommsenstra?e 1, 32077, Demern',1146076841,4),(2109967802,'Adell Esposito','1991-02-20','F','Wendl-Dietrich-Stra?e 2d, 23837, Osterburken',429500665,9),(2109967803,'Abraham Fielder','1941-05-19','F','Alfonsstra?e 29, 05764, Trappstadt',2109967747,16),(2109967804,'Julian Fuller','1985-03-11','F','Birkerstra?e 2, 92312, Gutgl',1575573649,3),(2109967805,'Leonard Gilmore','1962-02-26','M','Nikolaiplatz 20e, 94497, Gollin',2109967686,11),(2109967806,'Byron Arellano','1994-02-26','M','Johannes-Timm-Stra?e 9c, 02923, Abberode',3479400983,18),(2109967807,'Noma Campbell','1960-01-10','M','Ruhestra?e 19, 76198, Abbau Ader',1146076875,24),(2109967808,'Waldo Legg','1955-09-22','F','Emil-Riedel-Stra?e 2, 99244, Rothenfels',2959489072,11),(2109967809,'Angel Haney','1979-03-07','M','Isarring 24-28, 41273, Heilbach',3479400812,9),(2109967810,'Tari Barksdale','2013-07-14','M','Braystra?e 5, 03359, Arenrath',2959489046,21),(2109967811,'Rowena Abel','1949-08-21','F','Nigerstra?e 2, 67158, Zieglstadl',2959488945,16),(2109967812,'Sarai Bozeman','1957-08-12','F','Lilienstra?e 15f, 38353, Kerspleben',2109967855,4),(2109967813,'Ada Abbott','1948-09-26','F','Neust?tterstra?e 15-15, 54518, Gro? Schacksdo',1575573515,11),(2109967814,'Huey Amos','1940-03-12','F','Lilli-Palmer-Stra?e 228, 74081, Hochgernhaus',2109967834,17),(2109967815,'Inell Richmond','1945-07-21','M','Schnaderb?ckstra?e 11, 06712, Ehrenberg',3746,11),(2109967816,'Shawn Heffner','2017-05-18','F','Claude-Lorrain-Stra?e 2, 72802, Bauerkuhl',2539464480,19),(2109967817,'Monique Jensen','1988-07-18','F','Horemansstra?e 2, 23301, Banzenhof',1146076720,23),(2109967818,'Adalberto Wingate','1942-09-21','F','Theatinerstra?e 1, 64010, Rausdorf',1575573516,20),(2109967819,'Alexis Alley','1968-01-06','M','Kyreinstra?e 9e, 67991, Aarbergen',1146076817,4),(2109967820,'Lulu Blanco','1961-04-22','F','Kirchenstra?e 9, 79558, Bad Bevensen',2959488921,14),(2109967821,'Akilah Cornwell','1959-08-12','M','Palmstra?e 69b, 55263, Ahlbeck',3479400893,1),(2109967822,'Agnes Westfall','2009-10-19','F','Petersplatz 49, 23846, Marzauerm?hle',2959488868,7),(2109967823,'Alexis Haley','2017-03-15','M','Adamstra?e 3, 21610, Reiff',3388985652,15),(2109967824,'Alex Aquino','2019-06-26','M','Burggrafenstra?e 2, 38366, Kriegsfeld',2109967858,2),(2109967825,'Sterling Barney','1999-08-15','M','Haidhauser Stra?e 5a, 98164, Affalterbach',1146076721,10),(2109967826,'Wilbert Roney','1999-07-14','M','Auerfeldstra?e 1, 41870, Thaden',3479400885,13),(2109967827,'Londa Abel','1961-06-01','M','Siebertstra?e 13c, 98963, Admannshagen-Barges',3722,1),(2109967828,'Benton Brownlee','2019-06-14','F','Bauerstra?e 4, 74649, Wei?enfeld',1575573517,23),(2109967829,'Raeann Jeffery','1959-03-07','F','Hedwig-Dransfeld-Allee 13, 62263, St?tzengr',2539464459,4),(2109967830,'Shea Fielder','2002-03-03','F','Michael-Huber-Weg 6b, 19701, Altottenhain',3939,9),(2109967831,'Isiah Boisvert','1997-02-14','M','Schwarzmannstra?e 12, 52576, Vorderhagen',3479400815,13),(2109967832,'Leigh Whitson','1973-09-12','F','Waltherstra?e 1, 67696, Pleidelsheim',1575573652,24),(2109967833,'Felicitas Blais','1969-08-26','F','Friedenstra?e 8, 75852, Aying',3479400828,9),(2109967834,'Bertram Champion','1946-03-19','F','Leopoldstra?e 29, 55903, K?tten',3908897579,3),(2109967835,'Ada Cosgrove','1980-05-03','M','Pacellistra?e 7, 29496, Odderade',3940,11),(2109967836,'Barbara Burnside','2015-03-12','M','Kolosseumstra?e 5, 43781, Allersberg',1146076759,20),(2109967837,'Colton Mcarthur','1956-02-28','M','Mathildenstra?e 234, 78027, Abbenrode',429500595,22),(2109967838,'Kim Reichert','1940-01-10','F','Theresienstra?e 71, 63212, Abbendorf',1146076923,5),(2109967839,'Owen Abraham','1982-07-05','F','Pienzenauerstra?e 11, 51721, Knittlingen',1146076820,11),(2109967840,'Christeen Eddy','1967-07-28','F','Haager Stra?e 1, 59817, Schackensleben',3479400816,21),(2109967841,'Vicente Frick','1975-05-09','F','Schraudolphstra?e 17, 46142, othkamp',2109967759,10),(2109967842,'Mora Abreu','2015-12-29','F','Wolfgangstra?e 79c, 43121, M?ndersbach',1146076787,18),(2109967843,'Perry Abrams','1995-04-21','M','Tegernseer Landstra?e 1, 13647, Diez',429500542,5),(2109967844,'Brant Jarvis','1989-01-09','M','Zenettistra?e 24c, 54213, D?rpling',3479400968,19),(2109967845,'Abraham Chavis','1981-05-27','F','Infanteriestra?e 48a, 72346, Roitham',3908897741,1),(2109967846,'Earle Browder','1994-03-17','F','Steubstra?e 2, 03516, Abstatt',3479400986,7),(2109967847,'Connie Vick','2016-09-18','M','Niedermayerstra?e 25-26, 61627, Bachhagel',3388985687,14),(2109967848,'Wiley Prince','1967-06-23','M','Emma-Ihrer-Stra?e 81b, 22963, D?geling',1575573519,2),(2109967849,'Melani Whitfield','1980-09-15','M','Ernst-Reuter-Stra?e 27d, 53356, Babben',2109967859,5),(2109967850,'Gaye London','2009-09-21','M','Hirschauer Stra?e 2, 36667, Blankenfelde',3785,7),(2109967851,'Constance Coughlin','1994-06-25','F','Taubenstra?e 4d, 78541, Fredeburg',2959488891,19),(2109967852,'Bernard Geary','1978-11-24','M','Stollbergstra?e 15-18, 99319, Barth',3388985654,2),(2109967853,'Scottie Allan','1960-02-09','F','Reisingerstra?e 1f, 24454, Daaden',3479401017,21),(2109967854,'Devin Albrecht','1976-07-13','M','Bahnhofplatz 2, 62392, Breesen',429500543,4),(2109967855,'Lamont Pate','1954-04-18','M','Adams-Lehmann-Stra?e 91, 89970, Reiffelbach',2539464460,20),(2109967856,'Minnie Hardman','1971-12-23','M','Sternstra?e 24c, 89856, Zachenberg',3388985688,23),(2109967857,'Alina Abrams','1984-05-01','M','Hefner-Alteneck-Stra?e 2, 03412, Abbenrode',2539464570,3),(2109967858,'Tod Petersen','2009-05-02','M','Senserstra?e 10, 52497, Kyllburgweiler',2109967885,8),(2109967859,'Leandro Aiello','1994-11-30','M','Newtonstra?e 12-18, 24021, Drensteinfurt',2109967760,1),(2109967860,'Gordon Leon','2012-08-06','M','Hiltenspergerstra?e 8a, 79845, Ahlerstedt',2539464616,14),(2109967861,'Adam Boyer','1981-12-29','M','Augsburgerstra?e 21-28, 58205, M?zen',2959488958,19),(2109967862,'Ada Abel','1951-04-08','F','H?chlstra?e 8d, 21872, Heilshoop',1575573457,7),(2109967863,'Debroah Alcorn','2012-02-16','M','Adelheidstra?e 24, 73357, Trautskirchen',3479400896,15),(2109967864,'Jena Aquino','1968-08-25','M','Adalbert-Stifter-Stra?e 56, 34319, Borne',1146076727,22),(2109967865,'Ashton Manuel','1966-04-02','M','Jakob-Klar-Stra?e 63, 27923, Losse',3752,20),(2109967866,'Tena Dejesus','1949-02-26','M','Meindlstra?e 2, 02413, ackenheim',3908897714,24),(2109967867,'Adelaida Antonio','1980-12-10','M','Senserstra?e 27, 17610, Waldhaus',429500455,5),(2109967868,'Antwan Tobias','1979-07-11','F','Hirschauer Stra?e 2, 25573, Abbau Ader',3725,8),(2109967869,'Clay Abney','1965-04-15','F','Niedermayerstra?e 2, 68629, Ahrensfelde',1146076761,15),(2109967870,'Debbra Abbott','1940-05-19','M','Adolf-Kolping-Stra?e 2, 49426, Abensberg',3479400989,20),(2109967871,'Lisbeth Kuhn','1982-06-04','F','Baaderstra?e 21f, 46649, Kraak',3479400820,6),(2109967872,'Antone Menard','1985-05-12','M','Felix-Fechenbach-Bogen 19, 89406, Drewelow',1575573552,23),(2109967873,'Antony Raley','1972-08-02','F','R?ntgenstra?e 28a, 85608, Klein Sien',1146076754,5),(2109967874,'Arminda Luna','1959-04-16','F','Mannhardtstra?e 7f, 13451, Bagow',2109967841,16),(2109967875,'Josue Strand','1960-06-16','M','Marienplatz 3, 29235, Hausdorf',1146076822,19),(2109967876,'Lauryn Webster','2020-01-29','F','Laplacestra?e 6, 09912, Appenweier',2109967887,24),(2109967877,'Toney Perry','2005-07-21','M','Kurf?rstenplatz 2, 14998, Seidingstadt',3479400990,21),(2109967878,'Abigail Brackett','1954-04-16','F','Ursulastra?e 8f, 82027, Bonndorf',3479400795,8),(2109967879,'Ryan Edwards','1953-11-11','F','Blutenburgstra?e 10d, 25943, Aach',3815,21),(2109967880,'Terrell Abernathy','1959-03-14','F','Kirchenstra?e 9, 73879, Havekost',3908897548,6),(2109967881,'Michell Abreu','2009-04-30','M','Albanistra?e 81f, 02147, Mehlmeisel',2539464397,13),(2109967882,'John Aguiar','1957-03-13','F','Rumfordstra?e 1d, 12203, Adelberg',1146076925,2),(2109967883,'Edgar Balderas','1961-07-12','M','Wilhelmstra?e 28, 98107, Frankenroda',3869,23),(2109967884,'Lucius Conklin','2005-12-18','M','Kolumbusstra?e 21-27, 44880, Aarbergen',2959489039,13),(2109967885,'Ollie Abel','1974-05-24','F','Baumstra?e 5, 38176, Maitzborn',1146076909,16),(2109967886,'Roman Oliva','1979-09-07','M','Bogenhauser Kirchplatz 1, 77269, Altenholz',1575573615,6),(2109967887,'Barabara Sheridan','2018-07-19','F','Adamstra?e 1, 32557, Frankenthal',429500649,11),(2109967888,'Armanda Angulo','1971-04-20','F','Liebergesellstra?e 6b, 49030, Crinitz',2539464546,13),(2109967889,'Katheryn Abney','1959-06-17','F','Clemensstra?e 2, 97026, Schaafheim',3897,1),(2109967890,'Juan Adamson','1966-07-10','M','Ehrenguststra?e 45, 02241, Abbau Ader',2109967843,8),(2109967891,'Chauncey Amos','1968-09-26','M','Kellerstra?e 7f, 96056, Ahlefeld',429500519,15),(2109967892,'Nola Noriega','1943-04-28','F','Margaretenstra?e 1, 71626, Baunatal',3919,12),(2109967893,'Valorie Cushman','1953-07-27','M','Baldeplatz 1, 25664, Gro? Dratow',429500493,21),(2109967894,'Alise Stowe','2010-05-05','F','Saarstra?e 6, 54288, Triberg',1575573616,11),(2109967895,'Christi Albrecht','1966-11-29','F','Sch?nfeldstra?e 8, 56573, Osterzell',429500601,24),(2109967896,'Lyndon Bratton','1997-05-21','M','Kaiser-Ludwig-Platz 16, 89486, Achim',3388985639,13),(2109967897,'Bradford Rosenbaum','1950-05-31','M','Habsburgerstra?e 2e, 32104, Gro?schweidnitz',429500521,22),(2109967898,'Raisa May','1946-01-02','M','Aberlestra?e 1, 52389, Ilfeld',1146076927,8),(2109967899,'Edith Schulz','1998-08-23','M','Balanstra?e 94d, 81358, Dedenbach',3908897561,2),(2109967900,'Megan Aldridge','1993-10-09','M','Wittelsbacherplatz 1, 72241, Kirchberg i. Wal',1575573673,4),(2109967901,'Douglas Sanborn','1985-05-26','M','Akademiestra?e 2, 42875, L?tzow',3388985815,21),(2539464375,'Librada Damron','2017-11-21','M','Aberlestra?e 7, 54310, Gro?-Zimmern',2109967783,18),(2539464376,'Berta Keel','1994-07-21','M','Cuvilli?sstra?e 2f, 12686, Alperstedt',429500679,9),(2539464377,'Adelaida Waite','1980-11-28','M','Amberger Stra?e 2, 82133, Sansenhof',3908897588,15),(2539464378,'Annamaria Carman','1962-09-04','M','Schlotthauerstra?e 1, 62868, Oberweser',429500680,20),(2539464379,'Adela Halcomb','1943-12-26','M','Bavariaring 11-17, 82488, Elbe',3479400975,10),(2539464380,'Adolfo Lovell','1989-02-18','F','Lachnerstra?e 2b, 94949, Privelack',1146076888,24),(2539464381,'Raymon Fain','1997-06-22','F','Montgelasstra?e 14-16, 34178, Kleinobringen',2109967892,3),(2539464382,'Susanne Ennis','1963-07-28','M','Frauenlobstra?e 9, 43484, Aurachtal',2109967735,5),(2539464383,'Hong Christy','1996-02-06','F','Sankt-Jakobs-Platz 2, 94231, Aerzen',2539464576,9),(2539464384,'Jeremy Vazquez','1976-02-14','F','Bl?tenstra?e 5a, 85251, Lau?ig',3908897522,16),(2539464385,'Raul Aguiar','1956-06-26','F','Goethestra?e 1, 49394, Aachen',2109967698,18),(2539464386,'Abigail Dellinger','1972-11-13','M','Adi-Maislinger-Stra?e 15, 15856, Hahausen',429500681,21),(2539464387,'Franklyn Pendleton','1965-03-03','F','Sparkassenstra?e 2, 58377, Algenstedt',3388985607,13),(2539464388,'Arnold Oaks','1951-12-31','M','Zellstra?e 2, 62301, Mochow',2959489018,16),(2539464389,'Lavinia Schultz','1964-06-16','F','Viktoriastra?e 2, 42470, Aach',3388985771,18),(2539464390,'Adaline Coffin','1973-04-28','F','Rablstra?e 22, 09895, Holzkoppel',2109967846,24),(2539464391,'Lonnie Fortin','2017-09-07','M','Ifflandstra?e 2, 86328, Abenberg',1146076758,19),(2539464392,'Ollie Gonzalez','1961-01-05','M','K?rnerstra?e 11-18, 04736, Mandelbachtal',3908897723,23),(2539464393,'Golda Rinaldi','1989-05-09','M','Kolumbusstra?e 7, 52929, Alt Lutterow',3479400998,3),(2539464394,'Parker Oaks','1961-07-11','F','Ackerstra?e 5, 52910, Wirges',3388985818,10),(2539464395,'Karly Abbott','2009-09-10','M','Akademiestra?e 3d, 17065, Conow',2539464577,4),(2539464396,'Daren Charles','1947-09-09','M','Von-der-Tann-Stra?e 6, 23349, Rade',3388985749,14),(2539464397,'Pearl Acker','1998-06-12','M','Baldeplatz 6f, 87396, Kevelaer',2109967893,22),(2539464398,'Emiko Keeney','2005-08-27','M','Thierschstra?e 3, 71821, Poppenwind',2109967869,6),(2539464399,'Colin Pierson','1943-02-26','M','Kaiserstra?e 99a, 22639, Dohnsen',2539464600,8),(2539464400,'Thomasine Abraham','1950-03-29','F','Bad-Schachener-Stra?e 6f, 18272, Zschirla',1146076889,15),(2539464401,'Abigail Perrin','2001-01-15','F','Schnaderb?ckstra?e 9, 43680, Issersheilingen',1146076912,22),(2539464402,'Earline Abernathy','1960-11-07','F','Siegfriedstra?e 9, 62052, Sennfeld',2959488990,7),(2539464403,'Emeline Waters','1966-03-30','F','Ansprengerstra?e 1b, 43066, Elschbacherhof',2959488911,21),(2539464404,'Laurena Rhodes','1987-06-16','M','Rochusberg 8, 43757, Basberg',3479400798,5),(2539464405,'Kyle Freeman','2000-03-28','M','Ansprengerstra?e 40e, 59607, Diebzig',3388985750,11),(2539464406,'Rob Aguilar','1990-10-17','F','Steinickeweg 23a, 55326, Mittergars',429500523,1),(2539464407,'Dodie Stanford','1980-09-02','F','Bogenhauser Kirchplatz 17b, 19742, Bardenitz',2539464431,23),(2539464408,'Adrianna Bess','1992-07-17','M','Brienner Stra?e 12-19, 63687, Oberkutterau',2109967701,11),(2539464409,'Lucas Tinsley','1981-01-17','F','Wagm?llerstra?e 2, 11013, Wolkenstein',2959489090,21),(2539464410,'Ardith Benavides','1964-09-01','M','P?tschnerstra?e 90d, 18604, Br?nkendorf',3479400926,3),(2539464411,'Shani Ackerman','1996-02-09','F','Richard-Wagner-Stra?e 98, 04321, Abberode',2109967765,7),(2539464412,'Lizeth Searcy','1998-04-08','F','Maderbr?ustra?e 30, 51194, Ziesar',1146076736,17),(2539464413,'Wilbert Carnahan','1945-02-28','F','Nordendstra?e 2, 16294, Dattenberg',3757,23),(2539464414,'Abel Rafferty','1977-09-27','F','Rupertigaustra?e 2d, 51901, Abtswind',429500488,4),(2539464415,'Emanuel Champagne','1981-09-29','F','Langerstra?e 23e, 37721, Hohenstadt',1146076796,10),(2539464416,'Mose Christy','1982-06-09','F','Lucile-Grahn-Stra?e 4, 59597, Garching',3793,23),(2539464417,'Terence Echols','1974-09-26','M','Mannhardtstra?e 11-17, 83013, Oranienburg',429500499,4),(2539464418,'Alphonse Ashton','1974-09-15','F','Theresienstra?e 2b, 58492, Abberode',429500524,12),(2539464419,'Noel Byars','1951-12-10','M','Franz-Josef-Strau?-Ring 2, 88706, Adlersteige',2109967894,17),(2539464420,'Chelsey Snell','2011-05-27','M','Hans-D?rrmeier-Weg 61f, 26806, Rey',1575573527,19),(2539464421,'Adan Bethel','1987-02-11','F','Ungererstra?e 2, 13145, Ollendorf',2539464496,23),(2539464422,'Victor Payne','2010-03-29','F','Werneckstra?e 4, 51919, Visselh?vede',3734,10),(2539464423,'Pauletta Bostick','1994-07-10','M','N?rnberger Stra?e 3, 95019, Abtsgm',3479400868,7),(2539464424,'Merrill Burnside','2016-07-07','F','Klarastra?e 25-27, 52780, H?hnen',3953,12),(2539464425,'Alfonzo Ornelas','1955-05-27','F','Stuckstra?e 4e, 92205, Am R?nndeich',3479400799,16),(2539464426,'Naida Biddle','1962-01-26','F','Marlene-Dietrich-Stra?e 9f, 59620, Denkte',2109967822,21),(2539464427,'Bennie Curran','1994-08-16','M','Adalbertstra?e 28, 18916, Willroth',4294967295,7),(2539464428,'Eric Peter','1988-07-05','F','Odeonsplatz 2, 86608, Abbenrode',3388985610,10),(2539464429,'Miquel Omalley','1952-02-15','M','Wallstra?e 1, 72777, arsdorf',3923,13),(2539464430,'Jason Best','1945-12-20','M','Trappentreustra?e 2, 03295, rahmenau',3908897627,24),(2539464431,'Albert Hendrix','1960-06-09','M','Nikolaistra?e 2, 28961, Katzwinkel',1575573530,9),(2539464432,'Joesph Ritchie','1957-12-10','M','Am Wageck 6, 59111, Moltkestein',1575573504,14),(2539464433,'Addie Head','1952-05-14','M','Rothmundstra?e 9, 12800, Bamberg',429500575,4),(2539464434,'Shara Cherry','2014-05-20','M','Lerchenfeldstra?e 17e, 26368, Edesheim',429500654,10),(2539464435,'Darin Elmore','2014-09-13','F','G?rresstra?e 9, 08552, K?schinger Waldhaus',2959488856,17),(2539464436,'Antonia Hays','1975-10-12','F','Angererstra?e 1, 51639, Kleinschmalkalden',2539464582,23),(2539464437,'Adam Simpkins','2005-02-10','M','Adalbert-Stifter-Stra?e 2b, 18822, Wulsb?ttel',1575573531,9),(2539464438,'Brigitte Kelso','2008-09-17','M','Haushoferstra?e 2, 81216, Aalen',2109967790,15),(2539464439,'Mayra Browne','1965-08-13','M','Adamstra?e 23, 53204, Hirrlingen',3479401025,20),(2539464440,'Chris Maness','1952-08-20','M','Agnes-Neuhaus-Stra?e 14, 69362, Tho?fell',2539464602,11),(2539464441,'Michael Agnew','1949-05-14','F','Platenstra?e 1e, 41277, Monschau',2109967872,7),(2539464442,'Caryn Strauss','2017-07-29','M','Am Tucherpark 4b, 43540, Striesdorf',1146076709,14),(2539464443,'Adrienne Tuttle','1983-09-21','M','Ainmillerstra?e 60, 57172, attheim',3878,23),(2539464444,'Malvina Fajardo','2000-12-16','M','Schwindstra?e 25-28, 93403, Attenweiler',3713,2),(2539464445,'Rod Luna','1941-12-22','M','Bavariaring 13, 43685, Pramsdorf',3388985612,12),(2539464446,'Yasmin Atchison','1957-12-24','F','Oedkarspitzstra?e 64b, 73361, Steimbke',2539464502,11),(2539464447,'Adaline Carlin','1954-04-21','M','Schachenmeierstra?e 1, 84444, Finkenthal',1575573647,19),(2539464448,'Abraham Comer','1982-12-08','F','Rindermarkt 2, 13769, Achtelsbach',2959489062,22),(2539464449,'Stephen Horan','2010-02-28','M','Europaplatz 1, 39214, Rehlingen',3908897753,24),(2539464450,'Meagan Mayer','2019-05-02','M','Adelgundenstra?e 2, 71936, Stotternheim',3388985822,9),(2539464451,'Shila Forsyth','2004-02-12','M','Winkstra?e 1, 88611, Neu Hohenvier',2539464627,1),(2539464452,'Adah Abney','1973-10-25','M','K?rnerstra?e 1a, 62482, K?schinger Waldhaus',3851,13),(2539464453,'Adam Abel','2015-04-12','M','Maximilian-Wetzger-Stra?e 2, 02346, Adelebsen',2959489092,19),(2539464454,'Steve Padgett','2011-04-16','M','Finkenstra?e 7f, 12920, Ringsberg',3714,6),(2539464455,'Carrol Burns','1983-06-04','F','Albrechtstra?e 2, 78896, Ahlbeck',429500688,21),(2539464456,'Bill Abel','2015-03-13','M','Maronstra?e 20a, 39942, Meddersheim',429500445,5),(2539464457,'Cori Stclair','2009-08-17','M','Triftstra?e 99d, 26352, Merseburg',2959488994,7),(2539464458,'Digna Almanza','1975-07-16','M','Senftlstra?e 1c, 87772, Adelsried',429500554,11),(2539464459,'Adolfo Dancy','2012-01-20','M','Danklstra?e 24, 56242, Brunn',3824,8),(2539464460,'Bethel Chow','2016-04-02','F','Adalbert-Stifter-Stra?e 2, 87988, Thalberg',1575573470,4),(2539464461,'Mickie Roberson','2007-06-22','M','Barbarastra?e 1a, 86313, Ramhusen',3479400956,13),(2539464462,'Savannah Mclendon','1949-09-19','M','Rainer-Werner-Fassbinder-Platz 3, 75836, Lois',1146076712,17),(2539464463,'Shane Roth','1996-01-04','M','Odeonsplatz 18, 67053, Gutenacker',2539464450,21),(2539464464,'Laine Westmoreland','1990-12-28','F','Baldeplatz 1, 81095, Forchheim',3388985756,7),(2539464465,'Slyvia Valles','1996-06-26','M','Am Bavariapark 2, 84221, Soltau',3479400843,15),(2539464466,'Diedra Hammonds','2018-05-14','F','Deidesheimer Stra?e 3d, 77791, Grande',3908897569,21),(2539464467,'Luciana Pyle','1978-12-29','M','Thomas-Wimmer-Ring 1, 85123, Schleusenow',3479400904,23),(2539464468,'Hedwig Reyna','1953-01-30','F','Heideckstra?e 2, 33198, Altwustrow',2109967774,12),(2539464469,'Darleen Basham','1949-09-24','M','Metzstra?e 2f, 56486, Sabow',2109967647,17),(2539464470,'Jamie Cordova','1944-02-05','F','Ohlm?llerstra?e 62b, 72691, Altenhagen',3908897683,9),(2539464471,'Britt Campos','2001-10-23','M','Georgenstra?e 28, 96219, Osterr?nfeld',1146076896,18),(2539464472,'Johnetta Stclair','1996-05-26','F','Nockherstra?e 20, 03947, Affinghausen',3908897730,3),(2539464473,'Marcelo Dellinger','1950-10-23','M','Barthstra?e 1, 98569, Luckenau',429500612,12),(2539464474,'Madaline Ambrose','1942-03-05','M','Aberlestra?e 26d, 81562, Rietberg',3388985757,6),(2539464475,'Lucinda Allman','1967-05-22','M','Ackermannstra?e 7, 13574, Amelinghausen',3479400805,7),(2539464476,'Dana Torres','1970-04-01','M','Gl?ckstra?e 2, 62091, Meisdorf',3479400905,20),(2539464477,'Kerri Calvert','1950-01-04','M','Ro?markt 13-16, 41002, Griesen',2109967678,2),(2539464478,'Kathey Allred','1965-08-25','M','Herzogspitalstra?e 13, 98749, Krackow',1146076805,16),(2539464479,'Marquis Bounds','1954-08-17','F','Mettinghstra?e 6f, 78087, Adelsried',1575573565,23),(2539464480,'Ali Chisolm','1988-01-27','F','Rudliebstra?e 6c, 99206, Bergkirchen',2959488996,2),(2539464481,'Shavonne Coffin','1966-02-19','M','Gebsattelstra?e 1, 26100, Neufeldhof',3718,18),(2539464482,'Sandie London','2006-06-21','F','Finkenstra?e 7, 35887, Adligstadt',3388985727,7),(2539464483,'Stanton Ison','2005-04-21','M','Ickstattstra?e 27, 36806, Nieklitz',2109967679,18),(2539464484,'Lowell Roby','1947-12-14','M','Ansprengerstra?e 2, 75436, Teutschenthal',3388985702,22),(2539464485,'Elijah Seiler','1959-02-01','M','Belfortstra?e 6b, 37770, ahe',2959488939,7),(2539464486,'Adolph Lester','1949-12-09','M','Neuhauser Stra?e 7e, 14198, Bad Birnbach',2959488916,15),(2539464487,'Alease Weiss','1987-02-22','F','Steinstra?e 40, 76921, Barver',3827,23),(2539464488,'Man Wallace','2014-09-10','M','Albrechtstra?e 2, 47745, Munningen',1575573474,10),(2539464489,'Fatima Stacey','2017-04-01','M','Triftstra?e 1, 78187, Farsleben',429500507,24),(2539464490,'Thelma Mott','1974-11-09','M','Am Feuerb?chl 23f, 85031, Liessow',2109967828,10),(2539464491,'Adolph Reddy','1997-10-30','M','Sedlmayrstra?e 1, 83951, Bembsm?hle',2539464536,20),(2539464492,'Tyson Abraham','1957-04-22','F','Prannerstra?e 3, 71031, Schonach',1146076950,4),(2539464493,'Angelo Pulido','1941-04-17','F','Platenstra?e 2, 47828, M?cheln',3929,24),(2539464494,'Darell Mercer','1955-08-24','M','Isartorplatz 35, 12291, K?hler Morgen',2959489029,4),(2539464495,'Neta Anaya','2016-04-13','M','Lissi-Kaeser-Stra?e 217, 75325, Altshausen',2109967744,13),(2539464496,'Adam Thiel','1981-05-22','F','Piusstra?e 22, 51738, Sennfeld',3479401007,11),(2539464497,'Chasity Cameron','1952-01-02','M','Adamstra?e 1, 69101, Parsberg',2109967650,17),(2539464498,'Adam Houston','1992-08-31','F','Keuslinstra?e 2, 58533, Kopp',1146076952,24),(2539464499,'Nanci Barbour','1945-05-07','F','Cuvilli?sstra?e 2d, 75499, Achterwehr',3479400877,3),(2539464500,'Chris Apodaca','1974-12-02','M','Senefelderstra?e 2d, 28183, Waldlaubersheim',2959488864,6),(2539464501,'Adelaida Abney','1970-03-28','M','Adelgundenstra?e 1, 43704, R?merstein',1146076780,10),(2539464502,'Daryl Snipes','1954-07-13','M','Am Bergsteig 22-25, 23098, Bolz',1575573475,16),(2539464503,'Sarai Skidmore','1983-07-17','M','Schornstra?e 7a, 82575, Fischbachau',2109967651,18),(2539464504,'Danna Ginn','1977-08-26','F','Belfortstra?e 6d, 39182, Abbendorf',3800,8),(2539464505,'Lucien Vasquez','1956-04-13','F','Ernst-Reuter-Stra?e 1, 39010, Daisendorf',3388985617,15),(2539464506,'Edgardo Alicea','1993-03-19','F','Sankt-Pauls-Platz 5e, 64695, Schmieden',429500588,3),(2539464507,'Nakesha Camp','1998-06-18','M','Ysenburgstra?e 273, 02857, Gro? Wieblitz',1575573665,7),(2539464508,'Wilmer Weathers','1940-08-03','F','Herzog-Max-Stra?e 1, 66900, Bargstedt',1146076812,12),(2539464509,'Fannie Pickett','1946-05-06','F','Blutenburgstra?e 15-17, 21826, Ahrbr',1575573630,19),(2539464510,'Roland Lattimore','1997-06-05','M','Am Bergsteig 70a, 84241, Terpe',2959489044,24),(2539464511,'Aleshia Parrish','1979-05-18','M','Radlkoferstra?e 8, 89194, Broock',1575573631,6),(2539464512,'Adrian Stoner','2018-01-23','M','Siegesstra?e 3, 22325, Eichelborn',3388985682,18),(2539464513,'Norris Polk','2014-02-26','M','Rothmundstra?e 1a, 98289, Epenw?hrden',3479400912,11),(2539464514,'Kristan Adame','2006-11-16','F','Adelheidstra?e 4b, 05198, Lauterstein',3388985800,8),(2539464515,'Dario Rivers','1963-08-22','M','Am Wageck 2c, 36795, Abenberg',3388985650,22),(2539464516,'Jenette Abney','1986-03-17','M','Gabelsbergerstra?e 7, 05979, Norderbrarup',1575573570,3),(2539464517,'Mark Nieto','1940-11-09','M','Stollbergstra?e 75a, 97852, Redekin',2959488977,8),(2539464518,'Shaun Barth','1951-01-29','F','Petra-Kelly-Stra?e 13e, 59535, Quassel',2539464477,10),(2539464519,'Percy Inman','1986-02-27','F','Zeppelinstra?e 1, 74656, Gotteszell',3479400914,23),(2539464520,'Kenton Avery','2012-02-21','F','Haager Stra?e 4, 02139, Molfsee',3933,15),(2539464521,'Adan Tripp','2002-04-07','M','Sch?nfeldstra?e 1, 09002, Lauenf?rde',429500590,23),(2539464522,'Orval Magee','2013-06-08','F','Konradstra?e 15-15, 24023, Kuddew?rde',2959489032,4),(2539464523,'Joan Allison','2004-10-27','F','Kreuzpl?tzchen 15c, 48450, Heede',3479400810,17),(2539464524,'Margarette Prater','1955-04-16','M','Am Glockenbach 1c, 68607, Grabenstoffl',3479400789,21),(2539464525,'Lakesha Brothers','1989-12-22','F','Bl?cherstra?e 3, 37384, Erdesbach',3908897515,2),(2539464526,'Alda Bertram','1944-03-22','F','Lothringer Stra?e 2, 11087, K??larn',2539464485,12),(2539464527,'Shondra Moffitt','2017-08-19','M','Amortstra?e 2, 58755, R?dermark',1146076902,18),(2539464528,'Donny Cullen','1993-11-30','M','Ackerstra?e 88, 69632, Antdorf',3908897708,24),(2539464529,'Benny Canady','1996-02-06','M','Baldestra?e 6, 35669, Asbach-B?umenheim',3781,13),(2539464530,'Addie Martens','1989-06-18','M','Amberger Stra?e 1, 77892, Mankmoos',1575573448,16),(2539464531,'Terrence Hansen','1996-12-24','M','Jutastra?e 8e, 83986, Gro?lohra',1575573449,2),(2539464532,'Mitsuko Nunez','2016-03-17','M','Emil-Riedel-Stra?e 2, 86425, Pfalzgrafenweile',1575573572,7),(2539464533,'Donte Abraham','1986-03-05','M','Linprunstra?e 7, 47928, Ritze',1146076815,11),(2539464534,'Alma Griggs','2008-03-11','F','Falkenturmstra?e 21-26, 37540, Nortmoor',3479401011,20),(2539464535,'Adrian Lytle','2003-12-18','M','Ackermannstra?e 160d, 02310, Stahlh?tte',3388985802,8),(2539464536,'Lura Roller','1977-03-21','M','Frauenplatz 7, 52594, rande-H?rnerkirchen',2539464612,14),(2539464537,'Hollis Arriaga','1987-08-25','F','Adalbertstra?e 4, 14029, Pfinztal',2539464564,22),(2539464538,'Audrey Roberson','1957-09-25','F','Am Herrgottseck 10e, 45176, Hafenlohr',3887,9),(2539464539,'Adrienne Alger','1978-06-01','M','Oberanger 22, 01984, Abbendorf',3806,14),(2539464540,'Simone Truong','1978-03-29','F','Kardinal-Faulhaber-Stra?e 1, 31434, Brigachta',3479400892,20),(2539464541,'Jacqualine Lloyd','1998-03-03','M','Maximilian-Wetzger-Stra?e 1, 68970, Ahrensb',2109967727,10),(2539464542,'Izola Andrade','1960-07-10','F','Denisstra?e 2, 08463, Abbendorf',1146076877,3),(2539464543,'Joette Hammer','1947-10-03','F','Wilhelm-Tell-Stra?e 13-19, 45108, Waldesruh',3908897576,5),(2539464544,'Kirk Hacker','2014-01-09','M','Martiusstra?e 56a, 35748, Aalen',3479400851,16),(2539464545,'Josue Bray','1966-01-10','F','L?ndstra?e 1a, 75271, Peenem?nde',429500538,24),(2539464546,'Emeline Byars','1993-01-29','M','Barer Stra?e 6, 51066, R?fingen',3388985619,16),(2539464547,'Alfred Salley','1980-05-26','M','Jahnstra?e 2, 82268, Waldhof',2109967728,20),(2539464548,'Rigoberto Verdin','1984-07-11','M','Am Wageck 4, 07938, Briedern',1146076938,14),(2539464549,'Rob Leahy','2010-11-11','M','Schrammerstra?e 3, 35938, Ahlefeld',3908897518,24),(2539464550,'Adriana Hobbs','1969-07-12','M','Schulstra?e 25-25, 98073, Mustin',2539464588,7),(2539464551,'Napoleon Nunez','1993-05-29','F','Senserstra?e 2, 11917, Schildfeld',1575573451,21),(2539464552,'Tommie Covey','1988-12-29','M','Jakob-Klar-Stra?e 22a, 21807, Heddert',2109967835,2),(2539464553,'Denice Geer','1988-08-30','M','Hirschauer Stra?e 2f, 41948, Gebenbach',2959488948,12),(2539464554,'Valentin Tillery','2017-10-28','F','Ungererstra?e 11, 03497, Magdeburg',3479401014,1),(2539464555,'Karl Schott','1978-06-17','M','Hildeboldstra?e 1, 33545, Dehlitz',1575573548,9),(2539464556,'Warner Soares','1989-01-07','M','Adi-Maislinger-Stra?e 1, 33082, Abberode',1146076878,12),(2539464557,'Armando Beattie','1984-06-10','M','Neuturmstra?e 7a, 44924, Dorf Gutow',3908897619,24),(2539464558,'Rodolfo Velasco','1980-12-23','M','Brienner Stra?e 16f, 86735, Fritzenweng',1575573481,11),(2539464559,'Edison Hendrickson','1963-02-22','M','Arndtstra?e 26c, 94074, Gingen',2539464481,2),(2539464560,'Prince Aiken','2002-11-29','M','Ortlerstra?e 4, 92917, Garding',2109967780,8),(2539464561,'Burl Arrington','1974-01-04','M','Dehmelstra?e 1c, 03518, ornower Ausbau',3809,10),(2539464562,'Karol Garris','1988-09-26','F','Deutingerstra?e 5, 39865, Gelmeroda',2959488902,15),(2539464563,'Porter Shifflett','1997-03-29','M','Adelgundenstra?e 24, 56881, Nieder?hren',3747,2),(2539464564,'Abraham Alston','1983-12-01','M','Heldstra?e 19c, 19864, Kloster Zinna',2109967883,17),(2539464565,'Carmelina Henning','2017-03-17','M','Aldringenstra?e 2f, 42648, Siebenb?umen',3723,10),(2539464566,'Angela Hailey','1992-11-07','F','Theresienstra?e 6, 95923, Wiedmann',2539464489,19),(2539464567,'Piper Bacon','2002-06-20','F','Geibelstra?e 2, 35690, Wandlitz',2109967781,21),(2539464568,'Marta Eubanks','2011-02-19','M','Adelgundenstra?e 3d, 49535, Lawalde-Lauba',1146076723,4),(2539464569,'Tomeka Nguyen','1965-05-04','M','Kathi-Kobus-Stra?e 2c, 57979, Jabel',3388985620,10),(2539464570,'Brice Hoffmann','1976-06-27','M','Kopernikusstra?e 29, 67098, Waddeweitz',429500479,19),(2539464571,'Adan Thibodeau','2001-04-13','F','Karl-Preis-Platz 2, 91307, Abbau Ader',2959488870,4),(2539464572,'Clarissa Abrams','1970-01-15','M','Hans-Klein-Stra?e 2e, 34028, Gnaschwitz',429500596,14),(2539464573,'Chad Eason','1981-04-16','F','Am Bavariapark 5, 07513, Grenz',2539464433,21),(2539464574,'Broderick Knapp','1942-06-21','F','Max-Friedlaender-Bogen 9, 19572, Abbau Ader',3913,12),(2539464575,'Seth Curtis','1984-09-28','F','Maderbr?ustra?e 23, 55281, Neu Babst',3479400817,20),(2539464576,'Hubert Stitt','1974-03-14','M','Thorwaldsenstra?e 2, 53479, Rotta',2539464394,2),(2539464577,'Dewey Hilton','2007-09-18','M','Schneckenburgerstra?e 7, 57948, Aalen',3479400921,11),(2539464578,'Angel Raines','1992-07-28','M','Albrechtstra?e 6, 61507, Offenburg',1146076848,23),(2539464579,'Deeanna Block','1975-06-06','M','Adalbert-Stifter-Stra?e 1, 04665, Ahlbeck',3479400818,3),(2539464580,'Jerrell Weston','1940-10-31','F','Regerplatz 27a, 73189, Renneritz',2959488872,6),(2539464581,'Chassidy Manley','2018-08-12','F','Kaufingerstra?e 3c, 45172, Sehlen',2109967839,11),(2539464582,'Leopoldo Marrero','1965-05-26','M','Kreuzstra?e 2, 79155, Hohenspringe',3867,24),(2539464583,'Jess Cameron','1941-01-29','M','Petersplatz 2, 86740, Rethemer F?hre',429500454,7),(2539464584,'Buster Acker','1952-02-03','F','Erika-Mann-Stra?e 69, 08958, Schwepnitz',1146076725,2),(2539464585,'Sharleen Crider','1995-10-26','F','Fuggerstra?e 13d, 98715, Arenshausen',3908897647,6),(2539464586,'Donald Adams','1994-12-20','F','Hans-Klein-Stra?e 14d, 48698, Heisdorf',3760,21),(2539464587,'Arie Hill','1971-05-19','M','Schillerstra?e 1, 05288, Aalen',3892,24),(2539464588,'Mohamed Alonso','1984-07-28','F','Gohrenstra?e 1d, 84043, B?rnersdorf-Breitenau',3915,4),(2539464589,'Cornelius Kang','2006-05-21','M','Morassistra?e 4, 53579, Aasb?ttel',2539464423,9),(2539464590,'Erwin Hoff','2002-09-10','F','Opitzstra?e 12-17, 18493, Pfalzgrafenweiler',1575573483,6),(2539464591,'Robert Crum','2001-09-23','F','Eisensteinstra?e 3, 82157, Oberursel',3388985604,18),(2539464592,'Kasi Cole','2017-08-14','M','Ackermannstra?e 26, 62214, Crimmitschau',1575573491,1),(2539464593,'Lucius Abel','1983-05-25','F','Deroystra?e 6, 96290, Ahnsbeck',2109967730,11),(2539464594,'Jamie Keeler','1942-01-11','F','Neufahrner Stra?e 2d, 92890, Baden-Baden',3908897695,20),(2539464595,'Demetrius Berman','1997-05-27','M','Adelheidstra?e 2, 39179, Rochau',2959488925,15),(2539464596,'Noble Perreault','1969-05-07','M','Sternwartstra?e 2, 49137, Abberode',3479400970,21),(2539464597,'Tamika Munn','1985-06-25','F','Bothmerstra?e 35d, 87261, Schutterwald',3479400948,3),(2539464598,'Caroline Christy','1959-08-13','M','Linprunstra?e 22-29, 66433, Demitz-Thumitz',3894,7),(2539464599,'Isiah Mccallum','2007-08-18','M','Winzererstra?e 7, 37524, Bremm',429500598,9),(2539464600,'Alba Wilmoth','2012-04-17','M','Beichstra?e 2, 01954, Petersberg',3868,16),(2539464601,'Ashton Lyle','1969-08-14','M','Kreittmayrstra?e 14-17, 61944, Aasb?ttel',2109967886,22),(2539464602,'Ervin Lambert','2005-07-22','M','Kreuzstra?e 2, 47958, Abbendorf',3479400924,20),(2539464603,'Chery Jessup','1960-08-02','M','Johann-Sebastian-Bach-Stra?e 3, 96498, Aachen',1575573522,3),(2539464604,'Lashay Abbott','2015-07-15','F','Schl?rstra?e 1, 86537, Abenberg',3388985744,13),(2539464605,'Emery Naquin','1951-08-14','M','Theo-Prosel-Weg 2, 52202, Tiefenau',3944,17),(2539464606,'Jack Aiken','1972-08-11','F','Untere Feldstra?e 1b, 96426, Geislingen',2539464545,23),(2539464607,'Antonia Gunther','1992-03-04','M','Hartliebstra?e 2, 48598, Sch?nteichen',3388985782,14),(2539464608,'Adolfo Prather','1973-01-15','M','Regerstra?e 17f, 09168, Darsikow',3388985716,6),(2539464609,'Bernadine Correia','1961-12-26','F','Unertlstra?e 89, 11448, Schenklengsfeld',3908897650,18),(2539464610,'Jordan Lambert','1951-08-18','M','Frauenplatz 60, 61276, Ahrenvi?lfeld',1575573493,22),(2539464611,'Malcolm Gomes','1987-09-18','M','Herzogspitalstra?e 2, 45473, Niederkl',3728,7),(2539464612,'Toby Bloom','2005-04-26','M','L?wengrube 5c, 18624, Ettendorf',3479400949,17),(2539464613,'Katia Poulin','1949-10-30','M','Saint-Privat-Stra?e 1, 23643, Vitte',2959489052,21),(2539464614,'Aiko Looney','2017-01-25','F','Flemingstra?e 24a, 94583, Abberode',3787,3),(2539464615,'Genaro Ambrose','1949-08-17','F','A?linger Stra?e 7e, 23366, Oberweid',1146076884,14),(2539464616,'Gerry Seidel','1995-05-15','M','Rosenheimer Stra?e 78, 37587, Aachen',1575573671,21),(2539464617,'Lashaun Ingle','1987-09-06','M','K?niginstra?e 2f, 17949, Baudenbach',3762,9),(2539464618,'Luke Acker','1972-01-22','M','Josephstra?e 25-25, 19549, Achen',429500677,12),(2539464619,'Jasmine Abernathy','1970-06-29','M','Piusstra?e 8e, 87788, Eurastetten',429500518,18),(2539464620,'Glenn Mcdonald','1959-03-24','M','Albrechtstra?e 1, 44090, Schwanewede',2959488896,5),(2539464621,'Thanh Eldridge','2015-02-10','M','Helene-Lange-Weg 2, 93600, Hellenhahn-Schelle',2109967816,9),(2539464622,'Adrian Baldwin','1986-10-16','F','Friedrichstra?e 69, 76778, Ahlen',3388985637,2),(2539464623,'Abbie Lyman','1973-01-18','F','Hartliebstra?e 13, 98148, Hundsweihers?gem',3479400834,13),(2539464624,'Raul Salgado','1987-08-01','M','Ackerstra?e 3, 66538, Metschow',1575573672,9),(2539464625,'Laurence Thacker','1992-03-05','F','Sendlinger Kirchplatz 1d, 77311, Deersheim',429500484,18),(2539464626,'Abdul Putman','1993-03-25','M','A?linger Stra?e 9, 67206, Aachen',1146076756,11),(2539464627,'Anastasia Buck','1979-01-12','M','Adi-Maislinger-Stra?e 4, 12392, Oderberg',2539464440,17),(2539464628,'Adolph Pickens','1954-04-09','F','Sendlinger Stra?e 1b, 61953, Clau?nitz',3899,6),(2539464629,'Javier Aguirre','2008-08-13','M','Johann-Pez-Stra?e 2, 76541, Kraftisried',3791,16),(2539464630,'Anderson Holt','1970-09-20','M','Adamstra?e 2, 04110, Abbenrode',3388985786,3),(2539464631,'Amado Newman','2016-02-15','M','Georgenstra?e 7f, 17762, Ahneby',3764,7),(2539464632,'Deshawn Davidson','1962-08-07','M','Adi-Maislinger-Stra?e 29, 72669, Kirchheimbol',3908897746,3),(2959488855,'Adela Hale','1971-07-17','M','Beethovenstra?e 3, 57582, Unterschwaningen',1575573496,1),(2959488856,'Russ Hughes','1980-02-29','M','Schmellerstra?e 9, 25100, Altheim',2109967844,9),(2959488857,'Bennie Forbes','1957-05-16','M','Lamontstra?e 92, 08905, Aasb?ttel',3479400974,19),(2959488858,'Lucie Conti','1960-03-15','F','Sankt-Martin-Stra?e 1, 46777, Trebra',2959489056,11),(2959488859,'Ted Burgos','1948-09-16','M','Imhofstra?e 8, 87459, Bandekow',429500546,16),(2959488860,'Woodrow Clapp','1975-07-12','M','Lothstra?e 2, 66773, Schmieritz',2959488910,5),(2959488861,'Carola Wakefield','2004-04-28','M','Rosenbuschstra?e 2, 35456, Ennigerloh',1575573462,11),(2959488862,'Kyle Hoyt','2016-01-19','F','Keplerstra?e 149e, 39998, Schweinfurter Haus',3388985641,13),(2959488863,'Melvin Aiello','1957-04-01','M','Maderbr?ustra?e 72, 33946, G?ntersleben',2109967697,19),(2959488864,'Detra Hein','1942-07-29','M','Ackerstra?e 1, 58646, Beutel',1146076767,2),(2959488865,'Ali Maclean','1999-10-14','M','Helene-Lange-Weg 29, 31140, Hanau',2109967867,13),(2959488866,'Patrick Chang','1962-01-20','M','Rotkreuzplatz 1, 42207, Alpirsbach',1575573463,2),(2959488867,'Marquis Bethea','2002-07-04','M','P?tschnerstra?e 1, 85490, Klingenm?hlh?fle',2959488898,5),(2959488868,'Jerry Betz','1983-12-14','M','Franz-Joseph-Stra?e 1, 09250, Stavern',2539464402,10),(2959488869,'Curt Shaw','2008-06-26','M','Bogenstra?e 12, 01096, Kirchheimbolanden',1146076825,14),(2959488870,'Cheri Whittle','2002-11-03','M','Lerchenfeldstra?e 9, 72203, Selben',429500486,4),(2959488871,'Adaline Shook','2014-10-17','M','Bavariastra?e 8, 01675, Rastenberg',3388985692,8),(2959488872,'Leslie Calkins','1991-06-20','F','Am Giesinger Feld 12-16, 27239, H?rtgenwald',2109967764,13),(2959488873,'Burton Crisp','1965-06-29','M','L?ndstra?e 6e, 92606, Aalen',1575573642,21),(2959488874,'Alexandria Kirkwood','1957-09-17','F','Zeppelinstra?e 5, 12801, Haseldorf',2109967847,20),(2959488875,'Alia Jeffries','1986-04-02','F','Am Nockherberg 2, 33095, Heldenstein',3902,9),(2959488876,'Lesley Acevedo','1960-04-28','M','Wurzerstra?e 2c, 68462, Bemberm?hle',1146076735,21),(2959488877,'Eusebio Allred','2008-02-02','F','Tittmoninger Stra?e 27e, 71454, Aarbergen',3908897523,5),(2959488878,'Bong Albert','2007-01-21','M','Cherubinistra?e 1, 91372, Wernberg-K?blitz',3818,11),(2959488879,'Sonny Gerald','1963-07-21','F','Westenriederstra?e 6, 92094, Aasb?ttel',2109967700,24),(2959488880,'Kimi Temple','1985-06-16','M','Englischer Garten 9f, 52089, Waldbr',3388985721,17),(2959488881,'Emerald Beale','2010-12-27','F','Thalkirchner Stra?e 24b, 42609, Dedelstorf',2539464443,3),(2959488882,'Sulema Starkey','1942-08-27','M','Gabrielenstra?e 1c, 94595, Ritzgerode',1146076795,5),(2959488883,'Benjamin Rayford','1964-09-05','F','Kaulbachstra?e 8f, 59257, Schelertal',3756,7),(2959488884,'Jody Battle','1995-10-31','F','Bayerstra?e 11, 77165, Holzhauser Eck',3908897524,2),(2959488885,'Denice Mcdonald','1958-08-20','M','An der Stemmerwiese 17b, 38948, Abbenrode',3388985642,6),(2959488886,'Buddy Ziegler','1993-05-13','M','Wilhelmstra?e 21-29, 51150, Hohenvier',2109967714,1),(2959488887,'Sylvester Hough','1940-04-24','F','Kidlerstra?e 27, 48563, Grauel',3875,15),(2959488888,'Macie Tyree','2002-01-27','F','Bl?cherstra?e 5, 49159, Biblis',2959489058,6),(2959488889,'Hisako Connor','1990-10-12','M','Nestroystra?e 1, 65371, Ehrenfriedersdorf',2539464519,8),(2959488890,'Yesenia Boyle','1941-01-23','M','Fliegenstra?e 2, 55800, Delve',429500525,18),(2959488891,'Xavier Rosenberg','1956-11-22','F','Schwanthalerstra?e 15-17, 63451, Achstetten',1146076771,1),(2959488892,'Mertie Brenner','1969-12-10','M','Wilhelm-Ostwald-Stra?e 6, 81392, Ahorn',429500653,5),(2959488893,'Korey Longo','2014-05-30','M','Hilblestra?e 13-16, 82163, D?britschen',2959489059,17),(2959488894,'Julian Bostic','1980-07-27','F','Max-Weber-Platz 1, 14862, Oberkail',2959488966,11),(2959488895,'Adela Murillo','1997-03-15','F','M?hlbaurstra?e 15-19, 56058, Kellenhusen',1146076798,13),(2959488896,'Lavinia Wolfe','2015-08-29','M','Wagnerstra?e 2, 62006, Alsbach',429500607,15),(2959488897,'Humberto Ragsdale','1966-04-02','M','Humboldtstra?e 12-17, 33347, Garzau',1575573645,20),(2959488898,'Tracey Frey','1959-08-19','M','Sankt-Galler-Stra?e 3, 09434, Kleinbundenbach',3479400929,16),(2959488899,'Kayla Barbosa','1981-12-21','M','Alfons-Goppel-Stra?e 26, 15486, Utzenhain',3844,2),(2959488900,'Sidney Andrade','1991-07-16','M','Johannisplatz 1a, 04399, Kaulitz',3877,12),(2959488901,'Adam Satterfield','1988-02-07','M','Seeriederstra?e 1, 77276, Zaunr?den',2959488880,18),(2959488902,'Cuc Haller','2013-01-12','M','Garmischer Stra?e 24-27, 92207, Boblitz',3479400869,22),(2959488903,'Luke Graves','2019-09-24','F','Schneckenburgerstra?e 2, 03288, Helvesiek',1575573505,14),(2959488904,'Adolph Majors','1968-06-06','F','Gallmayerstra?e 2c, 31700, Wa?mannsdorf',2539464499,1),(2959488905,'Abe Ashley','1943-05-08','M','Salvatorstra?e 2, 02474, Aarbergen',3479400902,5),(2959488906,'Blair Robison','1949-12-05','F','Deroystra?e 51d, 31548, Ammelst?dt',429500655,23),(2959488907,'Jerilyn Cintron','2014-05-03','M','Wormser Stra?e 2, 82348, ?tzingen',2959489061,2),(2959488908,'Suellen Pacheco','1953-08-09','F','Destouchesstra?e 51, 98920, Neuenhagen',2539464446,9),(2959488909,'Melodie Dunham','1977-03-04','M','Neuhauser Stra?e 74a, 25442, Niedermurach',3955,14),(2959488910,'Julio Seibert','1973-03-11','M','Tulbeckstra?e 25f, 65942, Eslohe',429500527,3),(2959488911,'Magaret Randle','1975-08-03','M','Klaus-Mann-Platz 19a, 15290, Vohburg',429500608,19),(2959488912,'Clarita Ragan','1998-03-27','M','Thomas-Mann-Allee 12-17, 97275, Langenpreisin',3388985644,4),(2959488913,'Marlon Guffey','1956-09-30','F','Garmischer Stra?e 10, 76130, Raddingsdorf',3388985724,9),(2959488914,'Homer Ferris','1944-09-14','F','Sendlinger-Tor-Platz 1, 58095, Neuenrade',3388985753,18),(2959488915,'Carson Love','1953-05-17','M','Elisenstra?e 46, 02952, Abberode',3907,17),(2959488916,'Lauren Cintron','1973-10-19','M','Adelheidstra?e 8, 12033, Silberhaus',3479400784,7),(2959488917,'Sindy Hennessey','1961-12-06','F','Landwehrstra?e 9d, 47361, Vettelscho?\";347940',3388985665,23),(2959488919,'Aide Agee','1979-01-15','M','Fuggerstra?e 11-19, 97878, Quirnheim',2539464604,11),(2959488920,'Francis Burchfield','1986-07-13','F','Erika-Mann-Stra?e 10d, 34054, Vollrathsruhe',3388985614,8),(2959488921,'Bobbie Michel','1947-03-10','F','Schumannstra?e 24, 61369, Gl?sing',3479400871,21),(2959488922,'Beaulah Hitchcock','1964-03-02','M','Plinganserstra?e 23-26, 28204, Lutherstadt Ei',2539464605,9),(2959488923,'Elmer Machado','1981-05-03','F','Philipp-Loewenfeld-Stra?e 12-16, 63948, Thies',3908897597,13),(2959488924,'Kristan Cottrell','1953-04-06','M','Hopfenstra?e 7, 93740, Langene?\";3852;2\r\n2959',2109967801,11),(2959488926,'Mose Angulo','1941-09-06','F','Garmischer Stra?e 11-15, 82502, Altdorf',2109967743,16),(2959488927,'Glory Myers','1971-10-29','M','Christophstra?e 1, 41144, Preschen',1146076803,1),(2959488928,'Buster Shaffer','1941-08-23','M','Gaiglstra?e 27e, 04708, R?mmingen',1146076931,14),(2959488929,'Moises Coon','1983-05-12','F','Alter Hof 104, 02986, Mudau',2959489025,19),(2959488930,'Johnny Adams','1997-01-17','F','Am Nockherberg 7f, 49713, Ascheffel',3479401004,13),(2959488931,'Palmer Majors','1940-12-04','M','Galileiplatz 10c, 83341, Habighorst',2959489093,3),(2959488932,'Alphonso Hubert','1995-11-16','M','Alfonsstra?e 3b, 17093, Haschaberg',2539464557,13),(2959488933,'Darby Mckenzie','1941-10-30','F','Odeonsplatz 13, 15174, Altensteig',1575573443,1),(2959488934,'Orval Cable','1959-12-21','M','Finkenstra?e 1, 74530, Kraatz',1575573662,6),(2959488935,'Chaya Christopher','1989-11-05','F','Marlene-Dietrich-Stra?e 21d, 53147, Abenberg',1575573678,15),(2959488936,'Alfonzo Geary','1947-12-30','M','Artur-Kutscher-Platz 82f, 78233, Himmelgarten',1146076776,22),(2959488937,'Timothy Crider','1949-02-20','F','Tittmoninger Stra?e 2e, 54996, Sch?nfels',429500447,2),(2959488938,'Bernard Gibson','1995-05-20','M','Lessingstra?e 40e, 11517, B?hne',3388985731,9),(2959488939,'Horacio Abney','1979-11-02','F','Hanebergstra?e 2, 48336, Bingenheimer M?hle',2539464558,16),(2959488940,'Roosevelt Shafer','2002-06-07','M','Augustenstra?e 5, 35034, Granzow',1146076834,21),(2959488941,'Bobbi Hope','1955-05-18','M','Augustenstra?e 1, 85994, Lie?en',3479401006,5),(2959488942,'Melvina Ramsey','1989-04-23','M','Bothmerstra?e 26e, 84063, Lahstedt',1146076932,11),(2959488943,'Adriane Christopher','1973-03-01','M','Plinganserstra?e 23, 69525, Luhrbach',3908897512,24),(2959488944,'Franklin Abel','1943-02-03','F','Isolde-Kurz-Stra?e 8c, 96885, Oberding',1575573628,5),(2959488945,'Myrna Caskey','1980-07-05','M','Kapellenhof 1, 99401, Rankendorf',429500448,22),(2959488946,'Abe Conger','1989-07-01','M','Siebertstra?e 4f, 28263, Nierow',3927,3),(2959488947,'Lenard Trimble','1960-05-21','M','Wittelsbacherplatz 1f, 33579, Gieselauschleus',3388985701,7),(2959488948,'Eric Cowley','1977-11-18','F','Auerfeldstra?e 8e, 01425, Grotenkn',2109967796,10),(2959488949,'German Jacobson','1963-08-18','M','Rochusberg 2f, 63908, Gro?kochberg',1146076898,19),(2959488950,'Garret Silvers','1950-03-21','F','Sieboldstra?e 60e, 76830, Oberhausen',3388985669,21),(2959488951,'Maurita Doe','1999-05-12','F','Gau?stra?e 4, 01208, Niederstedem',1575573566,8),(2959488952,'Calvin Logan','1975-04-14','M','Schlei?heimer Stra?e 2, 25856, Ahlden',2539464409,11),(2959488953,'Bee Mahon','1954-07-22','M','Mozartstra?e 3e, 96857, Rhodt',429500529,5),(2959488954,'Johnie Cortes','1944-02-17','M','Wiltrudenstra?e 15, 47466, Ahrenvi',3908897685,16),(2959488955,'Herman Denning','2017-07-11','M','Ferdinand-Miller-Platz 1, 21459, M?gglingen',3388985670,20),(2959488956,'Eric Donnell','2019-06-12','M','Barthstra?e 7, 89977, Abtsgm',3479400934,5),(2959488957,'Lane Hildreth','1975-11-01','M','Hermann-Schmid-Stra?e 27, 38526, Niederwiesa',1146076933,16),(2959488958,'Aron Dougherty','1991-03-21','M','Bonner Platz 6d, 37856, Steineroth',2539464630,22),(2959488959,'Nelson Longoria','1990-07-06','M','Balanstra?e 2, 01558, Bad Schussenried',1575573509,6),(2959488960,'Devora Chatman','1983-01-01','M','Trappentreustra?e 4, 02673, Ackendorf',1146076866,15),(2959488961,'Jacinta Schroeder','2007-07-22','M','Bergmannstra?e 29, 93373, Malgersdorf',1146076951,1),(2959488962,'Maria Marvin','1969-04-20','F','P?ndterplatz 50a, 47480, Watzumer H?uschen',3479400960,14),(2959488963,'Cody Fuller','1998-09-21','F','Regerplatz 3, 06328, Mechtersen',3388985729,19),(2959488964,'Avery Dube','1975-05-13','M','Edelwei?stra?e 8, 99085, Aurachtal',2109967722,24),(2959488965,'Jeffry Abernathy','1958-12-28','M','Geschwister-Scholl-Platz 27a, 05303, Tetzelst',2539464380,7),(2959488966,'Addie Andrews','1985-12-18','M','Max-Joseph-Stra?e 8, 22104, Dreieich',3908897634,19),(2959488967,'Billie Abreu','1982-03-21','M','Gudrunstra?e 19, 31971, Lippelsdorf',3908897533,7),(2959488968,'Robbie Wendt','1942-08-15','M','Germaniastra?e 2, 42327, Lichtenhain',2539464381,13),(2959488969,'Phil Alexander','2008-02-11','F','Aberlestra?e 22f, 18065, Ahorn',2539464537,5),(2959488970,'Trinidad Coats','1950-05-09','F','Adams-Lehmann-Stra?e 9, 71077, H?lsebeck',1575573445,16),(2959488971,'Quinton Abraham','1942-12-09','M','Rosental 1, 29560, W?lfershausen',3858,11),(2959488972,'Hellen Callender','2006-01-16','F','Johannisplatz 1, 15220, Barenburg',2109967831,20),(2959488973,'Alene Padilla','1945-04-26','M','Aberlestra?e 2, 22724, Saalstadt',3803,2),(2959488974,'Troy Carver','1945-03-28','F','F?rstenfelder Stra?e 2b, 96269, Koserow',2539464562,10),(2959488975,'Caleb Nunley','2000-06-23','F','Sachsenstra?e 15-15, 31632, Langwedel',3479401008,21),(2959488976,'Abby Musgrove','1940-06-08','F','Platenstra?e 2, 26253, Ahlden',2109967653,5),(2959488977,'Rodrigo Battle','2012-06-25','M','Isabellastra?e 1, 01608, Weihenzell',3388985829,9),(2959488978,'Murray Gunther','2019-01-17','M','Regensburger Platz 2, 69733, Erbes-B?desheim',1146076900,19),(2959488979,'Alfredia Bergman','1972-04-02','M','Fendstra?e 1, 82350, Dornum',2539464509,6),(2959488980,'Douglas Monk','1953-04-16','M','Ackermannstra?e 76b, 55647, Rastatt',3388985595,8),(2959488981,'Leonida Crook','1980-02-13','M','Ackermannstra?e 7, 32140, Arnstein',3908897604,1),(2959488982,'Christa Conover','1999-01-08','M','Fallmerayerstra?e 7, 59629, Gaberndorf',2539464476,13),(2959488983,'Loan Tilton','1971-01-22','F','Lisztstra?e 4, 41544, Zinnitz',1146076917,4),(2959488984,'Chante Murray','1940-03-29','M','Altenhofstra?e 2, 84648, Gundersheim',3908897535,14),(2959488985,'Sanford Boren','1956-08-31','M','Kindermannstra?e 3c, 21149, Beulbar-Ilmsdorf',3908897638,19),(2959488986,'Aline Streeter','1999-04-08','M','Seeligerstra?e 128f, 73121, Parthenstein',3479400879,24),(2959488987,'Jordan Council','2017-07-21','M','Adelgundenstra?e 2e, 12105, Liebstedt',2109967779,5),(2959488988,'Shelby Boehm','1992-08-15','M','Kunigundenstra?e 1, 82319, Bad Wilsnack',3388985707,14),(2959488989,'Abram Alderman','2007-10-22','F','Karl-Theodor-Stra?e 21, 54046, Riedhof',2959489070,20),(2959488990,'Breann Montalvo','1952-08-18','F','Sch?fflerstra?e 20, 83680, Stieten',1575573513,2),(2959488991,'Jacinto Grossman','1990-09-15','F','Geroltstra?e 5, 21743, Gau-Bickelheim',3908897615,13),(2959488992,'James Koehler','1982-09-07','M','Klementinenstra?e 71c, 16935, Niederbachheim',3388985683,6),(2959488993,'Harlan Beane','1977-01-27','M','Wei?enburger Stra?e 43c, 97173, Burtscheid',1575573604,14),(2959488994,'Andreas Acevedo','1980-02-29','M','R?merstra?e 2, 43039, Wiesenfeld',3908897736,14),(2959488995,'Reggie Combs','1941-01-18','M','Beethovenstra?e 8, 01489, Tann',1146076814,14),(2959488996,'Ilana Rhoads','1951-09-24','F','Adalbert-Stifter-Stra?e 1e, 08628, Mudenbach',2959489006,16),(2959488997,'Anjanette York','1994-11-22','M','Palmstra?e 4, 81963, Schiebsdorf',2959488978,22),(2959488998,'Evangeline Gilman','1984-06-07','M','Wagm?llerstra?e 1d, 04853, Olching',3479400881,7),(2959488999,'Courtney Stallings','2006-01-12','F','Am Neudeck 2, 53541, N?dlingen',3908897607,21),(2959489000,'Marx Heath','1953-08-12','F','Sederanger 2, 22446, Lochau',429500475,15),(2959489001,'Adrienne Gunter','1990-08-26','M','Ackerstra?e 2, 96200, Geisa',2539464416,2),(2959489002,'Sylvia Abney','1940-01-16','F','Neuhauser Stra?e 11, 91622, Stra?berg',3908897608,15),(2959489003,'Adam Everett','2019-08-06','M','Alramstra?e 22-29, 78594, Schweigen-Rechtenba',3388985776,8),(2959489004,'Delmy Hutto','1960-05-14','F','Schl?rstra?e 2, 63863, Donauw?rth',2109967748,16),(2959489005,'Adolfo Caruso','1961-10-01','M','Schackstra?e 28, 52030, Schildau',429500618,18),(2959489006,'Abe Denson','1972-06-16','F','N?rnberger Stra?e 2, 54114, Reitling',2959489007,2),(2959489007,'Lance Shank','1950-02-11','F','Adolf-Kolping-Stra?e 2, 56131, Wei?nau?litz',3388985738,12),(2959489008,'Ada Sutter','1949-05-17','F','Karolinenplatz 1d, 35877, Kieselbronn',3479400791,15),(2959489009,'Antonetta Boynton','1965-02-11','F','Adamstra?e 1e, 42572, Plau',1146076811,18),(2959489010,'Bernard Frazier','1980-06-29','M','Adamstra?e 6, 64098, Moosweber',1146076937,5),(2959489011,'Tess Cade','2012-07-24','M','Moltkestra?e 14-19, 29792, Krailling',429500619,17),(2959489012,'Phylis Sales','1948-11-15','M','Nikolaistra?e 26, 75678, St. Peter',2109967687,22),(2959489013,'Arica Stephenson','1992-04-16','F','Adelgundenstra?e 24-26, 68366, Heyerhof',1575573668,22),(2959489014,'Genia Abbott','2000-03-20','F','Adi-Maislinger-Stra?e 2, 13367, Abbendorf',3388985676,2),(2959489015,'Cyrus Bourque','1949-08-14','M','H?bnerstra?e 10, 06471, Dabendorf',1575573547,14),(2959489016,'Shane Apodaca','2002-05-06','F','Herzogspitalstra?e 5b, 01803, Gutenzell-H?rbe',3479401013,3),(2959489017,'Tommie Nettles','1959-11-12','F','Adi-Maislinger-Stra?e 24d, 38492, Gra?\";42950',2109967757,18),(2959489019,'Avery Allman','1992-06-04','M','Karl-Preis-Platz 65a, 37162, Niemerlang',3388985651,6),(2959489020,'Bridget Raynor','1942-06-03','M','Kapuzinerplatz 1, 49578, Schwenkenhof',3908897691,11),(2959489021,'Jack Ball','1975-02-01','M','Adi-Maislinger-Stra?e 1, 88443, Burkersroda',3388985678,16),(2959489022,'Wyatt Vest','1948-08-31','F','Aberlestra?e 6, 27326, Adelsheim',3911,14),(2959489023,'Francisco Mckee','1992-07-31','M','Wagm?llerstra?e 2, 36074, Hoogstede',3908897610,5),(2959489024,'Adolph Romeo','2017-10-06','F','Lazarettstra?e 4, 84818, ettenhausen',3908897611,17),(2959489025,'Johnnie Bonner','1993-07-10','F','Merzbacherstra?e 19c, 24299, B',1146076818,19),(2959489026,'Pedro Nagy','1976-08-02','M','Tizianstra?e 2b, 02624, Wangelau',3908897578,7),(2959489027,'Millicent Phan','1968-01-25','M','Stielerstra?e 25, 85189, Grattersdorf',2959489035,13),(2959489028,'Ayana Belt','2006-03-04','F','Oberanger 2, 82830, Wriedel',429500593,19),(2959489029,'Archie Allan','1943-07-09','F','Poschingerstra?e 27f, 96967, Altenhausen',429500642,3),(2959489030,'Rudolf Mayes','1941-01-13','F','Paul-Meisel-Weg 8, 77224, Knochenm?hle',2959488922,18),(2959489031,'Rebbecca Layne','2018-09-18','F','Erich-K?stner-Stra?e 23a, 75384, Herrmannsack',2539464511,3),(2959489032,'Dick Cobbs','1981-10-19','M','Steinheilstra?e 2, 18776, M?llendorf',2539464541,10),(2959489033,'Cameron Billings','1950-02-26','M','M?llerstra?e 44, 62390, Nossentiner H?tte',3864,22),(2959489034,'Heath Walter','2013-09-29','M','Kraelerstra?e 17, 33739, Gilching',3388985804,7),(2959489035,'Abe Sims','1952-05-12','F','Am Eisbach 1b, 87160, Ollndorf',1575573653,16),(2959489036,'Bambi Hein','2007-02-13','M','Kirchenstra?e 9, 04316, Hammelspring',3479400854,3),(2959489037,'Marcella Ahmed','1950-10-29','F','Oskar-von-Miller-Ring 1, 84547, Sohrschied',429500643,17),(2959489038,'September Gorman','1970-10-07','M','P?tschnerstra?e 92e, 93872, Sch?neck',3479401015,16),(2959489039,'Augustine Wentworth','1992-12-17','M','Emma-Ihrer-Stra?e 2f, 54247, Aham',3908897542,23),(2959489040,'Spring Noel','1944-07-12','M','Frauenplatz 9, 23618, Gundelfingen',3908897555,22),(2959489041,'Coleen Angel','1949-12-28','M','Marsplatz 1d, 78968, Opfenbach',2109967703,12),(2959489042,'Morris Travers','1995-07-18','M','Maximilianstra?e 1, 39780, Niederahr',3914,20),(2959489043,'Jerrod Spence','1968-04-11','F','Am Nockherberg 13-16, 09082, Gettengr',3388985603,4),(2959489044,'Nicholle Almanza','1951-07-12','M','Ottostra?e 92a, 52585, Sexau',429500622,14),(2959489045,'Latashia Tyree','1966-11-01','M','Lachnerstra?e 2, 84954, Biesdorf',3813,9),(2959489046,'Candis Adcock','1988-02-26','M','Kindermannstra?e 2d, 66430, Abbendorf',3479400856,15),(2959489047,'Wiley Sheets','1947-10-30','M','Drachenseestra?e 18b, 71033, Muggensturm',2539464435,17),(2959489048,'Catalina Abernathy','1985-10-17','M','J?gerwirtstra?e 1, 89419, Sachsgr',3479400946,1),(2959489049,'Dorian Boss','1955-09-08','M','Theresienstra?e 2, 53174, Klein Ber?en',3388985714,5),(2959489050,'Aisha Hartman','1989-04-07','F','Schornstra?e 5, 15186, Hornow',2959489050,13),(2959489051,'Amiee Armstrong','1947-08-31','F','Hofgartenstra?e 13, 23444, Sixenhof',3388985634,4),(2959489052,'Adrianna Stevenson','2015-11-10','M','Wendl-Dietrich-Stra?e 2, 24897, Wechingen',3388985743,12),(2959489053,'Marquis Bourne','2017-12-04','M','Klarastra?e 16e, 42015, Bierstedt',3388985781,21),(2959489054,'Angelo Cuevas','1943-01-23','F','Dreifaltigkeitsplatz 1, 81821, Abbenrode',3908897520,3),(2959489055,'Leigh Valenzuela','1968-04-19','F','Geibelstra?e 27e, 19562, Heiligenstedten',3479400923,12),(2959489056,'Aiko Sears','2007-10-05','M','Papa-Schmid-Stra?e 2, 62573, Kreuzpullach',2959488904,23),(2959489057,'Nelia Kramer','2017-04-27','M','Adi-Maislinger-Stra?e 1d, 11565, Neud?rfchen',3479401018,17),(2959489058,'Erwin Vance','1969-05-06','M','Bogenhauser Kirchplatz 2c, 44759, Gro? Nienha',1575573521,2),(2959489059,'Linn Otoole','2008-01-29','M','Gammelsdorfer Stra?e 6b, 92963, Todtmoos',3908897622,8),(2959489060,'Roscoe Turley','2011-10-02','M','Aschheimer Stra?e 20, 56905, Aasb?ttel',429500491,12),(2959489061,'Lamar Rico','1997-02-04','M','Zaubzerstra?e 1, 35144, Wahnwegen',2959489078,19),(2959489062,'Brandy Strand','2019-11-20','F','Ampfingstra?e 2, 39684, Fliegenberg',1146076762,6),(2959489063,'Nadia Kenney','2007-07-29','M','Bahnhofplatz 38e, 79591, Adenb?ttel',429500647,12),(2959489064,'Mattie Antoine','2006-05-24','M','Klugstra?e 4a, 73172, Bad Kleinen',429500483,15),(2959489065,'Prince Temple','1940-02-15','F','G?rresstra?e 297a, 39768, Kissenbr',2539464437,7),(2959489066,'Ada Sauls','1976-02-05','M','Lueg ins Land 2, 99844, Heckhuscheid',2539464618,11),(2959489067,'Jesse Abbott','2007-11-03','F','Jutastra?e 27, 02594, Geschwenda',2109967888,18),(2959489068,'Antione Spring','1977-08-24','M','Johannes-Timm-Stra?e 21-27, 51848, Bad Wilsna',1575573459,23),(2959489069,'Elbert Hernandez','1989-06-10','M','Wagnerstra?e 57c, 23086, Flonheim',1575573639,4),(2959489070,'Shanti Speer','2005-11-11','F','Piusplatz 7, 81428, Hohenbrunn',2959488986,3),(2959489071,'Eldridge Baird','1957-07-10','M','Thalkirchner Stra?e 33, 58438, T?nnesberg',1146076763,5),(2959489072,'Rosanne Cobb','1973-12-18','M','Kleinhesselohe 6, 18263, Affler',2109967707,20),(2959489073,'Bradly Acker','1979-06-29','M','Dingolfinger Stra?e 1, 61099, Strassen',3896,11),(2959489074,'Abe Salazar','1988-02-10','F','Max-Friedlaender-Bogen 4, 46279, Bad Zwischen',3946,2),(2959489075,'Oscar Cooper','2018-01-07','M','Pariser Platz 4, 24786, Evenhausen',1575573554,19),(2959489076,'Santa Oh','1997-11-03','M','Sankt-Pauls-Platz 11c, 96072, Sponheim',3479400859,23),(2959489077,'Adela Valadez','1971-08-05','F','Adamstra?e 9, 77669, Heinbockel',3388985783,3),(2959489078,'Mila Acker','1948-01-18','M','Adalbertstra?e 5b, 19658, Altenberg',2109967889,8),(2959489079,'Adam Holton','2015-09-11','F','Ackermannstra?e 24, 88332, Venusberg',3479400833,21),(2959489080,'Marc Bateman','2007-11-19','M','Dianastra?e 22, 81271, Farchau',3788,24),(2959489081,'Ela Runyan','1993-02-03','F','Adalbertstra?e 99a, 59201, Merkelbach',3388985746,4),(2959489082,'Kathyrn Whittle','2007-11-25','M','Sendlinger Kirchplatz 7, 33639, Eslarn',2109967864,12),(2959489083,'Abe Baugh','1941-01-04','F','Viktualienmarkt 1, 69827, Altenbeuthen',3908897559,16),(2959489084,'Adriane France','1947-07-06','F','Kurf?rstenstra?e 16c, 53950, Scharfenberg',3388985627,22),(2959489085,'Elane Carl','1942-01-07','F','Alter Hof 9, 25726, Kittlitz',3388985812,1),(2959489086,'Samara Lawless','1983-10-20','F','Adamstra?e 2, 74497, Alikendorf',3753,9),(2959489087,'Lyndon Chambers','1977-08-25','M','Jensenstra?e 25-25, 92457, Wirges',3388985659,18),(2959489088,'German Forrester','1970-11-22','F','Redwitzstra?e 2, 19883, Donauw?rth',2539464621,22),(2959489089,'Adelaida Nagle','1955-03-27','F','Regensburger Platz 29, 46313, Alt Tellin',3479401019,5),(2959489090,'Tera Oneil','1987-02-02','M','Marsplatz 3, 99044, Aach',2959489054,7),(2959489091,'Darcy Manson','1997-11-13','M','Plinganserstra?e 2d, 75382, Glietz',2109967817,14),(2959489092,'Elvera Liles','2003-09-19','F','Lily-Braun-Weg 28c, 42197, Prieschka',429500650,19),(2959489093,'Teresia Minter','1979-08-06','M','Ackermannstra?e 1, 96926, Abbendorf',3479400950,7),(2959489094,'Joshua Thibodeau','2019-10-19','M','Adelheidstra?e 7, 55400, Scheuring',3908897586,18),(2959489095,'Jefferey Abraham','2005-10-23','M','Oskar-von-Miller-Ring 26, 52576, Sch?llnach',3388985814,20),(2959489096,'Amee Miles','1949-12-02','M','Gammelsdorfer Stra?e 2, 37640, Gerer',1146076765,9),(2959489097,'Noel Cote','2008-07-05','M','Jutastra?e 2, 58728, Christianslust',2539464464,13),(2959489098,'Alexia Byrnes','1955-08-21','M','Palmstra?e 16, 24091, Gro? Woltersdorf',3479400994,20),(3388985586,'Ada Coats','1976-09-13','M','Adamstra?e 2, 19039, Wilhelmshorst',2539464596,4),(3388985587,'Meredith Abrams','2015-03-07','M','Piusplatz 2, 68030, Aderstedt',429500602,17),(3388985588,'Jeremiah Echevarria','1948-06-10','M','Braganzastra?e 22, 82227, Ballst?dt',2109967696,23),(3388985589,'Junior Larson','1994-09-27','M','Kufsteiner Platz 6e, 21490, Winterhof',3949,13),(3388985590,'Joanna Neumann','1958-05-24','F','Lisztstra?e 6, 09109, Laubach',3921,1),(3388985591,'Dannielle Gaylord','1947-10-20','M','Pirkheimerstra?e 2, 09235, Abenberg',3479401021,6),(3388985592,'Abbie Kern','1987-10-14','M','Palmstra?e 1f, 62391, Bergholz',3479400863,12),(3388985593,'Agueda Hatch','1985-11-30','M','Winkstra?e 2d, 95294, Sellendorf',2539464548,14),(3388985594,'Lawanda Gaston','1969-07-09','F','Wendl-Dietrich-Stra?e 25-25, 87465, Altreetz',2959488961,22),(3388985595,'Maddie Baylor','1996-10-02','F','Luitpoldstra?e 74, 93524, Buchw?ldchen',2539464441,12),(3388985596,'Rolando Sowers','1949-04-29','F','Dom-Pedro-Platz 23-26, 04488, Trusetal',2109967671,22),(3388985597,'Milton Acevedo','1961-07-02','M','Westenriederstra?e 2d, 64024, Germerswang',2109967699,21),(3388985598,'Darren Beckwith','1971-07-29','F','Reuchlinstra?e 2, 53226, Steinbach-Hallenberg',1575573619,6),(3388985599,'Mafalda Christensen','1988-12-17','M','Fuetererstra?e 2, 39427, Lenzen',1146076943,11),(3388985600,'Morgan Priest','1980-02-03','F','Bl?cherstra?e 10c, 13572, G?hlen Glienicke',2539464599,20),(3388985601,'Heather Frazier','1974-08-17','M','Riedlstra?e 1f, 92300, Cunewalde',3479400952,7),(3388985602,'Mathilda Givens','1968-03-21','M','Franzstra?e 1, 64491, Lohsa',3479400797,12),(3388985603,'Jillian Dollar','1946-11-06','F','Sterneckerstra?e 11-15, 65280, Gielsdorf',2959488989,16),(3388985604,'Vallie Ridley','2020-02-13','M','Ainmillerstra?e 5, 86443, Untere Kleinmichele',3388985720,22),(3388985605,'Eddie Mcgill','1991-11-27','F','Denninger Stra?e 20, 61379, M?ckenhof',2539464495,2),(3388985606,'Jose Matthews','1998-11-10','F','Am Giesinger Feld 2, 56115, Maria Laach',2959488962,17),(3388985607,'Davida Lilly','1960-04-09','M','Nikolaistra?e 15, 02786, Abbenrode',2959488931,4),(3388985608,'Carroll Mott','2002-06-12','M','Robert-Koch-Stra?e 2, 45410, erchel',3479400827,9),(3388985609,'Edgardo Fajardo','1981-05-27','M','Belfortstra?e 1, 93351, Bad Klosterlausnitz',3908897748,13),(3388985610,'Bethel Albrecht','1943-04-19','M','Max-Joseph-Stra?e 53, 24802, Hoym',3843,14),(3388985611,'Bill Berg','1959-11-29','F','Rupertigaustra?e 2a, 84080, Hollenbach',3732,23),(3388985612,'Patty Pritchard','1951-01-10','F','Haimhauserstra?e 7, 89125, Balzheim',3479400977,4),(3388985613,'Joey Canty','1986-02-17','M','Asamstra?e 65f, 85164, Blindham',1575573620,6),(3388985614,'Hui Baca','1958-12-04','M','Tivolistra?e 2b, 25647, Strassen',3388985630,14),(3388985615,'Chang Reno','1979-08-06','F','Amiraplatz 2d, 99708, Schwarzbach',3819,3),(3388985616,'Basil Lipscomb','2018-04-17','M','Arnulfstra?e 23d, 23123, Abbenrode',1575573558,7),(3388985617,'Abbie Lentz','1966-01-12','M','Belgradstra?e 5, 19630, Gr?newald',1146076769,16),(3388985618,'Corrine Goldsmith','1969-07-25','F','Gellertstra?e 64, 82947, Bad Blankenburg',2539464551,21),(3388985619,'Johnie Lockhart','1971-08-30','M','Gravelottestra?e 41, 06958, Domsdorf',1146076770,14),(3388985620,'Abby Adler','1994-04-24','F','Heiliggeiststra?e 5, 92773, Abbenrode',3908897626,11),(3388985621,'Kim Boudreau','1989-06-17','M','Riedlstra?e 25, 42449, Aalen',2539464581,21),(3388985622,'Shanika Mata','2002-11-06','M','Mainzer Stra?e 2, 69249, Reesmoor',2109967871,3),(3388985623,'Neil Beaver','1956-04-27','M','Habsburgerstra?e 8, 72456, Adelmannsfelden',2539464552,11),(3388985624,'Delmar Dorsey','2015-11-29','M','Ruhestra?e 30c, 21339, Friedland',1575573502,4),(3388985625,'Vivan Clay','1950-02-09','M','Adams-Lehmann-Stra?e 70, 19093, Medlingen',3479401024,12),(3388985626,'Amos Weiner','1993-02-15','M','Ansbacher Stra?e 2d, 47355, Hinterdeich',2959488992,14),(3388985627,'Jan Lawton','2016-11-25','M','Kreittmayrstra?e 7a, 45579, Abtl?bnitz',429500635,17),(3388985628,'Dion Calhoun','1993-05-26','M','Heimeranstra?e 2, 62216, Matersen',429500465,23),(3388985629,'Adrianne Novak','1941-04-14','M','Radlkoferstra?e 2e, 28662, Abensberg',1575573623,22),(3388985630,'Fred Apodaca','2008-11-04','M','Ackermannstra?e 1, 72302, Bad Vilbel',3908897565,8),(3388985631,'Marth Aldrich','1975-03-23','F','Kuglerstra?e 9, 31603, Hohenaspe',1146076915,13),(3388985632,'Abby Ackerman','1975-09-28','F','Oberf?hringer Stra?e 24, 68335, Talling',429500526,20),(3388985633,'Kia Pickens','1995-08-27','M','Hundertpfundweg 6f, 56246, Vaalerfeld',1146076738,3),(3388985634,'Toby Allman','1945-12-17','F','Ebersberger Stra?e 13-15, 44264, Kirchhundem',429500685,22),(3388985635,'Danial Rodriquez','1954-01-17','M','Elisabeth-Kohn-Stra?e 5, 79167, R?thlein',2959488993,3),(3388985636,'Trinidad Gates','1970-02-23','M','Am Einla? 38, 54251, Bergneustadt',2109967895,17),(3388985637,'Gretchen Partridge','1987-07-05','M','Grafinger Stra?e 15-18, 78262, Langenscheid',2959489022,1),(3388985638,'Arnetta Daley','1972-03-02','F','Isolde-Kurz-Stra?e 2b, 32346, Br??nitz',3479400980,8),(3388985639,'Delores Richard','1959-01-02','F','Keplerstra?e 8, 48375, Altom?nster',2109967823,10),(3388985640,'Rodrick Chaffin','1950-12-31','M','Alfons-Goppel-Stra?e 27b, 92408, Tensfeld',2109967716,2),(3388985641,'Beau Abreu','1958-12-20','M','Zaubzerstra?e 7, 05816, Abbendorf',3479400841,4),(3388985642,'Kim Holton','1952-08-04','M','Aberlestra?e 2, 38348, Aarbergen',3908897752,1),(3388985643,'Alethia Abraham','2012-08-02','F','Schwalbenstra?e 2, 34212, Battenberg',2539464375,23),(3388985644,'Cyrstal Holton','2005-01-25','F','Horemansstra?e 6, 29428, Z?sow',2959488857,15),(3388985645,'Adan Tabor','1955-10-20','M','Mariahilfplatz 2, 22686, Stinstedt',429500552,10),(3388985646,'Cecila Schroeder','2003-07-24','M','Franz-Joseph-Stra?e 5, 89127, Vogelsberg',3797,5),(3388985647,'Alexander Luciano','1945-03-19','F','Laplacestra?e 1, 34028, Arenrath',429500467,16),(3388985648,'Quinton Chamberlin','1951-02-23','F','Grillparzerstra?e 12b, 38132, Ponitz',3908897661,21),(3388985649,'Todd Herrington','1951-05-06','M','Moltkestra?e 8, 08244, Fretzdorf',429500582,4),(3388985650,'Austin Acker','2020-01-26','F','G?rresstra?e 30, 14110, Heddesheim',3823,14),(3388985651,'Antoine Manzo','1980-02-24','F','An der Stemmerwiese 30, 37345, Sindelfingen',2539464449,20),(3388985652,'Louvenia Kitchens','1950-04-01','M','Frauenstra?e 2, 86336, Granzow',3479400842,24),(3388985653,'Armand Marcus','2017-03-30','F','Amortstra?e 21-27, 62737, Immenhausen',3738,10),(3388985654,'Keva Barnhart','2002-10-19','M','Feilitzschstra?e 2e, 68531, Aholming',2109967826,23),(3388985655,'Dewey Blunt','1992-12-08','F','Bauerstra?e 6, 72027, Bausendorf',3774,5),(3388985656,'Mittie Triplett','2015-04-08','F','Adi-Maislinger-Stra?e 3, 53526, Sennh?tte',2539464376,12),(3388985657,'Olen Abernathy','2017-08-31','F','Klosterhofstra?e 4, 27876, Gl?the',1575573442,20),(3388985658,'Millie Andres','1962-10-29','M','Fallmerayerstra?e 2, 27439, Wiethagen',2539464504,2),(3388985659,'Robert Soriano','2003-05-30','M','Hofstatt 1, 96238, Heere',1575573598,16),(3388985660,'Carlie Jewett','1973-04-09','F','Wittelsbacherplatz 20, 77681, Linz',429500584,6),(3388985661,'Ezekiel Giroux','2015-04-06','F','Hermann-Lingg-Stra?e 19, 84031, Bodenkirchen',2959488884,20),(3388985662,'Raymonde Cuellar','1994-06-30','M','Konrad-Peutinger-Stra?e 2, 65521, Barzig',3881,6),(3388985663,'Dario Salazar','1963-06-16','M','Agnesstra?e 32f, 13390, Allensbach',3479400932,15),(3388985664,'Adela Bertrand','1981-11-06','F','Auenstra?e 5, 92197, Aglasterhausen',429500585,19),(3388985665,'Coleman Alvarado','1954-04-06','F','Ansprengerstra?e 2f, 19307, Maasholm',3479400845,8),(3388985666,'Dante Gamez','1965-10-03','M','Heimeranstra?e 107, 15367, Aarbergen',2109967677,18),(3388985667,'Rich Calkins','1995-09-08','F','Jungfernturmstra?e 4, 01866, Biesterholz',3908897731,1),(3388985668,'Alfredo Spriggs','2001-12-03','F','Zollstra?e 2, 22083, Flarupholz',3908897530,7),(3388985669,'Abby Finn','1995-12-09','M','M?hlbaurstra?e 6, 95550, Steinerholz',1146076897,12),(3388985670,'Alecia Matthew','1942-01-20','F','Donnersbergerstra?e 14-18, 66854, Witzschdorf',2539464408,20),(3388985671,'Calandra Abrams','1998-10-26','M','Helene-Lange-Weg 24-26, 87066, Bernstadt',3388985590,4),(3388985672,'Emery Navarro','1961-10-20','M','Esebeckstra?e 29, 39783, Aach',3798,10),(3388985673,'Abram Melvin','1998-05-05','F','Artilleriestra?e 3, 52070, Abbau Ader',3479400786,19),(3388985674,'Mitchel Maier','1964-05-06','M','Edlingerstra?e 16e, 66963, Lichtenhain b Gr?f',1146076777,15),(3388985676,'Bernard Kruger','1996-07-12','F','Sendlinger Kirchplatz 1d, 92548, Tangeln',3908897631,1),(3388985677,'Vera Culver','2012-10-12','M','Adalbert-Stifter-Stra?e 13f, 17482, Abraham',2959489066,6),(3388985678,'Adam Bishop','1997-07-01','F','Mozartstra?e 8, 76264, Rheinfelden',3908897664,8),(3388985679,'Kimbery Jeffers','1969-07-15','F','Linprunstra?e 84e, 89288, Haselhof',1575573473,15),(3388985680,'Babette Morey','2008-02-21','F','Gew?rzm?hlstra?e 5, 72199, Abbenrode',1146076743,20),(3388985681,'Randolph Nielson','2020-02-02','M','Berlepschstra?e 29, 08575, Gro?seifen',2539464379,4),(3388985682,'Benito Abraham','2011-01-01','M','Bavariastra?e 2c, 35910, W?nsdorf',1575573508,10),(3388985683,'Charlie Hollins','1987-09-03','M','Augustinerstra?e 2, 59766, Levenstorf',2959489095,24),(3388985684,'Adan Batista','2008-08-10','F','Schmellerstra?e 20, 54570, Weil der Stadt',3479400907,9),(3388985685,'Maxwell Abraham','1965-01-16','F','Sprunerstra?e 6e, 33415, Adelheidsdorf',1575573596,3),(3388985686,'Geralyn Hanes','1970-09-05','F','Hansastra?e 21, 01760, Herlasgr',1575573680,22),(3388985687,'Dayle Donald','1970-04-26','F','Baldestra?e 6a, 89175, Kleinwallstadt',3479400908,11),(3388985688,'Kieth Gallant','1952-01-26','M','Petersplatz 2b, 66403, Fitzen',1575573629,17),(3388985689,'Cathryn Fisher','1981-06-22','F','Bavariastra?e 1a, 28879, Heuzert',1146076899,2),(3388985690,'Adolph Robb','2020-03-03','M','Wilhelm-Ostwald-Stra?e 2, 35053, Gr?mbach',1575573567,14),(3388985691,'Ron Rider','1996-07-25','F','Eggernstra?e 3, 41692, Abtswind',1575573601,23),(3388985692,'Dorene Aguiar','1993-09-30','F','Rundfunkplatz 18, 91400, Selk',2959489096,8),(3388985693,'Elden Grenier','1983-01-28','M','Deroystra?e 23-26, 22268, Dargun',3479400876,18),(3388985694,'Abel Abernathy','2010-11-05','M','Theklastra?e 2, 46304, Reichenau',3388985703,20),(3388985695,'Louanne Ackerman','1982-12-22','F','Am Nockherberg 63, 78567, Neu-Isenburg',2959489069,4),(3388985696,'Trish Acker','1980-02-19','F','Schwarzmannstra?e 2, 55045, H?nenfeld',429500472,9),(3388985697,'Sadye Kay','2015-06-06','M','Hedwigstra?e 3, 79842, Lottschesee',3479401030,2),(3388985698,'Zoraida Cowan','1988-06-30','M','Karlsplatz 1e, 44637, Altenriet',3962,9),(3388985699,'Somer Browne','1978-08-23','M','Adalbertstra?e 3, 18771, Pr?fekturhof',1575573538,22),(3388985700,'Rolland Schmidt','2003-08-31','M','G?rresstra?e 4, 51038, Dill',1575573511,7),(3388985701,'Leah Amador','2009-05-06','F','Schellingstra?e 9, 39769, Ilsenburg',3908897612,6),(3388985702,'Martin Benson','2002-08-14','F','T?rringstra?e 83f, 81640, Weinbergen',2109967723,12),(3388985703,'Kory Skipper','2016-09-03','F','Herzogspitalstra?e 7, 77059, Abberode',2539464383,1),(3388985704,'Glennie Lindquist','1991-12-08','F','Blumenstra?e 8, 78942, Altendorf',2539464508,5),(3388985705,'Damian Elizondo','2003-06-18','M','Stollbergstra?e 27, 34516, Woggersin',1146076745,20),(3388985706,'Dannie Stjohn','1979-12-31','F','Am Wageck 25-26, 04137, Bistensee',1575573684,1),(3388985707,'Faye Chow','1978-11-19','M','Ringseisstra?e 1, 14233, Abenberg',429500662,6),(3388985708,'Amy Corbitt','1973-01-18','F','Windenmacherstra?e 18c, 84210, Schutterwald',2959489030,12),(3388985709,'Michael Hendrickson','2001-03-25','F','Franziskanerstra?e 4b, 59314, Adorf',2109967745,23),(3388985710,'Mckinley Massie','1953-06-02','F','Welserstra?e 7, 55729, Baden-Baden',3743,7),(3388985711,'Carmen Lawler','1987-03-03','M','Ansbacher Stra?e 13-16, 63871, Greu?enheim',3932,10),(3388985712,'Luciano Regan','1991-10-17','M','Pestalozzistra?e 27f, 99086, Gro? Kelle',1146076782,9),(3388985713,'Jody Abney','2003-12-02','M','Wallstra?e 9, 05948, Gudow',3908897534,24),(3388985714,'Frieda Petersen','1965-03-02','M','Helene-Weber-Allee 2, 56017, Aach',2539464385,6),(3388985715,'Lianne Dooley','1945-02-16','M','Waltherstra?e 4d, 23265, Lichtenow',2959489004,18),(3388985716,'Everette Freund','1988-12-26','M','Simeonistra?e 82, 36993, Oberthierwasen',1575573648,22),(3388985717,'Peggie Akins','1992-10-11','F','Adelheidstra?e 24-26, 29163, Rambow',2109967724,2),(3388985718,'Rudy Mccabe','1994-09-23','F','Am Giesinger Feld 2, 75485, Aasb?ttel',3479400889,11),(3388985719,'Myles Soares','1974-04-22','F','Alramstra?e 30f, 51326, Rahden',2539464386,19),(3388985720,'Yael Akers','1974-02-12','F','Mannhardtstra?e 80, 03496, Selbelang',2959488943,21),(3388985721,'Marylin Ayala','1997-06-25','M','Petra-Kelly-Stra?e 19, 72377, Gro? Vollstedt',2539464484,7),(3388985722,'Fritz Gatewood','2008-01-28','F','Gravelottestra?e 8, 61270, Adelshofen',3780,2),(3388985723,'Emerson Pease','2004-09-19','M','Falkenturmstra?e 14-15, 97220, Abberode',1146076783,13),(3388985724,'Chang Rose','2015-10-18','M','M?hlbaurstra?e 4, 38411, Adelzhausen',3388985708,2),(3388985725,'Esmeralda Powers','1995-09-29','M','Schnorrstra?e 26, 33539, B',1146076840,16),(3388985726,'Rolf Ammons','1942-11-28','F','Piusstra?e 2, 07158, Echem',1146076809,15),(3388985727,'Enoch Mccarter','2007-01-26','M','Mauerkircherstra?e 86, 87759, Dunsum',3934,20),(3388985728,'Marhta Gomes','1940-10-08','M','Neufahrner Stra?e 37d, 15980, Sinzendorf',429500511,6),(3388985729,'Adalberto Bartels','1954-04-26','M','Unterer Anger 1, 07722, Krohnhorst',1146076748,11),(3388985730,'Bud Bolt','1996-07-05','F','Ackerstra?e 8a, 31277, Kuhhorst',3908897575,22),(3388985731,'Keren Ambrose','2004-06-01','M','Agnesstra?e 14, 27730, Baek',3908897516,22),(3388985732,'Vickey Mccallister','1992-07-12','M','Eduard-Schmid-Stra?e 20, 82400, Wei?kirchhof',2959489045,10),(3388985733,'Rolland Cochran','1993-09-12','M','Unterer Anger 2b, 03197, Adelheidsdorf',3745,23),(3388985734,'Blaine Fenton','1953-08-08','M','Drachenseestra?e 6, 12261, Am R?desheimer Haf',1146076749,12),(3388985735,'Shirlee Hoyt','1992-03-29','M','Ortnitstra?e 12-15, 84569, Herborn',3861,17),(3388985736,'Joya Posey','1978-10-19','F','Adlzreiterstra?e 23-29, 68831, Reichenbach',1146076876,22),(3388985737,'Abraham Addison','2011-06-02','M','Balanstra?e 21, 37159, Neuhof',1146076843,6),(3388985738,'Eryn Bacon','2009-10-27','M','Ettstra?e 2, 75902, Abbau Ader',2959488979,13),(3388985739,'Willene Aiello','2018-04-17','F','Vilshofener Stra?e 9, 39119, Roda',429500537,17),(3388985740,'Mira Langston','1979-11-14','F','Emma-Ihrer-Stra?e 60, 67708, Eitleshof',3388985710,19),(3388985741,'Everette Pfeifer','1948-12-12','M','Salvatorstra?e 6, 42200, Kronsgaard',2959489008,9),(3388985742,'Colby Horton','1951-02-02','M','Ainmillerstra?e 15, 55899, Greven',3388985597,18),(3388985743,'Cira Barden','1970-03-12','M','Angererstra?e 1, 31090, Abbenrode',2109967749,14),(3388985744,'Rayna Champion','1990-10-03','F','Beichstra?e 13-15, 63379, Grenzhausen',1146076844,23),(3388985745,'Lashawna Allred','1955-03-07','F','Gustav-Landauer-Bogen 9, 38780, Abbenrode',3908897738,4),(3388985746,'Abe Michaels','1955-07-22','F','Bazeillesstra?e 23, 93385, Weiterstadt',3388985740,18),(3388985747,'Ike Pappas','1975-03-25','M','Sebastiansplatz 15-18, 95438, Abbendorf',3908897618,11),(3388985748,'Lavern Bloom','1996-08-19','M','Amortstra?e 22e, 18545, Steinfurt',3802,17),(3388985749,'Abraham Isaacson','2005-02-11','M','Goethestra?e 5, 57425, Estorf',2959489073,2),(3388985750,'Dwight Bess','1964-03-30','M','Paumannstra?e 2, 02978, Aglasterhausen',429500592,8),(3388985751,'Sheryl Tierney','1966-04-15','F','Widenmayerstra?e 77d, 55349, G?senroth',429500452,12),(3388985752,'Julio Grigsby','1955-05-12','M','Schlei?heimer Stra?e 8b, 01792, Abbendorf',3938,10),(3388985753,'Nikita Abbott','1976-03-10','M','Adelheidstra?e 1, 36683, Hermsdorf-Seyde',3388985599,23),(3388985754,'Maile Bills','1976-06-04','M','Hans-Fischer-Stra?e 25-28, 51569, Auggen',3388985779,14),(3388985755,'Humberto Dillard','1952-06-05','F','Kreuzpl?tzchen 1, 73224, Gro? B?lkow',429500669,18),(3388985756,'Danica Abbott','1977-07-01','M','Jungwirthstra?e 3, 34514, Hofbieber',3388985765,21),(3388985757,'Phillip Ackerman','1979-11-13','M','Gertrud-B?umer-Stra?e 8, 52161, Werl',1575573609,8),(3388985758,'Emil Higginbotham','1981-10-29','M','Angertorstra?e 1, 22891, Seyda',3479400853,16),(3388985759,'Kacie Hawthorne','1992-05-15','F','Auenstra?e 6e, 91674, Geversdorf',429500477,21),(3388985760,'Luke Jacques','2009-08-10','F','Adelgundenstra?e 2, 12805, Gro? Wasserburg',429500564,14),(3388985761,'Samara Nance','1943-06-15','F','H?chlstra?e 1, 37551, Hartensdorf',3388985741,21),(3388985762,'Latonia Flowers','1980-10-07','F','Alfons-Goppel-Stra?e 42, 02787, Bad Nauheim',3908897620,7),(3388985763,'Adam Fish','2015-02-11','F','Soldnerweg 2, 81910, Sch?nsee',1146076922,16),(3388985764,'Janel Land','2013-09-28','M','Edlingerstra?e 11b, 27226, D?rrenhofe',3388985686,24),(3388985765,'Andria Hurley','1947-04-15','M','Hans-D?rrmeier-Weg 20, 83191, Babke',3388985766,14),(3388985766,'Jeraldine Culver','1967-06-27','M','Paul-Meisel-Weg 1, 51521, Vetschau',2959489074,24),(3388985767,'Jacquie Fincher','2007-03-15','M','Prielmayerstra?e 7, 72372, Kakerbeck',3908897554,7),(3388985768,'Jim Alston','1985-05-06','F','L?wengrube 21-25, 38297, Marienrachdorf',1575573577,11),(3388985769,'Leif Harvey','1958-05-27','F','Adelheidstra?e 4, 05023, Vachendorf',3908897519,20),(3388985770,'Wanita Pyle','1970-05-28','M','Reifenstuelstra?e 1, 83785, Gro? Godems',1575573578,13),(3388985771,'Cyrus Hutchison','1965-05-20','M','Poschingerstra?e 1, 58868, Heimsheim',3388985621,5),(3388985772,'Agustina Sauer','2001-08-15','M','Kellerstra?e 18, 33000, Espenau',1146076789,15),(3388985773,'Albert Pyle','1979-11-15','F','F?ustlestra?e 17, 69322, Gapel',3908897742,23),(3388985774,'Shenna Peters','2019-04-09','M','Belgradstra?e 13, 27211, Krevese',2539464542,9),(3388985775,'Adelaide Acker','1974-02-01','F','Christophstra?e 1, 18104, Buchhof, Gem Hardth',429500645,20),(3388985776,'Leena Gregg','1977-06-29','M','K?nigsplatz 2, 79888, Neuglobsow',2959488957,12),(3388985777,'Frankie Abbott','1986-09-26','M','Rupprechtstra?e 66b, 83309, Ziezow',3724,16),(3388985778,'Pearly Adamson','1998-05-29','M','Nigerstra?e 1, 95075, Krina',1575573579,22),(3388985779,'Damon Pepper','1986-03-28','M','Preysingplatz 152, 08238, Wechingen',1575573611,10),(3388985780,'Dovie Abbott','1958-08-07','M','Kreittmayrstra?e 7, 41295, Hildburghausen',3942,11),(3388985781,'Luna Larry','1960-06-10','F','Gau?stra?e 19, 06919, Apolda',3837,16),(3388985782,'Elvin Bowen','1955-09-01','M','Mathildenstra?e 2c, 68009, Scheden',429500481,5),(3388985783,'Tanner Salgado','1972-10-18','F','Degenfeldstra?e 2c, 23180, Zahrensdorf',2959489076,16),(3388985784,'Ivory Spivey','1961-11-29','F','Bahnhofplatz 8d, 72259, Kaschenbach',3916,2),(3388985785,'Frederick Blackburn','1943-03-04','M','Friedrich-Herschel-Stra?e 9, 25244, Gaym?hle,',2109967706,10),(3388985786,'Clorinda Pak','1993-02-23','M','Biedersteiner Stra?e 7, 99092, ?ttfeld',429500624,13),(3388985787,'Randolph Houston','1981-12-30','F','Schmied-Kochel-Stra?e 15f, 21002, Ahrensburg',3908897649,13),(3388985788,'Laticia Abney','1967-07-22','M','Ifflandstra?e 7e, 38000, Rabenkirchen-Faul',3388985635,24),(3388985789,'Markita Dyson','1990-07-27','M','Braganzastra?e 1b, 14055, Glienick',3908897582,4),(3388985790,'Olivia Abrams','1968-06-19','F','Pfeuferstra?e 1, 57042, Albersroda',1575573612,9),(3388985791,'Wilfredo Blackwell','2006-07-27','M','Wilhelm-Ostwald-Stra?e 2, 58088, Pegestorf',2959488984,17),(3388985792,'Rosalie Pham','2009-11-24','F','Pr?lat-Zistl-Stra?e 25e, 28157, Reifferscheid',1146076791,1),(3388985793,'Nathaniel Juarez','1942-08-20','F','Sankt-Jakobs-Platz 1c, 26320, Altrip',2539464617,8),(3388985794,'Janie Gallagher','1966-10-28','M','Sankt-Paul-Stra?e 2, 93978, Breitreute',3479400897,14),(3388985795,'Herbert Cooney','1986-10-29','F','Denninger Stra?e 4, 72576, Bordesholm',3727,20),(3388985796,'Anibal Aviles','1942-04-20','M','Sendlinger Stra?e 2, 17865, Wiederau',1146076908,9),(3388985797,'Branden Acker','2010-01-01','F','Platenstra?e 1, 37358, Rothenbergerhof',1575573613,17),(3388985798,'Janean Bearden','1970-10-05','M','Petra-Kelly-Stra?e 9, 97047, Abbendorf',3388985745,20),(3388985799,'Corrine Holden','1969-12-03','F','Isolde-Kurz-Stra?e 108, 17004, Mellenthin',3479400832,2),(3388985800,'Sonia Nielson','1946-08-01','F','Artilleriestra?e 17, 15524, Oberfell',3479400822,1),(3388985801,'Donetta Gunther','1986-01-01','M','Klarastra?e 2, 88919, Miltzow',2959488874,4),(3388985802,'Addie Mata','1983-12-09','F','Blutenburgstra?e 15-15, 58797, L?sse',1575573523,16),(3388985803,'Antwan Delossantos','2007-11-30','M','Angererstra?e 1, 21084, Ahnsen',2539464438,23),(3388985804,'Addie Hoover','1998-01-24','M','Richard-Wagner-Stra?e 1f, 25181, Gro?kampenbe',2539464573,24),(3388985805,'Avis Wahl','1999-04-01','F','Mettinghstra?e 20, 07691, eehausen',3918,9),(3388985806,'Avelina Giordano','2005-03-02','M','Kaiser-Ludwig-Platz 16d, 23605, Abbendorf',429500570,22),(3388985807,'Romona Baum','1985-05-29','F','Holbeinstra?e 1, 35539, Freyburg',2109967863,24),(3388985808,'Brock Rainey','1965-06-12','M','Geroltstra?e 63b, 67322, Abbendorf',2959488987,7),(3388985809,'Paris Akers','1964-08-26','F','Anzinger Stra?e 235a, 46820, Heroldishausen',429500627,14),(3388985810,'Ramiro Adkins','1946-11-24','M','F?hrichstra?e 2, 18495, Abtl?bnitz',429500600,23),(3388985811,'Stephan Flint','1961-02-07','M','Hohenlohestra?e 2, 44875, Kapellen-Drusweiler',1575573461,3),(3388985812,'Adan Hartmann','1954-01-21','M','Agnesstra?e 24-25, 02591, Gro?m?hlingen',2959489053,7),(3388985813,'Elijah Borden','2000-03-24','M','Friedrich-Herschel-Stra?e 1, 87218, Kunitz',2959488906,13),(3388985814,'Fermin Bone','2006-12-27','M','Am Herrgottseck 1, 73873, Ahlen',2539464398,19),(3388985815,'Brandie Overby','2019-11-15','M','Lenaustra?e 5, 24935, F?hrden-Barl',3908897698,24),(3388985816,'Barton Albert','1954-06-28','M','Unertlstra?e 1, 77169, Volkertshausen',2109967695,4),(3388985817,'Jerry Spaulding','2011-01-10','M','Helmholtzstra?e 82, 73440, Baasdorf',3908897560,15),(3388985818,'Charlotte Metcalf','1972-04-27','M','Erzgie?ereistra?e 1, 35400, Selent',2959488897,19),(3388985819,'Claudette Dye','1962-09-19','M','Lilienstra?e 22c, 58298, Wettelrode',2539464426,1),(3388985820,'Eliza North','1970-10-08','M','Brahmsstra?e 24, 87357, Wetschen',3479400796,6),(3388985821,'Stephen Cable','2009-04-09','M','Schleibingerstra?e 1, 63544, Am Springberg',3479400992,13),(3388985822,'Floyd Perry','2001-02-06','M','Jensenstra?e 1, 28158, Bad Bocklet',2539464463,15),(3388985823,'Aurore Benavides','1997-10-08','M','Gunezrainerstra?e 7e, 88698, Blomberg',2109967733,4),(3388985824,'Basil Arevalo','1979-02-22','M','Liebergesellstra?e 8f, 81693, Grimburg',1575573617,12),(3388985825,'Enedina Gauthier','2003-05-15','F','Alfonsstra?e 7, 24854, Marienrachdorf',3908897719,19),(3388985826,'Ona Alfaro','2015-06-19','M','Hochbr?ckenstra?e 1a, 58525, Wenze',2959489055,21),(3388985827,'Dottie March','2000-07-27','M','Wilhelm-Tell-Stra?e 15c, 73256, Biebern',2959489084,11),(3388985828,'Tammie Eagle','2001-05-26','M','Wormser Stra?e 25f, 83942, Aalen',2539464595,17),(3388985829,'Mozelle Winfrey','1956-05-10','M','Friedrich-Herschel-Stra?e 6f, 01061, Purzien',2539464622,1),(3479400783,'Abel Wilbanks','1997-05-19','F','Bonselsstra?e 8, 67081, Aftholderbach',3964,5),(3479400784,'Debera Short','1977-05-22','M','Schwarzstra?e 27c, 48473, Adelsdorf',3388985747,22),(3479400785,'Bianca Matney','1960-06-28','F','Erhard-Auer-Stra?e 7, 31536, St?hrhaus',1575573555,4),(3479400786,'Alfredo Smalls','1949-08-19','M','Karolinenstra?e 4c, 03394, Abbendorf',2539464493,3),(3479400787,'Aldo Alonso','2009-12-23','M','Ackerstra?e 7, 84494, Aasb?ttel',2959488876,18),(3479400788,'Moises Bandy','1976-03-23','M','Welfenstra?e 1f, 02306, Ferna',3908897677,11),(3479400789,'Nana Valadez','2015-02-11','F','K?niginstra?e 3, 77589, Bruchm?hle',3841,3),(3479400790,'Fermin Alonzo','1984-02-17','F','Beichstra?e 15-19, 37981, Auleben',3388985748,11),(3479400791,'Anton Kelleher','1965-03-29','F','Adelgundenstra?e 24, 15294, Addeb',3901,20),(3479400792,'Danita Whelan','2014-02-22','F','Sporerstra?e 7d, 27788, Klingenm?nster',429500603,3),(3479400793,'Melvin Fullerton','2020-04-25','F','Senftlstra?e 1, 69127, Agathenburg',3817,1),(3479400794,'Vince Duong','1970-09-15','F','Bismarckstra?e 15b, 32851, L?hne',3908897563,14),(3479400795,'Lakiesha Burnham','1958-04-13','F','Seidlstra?e 11-17, 67985, Martfeld',429500604,16),(3479400796,'Gerardo Thao','2001-04-17','M','Brienner Stra?e 1, 07170, Neum?hlen',3908897651,11),(3479400797,'Easter Edwards','1964-09-20','M','Sankt-Anna-Stra?e 21-28, 05484, Abbendorf',1575573659,10),(3479400798,'Bradley Mcdonald','1977-11-29','F','Am Feuerb?chl 1, 84399, Karthause Gr?nau',429500549,19),(3479400799,'Kellye Creamer','1964-11-30','F','Adams-Lehmann-Stra?e 2d, 93143, Schweinfurter',2959489089,12),(3479400800,'Julieann Helm','1940-01-12','M','Alois-Gilg-Weg 1, 82874, D?tgen',2539464517,24),(3479400801,'Benton Dewey','1949-05-02','M','Karlstra?e 1, 64825, Strau?furt',3908897625,8),(3479400802,'Heriberto Abbott','1997-07-20','F','Schl?rstra?e 7, 12241, Forheim',2109967673,21),(3479400803,'Celesta Ouellette','1941-07-08','F','Marsstra?e 126, 26689, Ahrenvi',2539464578,24),(3479400804,'Terrell Fitzpatrick','2001-09-06','F','Bonner Stra?e 15-15, 15001, Breitenau',2959488879,8),(3479400805,'Cherlyn Neal','1981-12-15','M','Schweppermannstra?e 10c, 66585, Klingenm?nste',2539464468,12),(3479400806,'Dale Lemay','1974-08-03','M','Adamstra?e 1c, 21893, Balje',3388985695,20),(3479400807,'Jesus Ramon','1967-04-04','M','Widderstra?e 16, 36425, L?bnitz',2109967848,10),(3479400808,'Adria Abbott','1963-11-27','F','J?gerwirtstra?e 12a, 61743, Grimmelshausen',1146076854,18),(3479400809,'Francisca Abraham','1946-07-25','M','Rolandstra?e 2, 66520, Giebelstadt',1575573585,5),(3479400810,'Chas Heim','1965-01-28','M','Poccistra?e 13-17, 26930, Schwieberdingen',429500605,13),(3479400811,'Abe Ackerman','2006-07-05','M','Roecklplatz 1, 97268, Farchauerm?hle',429500606,19),(3479400812,'Thanh Spear','1948-06-24','M','T?rringstra?e 6, 63561, Alt Brieselang',1146076737,5),(3479400813,'Davida Cromer','1966-02-13','F','Wittelsbacherplatz 1, 42176, Klein Bengerstor',2109967674,16),(3479400814,'Alanna Barnes','1955-09-30','M','Ackermannstra?e 15f, 87530, Aarbergen',2539464445,22),(3479400815,'Haywood Chavarria','2019-11-05','F','Nu?baumstra?e 5a, 82700, Simmertal',3388985632,3),(3479400816,'Adam Altman','2019-08-07','F','Steinsdorfstra?e 6e, 71102, Addeb',3388985789,13),(3479400817,'Effie Simonson','2017-09-27','M','Adams-Lehmann-Stra?e 3a, 17633, Cadolzburg',2109967789,19),(3479400818,'Berry Acevedo','2017-03-06','F','Donnersbergerstra?e 9f, 71233, Vesser',1146076929,23),(3479400819,'Jerome Abbott','2018-05-26','M','Bad-Schachener-Stra?e 1, 68812, Drestedt-Valz',3908897653,14),(3479400820,'Dallas Adam','2002-08-15','F','Promenadeplatz 1e, 74318, Buchhofen',1146076914,20),(3479400821,'Stevie Cleary','1983-01-02','F','Grete-Mosheim-Stra?e 2a, 63169, Mittelp?llnit',1146076856,3),(3479400822,'Yaeko Acker','1967-12-28','M','Herzog-Ernst-Platz 73, 27824, Abtswind',2959488855,6),(3479400823,'Danielle Hare','1972-05-24','M','Adelheidstra?e 9, 15386, Steffeln',3479400928,9),(3479400824,'Alena Wilder','1971-12-14','M','Neuhauser Stra?e 5, 13248, Dackenheim',2539464470,6),(3479400825,'Setsuko Alcorn','1940-05-01','M','Giesebrechtstra?e 56a, 55905, B?rweiler',2109967851,17),(3479400826,'Annemarie Stegall','2007-01-26','F','Rochusberg 1, 45284, Rieschweiler-M?hlbach',2109967675,23),(3479400827,'Abraham Mattison','1949-12-02','F','Adams-Lehmann-Stra?e 11, 66564, D?rrlauingen',3388985752,4),(3479400828,'Avelina Avila','2005-02-27','M','Wagnerstra?e 2a, 22298, Margetsh?chheim',1146076857,24),(3479400829,'Simon Strother','1970-07-14','M','Ackermannstra?e 270c, 15021, Alt Bukow',3954,5),(3479400830,'Forest Meek','1990-08-09','M','Barnabasstra?e 8, 98371, Ahnsen',1575573675,9),(3479400831,'Cary Bergstrom','1965-05-31','F','Sterneckerstra?e 23-28, 68614, Strukdorf',3796,13),(3479400832,'Warren Crisp','1941-07-27','F','Astallerstra?e 33b, 47896, Adamshoffnung',2539464520,10),(3479400833,'Maye Christman','1953-10-20','M','Ehrengutstra?e 4, 52050, Kunrau',2959488967,22),(3479400834,'Cindi Reedy','1968-11-29','F','Kunigundenstra?e 1, 17195, Bahrdorf',1146076708,4),(3479400835,'Allena Shoemaker','2015-12-17','M','Erika-Mann-Stra?e 2d, 56287, Leippen',1146076858,12),(3479400836,'Hayden Beam','1969-11-26','F','Schnaderb?ckstra?e 7, 47072, Waxweiler',1575573676,20),(3479400837,'Adolfo Randle','1986-12-25','M','Westenriederstra?e 2c, 67636, Aarbergen',3772,11),(3479400838,'Leopoldo Alba','1972-02-04','F','Adelgundenstra?e 7, 65453, Westendorf',429500576,18),(3479400839,'Edmund Abraham','1957-10-13','F','Spiridon-Louis-Ring 11-16, 65260, Abraham',2959488968,16),(3479400840,'Edwin Donnelly','1984-07-10','M','Grammstra?e 2, 96069, Ebstorf',1146076916,4),(3479400841,'Lawrence Case','1968-10-10','F','Am Bergsteig 1b, 02158, Greifenhain',3388985774,13),(3479400842,'Forrest Acker','1989-11-20','F','Arnulfstra?e 26, 23722, Niefern-?schelbronn',2539464522,1),(3479400843,'Reginald Rash','1968-04-19','M','Goetheplatz 1, 15479, Bennhausen',3388985793,11),(3479400844,'Abigail Abreu','1963-02-21','M','Sankt-Jakobs-Platz 2, 11314, D?lbau',3479401028,13),(3479400845,'Avis Crenshaw','1956-12-19','M','Gustav-Freytag-Stra?e 1, 65067, Neu Bleckede',3908897729,18),(3479400846,'Brendon Abraham','1979-02-27','M','Barthstra?e 2c, 89313, Leinh?usle',3773,2),(3479400847,'Jess Messina','1956-11-20','F','Dienerstra?e 6, 43786, Aasb?ttel',3926,9),(3479400848,'Krystal Leal','1968-09-14','F','Kidlerstra?e 2, 19811, Willmersdorf',1575573561,18),(3479400849,'Jacinta Alley','1989-12-26','M','Langerstra?e 1, 99900, Neu Jabel',3388985794,22),(3479400850,'Debra Peyton','1962-09-25','M','Adalbert-Stifter-Stra?e 96, 82079, Ahneby',2109967897,9),(3479400851,'Elias Meehan','1943-09-18','M','Giselastra?e 2b, 99524, Bechhofen',1146076861,14),(3479400852,'Chase Coles','1986-05-28','F','Kurt-Haertel-Passage 8, 98501, Saatel',1575573626,3),(3479400853,'Karena Muniz','1983-10-08','M','M?nchner Freiheit 5, 59945, Abberode',3479400936,6),(3479400854,'Jannie Wheeler','1991-05-20','M','Am Bavariapark 2, 98429, Bad Bevensen',2539464556,12),(3479400855,'Abe Henderson','1981-02-17','M','Scheinerstra?e 1, 94917, Balzheim',3479400872,19),(3479400856,'Cristina Wampler','1941-03-28','F','Adamstra?e 1, 09666, B?chingen',1146076947,3),(3479400857,'Omar Abernathy','1943-06-30','F','Homerstra?e 2, 03808, Welver',1146076775,21),(3479400858,'Maisie Connors','1950-06-15','M','Schlei?heimer Stra?e 25, 64356, Abtsgm',2109967793,4),(3479400859,'Giuseppe Dyer','1969-10-15','F','Adamstra?e 9e, 92650, Glash?tte-Luchau',3388985666,7),(3479400860,'Desmond Barela','2000-03-18','M','Martiusstra?e 1, 05788, Mailham',3908897657,24),(3479400861,'Tanna Guthrie','1981-03-05','M','Arndtstra?e 3, 36488, Rantzau',3908897682,5),(3479400862,'Abraham Mills','1974-02-03','F','Ackermannstra?e 2, 06518, Barsb?ttel',2539464533,11),(3479400863,'Jesse Cartwright','2017-12-22','M','Bahnhofplatz 1, 63545, Bunderhee',3479400957,14),(3479400864,'Solomon Kroll','1980-03-12','F','Lilli-Palmer-Stra?e 7a, 57817, Insingen',2539464524,18),(3479400865,'Kendrick Bowens','1972-03-27','M','Wehrlestra?e 42f, 56884, Abbau Ader',1575573592,2),(3479400866,'Raymundo Bogan','1956-02-08','M','Asamstra?e 1, 49448, Ahrensdorf',3908897599,7),(3479400867,'Rhett Gifford','1965-03-08','M','Steubstra?e 7, 71054, Aasb?ttel',3479400844,11),(3479400868,'King Lam','1970-05-12','M','Aldringenstra?e 1, 26469, Weitersweiler',2959489000,4),(3479400869,'Alfonso Albert','1945-05-26','M','Ackerstra?e 22, 67165, Ha?loch',1575573593,15),(3479400870,'Hassan Oneal','2005-10-23','F','Klenzestra?e 89, 03098, Hersdorf',429500446,1),(3479400871,'Kraig Searcy','1962-05-04','M','Adalbert-Stifter-Stra?e 8b, 18745, Gosedahl',3479400804,11),(3479400872,'Edward Fredericks','1981-05-25','F','Adalbertstra?e 4, 13792, Bremsdorf',1146076833,14),(3479400873,'Benny Abernathy','1977-02-12','M','Sendlinger Stra?e 2, 16259, Roklum',2539464534,21),(3479400874,'Damian Daigle','1942-05-23','M','Zenettiplatz 5b, 65648, Aub',1575573599,5),(3479400875,'Adaline Machado','1942-05-16','M','Baldeplatz 6a, 86570, Ackermannshof',3908897659,14),(3479400876,'Johnathon Hayden','1971-05-15','M','Thomas-Wimmer-Ring 223b, 08646, Reisdorf',3855,1),(3479400877,'Denae Raney','1989-06-26','M','Bavariastra?e 2, 16976, Breitenbrunn',3908897571,6),(3479400878,'Katherine Huff','2004-05-07','M','Perusastra?e 5e, 25063, Zettemin',1146076713,14),(3479400879,'Garth Everhart','1946-11-24','F','Margaretenstra?e 22-26, 08538, Klein Ber?en',3908897531,22),(3479400880,'Kenia Miles','1946-03-09','M','Entenbachstra?e 1, 36374, Balge',429500586,4),(3479400881,'Yessenia Connors','1966-07-21','F','Adamstra?e 2c, 41694, Wessobrunn',1575573472,10),(3479400882,'Sheila Abbott','2013-02-07','M','Lilli-Palmer-Stra?e 62, 56999, Oberstadt',429500657,12),(3479400883,'Madelene Abrams','1971-04-14','F','Geschwister-Scholl-Platz 2, 46428, Einig',429500691,20),(3479400884,'Dino Abernathy','1960-05-22','M','Zenettistra?e 2, 85140, Gr?ditz',1146076835,11),(3479400885,'Ivan Otero','1981-04-27','M','Trappentreustra?e 99d, 43068, Abtsgm',2539464527,13),(3479400886,'Damion Dudley','1983-06-23','F','Margaretenplatz 11-19, 34596, Norderstedt',1575573536,16),(3479400887,'Scotty Ivey','1978-12-24','F','Johann-Sebastian-Bach-Stra?e 24b, 05815, Bad ',3479400846,24),(3479400888,'Corene Dennis','2012-12-01','M','Milchstra?e 22-28, 62472, Kirschkau',3479400875,12),(3479400889,'Danny Abreu','1960-10-11','F','Wittelsbacherstra?e 2d, 98367, Adelsdorf',1146076865,19),(3479400890,'Hiram Keaton','1994-01-22','M','Weiglstra?e 2c, 46002, Krummbek',3928,1),(3479400891,'Shawna Abney','1991-06-18','M','Wiltrudenstra?e 15-17, 07818, Hausweiler',1146076806,14),(3479400892,'Rudy Aguiar','1954-04-04','F','Renatastra?e 2f, 78506, Biersackschlag',3908897572,21),(3479400893,'Nenita Albert','1942-07-03','F','Adamstra?e 2e, 07770, Ahlen',429500659,8),(3479400894,'Matthew Frasier','1946-02-13','M','Eisenmannstra?e 15, 62627, Abbendorf',2539464410,15),(3479400895,'Margrett Dennison','2016-08-24','M','Lilienstra?e 2, 45817, Everingen',429500580,7),(3479400896,'Aimee Acevedo','1960-05-19','M','Galeriestra?e 5f, 55321, Beverungen',2109967900,24),(3479400897,'Jacques Soriano','1952-05-13','F','Fuggerstra?e 15, 99898, Abbau Ader',1575573681,7),(3479400898,'Khadijah Rickman','1968-10-05','F','Karmeliterstra?e 2, 05184, Bahrenhof',1146076744,18),(3479400899,'Kristofer Hallman','1972-09-29','F','Oetztaler Stra?e 1b, 33402, Parkstein',1575573568,11),(3479400900,'Adell Taft','1976-10-31','M','F?ustlestra?e 44, 22910, Weinstadt',2959488917,10),(3479400901,'Dominque Altman','1968-08-02','F','Hochmeierstra?e 6, 67484, Aerzen',1575573510,18),(3479400902,'Emery Manning','1965-06-13','M','Lisztstra?e 1, 26975, E?lingen',2109967799,4),(3479400903,'Quinn Chau','1966-10-18','F','Ortlerstra?e 16b, 88588, Eu?erthal',3908897686,15),(3479400904,'Adam Greenberg','1969-08-10','F','Spitzwegstra?e 4, 97617, Loddin',2539464382,11),(3479400905,'Claude Horvath','1996-05-09','M','Laplacestra?e 28, 52807, Balve',3908897635,1),(3479400906,'Bari Brown','1954-08-04','M','Hohenzollernstra?e 1, 88675, Leiningen',2109967777,8),(3479400907,'Lilli Paterson','1963-09-04','M','Adalbert-Stifter-Stra?e 21, 81828, Adorf',2959488974,13),(3479400908,'Dante Allison','1976-07-27','M','G?rtnerplatz 2, 56334, Hetzenhausen',2109967682,19),(3479400909,'Hans Ireland','1996-03-14','F','Wittelsbacherstra?e 5, 86991, Womrath',3388985760,4),(3479400910,'Claire Connors','1959-04-24','M','Arndtstra?e 1, 73279, T?pen',2109967901,11),(3479400911,'Twyla Leclair','1996-12-10','F','Oedkarspitzstra?e 3, 84321, Burghausen',3479400878,17),(3479400912,'Fred Ackerman','1976-09-21','F','Amiraplatz 14, 14327, Dellfeld',3908897734,24),(3479400913,'Dreama Harlan','1953-01-20','F','L?ndstra?e 5d, 02493, Plaaz',2109967751,3),(3479400914,'Venetta Everett','1945-01-01','F','Sch?tzenstra?e 91, 25008, Kerken',3479400961,10),(3479400915,'Valentine Guerin','2008-02-09','F','Radlsteg 57, 08449, Leupahn',429500473,15),(3479400916,'Dillon Bruno','1994-10-15','M','Beethovenstra?e 4b, 15080, Morxdorf',429500694,20),(3479400917,'Alexia Douglas','2009-07-27','M','Hans-D?rrmeier-Weg 1, 89722, Aarbergen',3479401009,13),(3479400918,'Cyndi Best','1972-03-01','F','Klosterhofstra?e 4, 03591, Vorderweidenthal',2959488865,17),(3479400919,'Peggie Adams','1974-09-21','M','Dreifaltigkeitsplatz 7, 59039, Damm?hle',3908897573,22),(3479400920,'Florrie Shipp','1998-03-27','M','Sternwartstra?e 3, 12325, Deesbach',1575573603,12),(3479400921,'Alica Ashby','2014-04-23','M','Beethovenplatz 1, 08684, Extertal',2959488975,21),(3479400922,'Efrain Adler','1964-10-15','F','Kardinal-D?pfner-Stra?e 13-16, 71096, Zweifli',2109967654,2),(3479400923,'Willie Fishman','1948-03-20','M','Adalbert-Stifter-Stra?e 1, 17575, Rohrlack',429500535,12),(3479400924,'Isaias Vail','2009-06-08','F','Adlzreiterstra?e 25, 01395, Geschendorf',1575573446,15),(3479400925,'Elana Koontz','1978-12-01','M','H?bnerstra?e 62e, 06114, Ackermannshof',3908,12),(3479400926,'Ronald Theriault','2002-10-02','F','Isarring 4, 13062, Windberge',1146076901,15),(3479400927,'Patricia Abrams','1996-07-03','F','Goethestra?e 6, 86900, Brodenbach',3908897707,20),(3479400928,'Aurelio Abel','1941-12-05','F','Obermaierstra?e 1b, 91031, Atterwasch',2539464611,5),(3479400929,'Lavenia Crutcher','1975-08-14','F','Orleansstra?e 85d, 13466, Hockenheim',3388985762,8),(3479400930,'Torie Fulton','1966-09-14','M','Rundfunkplatz 8f, 74195, Westernohe',3479400848,5),(3479400931,'Quintin Andres','1998-02-04','M','Gustav-Freytag-Stra?e 1, 13877, Emersacker',3908897640,12),(3479400932,'Antonio Gonsalves','1985-08-17','M','Max-Joseph-Platz 25, 31192, Luhden',1575573514,23),(3479400933,'Adolfo Edgar','1958-05-27','F','Hildeboldstra?e 4, 69424, Greifenstein',2959488953,7),(3479400934,'Rina Bandy','1984-08-28','F','Perfallstra?e 1f, 36235, Ummern',1575573478,4),(3479400935,'Sung Espino','2004-07-19','M','Preysingplatz 27a, 38678, Balderschwang',1146076717,12),(3479400936,'Stanley Denney','2005-03-10','F','Schluderstra?e 1b, 74212, Lachstedt',2109967685,1),(3479400937,'Sharla Brinkley','2010-10-20','M','Kurt-Haertel-Passage 13-19, 22164, Aachen',429500640,18),(3479400938,'Ruben Mccormick','1958-06-21','M','Beethovenstra?e 9c, 92370, Morungen',2539464456,24),(3479400939,'Aimee Isom','2002-09-20','F','Arcisstra?e 4, 18578, Mesendorf',2539464486,7),(3479400940,'Porfirio Abernathy','1948-05-07','F','August-K?hn-Stra?e 92c, 68885, Keez',3908897537,17),(3479400941,'Hunter Dang','1982-08-29','F','Plinganserstra?e 89a, 46498, K?gsdorf',1146076919,5),(3479400942,'Abram Snow','2013-03-17','F','Schwere-Reiter-Stra?e 42, 63372, Wustermark',3831,7),(3479400943,'Bernardo Barela','1974-08-14','F','Schwarzstra?e 11, 94882, Birresborn',1575573607,24),(3479400944,'Alfonzo Laporte','1965-03-14','F','Trautenwolfstra?e 7d, 12759, Riesa',3910,11),(3479400945,'Donnie Click','1971-02-26','F','Westenriederstra?e 1, 43460, Abberode',3388985711,6),(3479400946,'Hermina Briggs','2007-11-16','M','Kreuzpl?tzchen 27a, 92421, Motzen',2539464479,8),(3479400947,'Lakenya Acker','1953-10-09','M','Hanebergstra?e 6, 93516, Vogtareuth',1146076750,13),(3479400948,'Demetrius Yang','1946-05-04','M','Gertrud-B?umer-Stra?e 1d, 54554, Wildhof',3807,18),(3479400949,'Malcom Abney','2020-09-12','M','Winkstra?e 11-15, 95139, Alterk',3388985739,7),(3479400950,'Brianne Coon','2020-06-22','M','Mauerkircherstra?e 7, 17018, Adelberg',1146076785,5),(3479400951,'Tiera Crist','2012-12-24','F','Prielmayerstra?e 70b, 53176, Stremmen',3479400965,13),(3479400952,'Juliann Hewitt','1979-02-19','F','Rumfordstra?e 1, 88207, Sch?na-Kolpien',2539464419,23),(3479400953,'Don Rosales','1998-03-10','M','Ridlerstra?e 27f, 14358, Schmalstede',2959488947,13),(3479400954,'Danae Bermudez','1995-05-16','F','Maria-Josepha-Stra?e 2, 29427, Olgashof',3862,6),(3479400955,'Kristine Fite','1992-11-23','F','Rachelstra?e 4, 38304, D??el',3908897740,4),(3479400956,'Milagro Mcgee','1957-02-21','M','F?rstenstra?e 13-18, 96510, Moosthenning',3479400852,15),(3479400957,'Remona Wylie','1990-10-12','M','Rochusstra?e 5, 79689, Greinach',3784,22),(3479400958,'Thurman Harkins','1981-06-16','M','Pettenkoferstra?e 2, 52890, Abbenrode',1146076921,5),(3479400959,'Gavin Abney','2000-10-20','F','Angererstra?e 28c, 64598, Schk?len',3479400886,14),(3479400960,'Monserrate Humes','1977-02-10','F','M?nchner Freiheit 2, 28838, Klein Molzahn',2109967758,5),(3479400961,'Ben Easley','1946-10-07','M','Oettingenstra?e 2, 16471, Abbendorf',2539464566,17),(3479400962,'Audria Benton','1949-04-18','M','Ohlm?llerstra?e 14, 87829, Abenberg',1146076819,1),(3479400963,'Gilberto Clement','2019-01-16','M','Ziemssenstra?e 8, 93245, Filsum',2539464567,12),(3479400964,'Dacia Strauss','2015-02-15','F','Wallstra?e 8, 03899, Karsbach',429500565,18),(3479400965,'Adrien Serna','2010-11-29','M','Seestra?e 2, 84855, G?pfersdorf',3479400985,8),(3479400966,'Beth Hester','2004-11-03','F','Mathildenstra?e 6, 89167, K?dow',2109967661,15),(3479400967,'Herta Shelley','1971-01-11','M','G?llstra?e 63f, 29459, Ahlst?dt',2539464422,2),(3479400968,'Olevia Abbott','1967-08-27','M','Kufsteiner Stra?e 11, 11807, Irrel',3908897692,8),(3479400969,'Louis Alcala','1992-01-30','F','Herzogspitalstra?e 1f, 42916, Hardheim',2539464393,24),(3479400970,'Ariel Massie','1978-06-06','M','Baumgartnerstra?e 8, 19865, Lastrup',1146076751,3),(3479400971,'Priscilla Hannon','1975-08-10','F','Schwarzstra?e 69f, 19922, Loreley',3811,22),(3479400972,'Pearlie Phipps','1942-07-16','F','Theo-Prosel-Weg 1d, 62682, Stollberg',2109967663,2),(3479400973,'Cathleen Ontiveros','1994-12-08','M','Versailler Stra?e 25, 25675, Sterup',1575573551,9),(3479400974,'Chasity Muncy','2002-02-06','M','Adams-Lehmann-Stra?e 5, 71581, Schwendi',1575573454,21),(3479400975,'Annice Mock','2004-12-11','F','Donaustra?e 18, 82725, G?debehn',429500480,24),(3479400976,'Neal Chow','1974-02-26','F','Max-Joseph-Platz 13-16, 84119, Sch?pe',429500597,17),(3479400977,'Jose Abreu','1993-05-09','M','Holzapfelstra?e 8e, 05210, Adenb?ttel',3479400855,20),(3479400978,'Rosalyn Coulter','2002-08-24','F','Adams-Lehmann-Stra?e 4, 47088, Zwiesel',3908897621,24),(3479400979,'Jeremy Head','2018-04-20','M','Adamstra?e 2a, 02567, Graitschen b B?rgel',1575573490,10),(3479400980,'Kaci Headrick','2011-02-25','M','Ackerstra?e 3, 58760, Lengenwang',1575573482,1),(3479400981,'Melony Angulo','1981-06-15','M','Beethovenstra?e 6e, 29408, Perd',1146076906,19),(3479400982,'Colin Butcher','2002-11-30','F','Keferstra?e 28, 37727, Fischwasser',2959489037,1),(3479400983,'Adolfo Angulo','1944-02-18','M','Regensburger Platz 53, 17953, Wolkau',3479400922,10),(3479400984,'Hazel Pinkston','1963-06-03','F','Tulbeckstra?e 4, 98276, Hanffabrik',3388985655,5),(3479400985,'Rodger Reinhardt','1940-11-25','F','Obermaierstra?e 2, 19832, Adelzhausen',1146076940,17),(3479400986,'Scott Mcnutt','1973-07-18','F','Loristra?e 2, 44568, Riedl',3388985780,23),(3479400987,'Epifania Cupp','1957-07-10','M','Sch?nfeldstra?e 257, 64746, ottendorf',2539464491,10),(3479400988,'Amado Martell','1985-07-03','M','Reuchlinstra?e 2, 15432, St. Wendel',3814,15),(3479400989,'Albertina Hamlin','1964-03-05','F','Grammstra?e 7, 75640, Pritzwalk',3908897648,22),(3479400990,'Julius Dotson','1976-06-09','M','Sterneckerstra?e 98, 97209, Sassen',3479400947,6),(3479400991,'Ahmed Brito','1987-11-21','M','Liebherrstra?e 1, 34683, Barver',3751,23),(3479400992,'Bernardo Pape','1987-05-04','M','Albanistra?e 3e, 93066, Dolgesheim',2109967761,4),(3479400993,'Brent Turpin','1987-04-25','M','Elisenstra?e 1, 79911, Bolz',2539464591,6),(3479400994,'Rupert Hardwick','2006-04-07','F','Leonrodplatz 3e, 51593, Kleinr?ssen',429500482,16),(3479400995,'Shayne Ahrens','2004-10-26','F','Thalkirchner Stra?e 222e, 65685, Neuhof',2539464544,18),(3479400996,'Bernard Beaulieu','1951-10-15','F','Mathildenstra?e 9d, 12594, ?rsborn',2959489077,22),(3479400997,'Delphine Horowitz','1978-07-11','F','Belfortstra?e 24f, 09891, Grabko',2959488893,6),(3479400998,'Marvin Sheffield','1943-12-27','F','Winkstra?e 1, 21875, Kurtschlag',1146076924,11),(3479400999,'Karyl Castle','1981-07-04','M','An der Stemmerwiese 1, 03422, Ahnsen',2539464461,18),(3479401000,'Jonnie Adcock','1989-02-28','M','Stuckstra?e 63, 54402, Ahorntal',3908897715,1),(3479401001,'Rhoda Byers','1971-12-05','F','Reichenbachstra?e 8c, 17342, Arensdorf',1575573458,13),(3479401002,'Britt Hoffman','1993-12-12','F','Franz-Pr?ller-Stra?e 2, 08800, Herdecke',1575573484,21),(3479401003,'Charlena Bird','2003-09-01','M','Unertlstra?e 6, 58197, Kollig',1575573638,7),(3479401004,'Gilberte Bostic','1948-06-01','F','Ackermannstra?e 1c, 87948, Aach',3908897546,22),(3479401005,'Marshall Shipley','1962-06-15','M','Zieblandstra?e 2, 14763, Lobst?dt',2959488985,3),(3479401006,'Brinda Quinlan','2002-10-15','F','Papa-Schmid-Stra?e 6, 49312, Sengenthal',2539464396,5),(3479401007,'Samatha Mcintire','1964-11-10','M','Isartorplatz 1, 66092, K?lleshof',3908897674,5),(3479401008,'Mohamed Pinson','2000-09-27','M','Rolandstra?e 4c, 42839, Mitterteich',429500675,15),(3479401009,'Vernie Hutson','1946-03-05','F','Beetzstra?e 2b, 54171, G?nsberg',3908897547,20),(3479401010,'Giuseppe Barrett','1968-01-17','F','Hofgartenstra?e 1, 76398, Bad Salzungen',3945,9),(3479401011,'Armando Quinn','1946-12-11','M','Boosstra?e 14-18, 56478, Bad Wimpfen',3479400823,15),(3479401012,'Casey Casper','2014-03-27','F','Holzstra?e 4, 26243, Sulza',3908897675,21),(3479401013,'Elenora Marchand','1993-09-29','M','Wredestra?e 2, 36094, Hahnenm?hle',3388985636,9),(3479401014,'Britney Hartmann','1974-11-01','M','Lenzfrieder Stra?e 19b, 15688, Roggentin',2539464593,15),(3479401015,'Adah Mcintire','2006-07-21','M','Widderstra?e 3, 42784, Achen',3908897521,5),(3479401016,'Beatrice Knowles','2002-12-19','M','Senserstra?e 43a, 08059, Geroda',1575573614,8),(3479401017,'Janella Martell','1985-04-08','M','Braystra?e 1, 52913, ahwinden',3908897584,12),(3479401018,'Carolyne Johnson','1965-06-27','F','Heimeranstra?e 28, 76336, Biersackschlag',1575573657,5),(3479401019,'Elfreda Aguilera','1959-11-07','M','Adi-Maislinger-Stra?e 2, 29671, Lankau',2539464620,10),(3479401020,'Addie Maas','2001-07-22','M','Nestroystra?e 14-17, 57619, Abberode',3479400991,23),(3479401021,'Kyle Galvin','1952-07-08','M','Edelwei?stra?e 12-15, 39682, Abtsdorf',2109967709,10),(3479401022,'Leopoldo Ammons','1996-06-16','F','Arnulfstra?e 1a, 58628, Griesen',3388985784,23),(3479401023,'Adaline Carter','1993-02-10','F','Friedrichstra?e 42, 65481, Affing',2539464462,4),(3479401024,'Tiana Dixon','1955-07-13','F','Roecklplatz 3f, 87043, Aalen',3898,17),(3479401025,'Abby Bunker','1993-03-24','M','Emanuelstra?e 16, 39966, Adligstadt',3388985813,1),(3479401026,'Trent Duncan','1951-04-19','M','Jutastra?e 8, 03259, Alt Madlitz',3730,7),(3479401027,'Brad Large','1987-01-30','M','Adams-Lehmann-Stra?e 9a, 67973, Abenberg',1146076886,12),(3479401028,'Giovanna Abraham','1996-07-02','M','R?ntgenstra?e 2, 51668, Klein Molzahn',3388985770,16),(3479401029,'Sung Velez','1964-12-28','M','Adalbert-Stifter-Stra?e 7, 81176, Blauenthal',3871,2),(3479401030,'Svetlana Tong','1988-10-18','M','Adi-Maislinger-Stra?e 92a, 25482, Br?sen',2109967734,15),(3908897509,'Sherwood Galvez','1992-08-11','F','Kapellenweg 2, 63110, Allensbach',2109967670,10),(3908897510,'Wally Richey','1950-12-22','F','Karlstra?e 24c, 57448, Bunde',3479400996,1),(3908897511,'Tamekia Stevens','1965-09-19','F','Lusenstra?e 9, 67347, Oberrei?en',1575573497,8),(3908897512,'Charlene Luttrell','1987-08-25','F','Westendstra?e 1, 46670, Birkhof',3908897700,4),(3908897513,'Ada Langlois','1947-05-17','F','Dreim?hlenstra?e 292, 66738, Johannstorf',1575573658,20),(3908897514,'Abe Dukes','1980-05-10','M','Viktoriastra?e 6, 49301, Irschenberg',2539464623,14),(3908897515,'Stephan Mcbee','1960-04-18','M','Ansbacher Stra?e 2, 16927, Gro?enw?rden',3900,4),(3908897516,'Marget Longo','2001-06-28','M','Bergmannstra?e 25d, 07841, eserigerh?tten',1146076757,12),(3908897517,'Abe Rivers','1978-09-16','F','Adalbertstra?e 1, 66615, Abbau Ader',2959488877,2),(3908897518,'Adam Rutledge','1947-07-21','M','Frauenstra?e 2d, 03036, Schw?bisch Hall',2109967868,7),(3908897519,'Sona Cloutier','1998-05-03','F','Gew?rzm?hlstra?e 21-29, 17565, Aerzen',2109967784,5),(3908897520,'Lane Romano','1978-09-05','F','Neust?tterstra?e 29b, 79207, Mohorn',3388985609,3),(3908897521,'Shera Osborne','2015-11-02','F','Frauenplatz 2b, 09264, Adenau',429500496,1),(3908897522,'Cliff Wynn','1958-02-12','M','Bahnhofplatz 2b, 76013, Aerzen',2109967712,24),(3908897523,'Velda Brewer','1987-08-30','M','Ludwigstra?e 1, 77902, Kloster',429500462,17),(3908897524,'Reed Skinner','1949-12-19','M','Spicherenstra?e 12d, 57617, Eiterfeld',1146076852,23),(3908897525,'Miquel Mooney','1942-11-17','F','Kreittmayrstra?e 1, 08802, Ackendorf',1575573557,22),(3908897526,'Lavina Parr','2005-10-26','M','Akademiestra?e 1, 84394, Gladigau',3908897678,2),(3908897527,'Russel Herron','1986-08-23','M','Innstra?e 28a, 83908, Niewitz',2959488964,16),(3908897528,'Ariel Adler','1960-04-13','F','Wittelsbacherstra?e 6c, 96594, Koberg',3388985751,22),(3908897529,'Ashley Morgan','2000-05-08','M','Hahnenstra?e 7, 43820, Oberwies',429500487,5),(3908897530,'Carolee Hemphill','2000-02-02','F','Sankt-Pauls-Platz 2, 91619, Straubenhardt',3479400953,10),(3908897531,'Eugenia Haskell','1973-06-19','M','Am Bergsteig 5, 25436, Weiditz',3479400978,14),(3908897532,'Jospeh Laflamme','1945-10-04','M','Heiliggeiststra?e 6, 61375, Cosa',2959488912,23),(3908897533,'Sherlene Battle','2002-05-09','F','Reitmorstra?e 1, 55656, Harsdorf',3388985631,13),(3908897534,'Jon Madrid','1990-08-28','F','Friedenstra?e 239, 99712, Kleinkahl',3479401000,3),(3908897535,'Bernie Howerton','2006-10-25','F','Adams-Lehmann-Stra?e 4f, 63891, Kleinhelmsdor',1575573559,6),(3908897536,'Yuk Bowens','1981-03-20','F','Orleansstra?e 7, 33838, Wipperf?rth',2109967849,14),(3908897537,'Ivory Whited','1946-11-05','M','Herzog-Ernst-Platz 4, 15793, Teltow',3388985696,1),(3908897538,'Casey Allman','2003-10-21','M','Max-Planck-Stra?e 5e, 52650, Nielebock',3952,8),(3908897539,'Terina Gibbs','1997-08-15','M','Schmied-Kochel-Stra?e 1, 16546, Aalen',1575573644,20),(3908897540,'Adam Singer','2001-04-19','M','Corneliusstra?e 8, 46440, K?mmeritze',3908897593,24),(3908897541,'Adalberto Bowie','1988-09-13','M','Sprunerstra?e 4, 46595, Aventoft',2109967788,5),(3908897542,'Horace Main','1973-08-02','F','F?ustlestra?e 23, 89673, Abtsteinach',429500683,16),(3908897543,'Kathyrn Christy','1984-04-24','M','Aberlestra?e 6, 11180, Mooswiese',1146076797,22),(3908897544,'Barrett Agee','2020-07-23','F','Kellerstra?e 1f, 08460, Riedelberg',3388985821,24),(3908897545,'Piedad Mancuso','1973-10-08','M','Winzererstra?e 5, 14661, Abbenrode',2109967766,18),(3908897546,'Claudine Hyde','1948-06-25','F','Petersplatz 1, 34237, Amelinghausen',1575573622,24),(3908897547,'Adrian Colburn','1999-05-26','F','Adlzreiterstra?e 1, 76431, Forchtenberg',3388985772,5),(3908897548,'Abram Nickel','1978-04-18','M','Sterneckerstra?e 2b, 28779, Aderstedt',3479400901,7),(3908897549,'Garth Villanueva','2010-02-20','F','Heiterwanger Stra?e 9, 54241, S??en',3908897726,24),(3908897550,'Rolando Atkinson','1957-09-30','F','Geschwister-Scholl-Platz 8d, 06304, Aasb?ttel',3908897654,9),(3908897551,'Nathanael Weber','2004-05-19','F','Adalbert-Stifter-Stra?e 82, 48433, Quitzdorf ',429500684,21),(3908897552,'Palmer Leonard','1967-05-17','M','Boosstra?e 2, 73192, Ackendorf',2959489042,1),(3908897553,'Antwan Jaramillo','1977-11-16','F','T?rkenstra?e 1, 46312, Weichs',1146076799,6),(3908897554,'Barney Ruff','2020-02-16','M','Adalbert-Stifter-Stra?e 1e, 69117, Diemelstad',3711,2),(3908897555,'Anika Acker','1952-07-07','F','Mittererstra?e 14, 13296, Ebersteinerhof',3388985697,6),(3908897556,'Dale Cranford','2007-06-15','M','Merzbacherstra?e 5, 05387, Eulenkrug',1575573469,12),(3908897557,'Shiloh Wynne','1995-02-21','M','Professor-Huber-Platz 4, 75075, W?rchwitz',3908897509,19),(3908897558,'Bobbie Churchill','1973-09-18','M','Karolinenstra?e 19, 15380, Barnewitz',3388985791,19),(3908897559,'Karrie Goldman','1941-09-18','M','Ledererstra?e 72a, 57387, Ahlbeck',1146076945,24),(3908897560,'Chad Iverson','2000-04-05','F','Haidenauplatz 1, 13757, Altona',2109967741,5),(3908897561,'Lera Dover','1980-01-20','F','Max-Planck-Stra?e 8a, 62175, Bardenitz',2109967852,17),(3908897562,'Roseann Abel','1998-04-01','M','Rauchstra?e 1, 49237, Kraftsdorf',429500443,22),(3908897563,'Larry Isaacs','2012-03-31','F','Klugstra?e 1f, 51751, Heuzert',3908897655,12),(3908897564,'Theron Mcnamara','1962-01-13','F','Isabellastra?e 18e, 15071, Remmels',3908897628,20),(3908897565,'Kathie Little','2020-06-23','F','Hermann-Lingg-Stra?e 1, 25052, Alfhausen',3908897567,1),(3908897566,'Brent Kowalski','1949-03-25','F','Aventinstra?e 21-26, 86263, Dersum',2959488882,10),(3908897567,'Oscar Cochrane','2012-08-22','M','Ackermannstra?e 14-15, 49974, Achen',3388985613,16),(3908897568,'Andreas Pak','1969-09-09','M','Am Bavariapark 2, 86180, Schiebsdorf',2539464503,5),(3908897569,'Colby Abraham','1962-01-22','M','Karolinenplatz 28c, 62248, M?hlh?lzle',1146076802,12),(3908897570,'Latisha Winters','1971-12-03','F','Paul-Meisel-Weg 2b, 11341, Gattendorf',2959488883,15),(3908897571,'Shane Ackerman','1973-12-09','M','Aldringenstra?e 2, 77257, Neu-Isenburg',429500444,21),(3908897572,'Lelia Abernathy','1974-04-01','F','Gudrunstra?e 57c, 57104, Eineborn',3822,8),(3908897573,'Robt Mcswain','2011-11-30','M','Grosjeanstra?e 2, 08701, Niederbergkirchen',3880,7),(3908897574,'Aileen Calkins','1955-02-11','M','F?rstenfelder Stra?e 30e, 63628, Aachen',1146076860,19),(3908897575,'Olga Weeks','1970-04-15','M','Wilhelm-Ostwald-Stra?e 2, 12853, Elterlein',2959488999,1),(3908897576,'Alexandra Chandler','1985-09-29','F','Speyerer Stra?e 73e, 47060, Ahlerstedt',2959489064,12),(3908897577,'Destiny Bachman','1988-01-02','F','Dom-Pedro-Platz 2, 56137, Wettringen',3908897754,2),(3908897578,'Venice Newell','1958-10-29','F','Fendstra?e 7, 41412, Aach',429500504,5),(3908897579,'Jermaine Acker','1981-10-06','F','Bahnhofplatz 2e, 47002, Bad Pyrmont',1575573441,11),(3908897580,'Emmanuel Hough','1967-03-01','F','Therese-Studer-Stra?e 8, 92039, Idar-Oberstei',2109967645,16),(3908897581,'Winifred Ahrens','1955-06-28','M','Schwarzstra?e 8, 27759, Criewen',429500469,24),(3908897582,'Wilford Nunes','2005-11-08','M','Sankt-Martin-Stra?e 2d, 49378, Schwarzenbach ',429500583,15),(3908897583,'Garfield Clay','1948-07-11','M','Hirschbergstra?e 8, 96197, Uhusm?hle',3853,22),(3908897584,'Teodora Mcgrath','1950-09-19','M','K?niginstra?e 2, 83268, Anna Luisenhof',2959489024,6),(3908897585,'Robt Adam','1965-04-07','M','Kidlerstra?e 27c, 47416, Dielmissen',3388985823,13),(3908897586,'Randolph Blackmon','1947-04-29','M','Wei?enburger Stra?e 2, 25881, Aach',3388985589,2),(3908897587,'Thanh Medley','1989-12-28','M','Faberstra?e 5, 01029, Quernheimerbruch',3479400873,10),(3908897588,'Aleta Chisolm','1980-07-23','M','Artilleriestra?e 2, 98682, Dargardt',429500689,12),(3908897589,'Lewis Strickland','2006-06-28','F','Mommsenstra?e 2, 28016, Adelheidsdorf',2539464377,17),(3908897590,'Alina Anglin','1970-08-03','F','Luitpoldstra?e 1, 87485, Abbenrode',2539464606,24),(3908897591,'Julie Gaston','2018-07-08','M','Lenzfrieder Stra?e 3, 66002, Aachen',3388985615,4),(3908897592,'Antione Acosta','2011-04-14','F','Entenbachstra?e 1, 55011, P?ttelkow',3715,8),(3908897593,'Maxwell Casteel','1947-07-03','M','Winkstra?e 1, 95520, Zinsbachm?hle',3854,23),(3908897594,'Gene Currie','2002-04-12','M','Asamstra?e 3, 55037, Krautscheid',2959488885,8),(3908897595,'Franklin Downey','2001-05-12','F','Hirschbergstra?e 21b, 73168, Brandscheid',2109967898,24),(3908897596,'Arline Leclair','1992-06-19','F','Augsburgerstra?e 2, 38073, Battaune',1146076863,10),(3908897597,'Remona Christiansen','1949-11-21','M','Hildegardstra?e 86c, 87330, Bittkau',3716,13),(3908897598,'Randall Utley','1961-08-26','F','Kopernikusstra?e 4, 77657, Zachow',3479400874,20),(3908897599,'Porsche Alcala','2005-08-19','F','Tittmoninger Stra?e 23-26, 35081, D?nitz',2959489026,23),(3908897600,'Jessie Carlin','2005-01-09','F','Reuchlinstra?e 1a, 48068, Rauschenberg',3776,13),(3908897601,'Christin Dion','1983-08-06','M','Holzapfelstra?e 1, 58752, ettenhausen',3388985668,23),(3908897602,'Loren Cervantes','1960-01-18','F','Ackermannstra?e 7d, 71130, L?cknitz',3908897684,2),(3908897603,'Bryon Adair','1990-10-11','F','Kindermannstra?e 31, 36886, ovenden',1146076864,12),(3908897604,'Colene Gorham','1963-04-14','F','Petra-Kelly-Stra?e 22e, 49776, Bad Driburg',2109967804,18),(3908897605,'Dannie Stamper','1955-10-13','M','Lenbachplatz 4, 37400, Benkendorf',3479400959,3),(3908897606,'Bart Earl','1951-08-16','M','Simmernstra?e 1b, 58168, Espenau',1575573595,6),(3908897607,'Abigail Holloway','1997-04-11','M','Soldnerweg 2, 02531, Abbenrode',1146076948,11),(3908897608,'Alayna Devries','2010-06-14','F','Am Westpark 1, 98353, Aasb?ttel',2539464506,17),(3908897609,'Otis Duval','1994-12-21','F','Sankt-Anna-Stra?e 2c, 23335, Marktredwitz',2959488995,21),(3908897610,'Denny Hendricks','1943-08-17','F','Hirschbergstra?e 12-18, 67157, Adelhausen',3388985825,12),(3908897611,'Refugio Romero','1957-06-12','M','Farinellistra?e 2, 99287, Attenkirchen',3479400906,14),(3908897612,'Cletus Chance','1959-02-21','M','Beichstra?e 4c, 66900, Ahlden',3479400939,22),(3908897613,'Victor Osorio','1951-04-22','M','Bavariaring 8, 28432, Medewitz',3908897632,6),(3908897614,'Douglass Aranda','1985-09-07','M','Astallerstra?e 1, 33565, K?feln',2959489028,13),(3908897615,'Carlee Broussard','2018-12-15','M','Zwieseler Stra?e 3, 89224, Crispendorf',3883,23),(3908897616,'Herschel Alley','1999-07-03','M','Gunezrainerstra?e 6, 73276, Westerheim',3388985732,2),(3908897617,'Elenor Bess','2020-03-08','M','Steinsdorfstra?e 8, 46241, Behrungen',3908897532,18),(3908897618,'Walter Vernon','1988-08-17','M','Altheimer Eck 17, 27501, Miltenberg',3388985593,4),(3908897619,'Elke Atwell','1946-08-17','M','Himbselstra?e 19, 57658, Schwanebeck',3961,13),(3908897620,'Marlen Blanco','1964-02-07','M','Kopernikusstra?e 25, 58801, Wuppertal',2109967680,21),(3908897621,'Winfred Aranda','1989-01-25','F','Kolosseumstra?e 21-25, 53757, Ahlbeck',3388985728,12),(3908897622,'Hans Meier','1960-09-30','F','Theklastra?e 1, 41232, Ahneby',2959488940,3),(3908897623,'Lanny Brennan','1942-09-28','F','Berg-am-Laim-Stra?e 8b, 38201, rachtendorf',3908897601,12),(3908897624,'Kenny Mcewen','1981-10-22','M','Possartstra?e 5b, 53951, Altenmarkt',3388985594,20),(3908897625,'Alfonzo Brunner','2003-05-14','F','Pacellistra?e 2a, 33923, Baldham',2109967649,22),(3908897626,'Abraham Gifford','1981-10-01','M','Ackermannstra?e 4, 47452, Gierstling',429500614,13),(3908897627,'Abe Shoemaker','1983-03-17','M','Ortlerstra?e 4, 66461, Bad Soden-Salm?nster',2539464453,23),(3908897628,'Glenn Adamson','2010-05-17','M','Adamstra?e 80f, 61211, Eichst?tt',3479400909,11),(3908897629,'Barney Abbott','1961-07-03','M','Tittmoninger Stra?e 2b, 16105, Muckwar',1575573683,2),(3908897630,'Tonia Fowler','1974-12-09','F','Reichenbachstra?e 2, 98198, Bitterfeld',2539464412,18),(3908897631,'Tierra Allman','1986-04-04','F','Landaubogen 14d, 27172, Gro?olbersdorf',2959488942,5),(3908897632,'Kennith Seeley','2018-08-02','F','Rundfunkplatz 18, 13002, Abbendorf',429500693,9),(3908897633,'Francesco Abreu','1971-06-30','M','Tassiloplatz 1, 33854, Friedeburg',429500508,18),(3908897634,'Clotilde Altman','1978-06-08','M','Max-Planck-Stra?e 5, 26744, Abbendorf',3908897666,3),(3908897635,'Jermaine Bradford','1954-02-13','F','Kleinhesselohe 181, 28860, Gehrendorf',1575573602,8),(3908897636,'Cherri Biddle','1999-07-16','M','Weilerstra?e 26c, 19547, Neubau',1146076935,13),(3908897637,'Armando Hardwick','1983-05-21','M','Grimmstra?e 1, 81289, Scheyern',3963,22),(3908897638,'Curtis Ahern','1947-11-14','M','Gunezrainerstra?e 6b, 94639, Ellerdorf',3908897667,2),(3908897639,'Toby Andrews','1996-04-29','F','Pfarrstra?e 1a, 05368, Druxberge',429500559,7),(3908897640,'Krystyna Navarrete','1957-12-07','M','Adalbertstra?e 2, 08364, H?rgertshausen',2539464609,13),(3908897641,'Carisa Goodman','1945-11-11','F','Rupprechtstra?e 5, 19472, Abbau Ader',3908897613,16),(3908897642,'Rudolf Calabrese','1987-04-08','M','Goethestra?e 9, 53010, Br?unsdorf',3388985761,12),(3908897643,'Debora Rasmussen','1989-06-02','M','Poccistra?e 25-29, 79525, Dreifelden',2109967808,16),(3908897644,'Noel Colburn','1955-06-21','M','Merianstra?e 25-28, 57528, Laudert',1575573539,20),(3908897645,'Coy Goldman','2004-12-20','F','Cherubinistra?e 1, 85950, Ramsla',3388985673,7),(3908897646,'Adolfo Card','2019-09-03','M','Paschstra?e 1, 17068, E?bach',3479400962,17),(3908897647,'Aldo Brunson','2007-11-22','M','Kreuzstra?e 21-26, 91900, M?llrose',3908897637,1),(3908897648,'Logan Frame','1998-05-31','F','Emma-Ihrer-Stra?e 11-15, 13581, Schwanenm?hle',1146076839,9),(3908897649,'Colin Acosta','1944-06-04','F','Adelheidstra?e 1, 97254, Abtweiler',2109967655,13),(3908897650,'Agnus Armstrong','2000-09-30','M','Ringseisstra?e 15-15, 12279, Puchheim',2959488919,23),(3908897651,'Lynne Poirier','1964-12-15','M','Seidlstra?e 2, 02620, Schautenhof',3908897639,24),(3908897652,'Geoffrey Garner','1977-03-14','F','B?ttingerstra?e 13-19, 91853, Ravensruh',2109967880,19),(3908897653,'Cinthia Abrams','2020-02-08','F','Helene-Lange-Weg 22-25, 77748, Edelsfeld',429500616,1),(3908897654,'Zenobia Plunkett','1941-11-06','M','Hirtenstra?e 50b, 07160, Leitzkau',1146076716,7),(3908897655,'Lianne Moriarty','2014-08-27','M','Hedwigstra?e 1e, 85623, Morschen',2109967833,20),(3908897656,'Clifton Montalvo','2012-06-07','F','Margaretenstra?e 5c, 23626, F?rstenstein',2959488944,6),(3908897657,'Ervin Jimenez','1974-02-28','M','Kardinal-Faulhaber-Stra?e 1, 67962, Steinebac',1575573544,20),(3908897658,'Gwenn Dutton','1967-04-24','F','Anzinger Stra?e 50d, 69356, Perleberg',429500664,4),(3908897659,'Alfred Andre','1968-11-12','F','Bonner Stra?e 9b, 74022, Gagzow',3908897641,8),(3908897660,'Loreta Russell','2001-09-27','M','Br?uhausstra?e 2, 11534, St. Goar',2109967656,9),(3908897661,'Xavier Vail','2005-06-07','M','Lilli-Palmer-Stra?e 21-25, 89943, Ahlerstedt',429500617,18),(3908897662,'Tammie Rivas','1962-02-22','M','Hesseloherstra?e 2, 93444, Hauss?mmern',3479400790,13),(3908897663,'Natividad Diggs','1993-10-15','M','Zentnerstra?e 84d, 77108, B?rwalde',2109967725,19),(3908897664,'Zelda Gillen','1976-05-14','M','Loristra?e 1f, 85734, Vollerwiek',429500561,6),(3908897665,'Thomas Acevedo','1986-08-08','F','Auerfeldstra?e 21b, 75228, Seefeld',2109967726,12),(3908897666,'Abraham Thrasher','1997-12-21','F','Baldeplatz 7, 83580, Oland',2539464388,3),(3908897667,'Hank Tuck','1964-08-13','M','Osterwaldstra?e 20, 95763, Pinzberg',1146076936,6),(3908897668,'Marlena Holt','1970-12-05','M','Jungfernturmstra?e 22-25, 11371, Marisfeld',2959489033,24),(3908897669,'Adam Baldwin','1959-12-02','M','Beetzstra?e 1, 13342, Breitwies',3388985777,2),(3908897670,'Lyman Berlin','1970-04-12','F','Angertorstra?e 5, 07459, Trochtelfingen',429500666,23),(3908897671,'Spencer Bohn','1942-11-13','M','Grete-Mosheim-Stra?e 6b, 93795, Aspisheim',3936,7),(3908897672,'Ricky Penn','1950-10-29','F','Siegesstra?e 4, 01683, Kleinbartloff',2539464390,12),(3908897673,'Margherita Joe','2013-05-09','F','Augustenstra?e 9, 86119, Ahrenshagen',429500667,15),(3908897674,'Shasta Crane','1961-08-09','F','Menzelstra?e 37e, 27783, Aach',3908897517,5),(3908897675,'Lisette Blunt','1955-08-01','F','Mettinghstra?e 14f, 88897, Endlichhofen',2539464587,8),(3908897676,'Carter Hollins','1964-03-24','M','Aberlestra?e 18, 45660, Abenberg',2109967810,9),(3908897677,'Hyman Askew','1944-04-25','M','Lagerhausstra?e 1, 31197, Aach',3832,16),(3908897678,'Adam Trejo','1969-06-24','F','G?rresstra?e 1, 11770, D?rfles-Esbach',2109967689,9),(3908897679,'Ling Abel','1949-12-17','F','Rosental 2, 34304, Berg',429500514,23),(3908897680,'Dania Alba','1951-03-28','M','Barer Stra?e 2a, 27669, Lindemannsruhe',3908897644,16),(3908897681,'Debera Sweat','1957-10-19','M','Sporerstra?e 9, 96165, Eldenburg',2539464589,7),(3908897682,'Mai Haas','1988-02-14','F','Aberlestra?e 25-29, 81039, Teisendorf',1146076846,20),(3908897683,'Roseanna Tran','1982-06-28','M','Liebergesellstra?e 248c, 58192, Ahlen',2539464510,2),(3908897684,'Ada Roth','2009-06-24','M','Hopfenstra?e 2, 11952, Altlewin',2959489010,12),(3908897685,'Kendall Mcadams','1948-08-09','M','Wittelsbacherstra?e 2, 76024, Legefeld',1146076904,22),(3908897686,'Perry Isom','1980-11-05','M','Deutingerstra?e 22-28, 63250, Immendingen',1146076722,7),(3908897687,'Vance Allred','1950-10-31','M','Am Bergsteig 8e, 16171, Adelshofen',3834,22),(3908897688,'Kraig Hess','2008-04-06','F','Adalbertstra?e 2, 52298, Battaune',3908897710,11),(3908897689,'Collin Alvarado','1957-05-18','F','Asamstra?e 2, 17087, Dietzenrode/Vatterode',429500670,14),(3908897690,'Briana Moniz','1949-05-27','F','H?berlstra?e 1, 08610, Wittmar',3388985600,1),(3908897691,'Linette Cornelius','2004-08-03','M','Belfortstra?e 15-16, 65294, H?ltinghausen',3388985712,9),(3908897692,'Tianna Locklear','1946-06-23','F','Gotzinger Stra?e 2, 01602, Burlage',2539464392,1),(3908897693,'Kermit Villegas','1995-01-15','M','Sattlerstra?e 2, 54991, Buchenhorst',3479400920,6),(3908897694,'Jamison Baum','1949-06-23','F','L?ndstra?e 3, 91090, Brenk',3865,13),(3908897695,'Idell Alves','1976-04-10','M','Schwindstra?e 2, 17704, Achstetten',429500541,1),(3908897696,'Adalberto Montez','2000-02-29','F','Herzogspitalstra?e 2, 64832, Allstedt',3908897693,17),(3908897697,'Oma Dial','1986-02-15','M','Martin-Behaim-Stra?e 5, 03041, Aalen',3866,1),(3908897698,'Scot Petit','2016-02-25','M','Maronstra?e 5, 01425, P?tenitz',3388985767,7),(3908897699,'Stanley Mendenhall','1949-09-01','F','Fallmerayerstra?e 2, 06515, B?elnorderfeld',2109967692,14),(3908897700,'Aiko Ames','2018-07-29','M','Lothringer Stra?e 1a, 91116, Hohne',2959489012,23),(3908897701,'Rudy Contreras','1995-04-30','M','Englischer Garten 1, 26458, esteburg',1146076788,13),(3908897702,'Fredric Camacho','1956-04-04','F','Hinterb?renbadstra?e 2b, 62998, Hohenbergen',3908897543,19),(3908897703,'Yvonne Clarke','2007-11-22','M','Gammelsdorfer Stra?e 1a, 11628, Kuhfelde',3388985602,21),(3908897704,'Violette Dangelo','1991-05-13','M','Rauchstra?e 5, 38733, Straach',3479401016,1),(3908897705,'Adam Wang','1991-06-11','F','Pixisstra?e 9, 15893, Laufenbacherhof',1146076880,18),(3908897706,'Austin Miles','1952-04-14','F','August-K?hn-Stra?e 4, 35957, Aachen',2959488903,13),(3908897707,'Riley Castellanos','1990-10-19','F','Widenmayerstra?e 16, 93391, Mielkendorf',2959488924,23),(3908897708,'Beula Alderman','1967-08-21','M','Krumbacherstra?e 2, 77386, Meitingen',1575573456,5),(3908897709,'Lamar Crisp','2013-01-05','M','Ehrengutstra?e 1, 16116, Affinghausen',3908897671,13),(3908897710,'Cleveland Andrew','2012-06-22','M','Hochstra?e 2, 21741, Sch?nwalde',429500623,14),(3908897711,'Raquel Shuler','1961-01-14','F','Kidlerstra?e 23-29, 07218, Buchheim',2109967840,21),(3908897712,'Bulah Anthony','2014-09-26','M','Tengstra?e 1, 32530, Schlieben',3893,3),(3908897713,'Columbus Avalos','1975-07-06','F','Dollmannstra?e 1, 16220, Medard',429500567,12),(3908897714,'Blaine Acker','1993-10-14','M','Landshuter Allee 2, 71516, Bad Rappenau',2109967693,20),(3908897715,'Ashley Angel','1997-10-06','M','Reifenstuelstra?e 1f, 82056, Triebischtal',2109967860,23),(3908897716,'Lina Keener','1944-01-09','F','Holbeinstra?e 5, 91557, Schwarzen',1146076790,19),(3908897717,'Serafina Acuna','2007-11-09','F','Auerfeldstra?e 2, 99568, Gro?heirath',2539464513,1),(3908897718,'Benton Boston','1987-06-11','M','Residenzstra?e 3, 42243, Lichterfelde',429500673,5),(3908897719,'Terence Ackerman','1954-01-20','F','Auenstra?e 1, 74449, Wang',3908897673,11),(3908897720,'Quintin Garvey','1950-01-24','F','Ackermannstra?e 5, 61407, Linderhof',3388985689,17),(3908897721,'Eric Harter','1989-02-08','M','Rottmannstra?e 3, 21683, Dreschvitz',2109967665,19),(3908897722,'Ricardo Mccloud','1990-06-04','M','Isarring 1, 07217, Aarbergen',2109967814,1),(3908897723,'Ashly Tamayo','2013-02-09','F','Tattenbachstra?e 2, 99159, Arnstein',3388985656,10),(3908897724,'Genaro West','2018-09-29','M','Schwalbenstra?e 12, 19192, M?glenz',429500625,14),(3908897725,'Jeremiah Clevenger','1974-01-22','M','Hornsteinstra?e 4, 53084, Gr??nitz',429500456,21),(3908897726,'Rolf Parnell','2001-11-03','F','Orleansstra?e 2a, 88227, Neuheim',2959488926,10),(3908897727,'Alejandra William','1976-09-13','M','Corneliusstra?e 2, 84027, Affinghausen',2959489013,16),(3908897728,'Dulcie Mundy','1960-06-21','M','Schwanthalerstra?e 27e, 76071, Mittelbiberach',3761,2),(3908897729,'Donnette Frierson','2020-02-12','M','Welfenstra?e 6, 24861, Winningen',2959488959,9),(3908897730,'Michel Christopher','2015-05-16','M','Michael-Huber-Weg 2f, 63916, Wohlde',429500517,1),(3908897731,'Adalberto Strauss','1987-01-06','F','Sendlinger-Tor-Platz 2d, 82486, Eimke',429500545,4),(3908897732,'Yasmine Mcnutt','1994-03-15','M','Quellenstra?e 24e, 69391, Bl?then',1575573485,22),(3908897733,'Shirleen Ferreira','1947-02-14','F','Mauerkircherstra?e 21-29, 92823, Hilmersdorf',429500458,12),(3908897734,'Ada Ennis','1983-01-23','M','Kuglerstra?e 3, 29830, L?wenbruch',429500599,16),(3908897735,'Roberto Wirth','1979-08-24','F','Nordendstra?e 2b, 85344, Bad M?nster-Ebernbur',429500648,23),(3908897736,'Emil Qualls','1946-08-15','M','Karmeliterstra?e 9, 62230, Linthe',429500492,10),(3908897737,'Sandy Havens','1949-02-17','M','Pranckhstra?e 26e, 67860, Stadtoldendorf',2109967842,18),(3908897738,'Adolph Humes','1971-09-24','F','Dietlindenstra?e 1a, 96385, Hermstedt',2959488960,7),(3908897739,'Angelo Clayton','2011-07-19','M','Regerplatz 1, 79837, Otter',2539464619,14),(3908897740,'Nichol Hobson','2004-04-04','F','Quellenstra?e 2, 53261, ?rrstadt',1146076883,16),(3908897741,'Faustino Brandt','1983-08-06','M','Morassistra?e 1, 67209, Swisttal',3479400971,6),(3908897742,'Enriqueta Adams','1952-01-03','F','Angererstra?e 3, 08056, Haseldorf',2959489079,10),(3908897743,'Garrett Kemp','1945-05-19','F','Galeriestra?e 8, 25666, Allenfeld',1146076926,18),(3908897744,'Janeth Blevins','1977-12-20','M','Gaiglstra?e 21f, 71994, Heidersdorf',3908897716,17),(3908897745,'Carita Bliss','1985-05-29','F','Beetzstra?e 20, 73615, Morxdorf',2539464547,20),(3908897746,'Arnita Ferguson','1992-12-29','F','Reitmorstra?e 2, 45364, Neukalen',2109967668,3),(3908897747,'Antonio Akin','1983-08-24','F','Erich-K?stner-Stra?e 49, 19629, Neu Poorstorf',2959488875,17),(3908897748,'Armando Winslow','2020-05-03','F','Theatinerstra?e 14-19, 68760, Bergisch Gladba',1575573640,3),(3908897749,'Natacha Cunningham','2008-09-22','M','Schwarzmannstra?e 1, 41210, Ferchels',2959488929,16),(3908897750,'Donnetta Ammons','2009-09-08','M','Alexandrastra?e 16, 95555, Neum?hle',3908897718,23),(3908897751,'Kit Parham','1980-10-08','M','Adamstra?e 41a, 53342, Trogen',2539464574,3),(3908897752,'Guillermo Lugo','1983-12-10','M','Paul-Heyse-Stra?e 11-18, 98622, Alkersum',2109967732,9),(3908897753,'Kareem Beers','1953-06-20','M','Wilhelm-Tell-Stra?e 19d, 24864, Gro? Marzehns',3479400993,14),(3908897754,'Darnell Cabral','1980-08-29','F','Schlotthauerstra?e 1, 96582, Warrenzin',2959489083,24),(3908897755,'Danilo Aldridge','1968-06-05','F','Maximilian-Wetzger-Stra?e 5, 84885, Gunkelrod',1146076942,11),(4294967295,'Mac Alderman','1985-03-29','F','Alois-Gilg-Weg 6, 33493, Bad Staffelstein',3388985816,3);
/*!40000 ALTER TABLE `persona` ENABLE KEYS */;
UNLOCK TABLES;

--
-- Table structure for table `persona_has_obrasocial`
--

DROP TABLE IF EXISTS `persona_has_obrasocial`;
/*!40101 SET @saved_cs_client     = @@character_set_client */;
/*!50503 SET character_set_client = utf8mb4 */;
CREATE TABLE `persona_has_obrasocial` (
  `PERSONA_DNI` int(10) unsigned NOT NULL,
  `idObraSocial` int(10) unsigned NOT NULL,
  `nroAfiliado` int(11) NOT NULL,
  `plan` varchar(40) NOT NULL,
  PRIMARY KEY (`PERSONA_DNI`,`idObraSocial`),
  KEY `fk_PERSONA_has_OBRASOCIAL_OBRASOCIAL1_idx` (`idObraSocial`),
  KEY `fk_PERSONA_has_OBRASOCIAL_PERSONA1_idx` (`PERSONA_DNI`),
  CONSTRAINT `fk_PERSONA_has_OBRASOCIAL_OBRASOCIAL1` FOREIGN KEY (`idObraSocial`) REFERENCES `obrasocial` (`idObraSocial`),
  CONSTRAINT `fk_PERSONA_has_OBRASOCIAL_PERSONA1` FOREIGN KEY (`PERSONA_DNI`) REFERENCES `persona` (`DNI`)
) ENGINE=InnoDB DEFAULT CHARSET=utf8;
/*!40101 SET character_set_client = @saved_cs_client */;

--
-- Dumping data for table `persona_has_obrasocial`
--

LOCK TABLES `persona_has_obrasocial` WRITE;
/*!40000 ALTER TABLE `persona_has_obrasocial` DISABLE KEYS */;
INSERT INTO `persona_has_obrasocial` VALUES (10,69,8085127,'B5'),(3711,139,7388807,'O3'),(3712,253,4223214,'J6'),(3713,154,1058717,'B5'),(3714,37,2126758,'T4'),(3715,87,219640,'N3'),(3716,261,4636073,'Z3'),(3717,156,9562297,'I4'),(3718,66,962244,'Y2'),(3719,210,2175315,'T6'),(3720,101,3760078,'J0'),(3721,257,3676177,'T9'),(3722,68,3616873,'B0'),(3723,202,8481648,'P9'),(3724,114,497510,'H0'),(3725,139,162192,'L3'),(3726,16,2119727,'E6'),(3727,103,745686,'Z5'),(3728,175,7602144,'L0'),(3729,181,5311785,'D2'),(3730,122,6262554,'U6'),(3731,181,9757979,'O3'),(3732,128,8024988,'M5'),(3733,258,1035737,'D1'),(3734,103,9276128,'V3'),(3735,294,6110114,'P3'),(3736,155,3291010,'Q7'),(3737,60,4172509,'X1'),(3738,224,1160930,'G7'),(3739,264,8353335,'U7'),(3740,93,7723265,'A4'),(3741,276,8334841,'P9'),(3742,113,9829452,'X7'),(3743,193,4985594,'T2'),(3744,280,3506199,'Z2'),(3745,260,9781515,'E9'),(3746,18,7803324,'L8'),(3747,34,5750849,'W2'),(3748,45,9971364,'A3'),(3749,9,1961816,'R2'),(3750,254,8357800,'O0'),(3751,35,4093135,'R8'),(3752,237,4493149,'X2'),(3753,124,2491403,'A8'),(3754,206,3153320,'C2'),(3755,214,4000900,'K3'),(3756,232,1419943,'G6'),(3757,179,7401287,'X1'),(3758,275,8526432,'O4'),(3759,199,8059508,'X4'),(3760,292,1765638,'Q5'),(3761,275,4988610,'M3'),(3762,131,3899115,'C5'),(3763,82,3385139,'V5'),(3764,291,3664535,'V8'),(3765,75,7847459,'G4'),(3766,192,4592190,'M7'),(3767,246,1807244,'L2'),(3768,95,7629307,'D3'),(3769,16,6676925,'W8'),(3770,253,362689,'V8'),(3771,239,8602542,'L5'),(3772,183,9790287,'Z7'),(3773,205,4306450,'X9'),(3774,40,7045336,'V8'),(3775,139,484280,'A3'),(3776,151,8030440,'Q1'),(3777,276,9773195,'S1'),(3778,136,3515971,'T2'),(3779,120,359340,'M8'),(3780,108,2780839,'I3'),(3781,161,2728830,'C1'),(3782,206,1476653,'M4'),(3783,258,7508780,'V6'),(3784,148,3795373,'K1'),(3785,158,9415323,'T6'),(3786,35,7086339,'L4'),(3787,115,4722103,'D4'),(3788,59,1710013,'H4'),(3789,91,2383064,'L3'),(3790,156,7011615,'C4'),(3791,40,9528390,'M4'),(3792,199,4474158,'S6'),(3793,175,5836131,'A8'),(3794,155,4618362,'Q0'),(3795,79,8423537,'M7'),(3796,269,3109887,'N9'),(3797,296,2331327,'V6'),(3798,190,8922401,'X7'),(3799,207,4834585,'M2'),(3800,214,1107418,'N8'),(3801,269,7489353,'U3'),(3802,212,7135914,'K5'),(3803,196,319690,'P3'),(3804,131,3974202,'G2'),(3805,195,137741,'X9'),(3806,223,8903034,'F0'),(3807,209,5281877,'T5'),(3808,95,1653805,'A8'),(3809,118,4193266,'D1'),(3810,184,6531140,'E9'),(3811,271,2981331,'O7'),(3812,83,3822169,'J8'),(3813,65,1364293,'T3'),(3814,145,3081802,'V4'),(3815,183,5800816,'Q0'),(3816,94,389892,'U6'),(3817,8,7335132,'Q7'),(3818,74,5572193,'A2'),(3819,95,5685244,'T6'),(3820,143,376453,'K3'),(3821,260,3229406,'R1'),(3822,217,2966632,'U3'),(3823,270,1591457,'Z7'),(3824,86,6057781,'D9'),(3825,172,5351841,'M6'),(3826,215,8881830,'I0'),(3827,99,8074992,'B5'),(3828,201,4176869,'C5'),(3829,32,6974185,'A4'),(3830,48,6595246,'W7'),(3831,200,7722536,'X7'),(3832,287,8436541,'K0'),(3833,97,9620758,'I8'),(3834,251,3088416,'D4'),(3835,79,4291397,'O5'),(3836,105,9060012,'V7'),(3837,94,1549559,'K5'),(3838,169,4373027,'R5'),(3839,68,4753969,'G6'),(3840,115,2128230,'L2'),(3841,199,1627638,'S3'),(3842,21,6202305,'Y2'),(3843,222,4135653,'O5'),(3844,296,6279966,'L5'),(3845,277,6682085,'P6'),(3846,284,7021899,'A2'),(3847,184,6913274,'G3'),(3848,235,5746481,'H1'),(3849,180,4223196,'Q3'),(3850,39,771831,'I3'),(3851,117,2995275,'D4'),(3852,263,6277001,'A7'),(3853,11,3767920,'H5'),(3854,60,1289803,'G7'),(3855,19,7473424,'H6'),(3856,17,1012296,'X4'),(3857,167,8523512,'E8'),(3858,48,3438058,'G6'),(3859,174,8259596,'H2'),(3860,3,2935284,'T2'),(3861,148,5314064,'Q4'),(3862,4,7315963,'Q6'),(3863,205,2021279,'G6'),(3864,260,4122576,'E5'),(3865,160,3949640,'G9'),(3866,203,2726920,'O0'),(3867,106,6977276,'K7'),(3868,205,7049058,'T1'),(3869,281,8683483,'M7'),(3870,256,4332385,'M7'),(3871,113,5659171,'L4'),(3872,176,4735961,'R6'),(3873,78,4052042,'Z8'),(3874,260,7326910,'D8'),(3875,129,8558333,'U7'),(3876,132,9560698,'C7'),(3877,227,7959122,'L2'),(3878,92,5891443,'B8'),(3879,52,5134427,'Z7'),(3880,135,8651987,'I4'),(3881,215,8692079,'K6'),(3882,115,3393544,'J4'),(3883,85,9760348,'D5'),(3884,158,6291780,'R0'),(3885,272,871272,'Q3'),(3886,252,2740460,'X3'),(3887,256,695567,'M3'),(3888,170,4096480,'O7'),(3889,93,3665031,'C9'),(3890,76,8852821,'L8'),(3891,100,3281302,'M0'),(3892,238,2260810,'F8'),(3893,191,3417630,'O2'),(3894,76,6048778,'D9'),(3895,35,7205281,'E5'),(3896,107,1300122,'N2'),(3897,223,1659898,'H5'),(3898,263,2017341,'G0'),(3899,56,1310052,'X6'),(3900,281,414632,'N1'),(3901,147,9069987,'W4'),(3902,274,9678310,'T6'),(3903,137,929293,'J2'),(3904,61,2637165,'P0'),(3905,98,2364968,'N4'),(3906,255,181456,'D9'),(3907,4,8208919,'V7'),(3908,3,3771754,'L5'),(3909,178,8587753,'W3'),(3910,13,3824720,'Z2'),(3911,258,8729588,'U3'),(3912,122,9896641,'T9'),(3913,139,4646580,'S6'),(3914,154,4632487,'W2'),(3915,240,5354980,'F5'),(3916,257,2602644,'L3'),(3917,141,6361792,'V1'),(3918,277,9007005,'E7'),(3919,122,3965973,'J4'),(3920,161,9977663,'H0'),(3921,132,6296247,'W9'),(3922,154,4013169,'V9'),(3923,160,2740690,'W3'),(3924,233,3386362,'F2'),(3925,264,5872815,'D8'),(3926,62,4436187,'M1'),(3927,214,122350,'E4'),(3928,278,6068013,'C0'),(3929,268,6653829,'J9'),(3930,72,3324558,'B1'),(3931,230,306087,'W5'),(3932,262,8378079,'G9'),(3933,270,6014474,'K0'),(3934,36,1477615,'R5'),(3935,259,814465,'J6'),(3936,250,9488148,'V6'),(3937,80,6994324,'O2'),(3938,50,3699047,'J6'),(3939,230,9671881,'F0'),(3940,138,6055753,'K1'),(3941,268,591407,'G8'),(3942,43,9761832,'Y8'),(3943,265,4830654,'M0'),(3944,1,4590773,'I6'),(3945,177,9077742,'T0'),(3946,197,6561894,'X4'),(3947,129,2528581,'H9'),(3948,89,5656380,'U2'),(3949,7,4988766,'P8'),(3950,262,6021302,'M7'),(3951,78,4517003,'G9'),(3952,141,8206609,'E7'),(3953,156,1433315,'H2'),(3954,152,1260339,'V0'),(3955,232,2691007,'E4'),(3956,54,2986466,'R4'),(3957,45,3211807,'H0'),(3958,252,4981904,'T5'),(3959,189,3718542,'N5'),(3960,101,5145780,'B4'),(3961,242,5530844,'N2'),(3962,18,8203803,'Q8'),(3963,131,3988472,'Z0'),(3964,90,6136059,'I0'),(429500441,288,2380671,'O3'),(429500442,244,1982951,'T2'),(429500443,246,431676,'Q4'),(429500444,111,5405877,'O7'),(429500445,171,5668367,'J4'),(429500446,94,4336566,'O1'),(429500447,66,5473300,'Q0'),(429500448,39,3428956,'G7'),(429500449,132,6506168,'U5'),(429500450,183,3225366,'D9'),(429500451,237,8311244,'H4'),(429500452,273,5994904,'I0'),(429500453,138,2378811,'V6'),(429500454,114,172341,'A4'),(429500455,221,9424297,'A4'),(429500456,116,5653552,'H2'),(429500457,83,1029842,'J7'),(429500458,180,290049,'Z1'),(429500459,150,6345682,'F3'),(429500460,90,4498107,'C9'),(429500461,5,9554025,'M0'),(429500462,20,3524205,'I9'),(429500463,15,5153351,'G3'),(429500464,232,3548434,'K0'),(429500465,197,3627805,'S6'),(429500466,210,6343613,'H2'),(429500467,191,1614085,'H7'),(429500468,225,4637251,'G5'),(429500469,73,2864720,'G9'),(429500470,269,3684053,'P0'),(429500471,116,6107002,'B7'),(429500472,296,8911044,'D7'),(429500473,214,6208775,'Z3'),(429500474,237,8385797,'L9'),(429500475,47,8447289,'N1'),(429500476,159,295874,'J9'),(429500477,202,7170489,'X4'),(429500478,257,8704249,'L4'),(429500479,274,6347027,'A8'),(429500480,129,3861954,'F5'),(429500481,40,1427135,'W6'),(429500482,47,6473229,'U9'),(429500483,144,3551590,'K8'),(429500484,91,6964521,'J4'),(429500485,100,3704397,'S1'),(429500486,259,3392852,'X1'),(429500487,67,4149040,'H3'),(429500488,131,255150,'D5'),(429500489,232,1113434,'C8'),(429500490,292,4955549,'H3'),(429500491,72,1105821,'Z5'),(429500492,226,1722637,'X5'),(429500493,51,7516510,'K0'),(429500494,107,400352,'Z8'),(429500495,111,888609,'W7'),(429500496,264,1922657,'V1'),(429500497,174,6410351,'H9'),(429500498,131,4293030,'R1'),(429500499,248,5478549,'W1'),(429500500,26,8339991,'U9'),(429500501,232,8610574,'L6'),(429500502,92,7696740,'A9'),(429500503,186,7231673,'M6'),(429500504,32,2043083,'E1'),(429500505,18,7391150,'J8'),(429500506,95,757498,'R1'),(429500507,161,4504392,'T3'),(429500508,263,756418,'A0'),(429500509,263,8311411,'Z9'),(429500510,91,3481837,'E0'),(429500511,251,2950796,'N2'),(429500512,267,6209187,'P3'),(429500513,258,5817174,'C7'),(429500514,200,9772026,'Y7'),(429500515,127,5958624,'N2'),(429500516,18,1044248,'Q5'),(429500517,38,7905383,'X6'),(429500518,146,5654470,'B3'),(429500519,276,3781341,'T0'),(429500520,145,7023643,'J5'),(429500521,254,8002906,'M5'),(429500522,272,2300868,'Q8'),(429500523,73,6860994,'D2'),(429500524,250,9751793,'I1'),(429500525,39,6857257,'V8'),(429500526,149,1700686,'T4'),(429500527,52,8053368,'I8'),(429500528,61,9688474,'U4'),(429500529,84,3442494,'T4'),(429500530,1,2321853,'L4'),(429500531,224,1504011,'T9'),(429500532,81,237761,'E8'),(429500533,260,5446545,'T0'),(429500534,135,3342031,'J2'),(429500535,69,2945523,'J5'),(429500536,186,6718898,'L0'),(429500537,187,2625653,'B7'),(429500538,2,118945,'B5'),(429500539,179,6618990,'I9'),(429500540,238,4643571,'B9'),(429500541,270,3476439,'M6'),(429500542,234,4839337,'W0'),(429500543,294,4226323,'R7'),(429500544,170,7687485,'T8'),(429500545,97,4970571,'S4'),(429500546,177,6833006,'Z0'),(429500547,34,2042759,'M0'),(429500548,212,6986025,'X3'),(429500549,242,5075753,'Z1'),(429500550,49,619740,'P6'),(429500551,163,8505802,'Q4'),(429500552,221,107831,'C1'),(429500553,60,2319007,'H2'),(429500554,84,5201705,'R0'),(429500555,207,3878703,'P9'),(429500556,124,7698651,'V0'),(429500557,63,2677968,'Z3'),(429500558,132,4423229,'Q1'),(429500559,289,21393,'A4'),(429500560,170,2219758,'X2'),(429500561,76,8632483,'H6'),(429500562,119,9190048,'G5'),(429500563,19,4754985,'D0'),(429500564,87,7903238,'W3'),(429500565,244,4286368,'L1'),(429500566,76,8156016,'K5'),(429500567,271,6108938,'B6'),(429500568,240,6836593,'T2'),(429500569,142,8076829,'I5'),(429500570,79,1385242,'T9'),(429500571,80,1870872,'K4'),(429500572,44,1239894,'K5'),(429500573,208,8386675,'J9'),(429500574,86,106328,'Q1'),(429500575,136,7488661,'L7'),(429500576,124,2547216,'N8'),(429500577,90,4754201,'P6'),(429500578,132,8462875,'G3'),(429500579,13,9273357,'S8'),(429500580,77,2322556,'C7'),(429500581,282,4982940,'T4'),(429500582,198,223046,'O3'),(429500583,225,1277054,'W9'),(429500584,277,7861896,'N0'),(429500585,165,9123919,'Z3'),(429500586,133,6707313,'E6'),(429500587,269,8447109,'Q3'),(429500588,268,9834451,'M1'),(429500589,147,3586057,'F8'),(429500590,256,8001819,'M3'),(429500591,3,3591787,'Q5'),(429500592,203,1406630,'B9'),(429500593,281,4065092,'M2'),(429500594,127,7879829,'A6'),(429500595,5,7165905,'M1'),(429500596,182,3294017,'O0'),(429500597,159,5011393,'P7'),(429500598,164,639709,'Y2'),(429500599,21,8055883,'O1'),(429500600,5,6594559,'T0'),(429500601,245,8074729,'I8'),(429500602,188,2990267,'M0'),(429500603,114,7246997,'H3'),(429500604,296,9413267,'V5'),(429500605,144,9330583,'Y8'),(429500606,63,6864201,'C0'),(429500607,186,2075141,'O2'),(429500608,180,2482485,'S3'),(429500609,53,8666039,'Z2'),(429500610,230,7651519,'X9'),(429500611,73,2493787,'Q1'),(429500612,232,8592267,'J6'),(429500613,232,3130336,'W2'),(429500614,241,6323830,'D9'),(429500615,30,9355508,'P7'),(429500616,268,7722710,'T1'),(429500617,146,5517356,'P9'),(429500618,168,3425059,'S0'),(429500619,80,7318706,'P1'),(429500620,25,5131135,'I9'),(429500621,82,9381592,'E1'),(429500622,30,1922050,'A9'),(429500623,141,4887136,'R4'),(429500624,14,369448,'J9'),(429500625,91,5967812,'Q7'),(429500626,185,9692106,'Z1'),(429500627,206,6366751,'D7'),(429500628,4,8226,'K8'),(429500629,9,3645942,'F6'),(429500630,196,5839041,'P4'),(429500631,114,3471637,'O8'),(429500632,145,3482133,'I5'),(429500633,146,7621263,'A7'),(429500634,241,425586,'H1'),(429500635,106,6937720,'Q0'),(429500636,87,5469162,'V9'),(429500637,270,1965760,'Z2'),(429500638,91,5606603,'R3'),(429500639,173,4769474,'N9'),(429500640,192,2845202,'N8'),(429500641,147,6702873,'Q8'),(429500642,67,9169381,'N6'),(429500643,248,5448713,'G1'),(429500644,117,6330854,'O2'),(429500645,278,401098,'U3'),(429500646,291,3607573,'L6'),(429500647,52,4688993,'A7'),(429500648,79,1401339,'F7'),(429500649,56,4392369,'X2'),(429500650,182,7891489,'F9'),(429500651,195,8168608,'E1'),(429500652,48,9818308,'V1'),(429500653,19,6342880,'K7'),(429500654,23,1487314,'U3'),(429500655,243,365853,'X7'),(429500656,182,6347561,'Y6'),(429500657,259,8044675,'I3'),(429500658,76,8963281,'N7'),(429500659,170,7271816,'H9'),(429500660,142,1804662,'E1'),(429500661,216,2886089,'F6'),(429500662,61,2708852,'I1'),(429500663,140,779449,'F5'),(429500664,105,680845,'M3'),(429500665,111,721338,'O0'),(429500666,14,3444937,'C8'),(429500667,171,2427381,'Z8'),(429500668,71,3520578,'M0'),(429500669,43,1140473,'W7'),(429500670,121,8262465,'H1'),(429500671,248,4140248,'H4'),(429500672,233,792118,'J5'),(429500673,144,7532267,'Q9'),(429500674,159,4652879,'B6'),(429500675,188,3676031,'U9'),(429500676,94,8814488,'I7'),(429500677,163,9607885,'G4'),(429500678,42,4174512,'U5'),(429500679,66,9188686,'I1'),(429500680,49,9875997,'I5'),(429500681,119,1195027,'N1'),(429500682,36,3507852,'O8'),(429500683,210,6920286,'F0'),(429500684,41,1070156,'W4'),(429500685,65,2917589,'C7'),(429500686,153,2975878,'U9'),(429500687,178,7985239,'Z6'),(429500688,248,5125756,'Y1'),(429500689,225,7922301,'G0'),(429500690,151,91386,'J3'),(429500691,124,884493,'Y9'),(429500692,228,2954721,'I3'),(429500693,128,4990877,'L7'),(429500694,6,9372203,'N1'),(1146076708,90,3715876,'H9'),(1146076709,260,6273397,'U2'),(1146076710,263,3678975,'C4'),(1146076711,161,7434544,'M4'),(1146076712,59,3172186,'K5'),(1146076713,149,4615493,'Z7'),(1146076714,90,8300841,'R2'),(1146076715,149,7156750,'Y6'),(1146076716,100,4498314,'V3'),(1146076717,265,4664713,'F9'),(1146076718,264,9904929,'I9'),(1146076719,181,9717948,'C7'),(1146076720,126,1423200,'M4'),(1146076721,262,2092524,'K1'),(1146076722,54,7909605,'E3'),(1146076723,292,8106736,'I5'),(1146076724,133,6590958,'G4'),(1146076725,100,7774573,'P9'),(1146076726,29,459279,'D2'),(1146076727,212,8837525,'Z3'),(1146076728,27,8584046,'O9'),(1146076729,230,3536141,'M0'),(1146076730,31,7149900,'R9'),(1146076731,20,936240,'A1'),(1146076732,165,9843661,'M2'),(1146076733,100,2128875,'Z5'),(1146076734,215,316875,'C3'),(1146076735,36,7622300,'B4'),(1146076736,292,1041658,'V8'),(1146076737,13,874630,'C9'),(1146076738,61,5308552,'E1'),(1146076739,259,7379677,'G0'),(1146076740,203,9805568,'Z0'),(1146076741,153,1577670,'R2'),(1146076742,196,8110629,'B4'),(1146076743,156,5088353,'T3'),(1146076744,179,6004446,'G2'),(1146076745,31,1563388,'I7'),(1146076746,123,7866184,'Q0'),(1146076747,194,6768355,'O2'),(1146076748,150,5662795,'D0'),(1146076749,23,1469232,'G5'),(1146076750,8,3817897,'N6'),(1146076751,33,9284041,'W6'),(1146076752,262,5860604,'S3'),(1146076753,170,5202427,'R9'),(1146076754,115,2079411,'X8'),(1146076755,22,5136581,'R4'),(1146076756,151,9330192,'T4'),(1146076757,276,1104525,'A3'),(1146076758,52,1629864,'M4'),(1146076759,168,1941436,'A6'),(1146076760,271,1713714,'R7'),(1146076761,64,1375767,'Z8'),(1146076762,293,3348793,'O1'),(1146076763,153,7168996,'X1'),(1146076764,242,8920539,'O1'),(1146076765,158,1817852,'D0'),(1146076766,260,8468914,'P0'),(1146076767,196,9009818,'L2'),(1146076768,93,8018695,'I9'),(1146076769,247,2822553,'E4'),(1146076770,22,4713502,'B5'),(1146076771,104,4197454,'B3'),(1146076772,54,3174016,'R5'),(1146076773,10,2400500,'Z6'),(1146076774,281,9967665,'A8'),(1146076775,258,9493315,'C5'),(1146076776,193,3559667,'D2'),(1146076777,293,8550157,'X1'),(1146076778,6,5472963,'O2'),(1146076779,145,1974686,'U9'),(1146076780,104,6035576,'Z8'),(1146076781,74,8622583,'X8'),(1146076782,204,6294591,'H4'),(1146076783,124,1988973,'L5'),(1146076784,56,9318513,'F1'),(1146076785,223,5290882,'E3'),(1146076786,294,8587070,'U1'),(1146076787,96,4454340,'Q1'),(1146076788,284,5572063,'Y6'),(1146076789,123,7389608,'O2'),(1146076790,292,3175940,'S0'),(1146076791,281,932508,'X5'),(1146076792,207,3891279,'T2'),(1146076793,101,4170612,'L6'),(1146076794,217,6196092,'E0'),(1146076795,5,4591269,'D4'),(1146076796,258,3791721,'C3'),(1146076797,60,764968,'H0'),(1146076798,156,5807511,'P9'),(1146076799,6,9298984,'R1'),(1146076800,212,6974198,'X2'),(1146076801,211,46183,'U2'),(1146076802,32,252105,'G3'),(1146076803,76,3185798,'G1'),(1146076804,224,9886105,'E3'),(1146076805,70,7611463,'M3'),(1146076806,184,8537562,'S3'),(1146076807,41,298289,'J4'),(1146076808,215,3254798,'G4'),(1146076809,11,2113338,'M5'),(1146076810,99,8524705,'H9'),(1146076811,111,9304655,'N2'),(1146076812,17,2982587,'H3'),(1146076813,250,4105717,'X7'),(1146076814,120,1352413,'X2'),(1146076815,162,6573790,'M8'),(1146076816,268,8143829,'E6'),(1146076817,287,9110136,'U4'),(1146076818,105,1258421,'N7'),(1146076819,186,156800,'C6'),(1146076820,219,6933587,'E1'),(1146076821,170,1050243,'J9'),(1146076822,112,1979621,'Q1'),(1146076823,6,3288943,'O9'),(1146076824,72,175369,'A1'),(1146076825,277,410328,'R8'),(1146076826,154,4195499,'J9'),(1146076827,118,721967,'T7'),(1146076828,164,1795165,'X6'),(1146076829,127,5616954,'R8'),(1146076830,242,7295739,'L1'),(1146076831,257,4674575,'Y5'),(1146076832,177,4944663,'W3'),(1146076833,23,7327025,'X8'),(1146076834,239,986923,'R7'),(1146076835,100,7093839,'X3'),(1146076836,195,8095122,'R4'),(1146076837,152,4242054,'T9'),(1146076838,64,847042,'S9'),(1146076839,213,61680,'P3'),(1146076840,85,6575736,'Y4'),(1146076841,9,1292958,'L4'),(1146076842,196,5726588,'N4'),(1146076843,59,3934170,'B9'),(1146076844,194,3428437,'O9'),(1146076845,113,6972171,'D6'),(1146076846,234,2743851,'Q5'),(1146076847,192,3471068,'B0'),(1146076848,86,8721507,'E4'),(1146076849,216,8663438,'C0'),(1146076850,215,5094987,'K5'),(1146076851,267,1614158,'M9'),(1146076852,36,6814354,'R0'),(1146076853,217,3868411,'H2'),(1146076854,26,382974,'B1'),(1146076855,61,4691021,'D2'),(1146076856,239,8299817,'X8'),(1146076857,281,158815,'W2'),(1146076858,285,4243878,'A2'),(1146076859,144,9383827,'S3'),(1146076860,123,4037855,'L0'),(1146076861,229,9203656,'E6'),(1146076862,291,1082299,'O9'),(1146076863,38,9156710,'J9'),(1146076864,216,6207969,'Y3'),(1146076865,81,9435931,'P5'),(1146076866,153,6039929,'A5'),(1146076867,163,7225599,'K8'),(1146076868,85,7511466,'X5'),(1146076869,213,8644606,'Q4'),(1146076870,142,8656989,'I3'),(1146076871,131,6436742,'N2'),(1146076872,169,8821767,'W8'),(1146076873,120,4060845,'S5'),(1146076874,134,5317856,'H2'),(1146076875,221,1563176,'Z8'),(1146076876,206,7984193,'L3'),(1146076877,237,6427459,'K2'),(1146076878,260,6579373,'X7'),(1146076879,238,7471658,'H2'),(1146076880,211,1108778,'U3'),(1146076881,23,9410284,'W0'),(1146076882,21,850730,'Q9'),(1146076883,262,1289639,'Q6'),(1146076884,155,3667409,'D8'),(1146076885,206,3590457,'M8'),(1146076886,26,4290442,'A2'),(1146076887,178,7929857,'Q4'),(1146076888,38,5346026,'Z5'),(1146076889,53,2295294,'Z2'),(1146076890,197,1662656,'B1'),(1146076891,94,198157,'F1'),(1146076892,259,7027786,'U2'),(1146076893,191,63517,'N8'),(1146076894,197,4224245,'D4'),(1146076895,99,1326421,'P5'),(1146076896,59,9067645,'H9'),(1146076897,255,6823082,'F1'),(1146076898,216,2789495,'Q1'),(1146076899,173,8557755,'B1'),(1146076900,282,66986,'S3'),(1146076901,241,4568741,'J0'),(1146076902,162,7966010,'T2'),(1146076903,112,7416407,'P5'),(1146076904,68,8897824,'F1'),(1146076905,134,7165945,'P6'),(1146076906,145,3584872,'A3'),(1146076907,31,7991901,'N1'),(1146076908,205,2062597,'H6'),(1146076909,256,6580389,'C7'),(1146076910,243,6132032,'U8'),(1146076911,207,2386609,'J9'),(1146076912,29,4770852,'C4'),(1146076913,32,8205139,'E2'),(1146076914,115,742143,'H1'),(1146076915,95,2949954,'F4'),(1146076916,200,2971014,'S5'),(1146076917,123,7927142,'B1'),(1146076918,190,2696577,'P4'),(1146076919,257,4382504,'F6'),(1146076920,103,7686919,'E8'),(1146076921,199,5447091,'W7'),(1146076922,52,6912953,'B4'),(1146076923,56,6335496,'K8'),(1146076924,65,8111436,'R7'),(1146076925,140,2110725,'Q1'),(1146076926,121,9238938,'R5'),(1146076927,235,5611435,'U6'),(1146076928,125,1347407,'J1'),(1146076929,212,8619947,'I2'),(1146076930,144,5908254,'E6'),(1146076931,164,730385,'Y3'),(1146076932,161,988606,'M7'),(1146076933,97,3897475,'T8'),(1146076934,181,9887520,'K4'),(1146076935,279,9943825,'N4'),(1146076936,184,7603471,'R9'),(1146076937,165,7629282,'O5'),(1146076938,266,7047257,'M3'),(1146076939,104,7035226,'B9'),(1146076940,18,8634811,'Q0'),(1146076941,147,988969,'R8'),(1146076942,160,4135735,'O8'),(1146076943,266,7738667,'P9'),(1146076944,17,30990,'I9'),(1146076945,137,7417623,'N8'),(1146076946,12,4637152,'F6'),(1146076947,19,4419307,'A3'),(1146076948,177,3386938,'D2'),(1146076949,198,8313390,'G4'),(1146076950,252,3904957,'D5'),(1146076951,48,4089537,'J2'),(1146076952,142,7041174,'K3'),(1146076953,289,9753628,'T9'),(1575573439,243,9643497,'R0'),(1575573440,109,9513057,'N9'),(1575573441,84,2498246,'B8'),(1575573442,245,3503496,'C9'),(1575573443,116,6478514,'M8'),(1575573444,221,7950700,'P6'),(1575573445,201,424114,'B1'),(1575573446,137,553889,'R1'),(1575573447,202,2118930,'T6'),(1575573448,119,5610268,'Z5'),(1575573449,195,1351566,'J7'),(1575573450,150,5334970,'J2'),(1575573451,250,2311871,'K6'),(1575573452,127,983473,'M8'),(1575573453,125,5448190,'D3'),(1575573454,51,3810993,'P9'),(1575573455,274,5381765,'G8'),(1575573456,226,4347361,'M2'),(1575573457,260,463171,'F4'),(1575573458,7,4569986,'M4'),(1575573459,31,9465786,'N9'),(1575573460,168,9678459,'C6'),(1575573461,112,5490667,'W7'),(1575573462,19,3690371,'T0'),(1575573463,184,6261083,'W1'),(1575573464,85,9872002,'Z6'),(1575573465,93,5945202,'Y6'),(1575573466,190,9963895,'W0'),(1575573467,106,7262222,'W4'),(1575573468,126,3928462,'O1'),(1575573469,67,8498388,'W6'),(1575573470,55,1568347,'I2'),(1575573471,104,361975,'F5'),(1575573472,242,6559018,'L4'),(1575573473,96,5693956,'Z6'),(1575573474,171,9856000,'Y5'),(1575573475,13,4171525,'Y1'),(1575573476,50,2660490,'Z2'),(1575573477,7,1389870,'D7'),(1575573478,21,1060739,'U4'),(1575573479,6,5975732,'D4'),(1575573480,285,5832116,'Y6'),(1575573481,117,4730729,'C2'),(1575573482,5,3721617,'A7'),(1575573483,170,1545369,'Y4'),(1575573484,120,2481692,'K4'),(1575573485,77,5515196,'U7'),(1575573486,230,4580042,'R5'),(1575573487,78,8289687,'K8'),(1575573488,151,4301575,'K3'),(1575573489,171,3813905,'X4'),(1575573490,84,2572013,'X2'),(1575573491,137,6151835,'I7'),(1575573492,139,5220052,'B9'),(1575573493,253,4538401,'E9'),(1575573494,153,799323,'Z8'),(1575573495,177,5114667,'F2'),(1575573496,134,6657185,'W1'),(1575573497,250,2748414,'S3'),(1575573498,220,9844410,'V5'),(1575573499,163,3789841,'U1'),(1575573500,198,6739647,'E9'),(1575573501,172,9994106,'S0'),(1575573502,284,3044987,'L5'),(1575573503,64,8034611,'F8'),(1575573504,207,7677130,'B1'),(1575573505,52,1263185,'O5'),(1575573506,254,9768859,'G1'),(1575573507,31,3817486,'T8'),(1575573508,86,6696211,'U7'),(1575573509,91,7315683,'W5'),(1575573510,134,3836620,'V6'),(1575573511,99,4379375,'S7'),(1575573512,76,461782,'V8'),(1575573513,183,7491321,'M8'),(1575573514,201,7900705,'U3'),(1575573515,291,5703822,'T2'),(1575573516,114,1050935,'L4'),(1575573517,4,869488,'Y0'),(1575573518,209,3980295,'Y0'),(1575573519,161,1132389,'V0'),(1575573520,218,3417191,'P4'),(1575573521,224,2991725,'B3'),(1575573522,155,8750940,'S8'),(1575573523,238,8153645,'B2'),(1575573524,266,3153199,'F3'),(1575573525,31,4594308,'X9'),(1575573526,23,9397338,'C1'),(1575573527,188,41120,'F4'),(1575573528,294,7376558,'W5'),(1575573529,220,7605857,'M8'),(1575573530,204,2512794,'Y3'),(1575573531,179,5519349,'O5'),(1575573532,53,1118852,'Q8'),(1575573533,272,1827371,'M8'),(1575573534,42,3452664,'D2'),(1575573535,164,9920847,'F4'),(1575573536,103,515172,'A5'),(1575573537,54,4814146,'W0'),(1575573538,147,15766,'N8'),(1575573539,63,5002613,'Z2'),(1575573540,230,8591203,'Y9'),(1575573541,121,5282308,'B4'),(1575573542,139,184135,'H9'),(1575573543,250,9748542,'U3'),(1575573544,197,354782,'D3'),(1575573545,210,7563135,'L7'),(1575573546,145,8417284,'P1'),(1575573547,120,2757771,'Q9'),(1575573548,195,7587203,'X9'),(1575573549,140,9538913,'C1'),(1575573550,120,3799899,'Z3'),(1575573551,120,2205908,'E8'),(1575573552,79,7309456,'J7'),(1575573553,5,1681304,'G3'),(1575573554,183,6288062,'H8'),(1575573555,11,3490528,'J9'),(1575573556,10,7149781,'M6'),(1575573557,108,9975340,'G8'),(1575573558,32,1879673,'X9'),(1575573559,255,5739210,'T0'),(1575573560,134,5025871,'X7'),(1575573561,157,7309513,'O9'),(1575573562,267,8076812,'M5'),(1575573563,16,8807639,'P5'),(1575573564,293,7329195,'S8'),(1575573565,245,1704000,'W1'),(1575573566,267,9490817,'V3'),(1575573567,8,4609631,'T0'),(1575573568,33,8116521,'O6'),(1575573569,263,4588577,'V9'),(1575573570,90,3710689,'O9'),(1575573571,95,5450971,'Z1'),(1575573572,172,4334858,'R1'),(1575573573,61,5201473,'I4'),(1575573574,121,1214957,'B5'),(1575573575,237,5958641,'D4'),(1575573576,268,5475141,'X7'),(1575573577,173,9726174,'B3'),(1575573578,191,961835,'P8'),(1575573579,190,110522,'N6'),(1575573580,158,5737246,'P7'),(1575573581,215,4559805,'Z6'),(1575573582,53,1595034,'H1'),(1575573583,46,8451780,'C0'),(1575573584,120,1462863,'W8'),(1575573585,18,9150285,'T3'),(1575573586,102,5635488,'O3'),(1575573587,25,3033520,'F1'),(1575573588,52,4397406,'J3'),(1575573589,258,3160035,'I7'),(1575573590,82,1173372,'D9'),(1575573591,113,9815573,'K2'),(1575573592,200,1934072,'J8'),(1575573593,174,4922503,'D3'),(1575573594,35,5635990,'O8'),(1575573595,58,290035,'S9'),(1575573596,205,8519374,'Z6'),(1575573597,7,3937845,'M6'),(1575573598,273,9261313,'F9'),(1575573599,55,7777317,'F4'),(1575573600,151,3086383,'F7'),(1575573601,216,9875852,'V7'),(1575573602,5,5436924,'I3'),(1575573603,247,9438349,'L8'),(1575573604,156,6677250,'T5'),(1575573605,61,6716272,'Y6'),(1575573606,200,7919030,'Z3'),(1575573607,163,1736491,'B9'),(1575573608,34,7408207,'D6'),(1575573609,163,9237532,'P9'),(1575573610,87,9672684,'D3'),(1575573611,117,8097145,'L0'),(1575573612,229,5294429,'K4'),(1575573613,184,4540656,'J4'),(1575573614,115,2546346,'F9'),(1575573615,167,1165400,'Y1'),(1575573616,197,313223,'R1'),(1575573617,142,7031608,'V7'),(1575573618,34,7100044,'F7'),(1575573619,188,3807549,'T0'),(1575573620,22,1888400,'H1'),(1575573621,218,1777281,'Y0'),(1575573622,293,211968,'P2'),(1575573623,187,9531501,'K9'),(1575573624,99,4984383,'O2'),(1575573625,47,4605585,'O7'),(1575573626,138,3593867,'S8'),(1575573627,17,9332896,'T4'),(1575573628,184,2917594,'T3'),(1575573629,123,3460863,'L9'),(1575573630,89,9753829,'U4'),(1575573631,104,9035498,'G5'),(1575573632,262,8069659,'Z5'),(1575573633,278,7829643,'D6'),(1575573634,121,2150783,'N2'),(1575573635,26,5166866,'T3'),(1575573636,54,9759899,'C0'),(1575573637,14,84491,'I5'),(1575573638,275,4968601,'E2'),(1575573639,49,4866593,'F5'),(1575573640,51,6333076,'B7'),(1575573641,9,6273337,'T4'),(1575573642,198,4891767,'N4'),(1575573643,88,305414,'C6'),(1575573644,80,9187207,'H2'),(1575573645,209,1640627,'O2'),(1575573646,92,8643785,'K4'),(1575573647,35,6067606,'Q9'),(1575573648,19,1570048,'Y7'),(1575573649,289,3735704,'P4'),(1575573650,242,3378607,'H1'),(1575573651,86,6842866,'E5'),(1575573652,113,3254055,'F3'),(1575573653,188,5499719,'Z6'),(1575573654,277,8807051,'U7'),(1575573655,38,2400063,'Z3'),(1575573656,197,1212741,'N4'),(1575573657,166,9810103,'D9'),(1575573658,229,3954701,'R6'),(1575573659,25,7664002,'S7'),(1575573660,115,4270862,'L8'),(1575573661,197,7718627,'F9'),(1575573662,100,1938682,'U9'),(1575573663,132,4544629,'T6'),(1575573664,249,2562969,'U0'),(1575573665,113,2130766,'E2'),(1575573666,83,7509496,'O1'),(1575573667,249,5164312,'F7'),(1575573668,115,1483498,'A3'),(1575573669,66,9611927,'I6'),(1575573670,101,997757,'R7'),(1575573671,208,492600,'C8'),(1575573672,75,5044849,'F5'),(1575573673,204,600023,'D5'),(1575573674,134,3187217,'F7'),(1575573675,47,5984277,'W2'),(1575573676,126,9030967,'S1'),(1575573677,134,8670118,'K0'),(1575573678,257,4106293,'T3'),(1575573679,247,5135806,'P3'),(1575573680,136,573446,'W0'),(1575573681,290,8615111,'Y5'),(1575573682,155,1199938,'M3'),(1575573683,56,1544603,'E7'),(1575573684,112,230571,'I4'),(2109967645,115,3867987,'R8'),(2109967646,117,4012747,'E5'),(2109967647,227,642654,'H7'),(2109967648,227,2212900,'H3'),(2109967649,159,1769141,'N4'),(2109967650,107,1980832,'K5'),(2109967651,292,9403240,'K0'),(2109967652,5,9983110,'D4'),(2109967653,182,1273630,'K2'),(2109967654,288,9376327,'J4'),(2109967655,200,254391,'A4'),(2109967656,58,2478975,'Y4'),(2109967657,172,9154087,'N7'),(2109967658,217,8338198,'C6'),(2109967659,214,6636007,'F5'),(2109967660,137,5530652,'B4'),(2109967661,73,7755374,'F5'),(2109967662,128,8529203,'E5'),(2109967663,22,8078371,'P4'),(2109967664,239,4719692,'Q5'),(2109967665,46,6411083,'S5'),(2109967666,95,1321666,'U7'),(2109967667,234,4458195,'R7'),(2109967668,12,214272,'D9'),(2109967669,29,6549106,'G6'),(2109967670,36,2670546,'X1'),(2109967671,107,8527539,'X8'),(2109967672,157,807946,'Y4'),(2109967673,16,3924879,'L7'),(2109967674,55,601748,'S5'),(2109967675,180,1030129,'Q6'),(2109967676,268,1873459,'N5'),(2109967677,267,3517730,'U7'),(2109967678,207,5895710,'R9'),(2109967679,170,3154117,'O4'),(2109967680,234,3661439,'T9'),(2109967681,171,3952149,'C8'),(2109967682,296,4624835,'T6'),(2109967683,58,445802,'R0'),(2109967684,240,5169049,'W9'),(2109967685,41,7217383,'R6'),(2109967686,290,1915350,'I6'),(2109967687,159,5226714,'Y2'),(2109967688,174,2836689,'L0'),(2109967689,12,5923377,'Q5'),(2109967690,87,3306659,'P9'),(2109967691,185,425019,'W3'),(2109967692,194,5630937,'T7'),(2109967693,295,6261441,'A7'),(2109967694,104,9955194,'S7'),(2109967695,244,5308943,'W3'),(2109967696,93,2322012,'H2'),(2109967697,245,9558494,'J9'),(2109967698,39,6136504,'T2'),(2109967699,201,370439,'Z6'),(2109967700,173,3494365,'B2'),(2109967701,86,537950,'B9'),(2109967702,78,2058307,'E1'),(2109967703,182,1950741,'I9'),(2109967704,252,8453870,'O4'),(2109967705,14,4652743,'E3'),(2109967706,168,9965550,'A4'),(2109967707,276,4436989,'Z4'),(2109967708,8,4107585,'C8'),(2109967709,258,1111902,'X1'),(2109967710,119,6035130,'M5'),(2109967711,252,1237599,'R1'),(2109967712,163,4628139,'X2'),(2109967713,154,2636321,'X7'),(2109967714,113,260629,'A3'),(2109967715,140,5867923,'B2'),(2109967716,182,9885987,'L7'),(2109967717,236,6794889,'H0'),(2109967718,192,1096628,'F6'),(2109967719,88,3326889,'X1'),(2109967720,247,7784606,'N1'),(2109967721,76,4001990,'H1'),(2109967722,295,618916,'F3'),(2109967723,233,6106861,'B9'),(2109967724,246,8095837,'P5'),(2109967725,180,6014676,'Y3'),(2109967726,193,6075551,'K6'),(2109967727,49,9101471,'A4'),(2109967728,208,1183031,'V3'),(2109967729,149,8977165,'R9'),(2109967730,69,633509,'S3'),(2109967731,51,1556600,'S1'),(2109967732,111,628173,'B7'),(2109967733,156,8360998,'R9'),(2109967734,159,7522909,'F8'),(2109967735,254,3875611,'R8'),(2109967736,133,5440331,'M3'),(2109967737,191,9749523,'S3'),(2109967738,62,8909437,'U2'),(2109967739,47,9086167,'S9'),(2109967740,62,7970904,'A9'),(2109967741,18,6212409,'W5'),(2109967742,188,6343285,'V8'),(2109967743,100,5714171,'I0'),(2109967744,49,5588210,'M8'),(2109967745,259,9260551,'A9'),(2109967746,220,2518423,'J4'),(2109967747,190,3352868,'Y3'),(2109967748,287,8147868,'O3'),(2109967749,51,9711050,'G0'),(2109967750,123,9260177,'V7'),(2109967751,120,1161189,'Z5'),(2109967752,71,3834160,'M3'),(2109967753,263,8183437,'J7'),(2109967754,106,6567459,'N6'),(2109967755,192,786849,'M8'),(2109967756,294,9093168,'X8'),(2109967757,113,1477071,'K2'),(2109967758,146,4409708,'R7'),(2109967759,259,2739219,'I1'),(2109967760,258,9592141,'F4'),(2109967761,224,5212888,'R7'),(2109967762,260,322370,'Y0'),(2109967763,216,2610125,'Q8'),(2109967764,238,3139673,'H9'),(2109967765,154,6042939,'E1'),(2109967766,182,6054042,'D7'),(2109967767,279,5070012,'K4'),(2109967768,279,4730700,'Y5'),(2109967769,226,2277496,'S5'),(2109967770,162,7164182,'S5'),(2109967771,115,141164,'C9'),(2109967772,141,2918129,'I8'),(2109967773,75,8896450,'Q8'),(2109967774,87,1144020,'A3'),(2109967775,197,3465671,'H6'),(2109967776,56,4868756,'L2'),(2109967777,71,2592105,'E6'),(2109967778,267,9754703,'G2'),(2109967779,25,726344,'V2'),(2109967780,133,5201057,'C7'),(2109967781,288,8746935,'X6'),(2109967782,4,471711,'U8'),(2109967783,71,9341764,'B2'),(2109967784,252,563304,'Z9'),(2109967785,272,3059791,'P8'),(2109967786,102,5882018,'S3'),(2109967787,267,5658067,'N2'),(2109967788,293,6160482,'D8'),(2109967789,214,3188818,'S6'),(2109967790,259,7183219,'L5'),(2109967791,232,1971624,'P7'),(2109967792,218,4136286,'L8'),(2109967793,171,9546635,'W4'),(2109967794,129,3431360,'B7'),(2109967795,190,9919437,'I5'),(2109967796,37,7414322,'N1'),(2109967797,64,3218949,'F8'),(2109967798,151,7735714,'W2'),(2109967799,231,5302475,'J8'),(2109967800,19,2277259,'Y8'),(2109967801,133,8186204,'S1'),(2109967802,87,403556,'K6'),(2109967803,42,137931,'U0'),(2109967804,78,2282089,'R0'),(2109967805,228,3905984,'K4'),(2109967806,242,777796,'F0'),(2109967807,158,5546302,'Q5'),(2109967808,47,899238,'F9'),(2109967809,193,2772939,'Y2'),(2109967810,57,5256053,'P3'),(2109967811,207,2093858,'F3'),(2109967812,236,9757553,'T1'),(2109967813,294,9549168,'M2'),(2109967814,100,9691833,'N0'),(2109967815,263,798944,'B9'),(2109967816,51,4271463,'H4'),(2109967817,171,9212285,'D5'),(2109967818,213,7393365,'D1'),(2109967819,207,8029577,'E8'),(2109967820,50,308621,'B1'),(2109967821,217,1855314,'D1'),(2109967822,130,3210530,'L1'),(2109967823,217,4773769,'W0'),(2109967824,160,4162008,'U8'),(2109967825,247,3772060,'V0'),(2109967826,142,1071701,'Z6'),(2109967827,184,3295257,'Q0'),(2109967828,110,5789104,'G3'),(2109967829,95,9149311,'K7'),(2109967830,106,4565001,'B7'),(2109967831,216,7954519,'A5'),(2109967832,253,155709,'M0'),(2109967833,175,5228835,'O0'),(2109967834,88,8875984,'O9'),(2109967835,156,2139703,'S2'),(2109967836,137,1468090,'Y8'),(2109967837,147,3663819,'V8'),(2109967838,268,6164485,'K1'),(2109967839,287,6526487,'G7'),(2109967840,65,4636251,'H9'),(2109967841,217,8354455,'Y3'),(2109967842,56,5195807,'U4'),(2109967843,195,4972123,'R2'),(2109967844,29,5151010,'Y1'),(2109967845,219,3700629,'U1'),(2109967846,224,9162361,'A1'),(2109967847,11,8527960,'C9'),(2109967848,50,7362943,'E7'),(2109967849,160,5169178,'G6'),(2109967850,82,5072031,'B3'),(2109967851,237,1840077,'Q5'),(2109967852,108,5792276,'Z0'),(2109967853,154,2413105,'L3'),(2109967854,30,7002922,'H3'),(2109967855,183,5811848,'M1'),(2109967856,185,636777,'O6'),(2109967857,217,8991099,'E9'),(2109967858,36,212342,'G9'),(2109967859,291,5542015,'Q7'),(2109967860,134,9707933,'H9'),(2109967861,83,6689356,'I4'),(2109967862,98,7674146,'J9'),(2109967863,22,5941012,'E6'),(2109967864,94,2687573,'W1'),(2109967865,161,2555110,'V0'),(2109967866,157,514440,'W7'),(2109967867,151,4754236,'Z0'),(2109967868,69,8379524,'J8'),(2109967869,3,591785,'W4'),(2109967870,68,9233018,'H8'),(2109967871,224,4576292,'H9'),(2109967872,143,9690568,'E4'),(2109967873,173,1858435,'F6'),(2109967874,270,1054531,'X8'),(2109967875,148,5042952,'E7'),(2109967876,144,8549539,'F5'),(2109967877,137,7244413,'A6'),(2109967878,145,7873785,'O7'),(2109967879,283,5197774,'R0'),(2109967880,41,6509565,'D9'),(2109967881,113,2136983,'Y9'),(2109967882,47,6832473,'Y1'),(2109967883,124,3862338,'S0'),(2109967884,20,9877754,'B4'),(2109967885,284,2344964,'E2'),(2109967886,259,9249399,'U6'),(2109967887,31,8098423,'P9'),(2109967888,266,4895613,'F3'),(2109967889,5,909989,'K5'),(2109967890,165,6129040,'K8'),(2109967891,58,8034785,'I9'),(2109967892,162,2635631,'E1'),(2109967893,130,3891050,'R7'),(2109967894,76,2835990,'D7'),(2109967895,251,4292640,'B5'),(2109967896,287,8548824,'W4'),(2109967897,189,5433998,'A7'),(2109967898,223,7078438,'M1'),(2109967899,118,9788277,'T1'),(2109967900,262,2839632,'Z5'),(2109967901,100,2467944,'U0'),(2539464375,289,4580614,'V0'),(2539464376,147,6259651,'K2'),(2539464377,83,5124023,'E8'),(2539464378,155,1214077,'W6'),(2539464379,230,6953552,'C9'),(2539464380,170,3357729,'T3'),(2539464381,82,8149150,'W2'),(2539464382,117,3484348,'W7'),(2539464383,45,6384457,'X8'),(2539464384,23,7720810,'A6'),(2539464385,107,7784403,'J8'),(2539464386,124,7241237,'C9'),(2539464387,183,8476671,'I6'),(2539464388,286,6830493,'M1'),(2539464389,91,959946,'F1'),(2539464390,187,6346589,'A1'),(2539464391,202,558754,'A7'),(2539464392,126,8145712,'Y8'),(2539464393,122,3646059,'B9'),(2539464394,134,6205609,'Q5'),(2539464395,45,8725973,'G6'),(2539464396,44,2451690,'L6'),(2539464397,181,7259921,'S4'),(2539464398,28,8780988,'F8'),(2539464399,280,4068045,'W4'),(2539464400,125,9484587,'C1'),(2539464401,73,2171847,'S9'),(2539464402,5,7833646,'J5'),(2539464403,14,5227075,'B1'),(2539464404,11,835435,'L1'),(2539464405,181,8459031,'E4'),(2539464406,117,6977651,'D3'),(2539464407,229,7239614,'Z1'),(2539464408,63,4245347,'V5'),(2539464409,239,1329926,'F9'),(2539464410,229,3086919,'M9'),(2539464411,17,7399533,'R3'),(2539464412,242,427080,'B7'),(2539464413,51,2396649,'E2'),(2539464414,237,2562749,'R7'),(2539464415,111,7442701,'M9'),(2539464416,59,190666,'J0'),(2539464417,196,2336741,'T2'),(2539464418,263,8714881,'I9'),(2539464419,252,5829164,'Z5'),(2539464420,99,8682548,'X4'),(2539464421,198,3654470,'N9'),(2539464422,180,269567,'E0'),(2539464423,160,1586525,'P6'),(2539464424,219,9377125,'B9'),(2539464425,295,5724904,'V7'),(2539464426,170,6696477,'K9'),(2539464427,195,5243769,'P2'),(2539464428,241,7981726,'X7'),(2539464429,4,5021243,'A1'),(2539464430,252,6091461,'A4'),(2539464431,188,6593552,'P2'),(2539464432,57,8141789,'K7'),(2539464433,35,1292633,'P7'),(2539464434,162,9099318,'Z7'),(2539464435,218,8938792,'C1'),(2539464436,150,5645872,'Y0'),(2539464437,152,839721,'B8'),(2539464438,131,8592655,'D0'),(2539464439,32,9716096,'C0'),(2539464440,272,9639399,'D8'),(2539464441,120,8425752,'C8'),(2539464442,71,1829356,'R9'),(2539464443,101,6178251,'S8'),(2539464444,230,8888013,'J8'),(2539464445,248,238308,'E5'),(2539464446,207,570653,'T5'),(2539464447,87,7378408,'U5'),(2539464448,266,5399650,'J1'),(2539464449,9,5149023,'I6'),(2539464450,2,2113035,'R2'),(2539464451,142,6542302,'D6'),(2539464452,252,1829383,'A4'),(2539464453,53,2157956,'W7'),(2539464454,111,2423480,'W1'),(2539464455,132,5645125,'V6'),(2539464456,53,7182900,'Z6'),(2539464457,189,8633047,'N0'),(2539464458,96,808442,'Y7'),(2539464459,32,4139349,'E0'),(2539464460,140,7586246,'A5'),(2539464461,54,1248399,'E2'),(2539464462,285,4761369,'T4'),(2539464463,232,6932872,'Q5'),(2539464464,44,1403672,'F5'),(2539464465,278,1884535,'B3'),(2539464466,80,2229011,'B3'),(2539464467,152,9736762,'U9'),(2539464468,45,3130784,'Z7'),(2539464469,186,3040928,'Y4'),(2539464470,123,3011036,'E6'),(2539464471,278,5677848,'S8'),(2539464472,188,1170383,'W8'),(2539464473,29,1805653,'S7'),(2539464474,90,7675264,'E1'),(2539464475,101,1281772,'Z4'),(2539464476,184,5771179,'Y5'),(2539464477,252,6660473,'F1'),(2539464478,137,9798569,'B4'),(2539464479,182,2292187,'G8'),(2539464480,48,1543609,'H9'),(2539464481,20,2177979,'C5'),(2539464482,144,3468105,'M1'),(2539464483,68,6918392,'T1'),(2539464484,228,7922056,'R3'),(2539464485,83,3195154,'H5'),(2539464486,248,6170384,'B8'),(2539464487,7,7040022,'F3'),(2539464488,45,5653781,'E2'),(2539464489,129,935689,'I6'),(2539464490,76,3109790,'T2'),(2539464491,246,5502283,'Q3'),(2539464492,241,8725596,'U2'),(2539464493,162,4526232,'X6'),(2539464494,122,4496957,'N3'),(2539464495,155,867143,'P6'),(2539464496,233,6945127,'T8'),(2539464497,42,7721945,'R8'),(2539464498,5,1340264,'Z8'),(2539464499,41,3771985,'M2'),(2539464500,264,967193,'H2'),(2539464501,217,9655530,'J5'),(2539464502,254,8257226,'D5'),(2539464503,182,4178690,'M4'),(2539464504,234,1399198,'U5'),(2539464505,192,6674497,'I6'),(2539464506,282,3651114,'P5'),(2539464507,241,4172398,'O6'),(2539464508,151,3492744,'C5'),(2539464509,57,8881629,'D8'),(2539464510,78,6669187,'V9'),(2539464511,228,8270797,'Y3'),(2539464512,291,6839123,'H4'),(2539464513,193,4003041,'W4'),(2539464514,129,6841475,'J7'),(2539464515,48,9101677,'Y5'),(2539464516,91,6939069,'A1'),(2539464517,89,9759817,'U8'),(2539464518,295,850420,'P9'),(2539464519,78,1245183,'Q0'),(2539464520,240,5573566,'J8'),(2539464521,50,5973538,'S1'),(2539464522,170,6107698,'R9'),(2539464523,32,8508780,'E3'),(2539464524,13,7334938,'P7'),(2539464525,101,9897193,'U6'),(2539464526,277,4486040,'O4'),(2539464527,55,1160772,'B6'),(2539464528,86,5183027,'K1'),(2539464529,109,3127925,'S9'),(2539464530,22,7892208,'F8'),(2539464531,36,267638,'W9'),(2539464532,173,4073593,'N2'),(2539464533,208,8183777,'Q5'),(2539464534,166,489755,'M8'),(2539464535,292,5262706,'S3'),(2539464536,219,451867,'V6'),(2539464537,43,5461122,'S8'),(2539464538,137,5511593,'F6'),(2539464539,179,4744257,'M9'),(2539464540,165,7635795,'V5'),(2539464541,210,108029,'U9'),(2539464542,75,4179389,'C4'),(2539464543,220,9308920,'Q6'),(2539464544,58,6438925,'S5'),(2539464545,122,9290020,'D4'),(2539464546,152,5932815,'E7'),(2539464547,128,5931961,'M9'),(2539464548,248,9566490,'J7'),(2539464549,249,9257515,'R2'),(2539464550,180,8844732,'Q3'),(2539464551,195,8507973,'W3'),(2539464552,162,6439383,'H8'),(2539464553,214,656812,'R8'),(2539464554,244,8272035,'J1'),(2539464555,278,3657007,'J6'),(2539464556,199,8889518,'K9'),(2539464557,114,4052441,'F1'),(2539464558,205,4626484,'I2'),(2539464559,1,1508298,'B5'),(2539464560,90,5443978,'T0'),(2539464561,109,5159247,'G7'),(2539464562,54,2225976,'B4'),(2539464563,129,9321962,'C6'),(2539464564,258,4405968,'A5'),(2539464565,95,1681610,'I8'),(2539464566,146,1570474,'S0'),(2539464567,145,3318997,'J7'),(2539464568,205,8386285,'K7'),(2539464569,251,9104768,'Z0'),(2539464570,286,3705303,'L1'),(2539464571,175,2916439,'Q7'),(2539464572,121,6138977,'G0'),(2539464573,15,9551740,'W8'),(2539464574,42,4825632,'H3'),(2539464575,182,4941725,'Q8'),(2539464576,165,6828470,'T7'),(2539464577,173,7250350,'T6'),(2539464578,127,7479947,'M3'),(2539464579,271,8806084,'F8'),(2539464580,28,530094,'U6'),(2539464581,63,8356230,'E7'),(2539464582,137,2155760,'V8'),(2539464583,171,4998524,'I3'),(2539464584,220,2296421,'V0'),(2539464585,281,3489712,'M4'),(2539464586,78,9997739,'D5'),(2539464587,64,4626461,'N2'),(2539464588,62,125020,'Y2'),(2539464589,20,1703121,'K4'),(2539464590,260,876035,'M6'),(2539464591,92,909160,'R8'),(2539464592,62,4007229,'B8'),(2539464593,103,2207746,'U6'),(2539464594,147,5802138,'S6'),(2539464595,32,7509045,'F4'),(2539464596,168,2664535,'D6'),(2539464597,26,7743106,'J8'),(2539464598,91,7497292,'W8'),(2539464599,93,3196981,'T6'),(2539464600,74,9590250,'A2'),(2539464601,152,8774741,'J4'),(2539464602,271,8081138,'J4'),(2539464603,7,7277013,'F0'),(2539464604,35,212250,'Q6'),(2539464605,96,6320910,'V0'),(2539464606,99,9646392,'T0'),(2539464607,53,1959453,'K1'),(2539464608,167,8970665,'M7'),(2539464609,54,4020655,'N4'),(2539464610,86,225211,'E3'),(2539464611,174,1695023,'U2'),(2539464612,108,1933225,'K5'),(2539464613,148,606223,'X3'),(2539464614,71,8736110,'U4'),(2539464615,223,8146945,'X4'),(2539464616,296,5069568,'Z0'),(2539464617,67,3981672,'Q2'),(2539464618,205,4047343,'E1'),(2539464619,102,9121833,'B2'),(2539464620,202,3435966,'U0'),(2539464621,175,3339627,'F8'),(2539464622,91,5488214,'J5'),(2539464623,104,5131721,'H7'),(2539464624,209,6007515,'I5'),(2539464625,90,700303,'S2'),(2539464626,103,7263051,'G3'),(2539464627,253,2133098,'G0'),(2539464628,67,9708895,'O3'),(2539464629,250,5732587,'G9'),(2539464630,38,1609387,'I6'),(2539464631,249,7207748,'G2'),(2539464632,168,5241551,'B5'),(2959488855,41,9870724,'G8'),(2959488856,115,2646490,'C4'),(2959488857,18,7617037,'N6'),(2959488858,95,9024510,'C6'),(2959488859,227,4753598,'J3'),(2959488860,3,401653,'O1'),(2959488861,263,6009325,'V0'),(2959488862,129,4002236,'T7'),(2959488863,103,6829468,'S3'),(2959488864,36,5681580,'S6'),(2959488865,233,7077010,'B4'),(2959488866,42,1250021,'O2'),(2959488867,257,1972090,'A2'),(2959488868,269,124831,'Q0'),(2959488869,53,8043120,'M3'),(2959488870,228,9212448,'O0'),(2959488871,267,58016,'L3'),(2959488872,284,6841657,'D1'),(2959488873,204,5711606,'P1'),(2959488874,131,2628504,'V3'),(2959488875,110,5716307,'Z7'),(2959488876,260,4311184,'R8'),(2959488877,169,8076763,'Y8'),(2959488878,45,5153059,'J6'),(2959488879,219,9855435,'Q4'),(2959488880,126,102382,'M1'),(2959488881,207,3917111,'I8'),(2959488882,43,3732035,'V3'),(2959488883,180,5265393,'G5'),(2959488884,229,9868073,'P5'),(2959488885,238,29177,'O8'),(2959488886,230,6373324,'K0'),(2959488887,150,4780451,'T9'),(2959488888,182,4133264,'N2'),(2959488889,143,9712577,'A8'),(2959488890,175,3861116,'E2'),(2959488891,286,8564073,'A0'),(2959488892,167,483584,'H8'),(2959488893,191,1241566,'S6'),(2959488894,296,5510576,'K5'),(2959488895,27,8306790,'X7'),(2959488896,185,4252959,'Z5'),(2959488897,196,2298493,'O2'),(2959488898,218,3429152,'M9'),(2959488899,217,6600682,'P3'),(2959488900,72,6574199,'Y3'),(2959488901,251,218615,'B3'),(2959488902,163,1433738,'T1'),(2959488903,25,2621043,'S7'),(2959488904,65,5855706,'H0'),(2959488905,54,3214240,'W7'),(2959488906,35,3406729,'Y1'),(2959488907,252,8291119,'K0'),(2959488908,31,2025961,'M0'),(2959488909,129,4425524,'C9'),(2959488910,126,9500793,'H4'),(2959488911,91,7985049,'X2'),(2959488912,110,327674,'B5'),(2959488913,251,256050,'G9'),(2959488914,77,7042985,'I6'),(2959488915,273,9687757,'E0'),(2959488916,295,4044785,'U3'),(2959488917,227,7046985,'N1'),(2959488918,148,2551404,'C6'),(2959488919,28,7836150,'O1'),(2959488920,164,4740211,'V1'),(2959488921,183,9585233,'L7'),(2959488922,25,5402394,'C5'),(2959488923,95,8454132,'P2'),(2959488924,148,1567416,'O2'),(2959488925,15,7649699,'U9'),(2959488926,174,3364942,'D2'),(2959488927,159,1917596,'Y0'),(2959488928,107,428232,'S7'),(2959488929,49,4475824,'D4'),(2959488930,63,7946115,'I7'),(2959488931,57,7658123,'R7'),(2959488932,209,650324,'X6'),(2959488933,235,7464512,'V5'),(2959488934,31,9783327,'Q5'),(2959488935,256,9643539,'J5'),(2959488936,116,7627785,'J9'),(2959488937,216,5095565,'I9'),(2959488938,30,3121412,'B9'),(2959488939,162,7806195,'E7'),(2959488940,34,4336857,'Q8'),(2959488941,236,6478956,'Q8'),(2959488942,217,2017172,'Q6'),(2959488943,47,5344498,'N7'),(2959488944,15,2680878,'Z8'),(2959488945,124,5380427,'E2'),(2959488946,82,4470179,'I4'),(2959488947,272,4785085,'D2'),(2959488948,269,8861206,'M9'),(2959488949,153,2881375,'X3'),(2959488950,270,6820788,'U4'),(2959488951,22,7858612,'Z1'),(2959488952,118,6326764,'W5'),(2959488953,275,6184044,'F3'),(2959488954,59,3822216,'D6'),(2959488955,139,805103,'V1'),(2959488956,213,5259473,'A6'),(2959488957,99,8303097,'E9'),(2959488958,277,1513563,'Y2'),(2959488959,110,9458107,'D8'),(2959488960,86,3259482,'H3'),(2959488961,165,7786560,'V6'),(2959488962,78,5299491,'V2'),(2959488963,21,3861306,'K3'),(2959488964,217,1412292,'U1'),(2959488965,217,5705309,'P8'),(2959488966,249,5257934,'I9'),(2959488967,254,2504405,'B8'),(2959488968,146,2328810,'Y2'),(2959488969,69,7982799,'J5'),(2959488970,276,3636360,'K6'),(2959488971,34,8650080,'X3'),(2959488972,236,7373485,'K3'),(2959488973,160,6040382,'T5'),(2959488974,276,3125719,'L1'),(2959488975,34,256971,'V0'),(2959488976,128,8128662,'D4'),(2959488977,176,9144605,'B1'),(2959488978,117,7038564,'N8'),(2959488979,143,5162146,'C6'),(2959488980,267,7127560,'W6'),(2959488981,144,3553435,'H1'),(2959488982,8,4778444,'P2'),(2959488983,43,5062021,'H6'),(2959488984,93,1872040,'S6'),(2959488985,117,608995,'A7'),(2959488986,87,2472753,'R9'),(2959488987,11,7100155,'S5'),(2959488988,130,4218495,'X6'),(2959488989,173,7287726,'Y5'),(2959488990,162,5196605,'A4'),(2959488991,13,2644416,'C5'),(2959488992,165,3744998,'A8'),(2959488993,32,4692776,'G9'),(2959488994,39,1571664,'W0'),(2959488995,73,6380753,'K9'),(2959488996,136,1509977,'N0'),(2959488997,99,9394237,'Z5'),(2959488998,269,9129918,'L8'),(2959488999,90,9754790,'K5'),(2959489000,135,6783667,'X5'),(2959489001,109,972306,'S8'),(2959489002,135,1822256,'I7'),(2959489003,290,6833163,'L2'),(2959489004,50,2790823,'P4'),(2959489005,198,8816902,'N2'),(2959489006,230,8588877,'M6'),(2959489007,71,9659867,'Y6'),(2959489008,129,7708368,'D2'),(2959489009,269,9258473,'O3'),(2959489010,268,1876566,'R1'),(2959489011,256,2896109,'E9'),(2959489012,98,4134127,'U8'),(2959489013,18,7058165,'A9'),(2959489014,258,1660444,'E0'),(2959489015,34,4039401,'I9'),(2959489016,50,3489656,'U5'),(2959489017,44,9800411,'O7'),(2959489018,33,9357012,'H2'),(2959489019,205,2474562,'V3'),(2959489020,197,1330205,'Z6'),(2959489021,4,1411502,'Z3'),(2959489022,280,4192061,'P4'),(2959489023,110,4894803,'D4'),(2959489024,211,7160246,'J6'),(2959489025,41,7570149,'T1'),(2959489026,266,6184103,'I4'),(2959489027,174,1126816,'K2'),(2959489028,184,9434131,'H7'),(2959489029,193,9742456,'J5'),(2959489030,163,3323897,'L9'),(2959489031,252,7057732,'T9'),(2959489032,247,2002609,'O5'),(2959489033,140,8112327,'Y6'),(2959489034,199,3841634,'M3'),(2959489035,192,8227195,'I6'),(2959489036,12,5914038,'T2'),(2959489037,170,1608855,'A5'),(2959489038,257,7944257,'G4'),(2959489039,19,7188711,'W3'),(2959489040,190,8643757,'B0'),(2959489041,191,2094387,'V5'),(2959489042,17,4922827,'R2'),(2959489043,77,1756135,'N3'),(2959489044,183,4979678,'T5'),(2959489045,131,9840468,'U0'),(2959489046,16,8762694,'Q8'),(2959489047,275,2879873,'E8'),(2959489048,227,4779120,'Y3'),(2959489049,132,1746871,'V1'),(2959489050,45,6671745,'K8'),(2959489051,48,7772816,'F9'),(2959489052,206,4287598,'A7'),(2959489053,50,6382223,'V7'),(2959489054,76,4063299,'Y2'),(2959489055,135,7903863,'U3'),(2959489056,184,9706184,'T7'),(2959489057,161,2017404,'I8'),(2959489058,288,8948013,'J6'),(2959489059,154,9580951,'L7'),(2959489060,171,476519,'B1'),(2959489061,118,2913138,'R2'),(2959489062,35,367095,'M5'),(2959489063,290,4014850,'V8'),(2959489064,236,5687184,'I3'),(2959489065,172,110207,'Y5'),(2959489066,229,6888621,'K9'),(2959489067,148,8364484,'X7'),(2959489068,116,2302120,'H6'),(2959489069,279,8916742,'E7'),(2959489070,65,6938134,'P9'),(2959489071,47,5466058,'C9'),(2959489072,230,6471214,'P0'),(2959489073,191,8606320,'V6'),(2959489074,223,5817357,'V1'),(2959489075,209,3870611,'S7'),(2959489076,179,9511316,'R6'),(2959489077,194,347059,'P5'),(2959489078,62,963970,'D2'),(2959489079,199,2053856,'U0'),(2959489080,133,5199046,'Q3'),(2959489081,232,7059772,'R9'),(2959489082,211,427743,'O5'),(2959489083,89,2980342,'Y7'),(2959489084,56,3758134,'L7'),(2959489085,179,5894586,'D5'),(2959489086,278,4188112,'N2'),(2959489087,18,8205493,'L1'),(2959489088,101,3719393,'D6'),(2959489089,274,2024403,'T9'),(2959489090,130,5412499,'A9'),(2959489091,93,4605371,'Q0'),(2959489092,139,5398653,'M2'),(2959489093,179,2701742,'U5'),(2959489094,283,6629925,'H4'),(2959489095,166,4226328,'G2'),(2959489096,87,4934946,'A3'),(2959489097,73,4370811,'A1'),(2959489098,85,4698702,'Y8'),(3388985586,233,3286509,'M1'),(3388985587,138,5973042,'H9'),(3388985588,295,8685718,'U8'),(3388985589,195,5760435,'N5'),(3388985590,246,1929915,'W7'),(3388985591,137,5771408,'S9'),(3388985592,188,9165588,'U1'),(3388985593,85,6028355,'O6'),(3388985594,45,4445045,'E6'),(3388985595,272,838878,'S4'),(3388985596,69,1423708,'F2'),(3388985597,274,5942459,'X5'),(3388985598,171,4437605,'F3'),(3388985599,256,4226169,'N9'),(3388985600,139,3967993,'P7'),(3388985601,22,9206642,'D1'),(3388985602,90,5210821,'I4'),(3388985603,286,3942570,'M9'),(3388985604,226,2671467,'N9'),(3388985605,159,2917796,'P1'),(3388985606,111,4130663,'V9'),(3388985607,177,6787000,'Y3'),(3388985608,191,1461746,'C6'),(3388985609,147,9086468,'K0'),(3388985610,129,9300404,'Y8'),(3388985611,208,3377400,'P7'),(3388985612,288,2309107,'S3'),(3388985613,179,6567123,'W8'),(3388985614,106,9089940,'I5'),(3388985615,15,4550892,'Z6'),(3388985616,189,6536792,'U8'),(3388985617,202,3731081,'S8'),(3388985618,180,6465586,'E8'),(3388985619,206,9711217,'P7'),(3388985620,178,9679913,'P4'),(3388985621,145,4598214,'N6'),(3388985622,99,5260262,'L6'),(3388985623,69,8611277,'L5'),(3388985624,235,1778902,'Z0'),(3388985625,236,9794950,'Q2'),(3388985626,160,4166801,'H4'),(3388985627,141,6629082,'S0'),(3388985628,19,8722043,'A8'),(3388985629,258,4353138,'P2'),(3388985630,275,5421976,'I1'),(3388985631,75,8416757,'B6'),(3388985632,50,1852730,'I7'),(3388985633,226,1744420,'L6'),(3388985634,179,6050244,'S4'),(3388985635,45,6552380,'G8'),(3388985636,57,9087535,'G2'),(3388985637,80,4737196,'Q4'),(3388985638,245,9374684,'V1'),(3388985639,291,185367,'N2'),(3388985640,91,4525303,'I9'),(3388985641,219,3198931,'L1'),(3388985642,121,977577,'S0'),(3388985643,208,1969319,'E1'),(3388985644,156,9044176,'M1'),(3388985645,248,1093889,'M8'),(3388985646,129,1581174,'I8'),(3388985647,211,5913342,'I8'),(3388985648,67,6581847,'W0'),(3388985649,213,5699883,'G1'),(3388985650,229,1559126,'W2'),(3388985651,43,6395208,'T1'),(3388985652,143,9053479,'B4'),(3388985653,289,2459798,'R7'),(3388985654,54,3326877,'A9'),(3388985655,72,8307979,'M6'),(3388985656,32,5506714,'D4'),(3388985657,204,7134930,'M3'),(3388985658,144,7986049,'L1'),(3388985659,22,4867630,'Q1'),(3388985660,118,3909328,'S1'),(3388985661,55,6733537,'C9'),(3388985662,115,2970983,'C1'),(3388985663,212,6792372,'H9'),(3388985664,80,5831746,'R7'),(3388985665,89,9861488,'G1'),(3388985666,39,5361537,'X9'),(3388985667,148,13971,'Q8'),(3388985668,189,2174968,'Y5'),(3388985669,128,7484763,'C8'),(3388985670,258,5875240,'L7'),(3388985671,94,5249946,'Q2'),(3388985672,179,8336328,'C6'),(3388985673,256,9554836,'Z2'),(3388985674,209,8736422,'N2'),(3388985675,154,5324634,'B1'),(3388985676,78,5742946,'A9'),(3388985677,2,268855,'L1'),(3388985678,188,5342592,'R1'),(3388985679,114,8531464,'E9'),(3388985680,295,6935829,'C1'),(3388985681,281,2583025,'N1'),(3388985682,42,8723297,'M8'),(3388985683,276,2468857,'V7'),(3388985684,172,4249359,'A6'),(3388985685,64,5341110,'K8'),(3388985686,233,2489843,'E7'),(3388985687,163,169018,'B1'),(3388985688,248,75146,'T1'),(3388985689,47,209486,'V1'),(3388985690,177,4038455,'O5'),(3388985691,6,3647693,'N4'),(3388985692,59,8061844,'O8'),(3388985693,149,4666738,'U5'),(3388985694,50,6427126,'R9'),(3388985695,191,5745772,'J6'),(3388985696,248,2115933,'Z2'),(3388985697,188,5866785,'O9'),(3388985698,59,4152851,'L7'),(3388985699,30,5638343,'M0'),(3388985700,150,7739752,'K3'),(3388985701,255,5796764,'F2'),(3388985702,62,2180175,'Z0'),(3388985703,223,9510832,'M3'),(3388985704,280,9236699,'G3'),(3388985705,274,947087,'M1'),(3388985706,98,866370,'M6'),(3388985707,188,5683119,'E8'),(3388985708,85,2084511,'B2'),(3388985709,252,7079397,'E9'),(3388985710,246,548932,'M3'),(3388985711,283,4660648,'M5'),(3388985712,52,9597085,'G8'),(3388985713,125,3747578,'A4'),(3388985714,172,1153985,'X2'),(3388985715,177,3071310,'R1'),(3388985716,30,5370201,'C3'),(3388985717,79,1779126,'W1'),(3388985718,157,655617,'A9'),(3388985719,56,8365500,'V9'),(3388985720,72,1839978,'F3'),(3388985721,108,5320504,'D2'),(3388985722,244,6215236,'H9'),(3388985723,174,1277646,'Z9'),(3388985724,49,2598349,'P8'),(3388985725,155,226226,'K6'),(3388985726,42,4012927,'T9'),(3388985727,127,5688655,'G5'),(3388985728,135,7920893,'F3'),(3388985729,64,3038844,'V0'),(3388985730,180,6577215,'Y2'),(3388985731,292,9870586,'F7'),(3388985732,113,7915162,'R6'),(3388985733,16,9690664,'Q5'),(3388985734,121,8182842,'C2'),(3388985735,216,3503337,'F4'),(3388985736,132,2591190,'D4'),(3388985737,59,3400364,'X4'),(3388985738,22,2458189,'I7'),(3388985739,164,6070884,'Z0'),(3388985740,265,4417489,'I7'),(3388985741,182,5107292,'Q6'),(3388985742,91,2772305,'Y7'),(3388985743,183,7189354,'N2'),(3388985744,62,8928464,'P1'),(3388985745,2,1412312,'N8'),(3388985746,7,466029,'W7'),(3388985747,281,1850367,'Y8'),(3388985748,259,7978056,'K4'),(3388985749,55,1959437,'U1'),(3388985750,123,1394110,'N5'),(3388985751,194,3780126,'U9'),(3388985752,240,3959690,'Y1'),(3388985753,30,8755656,'I7'),(3388985754,238,6007917,'A1'),(3388985755,117,7280808,'H2'),(3388985756,190,4715169,'G4'),(3388985757,247,7305877,'U8'),(3388985758,229,9956577,'M8'),(3388985759,65,5906220,'E8'),(3388985760,28,806510,'C8'),(3388985761,202,8876898,'B2'),(3388985762,136,4363261,'D1'),(3388985763,30,9408820,'U4'),(3388985764,46,5810106,'K4'),(3388985765,175,9441861,'P8'),(3388985766,7,2111787,'Q9'),(3388985767,198,5209007,'M9'),(3388985768,242,3997395,'T2'),(3388985769,95,2121779,'Z3'),(3388985770,158,2085447,'J8'),(3388985771,72,3020649,'H4'),(3388985772,111,4642656,'L0'),(3388985773,281,5274203,'Q4'),(3388985774,96,6851701,'B6'),(3388985775,111,1508336,'L8'),(3388985776,41,2467974,'J6'),(3388985777,139,346548,'E1'),(3388985778,227,6590638,'O4'),(3388985779,149,639969,'V3'),(3388985780,193,6170821,'D0'),(3388985781,275,6747814,'U8'),(3388985782,292,1613803,'F6'),(3388985783,272,2075846,'O6'),(3388985784,190,232705,'T5'),(3388985785,114,1822274,'O2'),(3388985786,156,7034649,'S1'),(3388985787,206,9316681,'Q2'),(3388985788,81,1429886,'R5'),(3388985789,90,9579521,'V3'),(3388985790,15,2033147,'J0'),(3388985791,263,5387279,'P3'),(3388985792,149,2861883,'Y2'),(3388985793,50,9712547,'T6'),(3388985794,87,2696549,'H4'),(3388985795,226,8955451,'Q7'),(3388985796,174,9095677,'F3'),(3388985797,130,2002328,'B9'),(3388985798,148,173797,'H4'),(3388985799,142,9411708,'W0'),(3388985800,2,319536,'W3'),(3388985801,197,2502222,'L6'),(3388985802,259,5177763,'L0'),(3388985803,191,2759531,'M1'),(3388985804,174,1089622,'H8'),(3388985805,25,5520789,'R8'),(3388985806,146,609093,'G5'),(3388985807,107,1583585,'Z3'),(3388985808,240,4089879,'K9'),(3388985809,283,9223663,'M4'),(3388985810,136,8098695,'C4'),(3388985811,133,9213021,'S6'),(3388985812,262,6212049,'B0'),(3388985813,231,9512409,'K8'),(3388985814,132,5463797,'G5'),(3388985815,181,1629837,'B7'),(3388985816,205,7463625,'N6'),(3388985817,155,9689545,'W9'),(3388985818,286,7018211,'L6'),(3388985819,10,4633124,'X7'),(3388985820,259,9947400,'Z4'),(3388985821,81,3643995,'T9'),(3388985822,108,6131002,'Y6'),(3388985823,117,5174135,'S5'),(3388985824,38,4233100,'S1'),(3388985825,78,4259311,'K9'),(3388985826,193,3301710,'T0'),(3388985827,185,1171472,'P9'),(3388985828,253,8682419,'Z6'),(3388985829,255,1679756,'L2'),(3479400783,203,9147943,'H4'),(3479400784,278,6016933,'A0'),(3479400785,111,1673995,'C1'),(3479400786,233,7708894,'V5'),(3479400787,162,1679160,'F5'),(3479400788,124,2089803,'U8'),(3479400789,227,4176700,'K8'),(3479400790,158,3251808,'O0'),(3479400791,65,4717167,'H1'),(3479400792,2,6298184,'Y6'),(3479400793,77,9140857,'A1'),(3479400794,29,9944423,'K3'),(3479400795,197,9386466,'X7'),(3479400796,207,7408407,'H6'),(3479400797,27,9944849,'P3'),(3479400798,276,2671033,'O0'),(3479400799,287,1098744,'G9'),(3479400800,64,4076147,'B2'),(3479400801,204,5966160,'A4'),(3479400802,59,6801091,'Z9'),(3479400803,235,2286389,'P9'),(3479400804,52,1566069,'Z0'),(3479400805,52,5867613,'K5'),(3479400806,239,8888118,'P0'),(3479400807,24,333836,'V6'),(3479400808,133,2363450,'X1'),(3479400809,290,7382401,'G9'),(3479400810,177,8664684,'H5'),(3479400811,121,3172984,'K4'),(3479400812,274,8277331,'W9'),(3479400813,48,2730426,'E9'),(3479400814,283,2689268,'H8'),(3479400815,246,8040608,'G3'),(3479400816,98,5062924,'K3'),(3479400817,247,355883,'H6'),(3479400818,236,4139963,'Z8'),(3479400819,55,8528168,'U0'),(3479400820,48,8754935,'W6'),(3479400821,113,8527320,'H2'),(3479400822,139,3266752,'E7'),(3479400823,59,2618325,'S0'),(3479400824,204,8366414,'Z1'),(3479400825,83,4743663,'C4'),(3479400826,193,917988,'I3'),(3479400827,107,3416904,'F8'),(3479400828,173,5615670,'M1'),(3479400829,67,151420,'Q3'),(3479400830,178,1844691,'F1'),(3479400831,179,7760464,'M4'),(3479400832,234,4756706,'L2'),(3479400833,156,5178570,'D3'),(3479400834,136,9596827,'N1'),(3479400835,262,5512103,'N7'),(3479400836,196,8846286,'E3'),(3479400837,201,275516,'T9'),(3479400838,34,7062866,'O8'),(3479400839,37,2044721,'D8'),(3479400840,68,562420,'O1'),(3479400841,38,742302,'C7'),(3479400842,205,5339683,'K0'),(3479400843,190,2132271,'W5'),(3479400844,206,3351767,'O0'),(3479400845,118,2034279,'H4'),(3479400846,34,8346172,'C0'),(3479400847,42,1098246,'Q9'),(3479400848,77,8125421,'J0'),(3479400849,259,831866,'P1'),(3479400850,3,9429580,'F0'),(3479400851,146,418940,'J7'),(3479400852,215,8289254,'X7'),(3479400853,199,4393386,'O4'),(3479400854,272,3486635,'Q4'),(3479400855,100,711486,'Y8'),(3479400856,189,8335547,'Z7'),(3479400857,158,4748336,'V8'),(3479400858,72,6143452,'O3'),(3479400859,162,2449251,'T9'),(3479400860,78,7210618,'W3'),(3479400861,229,5927285,'F2'),(3479400862,118,7406256,'I9'),(3479400863,187,5955304,'O0'),(3479400864,289,2753625,'N4'),(3479400865,242,7023556,'H6'),(3479400866,281,7214646,'V1'),(3479400867,282,2840806,'Q1'),(3479400868,80,5711186,'P2'),(3479400869,147,8149114,'F2'),(3479400870,188,2329744,'I5'),(3479400871,3,6802612,'M6'),(3479400872,165,5888630,'Q0'),(3479400873,131,5035286,'I5'),(3479400874,72,4180161,'N1'),(3479400875,197,5069354,'H5'),(3479400876,113,5345607,'N6'),(3479400877,280,104318,'S6'),(3479400878,63,1055138,'C6'),(3479400879,70,8397536,'L4'),(3479400880,207,5113628,'Z9'),(3479400881,239,4175590,'S6'),(3479400882,69,290378,'C7'),(3479400883,290,4246089,'Z3'),(3479400884,222,2130383,'R4'),(3479400885,292,3367467,'W8'),(3479400886,229,9247878,'D7'),(3479400887,47,1148764,'X2'),(3479400888,227,2503152,'O8'),(3479400889,1,8028530,'P5'),(3479400890,26,2193397,'H7'),(3479400891,268,3753106,'A8'),(3479400892,211,2148239,'X6'),(3479400893,243,2227860,'Z9'),(3479400894,102,7351123,'X2'),(3479400895,217,4995895,'Y2'),(3479400896,83,8570655,'E5'),(3479400897,203,9243374,'O5'),(3479400898,124,334972,'W6'),(3479400899,109,1691798,'D6'),(3479400900,9,6621323,'X6'),(3479400901,102,9549832,'N3'),(3479400902,146,5197422,'D8'),(3479400903,106,6619550,'X0'),(3479400904,296,4184137,'N8'),(3479400905,139,9305247,'O3'),(3479400906,237,8349775,'W1'),(3479400907,202,5490695,'F6'),(3479400908,186,167063,'N4'),(3479400909,221,96190,'J2'),(3479400910,152,5091666,'L9'),(3479400911,249,7170810,'P0'),(3479400912,202,4338065,'N8'),(3479400913,180,554450,'T6'),(3479400914,102,6490993,'D8'),(3479400915,245,8159255,'P2'),(3479400916,47,3532474,'M8'),(3479400917,35,4499369,'Y4'),(3479400918,122,9946891,'Z1'),(3479400919,265,42606,'Q6'),(3479400920,185,4027515,'I5'),(3479400921,238,1942961,'D0'),(3479400922,185,6319536,'W7'),(3479400923,45,7541845,'L1'),(3479400924,201,8709790,'G3'),(3479400925,48,935643,'V5'),(3479400926,123,7377298,'L3'),(3479400927,39,5794312,'V0'),(3479400928,110,3161905,'C1'),(3479400929,47,3957672,'G8'),(3479400930,220,7157190,'Y9'),(3479400931,91,1822718,'C5'),(3479400932,13,2715985,'H4'),(3479400933,150,6740342,'H6'),(3479400934,17,3258587,'H5'),(3479400935,194,9458711,'U9'),(3479400936,96,9072219,'H9'),(3479400937,233,9219223,'O9'),(3479400938,18,4080257,'C7'),(3479400939,115,8175512,'N4'),(3479400940,186,8114424,'C6'),(3479400941,4,3504742,'D3'),(3479400942,148,3120667,'I5'),(3479400943,24,2733177,'H7'),(3479400944,115,3326298,'Q7'),(3479400945,201,5804777,'C7'),(3479400946,188,6884621,'S3'),(3479400947,87,4774146,'L9'),(3479400948,228,5576811,'S5'),(3479400949,89,6097201,'F0'),(3479400950,270,9643069,'C3'),(3479400951,67,8300801,'B3'),(3479400952,253,5702709,'S9'),(3479400953,242,6108703,'E3'),(3479400954,134,3126440,'Z9'),(3479400955,186,2990767,'X7'),(3479400956,279,2716865,'K2'),(3479400957,55,2697392,'X9'),(3479400958,290,8824125,'F5'),(3479400959,264,1242752,'C6'),(3479400960,169,1525062,'V0'),(3479400961,231,9732529,'H2'),(3479400962,153,605878,'K4'),(3479400963,129,627571,'L0'),(3479400964,140,1032144,'H0'),(3479400965,142,5029539,'Z0'),(3479400966,26,5291218,'U1'),(3479400967,71,3517002,'J2'),(3479400968,220,3115388,'J2'),(3479400969,90,8039964,'E3'),(3479400970,94,6047917,'S8'),(3479400971,120,6805673,'U0'),(3479400972,223,866667,'K7'),(3479400973,141,6996730,'O5'),(3479400974,72,4290474,'E0'),(3479400975,35,5073156,'U8'),(3479400976,102,4601951,'Z5'),(3479400977,131,8478651,'E4'),(3479400978,231,7051619,'L3'),(3479400979,75,4563275,'Z9'),(3479400980,109,6183760,'I0'),(3479400981,64,7729900,'F1'),(3479400982,255,5638215,'I7'),(3479400983,101,7602585,'D1'),(3479400984,126,6580471,'Z0'),(3479400985,146,30598,'J0'),(3479400986,176,4129933,'A7'),(3479400987,47,600439,'U8'),(3479400988,230,5928258,'J4'),(3479400989,69,4496492,'T7'),(3479400990,146,4664676,'F7'),(3479400991,15,9949524,'M6'),(3479400992,51,9455290,'X1'),(3479400993,95,848467,'L7'),(3479400994,233,3554608,'C3'),(3479400995,2,4741973,'Q3'),(3479400996,56,2622117,'U1'),(3479400997,154,6254502,'N2'),(3479400998,80,9333688,'N5'),(3479400999,15,8626474,'X2'),(3479401000,203,7494420,'M1'),(3479401001,162,5926363,'O6'),(3479401002,134,8720732,'T3'),(3479401003,12,5276371,'V2'),(3479401004,12,7110748,'Y1'),(3479401005,163,666709,'F2'),(3479401006,127,8541415,'X8'),(3479401007,73,576119,'O4'),(3479401008,99,3020973,'O6'),(3479401009,274,7284265,'W0'),(3479401010,153,3579908,'L3'),(3479401011,136,8843458,'Z9'),(3479401012,118,2119837,'B5'),(3479401013,270,1631121,'B8'),(3479401014,263,3212593,'X1'),(3479401015,215,7014499,'Q9'),(3479401016,287,8928896,'L8'),(3479401017,159,3272129,'E3'),(3479401018,115,1904496,'U3'),(3479401019,283,2814661,'U0'),(3479401020,130,7270208,'G3'),(3479401021,185,6745679,'I8'),(3479401022,142,8566279,'V8'),(3479401023,67,1054547,'I0'),(3479401024,252,7359918,'F0'),(3479401025,172,5560715,'A8'),(3479401026,91,6329040,'O7'),(3479401027,106,2653128,'N0'),(3479401028,271,1111680,'D3'),(3479401029,9,5488955,'M7'),(3479401030,89,1615919,'A1'),(3908897509,140,4710470,'E2'),(3908897510,10,9838999,'N5'),(3908897511,249,1309493,'R9'),(3908897512,190,1369864,'Z7'),(3908897513,166,3664672,'S7'),(3908897514,125,7549273,'S7'),(3908897515,67,5992659,'N3'),(3908897516,288,2273498,'G9'),(3908897517,34,8975508,'V1'),(3908897518,209,3237165,'Q4'),(3908897519,235,4431658,'T2'),(3908897520,12,1622524,'R8'),(3908897521,243,5663561,'Y1'),(3908897522,93,5413765,'R0'),(3908897523,293,7618896,'T7'),(3908897524,45,615274,'J6'),(3908897525,284,332305,'L0'),(3908897526,265,4199933,'B0'),(3908897527,256,158166,'Q6'),(3908897528,130,4473601,'H7'),(3908897529,115,5729259,'H8'),(3908897530,145,4349201,'O3'),(3908897531,64,721375,'C7'),(3908897532,217,9429649,'M3'),(3908897533,228,4829426,'U5'),(3908897534,16,6371314,'P4'),(3908897535,99,7941685,'O3'),(3908897536,223,3520275,'D8'),(3908897537,269,8646773,'U9'),(3908897538,141,7313040,'Q7'),(3908897539,217,3968713,'B4'),(3908897540,15,5540783,'T5'),(3908897541,52,75445,'K1'),(3908897542,69,386907,'P7'),(3908897543,293,7973230,'D1'),(3908897544,235,8281256,'X9'),(3908897545,217,7595762,'B2'),(3908897546,103,5510196,'Y0'),(3908897547,201,9901631,'U5'),(3908897548,162,7809776,'J9'),(3908897549,171,2631209,'G2'),(3908897550,47,9956633,'T8'),(3908897551,61,3821551,'D3'),(3908897552,132,4211388,'U3'),(3908897553,7,1795021,'O4'),(3908897554,46,1481077,'W3'),(3908897555,32,8961850,'C3'),(3908897556,155,3725883,'D0'),(3908897557,133,9254101,'O5'),(3908897558,75,6612027,'B1'),(3908897559,284,2148102,'Y7'),(3908897560,64,6467006,'R1'),(3908897561,138,8454128,'Z2'),(3908897562,189,5196843,'Z7'),(3908897563,274,9952522,'E7'),(3908897564,164,7689831,'C7'),(3908897565,21,2001512,'L2'),(3908897566,155,4261281,'Q5'),(3908897567,292,2034960,'I5'),(3908897568,120,5157663,'I7'),(3908897569,264,18240,'X6'),(3908897570,116,5225523,'J1'),(3908897571,7,7401722,'Y3'),(3908897572,66,2476646,'Y7'),(3908897573,66,611535,'G2'),(3908897574,38,7011240,'Y2'),(3908897575,149,7792478,'R9'),(3908897576,78,5938150,'Q3'),(3908897577,243,9881009,'I8'),(3908897578,58,3043729,'T3'),(3908897579,205,8536391,'G2'),(3908897580,13,2800383,'G7'),(3908897581,194,3161323,'H6'),(3908897582,57,5153658,'I8'),(3908897583,67,7009066,'G9'),(3908897584,53,4486260,'X6'),(3908897585,272,654809,'P4'),(3908897586,101,705369,'V2'),(3908897587,282,2552247,'C5'),(3908897588,29,5580898,'J4'),(3908897589,136,2192039,'P0'),(3908897590,120,4085312,'L2'),(3908897591,137,1368490,'J5'),(3908897592,74,7654246,'F3'),(3908897593,210,6369539,'A8'),(3908897594,226,6883910,'A8'),(3908897595,106,1346740,'H9'),(3908897596,231,4375888,'D6'),(3908897597,225,3228615,'J3'),(3908897598,34,4311025,'S6'),(3908897599,62,7438490,'G8'),(3908897600,236,3194119,'O3'),(3908897601,32,1213538,'B1'),(3908897602,134,2257705,'Z1'),(3908897603,100,430826,'G0'),(3908897604,126,8193951,'P6'),(3908897605,268,2952905,'A5'),(3908897606,135,8017267,'F9'),(3908897607,107,792211,'N1'),(3908897608,73,6141530,'P3'),(3908897609,70,6929763,'S9'),(3908897610,272,7742832,'C7'),(3908897611,273,4434072,'D9'),(3908897612,239,1753332,'Q6'),(3908897613,105,5186190,'M8'),(3908897614,283,4930700,'B6'),(3908897615,74,2126666,'Y6'),(3908897616,112,4903745,'Y3'),(3908897617,41,6835886,'F9'),(3908897618,199,3315633,'L4'),(3908897619,202,48460,'X7'),(3908897620,16,4283177,'O5'),(3908897621,170,1254939,'C5'),(3908897622,105,1720216,'R3'),(3908897623,187,7973031,'G4'),(3908897624,149,6981700,'T0'),(3908897625,61,9004033,'B3'),(3908897626,88,4110763,'Q0'),(3908897627,149,6724137,'E0'),(3908897628,61,5338369,'O7'),(3908897629,65,9170352,'L0'),(3908897630,198,9112061,'A7'),(3908897631,45,5078279,'M5'),(3908897632,178,3037211,'R9'),(3908897633,19,464096,'B0'),(3908897634,158,3428877,'Z3'),(3908897635,182,6914947,'H9'),(3908897636,181,3480081,'A3'),(3908897637,286,6819650,'Y6'),(3908897638,62,4986711,'E7'),(3908897639,23,8877087,'Y0'),(3908897640,108,4848313,'G3'),(3908897641,90,2934600,'H1'),(3908897642,99,7624322,'T6'),(3908897643,123,1208077,'B2'),(3908897644,231,2843915,'F8'),(3908897645,31,3798934,'T0'),(3908897646,58,3346655,'Q4'),(3908897647,278,8926519,'P5'),(3908897648,284,8061045,'H6'),(3908897649,286,2742594,'A6'),(3908897650,98,6937993,'I2'),(3908897651,206,5497002,'M9'),(3908897652,145,2312132,'C1'),(3908897653,265,5677075,'N0'),(3908897654,265,2686120,'G9'),(3908897655,199,382822,'S6'),(3908897656,254,7154239,'D5'),(3908897657,288,4765430,'O4'),(3908897658,175,7037446,'V3'),(3908897659,209,227326,'I2'),(3908897660,170,7105878,'A3'),(3908897661,266,8572011,'H7'),(3908897662,97,8478021,'W8'),(3908897663,49,5310230,'M0'),(3908897664,260,486778,'Z6'),(3908897665,226,3846073,'A8'),(3908897666,18,6357258,'P6'),(3908897667,140,3290587,'K6'),(3908897668,57,5061185,'O9'),(3908897669,185,5427041,'D4'),(3908897670,286,7140961,'S6'),(3908897671,71,2787415,'G8'),(3908897672,288,3266978,'R0'),(3908897673,161,255252,'R1'),(3908897674,146,646887,'A7'),(3908897675,257,2002843,'W2'),(3908897676,238,6448170,'V8'),(3908897677,47,7739193,'T0'),(3908897678,196,2451026,'N6'),(3908897679,160,8877291,'M5'),(3908897680,123,7514236,'G5'),(3908897681,111,7805201,'D3'),(3908897682,91,1366107,'T3'),(3908897683,92,4487325,'X8'),(3908897684,224,6467465,'M2'),(3908897685,135,4586914,'M0'),(3908897686,142,1217689,'U5'),(3908897687,71,5423989,'K8'),(3908897688,248,1615327,'G4'),(3908897689,101,2274208,'Z2'),(3908897690,233,2051505,'Y5'),(3908897691,280,7065970,'I1'),(3908897692,249,6660188,'X2'),(3908897693,39,8348467,'H8'),(3908897694,120,5569215,'U9'),(3908897695,283,2352035,'J9'),(3908897696,85,9241308,'V3'),(3908897697,83,62263,'I3'),(3908897698,252,2763389,'I5'),(3908897699,117,6029346,'Q8'),(3908897700,128,8731500,'Y1'),(3908897701,285,3191579,'Q2'),(3908897702,147,7051739,'C2'),(3908897703,30,5550472,'J3'),(3908897704,86,5709859,'R5'),(3908897705,23,1255253,'R2'),(3908897706,114,2452279,'T7'),(3908897707,245,5484610,'Z6'),(3908897708,20,3949151,'M3'),(3908897709,175,9234163,'B1'),(3908897710,146,1145043,'G8'),(3908897711,148,6987872,'N9'),(3908897712,128,7323307,'V2'),(3908897713,271,6073632,'N0'),(3908897714,99,2305733,'Z3'),(3908897715,97,2785741,'K9'),(3908897716,281,1902373,'U2'),(3908897717,64,224129,'L7'),(3908897718,88,757186,'X2'),(3908897719,85,9097440,'R1'),(3908897720,124,9107271,'C5'),(3908897721,81,752224,'S4'),(3908897722,21,1149810,'R7'),(3908897723,90,8552884,'J6'),(3908897724,236,2364272,'M8'),(3908897725,285,3046331,'A0'),(3908897726,53,6237746,'X6'),(3908897727,121,5171244,'U7'),(3908897728,70,9040303,'N4'),(3908897729,192,8293279,'E2'),(3908897730,106,297495,'V4'),(3908897731,142,9742403,'Q8'),(3908897732,166,8918640,'M1'),(3908897733,162,8238781,'N4'),(3908897734,199,5029897,'A0'),(3908897735,179,3467501,'Y7'),(3908897736,271,2472760,'Y9'),(3908897737,291,6412220,'F9'),(3908897738,225,8773510,'W8'),(3908897739,247,7639141,'H5'),(3908897740,40,4769663,'H9'),(3908897741,38,8676722,'J8'),(3908897742,141,2886881,'Q3'),(3908897743,266,3909875,'B4'),(3908897744,59,1492473,'N0'),(3908897745,156,6025456,'O5'),(3908897746,104,4434255,'H2'),(3908897747,180,9055223,'M3'),(3908897748,164,2854672,'F7'),(3908897749,94,5660479,'U4'),(3908897750,196,3179457,'K4'),(3908897751,72,8511100,'Z0'),(3908897752,198,8002749,'L2'),(3908897753,31,6575070,'S4'),(3908897754,132,3651746,'E3'),(3908897755,42,7821296,'K3'),(4294967295,74,4445114,'S3');
/*!40000 ALTER TABLE `persona_has_obrasocial` ENABLE KEYS */;
UNLOCK TABLES;

--
-- Table structure for table `persona_has_telefono`
--

DROP TABLE IF EXISTS `persona_has_telefono`;
/*!40101 SET @saved_cs_client     = @@character_set_client */;
/*!50503 SET character_set_client = utf8mb4 */;
CREATE TABLE `persona_has_telefono` (
  `PERSONA_DNI` int(10) unsigned NOT NULL,
  `TELEFONO_id` int(10) unsigned NOT NULL,
  PRIMARY KEY (`PERSONA_DNI`,`TELEFONO_id`),
  KEY `fk_PERSONA_has_TELEFONO_PERSONA1_idx` (`PERSONA_DNI`),
  KEY `fk_PERSONA_has_TELEFONO_TELEFONO1_idx` (`TELEFONO_id`)
) ENGINE=InnoDB DEFAULT CHARSET=utf8;
/*!40101 SET character_set_client = @saved_cs_client */;

--
-- Dumping data for table `persona_has_telefono`
--

LOCK TABLES `persona_has_telefono` WRITE;
/*!40000 ALTER TABLE `persona_has_telefono` DISABLE KEYS */;
INSERT INTO `persona_has_telefono` VALUES (10,1068),(3711,1069),(3712,1070),(3713,1071),(3714,1072),(3715,1073),(3716,1074),(3717,1075),(3718,1076),(3719,1077),(3720,1078),(3721,1079),(3722,1080),(3723,1081),(3724,1082),(3725,1083),(3726,1084),(3727,1085),(3728,1086),(3729,1087),(3730,1088),(3731,1089),(3732,1090),(3733,1091),(3734,1092),(3735,1093),(3736,1094),(3737,1095),(3738,1096),(3739,1097),(3740,1098),(3741,1099),(3742,1100),(3743,1101),(3744,1102),(3745,1103),(3746,1104),(3747,1105),(3748,1106),(3749,1107),(3750,1108),(3751,1109),(3752,1110),(3753,1111),(3754,1112),(3755,1113),(3756,1114),(3757,1115),(3758,1116),(3759,1117),(3760,1118),(3761,1119),(3762,1120),(3763,1121),(3764,1122),(3765,1123),(3766,1124),(3767,1125),(3768,1126),(3769,1127),(3770,1128),(3771,1129),(3772,1130),(3773,1131),(3774,1132),(3775,1133),(3776,1134),(3777,1135),(3778,1136),(3779,1137),(3780,1138),(3781,1139),(3782,1140),(3783,1141),(3784,1142),(3785,1143),(3786,1144),(3787,1145),(3788,1146),(3789,1147),(3790,1148),(3791,1149),(3792,1150),(3793,1151),(3794,1152),(3795,1153),(3796,1154),(3797,1155),(3798,1156),(3799,1157),(3800,1158),(3801,1159),(3802,1160),(3803,1161),(3804,1162),(3805,1163),(3806,1164),(3807,1165),(3808,1166),(3809,1167),(3810,1168),(3811,1169),(3812,1170),(3813,1171),(3814,1172),(3815,1173),(3816,1174),(3817,1175),(3818,1176),(3819,1177),(3820,1178),(3821,1179),(3822,1180),(3823,1181),(3824,1182),(3825,1183),(3826,1184),(3827,1185),(3828,1186),(3829,1187),(3830,1188),(3831,1189),(3832,1190),(3833,1191),(3834,1192),(3835,1193),(3836,1194),(3837,1195),(3838,1196),(3839,1197),(3840,1198),(3841,1199),(3842,1200),(3843,1201),(3844,1202),(3845,1203),(3846,1204),(3847,1205),(3848,1206),(3849,1207),(3850,1208),(3851,1209),(3852,1210),(3853,1211),(3854,1212),(3855,1213),(3856,1214),(3857,1215),(3858,1216),(3859,1217),(3860,1218),(3861,1219),(3862,1220),(3863,1221),(3864,1222),(3865,1223),(3866,1224),(3867,1225),(3868,1226),(3869,1227),(3870,1228),(3871,1229),(3872,1230),(3873,1231),(3874,1232),(3875,1233),(3876,1234),(3877,1235),(3878,1236),(3879,1237),(3880,1238),(3881,1239),(3882,1240),(3883,1241),(3884,1242),(3885,1243),(3886,1244),(3887,1245),(3888,1246),(3889,1247),(3890,1248),(3891,1249),(3892,1250),(3893,1251),(3894,1252),(3895,1253),(3896,1254),(3897,1255),(3898,1256),(3899,1257),(3900,1258),(3901,1259),(3902,1260),(3903,1261),(3904,1262),(3905,1263),(3906,1264),(3907,1265),(3908,1266),(3909,1267),(3910,1268),(3911,1269),(3912,1270),(3913,1271),(3914,1272),(3915,1273),(3916,1274),(3917,1275),(3918,1276),(3919,1277),(3920,1278),(3921,1279),(3922,1280),(3923,1281),(3924,1282),(3925,1283),(3926,1284),(3927,1285),(3928,1286),(3929,1287),(3930,1288),(3931,1289),(3932,1290),(3933,1291),(3934,1292),(3935,1293),(3936,1294),(3937,1295),(3938,1296),(3939,1297),(3940,1298),(3941,1299),(3942,1300),(3943,1301),(3944,1302),(3945,1303),(3946,1304),(3947,1305),(3948,1306),(3949,1307),(3950,1308),(3951,1309),(3952,1310),(3953,1311),(3954,1312),(3955,1313),(3956,1314),(3957,1315),(3958,1316),(3959,1317),(3960,1318),(3961,1319),(3962,1320),(3963,1321),(3964,1322),(429500441,1323),(429500442,1324),(429500443,1325),(429500444,1326),(429500445,1327),(429500446,1328),(429500447,1329),(429500448,1330),(429500449,1331),(429500450,1332),(429500451,1333),(429500452,1334),(429500453,1335),(429500454,1336),(429500455,1337),(429500456,1338),(429500457,1339),(429500458,1340),(429500459,1341),(429500460,1342),(429500461,1343),(429500462,1344),(429500463,1345),(429500464,1346),(429500465,1347),(429500466,1348),(429500467,1349),(429500468,1350),(429500469,1351),(429500470,1352),(429500471,1353),(429500472,1354),(429500473,1355),(429500474,1356),(429500475,1357),(429500476,1358),(429500477,1359),(429500478,1360),(429500479,1361),(429500480,1362),(429500481,1363),(429500482,1364),(429500483,1365),(429500484,1366),(429500485,1367),(429500486,1368),(429500487,1369),(429500488,1370),(429500489,1371),(429500490,1372),(429500491,1373),(429500492,1374),(429500493,1375),(429500494,1376),(429500495,1377),(429500496,1378),(429500497,1379),(429500498,1380),(429500499,1381),(429500500,1382),(429500501,1383),(429500502,1384),(429500503,1385),(429500504,1386),(429500505,1387),(429500506,1388),(429500507,1389),(429500508,1390),(429500509,1391),(429500510,1392),(429500511,1393),(429500512,1394),(429500513,1395),(429500514,1396),(429500515,1397),(429500516,1398),(429500517,1399),(429500518,1400),(429500519,1401),(429500520,1402),(429500521,1403),(429500522,1404),(429500523,1405),(429500524,1406),(429500525,1407),(429500526,1408),(429500527,1409),(429500528,1410),(429500529,1411),(429500530,1412),(429500531,1413),(429500532,1414),(429500533,1415),(429500534,1416),(429500535,1417),(429500536,1418),(429500537,1419),(429500538,1420),(429500539,1421),(429500540,1422),(429500541,1423),(429500542,1424),(429500543,1425),(429500544,1426),(429500545,1427),(429500546,1428),(429500547,1429),(429500548,1430),(429500549,1431),(429500550,1432),(429500551,1433),(429500552,1434),(429500553,1435),(429500554,1436),(429500555,1437),(429500556,1438),(429500557,1439),(429500558,1440),(429500559,1441),(429500560,1442),(429500561,1443),(429500562,1444),(429500563,1445),(429500564,1446),(429500565,1447),(429500566,1448),(429500567,1449),(429500568,1450),(429500569,1451),(429500570,1452),(429500571,1453),(429500572,1454),(429500573,1455),(429500574,1456),(429500575,1457),(429500576,1458),(429500577,1459),(429500578,1460),(429500579,1461),(429500580,1462),(429500581,1463),(429500582,1464),(429500583,1465),(429500584,1466),(429500585,1467),(429500586,1468),(429500587,1469),(429500588,1470),(429500589,1471),(429500590,1472),(429500591,1473),(429500592,1474),(429500593,1475),(429500594,1476),(429500595,1477),(429500596,1478),(429500597,1479),(429500598,1480),(429500599,1481),(429500600,1482),(429500601,1483),(429500602,1484),(429500603,1485),(429500604,1486),(429500605,1487),(429500606,1488),(429500607,1489),(429500608,1490),(429500609,1491),(429500610,1492),(429500611,1493),(429500612,1494),(429500613,1495),(429500614,1496),(429500615,1497),(429500616,1498),(429500617,1499),(429500618,1500),(429500619,1501),(429500620,1502),(429500621,1503),(429500622,1504),(429500623,1505),(429500624,1506),(429500625,1507),(429500626,1508),(429500627,1509),(429500628,1510),(429500629,1511),(429500630,1512),(429500631,1513),(429500632,1514),(429500633,1515),(429500634,1516),(429500635,1517),(429500636,1518),(429500637,1519),(429500638,1520),(429500639,1521),(429500640,1522),(429500641,1523),(429500642,1524),(429500643,1525),(429500644,1526),(429500645,1527),(429500646,1528),(429500647,1529),(429500648,1530),(429500649,1531),(429500650,1532),(429500651,1533),(429500652,1534),(429500653,1535),(429500654,1536),(429500655,1537),(429500656,1538),(429500657,1539),(429500658,1540),(429500659,1541),(429500660,1542),(429500661,1543),(429500662,1544),(429500663,1545),(429500664,1546),(429500665,1547),(429500666,1548),(429500667,1549),(429500668,1550),(429500669,1551),(429500670,1552),(429500671,1553),(429500672,1554),(429500673,1555),(429500674,1556),(429500675,1557),(429500676,1558),(429500677,1559),(429500678,1560),(429500679,1561),(429500680,1562),(429500681,1563),(429500682,1564),(429500683,1565),(429500684,1566),(429500685,1567),(429500686,1568),(429500687,1569),(429500688,1570),(429500689,1571),(429500690,1572),(429500691,1573),(429500692,1574),(429500693,1575),(429500694,1576),(1146076708,1577),(1146076709,1578),(1146076710,1579),(1146076711,1580),(1146076712,1581),(1146076713,1582),(1146076714,1583),(1146076715,1584),(1146076716,1585),(1146076717,1586),(1146076718,1587),(1146076719,1588),(1146076720,1589),(1146076721,1590),(1146076722,1591),(1146076723,1592),(1146076724,1593),(1146076725,1594),(1146076726,1595),(1146076727,1596),(1146076728,1597),(1146076729,1598),(1146076730,1599),(1146076731,1600),(1146076732,1601),(1146076733,1602),(1146076734,1603),(1146076735,1604),(1146076736,1605),(1146076737,1606),(1146076738,1607),(1146076739,1608),(1146076740,1609),(1146076741,1610),(1146076742,1611),(1146076743,1612),(1146076744,1613),(1146076745,1614),(1146076746,1615),(1146076747,1616),(1146076748,1617),(1146076749,1618),(1146076750,1619),(1146076751,1620),(1146076752,1621),(1146076753,1622),(1146076754,1623),(1146076755,1624),(1146076756,1625),(1146076757,1626),(1146076758,1627),(1146076759,1628),(1146076760,1629),(1146076761,1630),(1146076762,1631),(1146076763,1632),(1146076764,1633),(1146076765,1634),(1146076766,1635),(1146076767,1636),(1146076768,1637),(1146076769,1638),(1146076770,1639),(1146076771,1640),(1146076772,1641),(1146076773,1642),(1146076774,1643),(1146076775,1644),(1146076776,1645),(1146076777,1646),(1146076778,1647),(1146076779,1648),(1146076780,1649),(1146076781,1650),(1146076782,1651),(1146076783,1652),(1146076784,1653),(1146076785,1654),(1146076786,1655),(1146076787,1656),(1146076788,1657),(1146076789,1658),(1146076790,1659),(1146076791,1660),(1146076792,1661),(1146076793,1662),(1146076794,1663),(1146076795,1664),(1146076796,1665),(1146076797,1666),(1146076798,1667),(1146076799,1668),(1146076800,1669),(1146076801,1670),(1146076802,1671),(1146076803,1672),(1146076804,1673),(1146076805,1674),(1146076806,1675),(1146076807,1676),(1146076808,1677),(1146076809,1678),(1146076810,1679),(1146076811,1680),(1146076812,1681),(1146076813,1682),(1146076814,1683),(1146076815,1684),(1146076816,1685),(1146076817,1686),(1146076818,1687),(1146076819,1688),(1146076820,1689),(1146076821,1690),(1146076822,1691),(1146076823,1692),(1146076824,1693),(1146076825,1694),(1146076826,1695),(1146076827,1696),(1146076828,1697),(1146076829,1698),(1146076830,1699),(1146076831,1700),(1146076832,1701),(1146076833,1702),(1146076834,1703),(1146076835,1704),(1146076836,1705),(1146076837,1706),(1146076838,1707),(1146076839,1708),(1146076840,1709),(1146076841,1710),(1146076842,1711),(1146076843,1712),(1146076844,1713),(1146076845,1714),(1146076846,1715),(1146076847,1716),(1146076848,1717),(1146076849,1718),(1146076850,1719),(1146076851,1720),(1146076852,1721),(1146076853,1722),(1146076854,1723),(1146076855,1724),(1146076856,1725),(1146076857,1726),(1146076858,1727),(1146076859,1728),(1146076860,1729),(1146076861,1730),(1146076862,1731),(1146076863,1732),(1146076864,1733),(1146076865,1734),(1146076866,1735),(1146076867,1736),(1146076868,1737),(1146076869,1738),(1146076870,1739),(1146076871,1740),(1146076872,1741),(1146076873,1742),(1146076874,1743),(1146076875,1744),(1146076876,1745),(1146076877,1746),(1146076878,1747),(1146076879,1748),(1146076880,1749),(1146076881,1750),(1146076882,1751),(1146076883,1752),(1146076884,1753),(1146076885,1754),(1146076886,1755),(1146076887,1756),(1146076888,1757),(1146076889,1758),(1146076890,1759),(1146076891,1760),(1146076892,1761),(1146076893,1762),(1146076894,1763),(1146076895,1764),(1146076896,1765),(1146076897,1766),(1146076898,1767),(1146076899,1768),(1146076900,1769),(1146076901,1770),(1146076902,1771),(1146076903,1772),(1146076904,1773),(1146076905,1774),(1146076906,1775),(1146076907,1776),(1146076908,1777),(1146076909,1778),(1146076910,1779),(1146076911,1780),(1146076912,1781),(1146076913,1782),(1146076914,1783),(1146076915,1784),(1146076916,1785),(1146076917,1786),(1146076918,1787),(1146076919,1788),(1146076920,1789),(1146076921,1790),(1146076922,1791),(1146076923,1792),(1146076924,1793),(1146076925,1794),(1146076926,1795),(1146076927,1796),(1146076928,1797),(1146076929,1798),(1146076930,1799),(1146076931,1800),(1146076932,1801),(1146076933,1802),(1146076934,1803),(1146076935,1804),(1146076936,1805),(1146076937,1806),(1146076938,1807),(1146076939,1808),(1146076940,1809),(1146076941,1810),(1146076942,1811),(1146076943,1812),(1146076944,1813),(1146076945,1814),(1146076946,1815),(1146076947,1816),(1146076948,1817),(1146076949,1818),(1146076950,1819),(1146076951,1820),(1146076952,1821),(1146076953,1822),(1575573439,1823),(1575573440,1824),(1575573441,1825),(1575573442,1826),(1575573443,1827),(1575573444,1828),(1575573445,1829),(1575573446,1830),(1575573447,1831),(1575573448,1832),(1575573449,1833),(1575573450,1834),(1575573451,1835),(1575573452,1836),(1575573453,1837),(1575573454,1838),(1575573455,1839),(1575573456,1840),(1575573457,1841),(1575573458,1842),(1575573459,1843),(1575573460,1844),(1575573461,1845),(1575573462,1846),(1575573463,1847),(1575573464,1848),(1575573465,1849),(1575573466,1850),(1575573467,1851),(1575573468,1852),(1575573469,1853),(1575573470,1854),(1575573471,1855),(1575573472,1856),(1575573473,1857),(1575573474,1858),(1575573475,1859),(1575573476,1860),(1575573477,1861),(1575573478,1862),(1575573479,1863),(1575573480,1864),(1575573481,1865),(1575573482,1866),(1575573483,1867),(1575573484,1868),(1575573485,1869),(1575573486,1870),(1575573487,1871),(1575573488,1872),(1575573489,1873),(1575573490,1874),(1575573491,1875),(1575573492,1876),(1575573493,1877),(1575573494,1878),(1575573495,1879),(1575573496,1880),(1575573497,1881),(1575573498,1882),(1575573499,1883),(1575573500,1884),(1575573501,1885),(1575573502,1886),(1575573503,1887),(1575573504,1888),(1575573505,1889),(1575573506,1890),(1575573507,1891),(1575573508,1892),(1575573509,1893),(1575573510,1894),(1575573511,1895),(1575573512,1896),(1575573513,1897),(1575573514,1898),(1575573515,1899),(1575573516,1900),(1575573517,1901),(1575573518,1902),(1575573519,1903),(1575573520,1904),(1575573521,1905),(1575573522,1906),(1575573523,1907),(1575573524,1908),(1575573525,1909),(1575573526,1910),(1575573527,1911),(1575573528,1912),(1575573529,1913),(1575573530,1914),(1575573531,1915),(1575573532,1916),(1575573533,1917),(1575573534,1918),(1575573535,1919),(1575573536,1920),(1575573537,1921),(1575573538,1922),(1575573539,1923),(1575573540,1924),(1575573541,1925),(1575573542,1926),(1575573543,1927),(1575573544,1928),(1575573545,1929),(1575573546,1930),(1575573547,1931),(1575573548,1932),(1575573549,1933),(1575573550,1934),(1575573551,1935),(1575573552,1936),(1575573553,1937),(1575573554,1938),(1575573555,1939),(1575573556,1940),(1575573557,1941),(1575573558,1942),(1575573559,1943),(1575573560,1944),(1575573561,1945),(1575573562,1946),(1575573563,1947),(1575573564,1948),(1575573565,1949),(1575573566,1950),(1575573567,1951),(1575573568,1952),(1575573569,1953),(1575573570,1954),(1575573571,1955),(1575573572,1956),(1575573573,1957),(1575573574,1958),(1575573575,1959),(1575573576,1960),(1575573577,1961),(1575573578,1962),(1575573579,1963),(1575573580,1964),(1575573581,1965),(1575573582,1966),(1575573583,1967),(1575573584,1968),(1575573585,1969),(1575573586,1970),(1575573587,1971),(1575573588,1972),(1575573589,1973),(1575573590,1974),(1575573591,1975),(1575573592,1976),(1575573593,1977),(1575573594,1978),(1575573595,1979),(1575573596,1980),(1575573597,1981),(1575573598,1982),(1575573599,1983),(1575573600,1984),(1575573601,1985),(1575573602,1986),(1575573603,1987),(1575573604,1988),(1575573605,1989),(1575573606,1990),(1575573607,1991),(1575573608,1992),(1575573609,1993),(1575573610,1994),(1575573611,1995),(1575573612,1996),(1575573613,1997),(1575573614,1998),(1575573615,1999),(1575573616,2000),(1575573617,2001),(1575573618,2002),(1575573619,2003),(1575573620,2004),(1575573621,2005),(1575573622,2006),(1575573623,2007),(1575573624,2008),(1575573625,2009),(1575573626,2010),(1575573627,2011),(1575573628,2012),(1575573629,2013),(1575573630,2014),(1575573631,2015),(1575573632,2016),(1575573633,2017),(1575573634,2018),(1575573635,2019),(1575573636,2020),(1575573637,2021),(1575573638,2022),(1575573639,2023),(1575573640,2024),(1575573641,2025),(1575573642,2026),(1575573643,2027),(1575573644,2028),(1575573645,2029),(1575573646,2030),(1575573647,2031),(1575573648,2032),(1575573649,2033),(1575573650,2034),(1575573651,2035),(1575573652,2036),(1575573653,2037),(1575573654,2038),(1575573655,2039),(1575573656,2040),(1575573657,2041),(1575573658,2042),(1575573659,2043),(1575573660,2044),(1575573661,2045),(1575573662,2046),(1575573663,2047),(1575573664,2048),(1575573665,2049),(1575573666,2050),(1575573667,2051),(1575573668,2052),(1575573669,2053),(1575573670,2054),(1575573671,2055),(1575573672,2056),(1575573673,2057),(1575573674,2058),(1575573675,2059),(1575573676,2060),(1575573677,2061),(1575573678,2062),(1575573679,2063),(1575573680,2064),(1575573681,2065),(1575573682,2066),(1575573683,2067),(1575573684,2068),(2109967645,2069),(2109967646,2070),(2109967647,2071),(2109967648,2072),(2109967649,2073),(2109967650,2074),(2109967651,2075),(2109967652,2076),(2109967653,2077),(2109967654,2078),(2109967655,2079),(2109967656,2080),(2109967657,2081),(2109967658,2082),(2109967659,2083),(2109967660,2084),(2109967661,2085),(2109967662,2086),(2109967663,2087),(2109967664,2088),(2109967665,2089),(2109967666,2090),(2109967667,2091),(2109967668,2092),(2109967669,2093),(2109967670,2094),(2109967671,2095),(2109967672,2096),(2109967673,2097),(2109967674,2098),(2109967675,2099),(2109967676,2100),(2109967677,2101),(2109967678,2102),(2109967679,2103),(2109967680,2104),(2109967681,2105),(2109967682,2106),(2109967683,2107),(2109967684,2108),(2109967685,2109),(2109967686,2110),(2109967687,2111),(2109967688,2112),(2109967689,2113),(2109967690,2114),(2109967691,2115),(2109967692,2116),(2109967693,2117),(2109967694,2118),(2109967695,2119),(2109967696,2120),(2109967697,2121),(2109967698,2122),(2109967699,2123),(2109967700,2124),(2109967701,2125),(2109967702,2126),(2109967703,2127),(2109967704,2128),(2109967705,2129),(2109967706,2130),(2109967707,2131),(2109967708,2132),(2109967709,2133),(2109967710,2134),(2109967711,2135),(2109967712,2136),(2109967713,2137),(2109967714,2138),(2109967715,2139),(2109967716,2140),(2109967717,2141),(2109967718,2142),(2109967719,2143),(2109967720,2144),(2109967721,2145),(2109967722,2146),(2109967723,2147),(2109967724,2148),(2109967725,2149),(2109967726,2150),(2109967727,2151),(2109967728,2152),(2109967729,2153),(2109967730,2154),(2109967731,2155),(2109967732,2156),(2109967733,2157),(2109967734,2158),(2109967735,2159),(2109967736,2160),(2109967737,2161),(2109967738,2162),(2109967739,2163),(2109967740,2164),(2109967741,2165),(2109967742,2166),(2109967743,2167),(2109967744,2168),(2109967745,2169),(2109967746,2170),(2109967747,2171),(2109967748,2172),(2109967749,2173),(2109967750,2174),(2109967751,2175),(2109967752,2176),(2109967753,2177),(2109967754,2178),(2109967755,2179),(2109967756,2180),(2109967757,2181),(2109967758,2182),(2109967759,2183),(2109967760,2184),(2109967761,2185),(2109967762,2186),(2109967763,2187),(2109967764,2188),(2109967765,2189),(2109967766,2190),(2109967767,2191),(2109967768,2192),(2109967769,2193),(2109967770,2194),(2109967771,2195),(2109967772,2196),(2109967773,2197),(2109967774,2198),(2109967775,2199),(2109967776,2200),(2109967777,2201),(2109967778,2202),(2109967779,2203),(2109967780,2204),(2109967781,2205),(2109967782,2206),(2109967783,2207),(2109967784,2208),(2109967785,2209),(2109967786,2210),(2109967787,2211),(2109967788,2212),(2109967789,2213),(2109967790,2214),(2109967791,2215),(2109967792,2216),(2109967793,2217),(2109967794,2218),(2109967795,2219),(2109967796,2220),(2109967797,2221),(2109967798,2222),(2109967799,2223),(2109967800,2224),(2109967801,2225),(2109967802,2226),(2109967803,2227),(2109967804,2228),(2109967805,2229),(2109967806,2230),(2109967807,2231),(2109967808,2232),(2109967809,2233),(2109967810,2234),(2109967811,2235),(2109967812,2236),(2109967813,2237),(2109967814,2238),(2109967815,2239),(2109967816,2240),(2109967817,2241),(2109967818,2242),(2109967819,2243),(2109967820,2244),(2109967821,2245),(2109967822,2246),(2109967823,2247),(2109967824,2248),(2109967825,2249),(2109967826,2250),(2109967827,2251),(2109967828,2252),(2109967829,2253),(2109967830,2254),(2109967831,2255),(2109967832,2256),(2109967833,2257),(2109967834,2258),(2109967835,2259),(2109967836,2260),(2109967837,2261),(2109967838,2262),(2109967839,2263),(2109967840,2264),(2109967841,2265),(2109967842,2266),(2109967843,2267),(2109967844,2268),(2109967845,2269),(2109967846,2270),(2109967847,2271),(2109967848,2272),(2109967849,2273),(2109967850,2274),(2109967851,2275),(2109967852,2276),(2109967853,2277),(2109967854,2278),(2109967855,2279),(2109967856,2280),(2109967857,2281),(2109967858,2282),(2109967859,2283),(2109967860,2284),(2109967861,2285),(2109967862,2286),(2109967863,2287),(2109967864,2288),(2109967865,2289),(2109967866,2290),(2109967867,2291),(2109967868,2292),(2109967869,2293),(2109967870,2294),(2109967871,2295),(2109967872,2296),(2109967873,2297),(2109967874,2298),(2109967875,2299),(2109967876,2300),(2109967877,2301),(2109967878,2302),(2109967879,2303),(2109967880,2304),(2109967881,2305),(2109967882,2306),(2109967883,2307),(2109967884,2308),(2109967885,2309),(2109967886,2310),(2109967887,2311),(2109967888,2312),(2109967889,2313),(2109967890,2314),(2109967891,2315),(2109967892,2316),(2109967893,2317),(2109967894,2318),(2109967895,2319),(2109967896,2320),(2109967897,2321),(2109967898,2322),(2109967899,2323),(2109967900,2324),(2109967901,2325),(2539464375,2326),(2539464376,2327),(2539464377,2328),(2539464378,2329),(2539464379,2330),(2539464380,2331),(2539464381,2332),(2539464382,2333),(2539464383,2334),(2539464384,2335),(2539464385,2336),(2539464386,2337),(2539464387,2338),(2539464388,2339),(2539464389,2340),(2539464390,2341),(2539464391,2342),(2539464392,2343),(2539464393,2344),(2539464394,2345),(2539464395,2346),(2539464396,2347),(2539464397,2348),(2539464398,2349),(2539464399,2350),(2539464400,2351),(2539464401,2352),(2539464402,2353),(2539464403,2354),(2539464404,2355),(2539464405,2356),(2539464406,2357),(2539464407,2358),(2539464408,2359),(2539464409,2360),(2539464410,2361),(2539464411,2362),(2539464412,2363),(2539464413,2364),(2539464414,2365),(2539464415,2366),(2539464416,2367),(2539464417,2368),(2539464418,2369),(2539464419,2370),(2539464420,2371),(2539464421,2372),(2539464422,2373),(2539464423,2374),(2539464424,2375),(2539464425,2376),(2539464426,2377),(2539464427,2378),(2539464428,2379),(2539464429,2380),(2539464430,2381),(2539464431,2382),(2539464432,2383),(2539464433,2384),(2539464434,2385),(2539464435,2386),(2539464436,2387),(2539464437,2388),(2539464438,2389),(2539464439,2390),(2539464440,2391),(2539464441,2392),(2539464442,2393),(2539464443,2394),(2539464444,2395),(2539464445,2396),(2539464446,2397),(2539464447,2398),(2539464448,2399),(2539464449,2400),(2539464450,2401),(2539464451,2402),(2539464452,2403),(2539464453,2404),(2539464454,2405),(2539464455,2406),(2539464456,2407),(2539464457,2408),(2539464458,2409),(2539464459,2410),(2539464460,2411),(2539464461,2412),(2539464462,2413),(2539464463,2414),(2539464464,2415),(2539464465,2416),(2539464466,2417),(2539464467,2418),(2539464468,2419),(2539464469,2420),(2539464470,2421),(2539464471,2422),(2539464472,2423),(2539464473,2424),(2539464474,2425),(2539464475,2426),(2539464476,2427),(2539464477,2428),(2539464478,2429),(2539464479,2430),(2539464480,2431),(2539464481,2432),(2539464482,2433),(2539464483,2434),(2539464484,2435),(2539464485,2436),(2539464486,2437),(2539464487,2438),(2539464488,2439),(2539464489,2440),(2539464490,2441),(2539464491,2442),(2539464492,2443),(2539464493,2444),(2539464494,2445),(2539464495,2446),(2539464496,2447),(2539464497,2448),(2539464498,2449),(2539464499,2450),(2539464500,2451),(2539464501,2452),(2539464502,2453),(2539464503,2454),(2539464504,2455),(2539464505,2456),(2539464506,2457),(2539464507,2458),(2539464508,2459),(2539464509,2460),(2539464510,2461),(2539464511,2462),(2539464512,2463),(2539464513,2464),(2539464514,2465),(2539464515,2466),(2539464516,2467),(2539464517,2468),(2539464518,2469),(2539464519,2470),(2539464520,2471),(2539464521,2472),(2539464522,2473),(2539464523,2474),(2539464524,2475),(2539464525,2476),(2539464526,2477),(2539464527,2478),(2539464528,2479),(2539464529,2480),(2539464530,2481),(2539464531,2482),(2539464532,2483),(2539464533,2484),(2539464534,2485),(2539464535,2486),(2539464536,2487),(2539464537,2488),(2539464538,2489),(2539464539,2490),(2539464540,2491),(2539464541,2492),(2539464542,2493),(2539464543,2494),(2539464544,2495),(2539464545,2496),(2539464546,2497),(2539464547,2498),(2539464548,2499),(2539464549,2500),(2539464550,2501),(2539464551,2502),(2539464552,2503),(2539464553,2504),(2539464554,2505),(2539464555,2506),(2539464556,2507),(2539464557,2508),(2539464558,2509),(2539464559,2510),(2539464560,2511),(2539464561,2512),(2539464562,2513),(2539464563,2514),(2539464564,2515),(2539464565,2516),(2539464566,2517),(2539464567,2518),(2539464568,2519),(2539464569,2520),(2539464570,2521),(2539464571,2522),(2539464572,2523),(2539464573,2524),(2539464574,2525),(2539464575,2526),(2539464576,2527),(2539464577,2528),(2539464578,2529),(2539464579,2530),(2539464580,2531),(2539464581,2532),(2539464582,2533),(2539464583,2534),(2539464584,2535),(2539464585,2536),(2539464586,2537),(2539464587,2538),(2539464588,2539),(2539464589,2540),(2539464590,2541),(2539464591,2542),(2539464592,2543),(2539464593,2544),(2539464594,2545),(2539464595,2546),(2539464596,2547),(2539464597,2548),(2539464598,2549),(2539464599,2550),(2539464600,2551),(2539464601,2552),(2539464602,2553),(2539464603,2554),(2539464604,2555),(2539464605,2556),(2539464606,2557),(2539464607,2558),(2539464608,2559),(2539464609,2560),(2539464610,2561),(2539464611,2562),(2539464612,2563),(2539464613,2564),(2539464614,2565),(2539464615,2566),(2539464616,2567),(2539464617,2568),(2539464618,2569),(2539464619,2570),(2539464620,2571),(2539464621,2572),(2539464622,2573),(2539464623,2574),(2539464624,2575),(2539464625,2576),(2539464626,2577),(2539464627,2578),(2539464628,2579),(2539464629,2580),(2539464630,2581),(2539464631,2582),(2539464632,2583),(2959488855,2584),(2959488856,2585),(2959488857,2586),(2959488858,2587),(2959488859,2588),(2959488860,2589),(2959488861,2590),(2959488862,2591),(2959488863,2592),(2959488864,2593),(2959488865,2594),(2959488866,2595),(2959488867,2596),(2959488868,2597),(2959488869,2598),(2959488870,2599),(2959488871,2600),(2959488872,2601),(2959488873,2602),(2959488874,2603),(2959488875,2604),(2959488876,2605),(2959488877,2606),(2959488878,2607),(2959488879,2608),(2959488880,2609),(2959488881,2610),(2959488882,2611),(2959488883,2612),(2959488884,2613),(2959488885,2614),(2959488886,2615),(2959488887,2616),(2959488888,2617),(2959488889,2618),(2959488890,2619),(2959488891,2620),(2959488892,2621),(2959488893,2622),(2959488894,2623),(2959488895,2624),(2959488896,2625),(2959488897,2626),(2959488898,2627),(2959488899,2628),(2959488900,2629),(2959488901,2630),(2959488902,2631),(2959488903,2632),(2959488904,2633),(2959488905,2634),(2959488906,2635),(2959488907,2636),(2959488908,2637),(2959488909,2638),(2959488910,2639),(2959488911,2640),(2959488912,2641),(2959488913,2642),(2959488914,2643),(2959488915,2644),(2959488916,2645),(2959488917,2646),(2959488918,2647),(2959488919,2648),(2959488920,2649),(2959488921,2650),(2959488922,2651),(2959488923,2652),(2959488924,2653),(2959488925,2654),(2959488926,2655),(2959488927,2656),(2959488928,2657),(2959488929,2658),(2959488930,2659),(2959488931,2660),(2959488932,2661),(2959488933,2662),(2959488934,2663),(2959488935,2664),(2959488936,2665),(2959488937,2666),(2959488938,2667),(2959488939,2668),(2959488940,2669),(2959488941,2670),(2959488942,2671),(2959488943,2672),(2959488944,2673),(2959488945,2674),(2959488946,2675),(2959488947,2676),(2959488948,2677),(2959488949,2678),(2959488950,2679),(2959488951,2680),(2959488952,2681),(2959488953,2682),(2959488954,2683),(2959488955,2684),(2959488956,2685),(2959488957,2686),(2959488958,2687),(2959488959,2688),(2959488960,2689),(2959488961,2690),(2959488962,2691),(2959488963,2692),(2959488964,2693),(2959488965,2694),(2959488966,2695),(2959488967,2696),(2959488968,2697),(2959488969,2698),(2959488970,2699),(2959488971,2700),(2959488972,2701),(2959488973,2702),(2959488974,2703),(2959488975,2704),(2959488976,2705),(2959488977,2706),(2959488978,2707),(2959488979,2708),(2959488980,2709),(2959488981,2710),(2959488982,2711),(2959488983,2712),(2959488984,2713),(2959488985,2714),(2959488986,2715),(2959488987,2716),(2959488988,2717),(2959488989,2718),(2959488990,2719),(2959488991,2720),(2959488992,2721),(2959488993,2722),(2959488994,2723),(2959488995,2724),(2959488996,2725),(2959488997,2726),(2959488998,2727),(2959488999,2728),(2959489000,2729),(2959489001,2730),(2959489002,2731),(2959489003,2732),(2959489004,2733),(2959489005,2734),(2959489006,2735),(2959489007,2736),(2959489008,2737),(2959489009,2738),(2959489010,2739),(2959489011,2740),(2959489012,2741),(2959489013,2742),(2959489014,2743),(2959489015,2744),(2959489016,2745),(2959489017,2746),(2959489018,2747),(2959489019,2748),(2959489020,2749),(2959489021,2750),(2959489022,2751),(2959489023,2752),(2959489024,2753),(2959489025,2754),(2959489026,2755),(2959489027,2756),(2959489028,2757),(2959489029,2758),(2959489030,2759),(2959489031,2760),(2959489032,2761),(2959489033,2762),(2959489034,2763),(2959489035,2764),(2959489036,2765),(2959489037,2766),(2959489038,2767),(2959489039,2768),(2959489040,2769),(2959489041,2770),(2959489042,2771),(2959489043,2772),(2959489044,2773),(2959489045,2774),(2959489046,2775),(2959489047,2776),(2959489048,2777),(2959489049,2778),(2959489050,2779),(2959489051,2780),(2959489052,2781),(2959489053,2782),(2959489054,2783),(2959489055,2784),(2959489056,2785),(2959489057,2786),(2959489058,2787),(2959489059,2788),(2959489060,2789),(2959489061,2790),(2959489062,2791),(2959489063,2792),(2959489064,2793),(2959489065,2794),(2959489066,2795),(2959489067,2796),(2959489068,2797),(2959489069,2798),(2959489070,2799),(2959489071,2800),(2959489072,2801),(2959489073,2802),(2959489074,2803),(2959489075,2804),(2959489076,2805),(2959489077,2806),(2959489078,2807),(2959489079,2808),(2959489080,2809),(2959489081,2810),(2959489082,2811),(2959489083,2812),(2959489084,2813),(2959489085,2814),(2959489086,2815),(2959489087,2816),(2959489088,2817),(2959489089,2818),(2959489090,2819),(2959489091,2820),(2959489092,2821),(2959489093,2822),(2959489094,2823),(2959489095,2824),(2959489096,2825),(2959489097,2826),(2959489098,2827),(3388985586,2828),(3388985587,2829),(3388985588,2830),(3388985589,2831),(3388985590,2832),(3388985591,2833),(3388985592,2834),(3388985593,2835),(3388985594,2836),(3388985595,2837),(3388985596,2838),(3388985597,2839),(3388985598,2840),(3388985599,2841),(3388985600,2842),(3388985601,2843),(3388985602,2844),(3388985603,2845),(3388985604,2846),(3388985605,2847),(3388985606,2848),(3388985607,2849),(3388985608,2850),(3388985609,2851),(3388985610,2852),(3388985611,2853),(3388985612,2854),(3388985613,2855),(3388985614,2856),(3388985615,2857),(3388985616,2858),(3388985617,2859),(3388985618,2860),(3388985619,2861),(3388985620,2862),(3388985621,2863),(3388985622,2864),(3388985623,2865),(3388985624,2866),(3388985625,2867),(3388985626,2868),(3388985627,2869),(3388985628,2870),(3388985629,2871),(3388985630,2872),(3388985631,2873),(3388985632,2874),(3388985633,2875),(3388985634,2876),(3388985635,2877),(3388985636,2878),(3388985637,2879),(3388985638,2880),(3388985639,2881),(3388985640,2882),(3388985641,2883),(3388985642,2884),(3388985643,2885),(3388985644,2886),(3388985645,2887),(3388985646,2888),(3388985647,2889),(3388985648,2890),(3388985649,2891),(3388985650,2892),(3388985651,2893),(3388985652,2894),(3388985653,2895),(3388985654,2896),(3388985655,2897),(3388985656,2898),(3388985657,2899),(3388985658,2900),(3388985659,2901),(3388985660,2902),(3388985661,2903),(3388985662,2904),(3388985663,2905),(3388985664,2906),(3388985665,2907),(3388985666,2908),(3388985667,2909),(3388985668,2910),(3388985669,2911),(3388985670,2912),(3388985671,2913),(3388985672,2914),(3388985673,2915),(3388985674,2916),(3388985675,2917),(3388985676,2918),(3388985677,2919),(3388985678,2920),(3388985679,2921),(3388985680,2922),(3388985681,2923),(3388985682,2924),(3388985683,2925),(3388985684,2926),(3388985685,2927),(3388985686,2928),(3388985687,2929),(3388985688,2930),(3388985689,2931),(3388985690,2932),(3388985691,2933),(3388985692,2934),(3388985693,2935),(3388985694,2936),(3388985695,2937),(3388985696,2938),(3388985697,2939),(3388985698,2940),(3388985699,2941),(3388985700,2942),(3388985701,2943),(3388985702,2944),(3388985703,2945),(3388985704,2946),(3388985705,2947),(3388985706,2948),(3388985707,2949),(3388985708,2950),(3388985709,2951),(3388985710,2952),(3388985711,2953),(3388985712,2954),(3388985713,2955),(3388985714,2956),(3388985715,2957),(3388985716,2958),(3388985717,2959),(3388985718,2960),(3388985719,2961),(3388985720,2962),(3388985721,2963),(3388985722,2964),(3388985723,2965),(3388985724,2966),(3388985725,2967),(3388985726,2968),(3388985727,2969),(3388985728,2970),(3388985729,2971),(3388985730,2972),(3388985731,2973),(3388985732,2974),(3388985733,2975),(3388985734,2976),(3388985735,2977),(3388985736,2978),(3388985737,2979),(3388985738,2980),(3388985739,2981),(3388985740,2982),(3388985741,2983),(3388985742,2984),(3388985743,2985),(3388985744,2986),(3388985745,2987),(3388985746,2988),(3388985747,2989),(3388985748,2990),(3388985749,2991),(3388985750,2992),(3388985751,2993),(3388985752,2994),(3388985753,2995),(3388985754,2996),(3388985755,2997),(3388985756,2998),(3388985757,2999),(3388985758,3000),(3388985759,3001),(3388985760,3002),(3388985761,3003),(3388985762,3004),(3388985763,3005),(3388985764,3006),(3388985765,3007),(3388985766,3008),(3388985767,3009),(3388985768,3010),(3388985769,3011),(3388985770,3012),(3388985771,3013),(3388985772,3014),(3388985773,3015),(3388985774,3016),(3388985775,3017),(3388985776,3018),(3388985777,3019),(3388985778,3020),(3388985779,3021),(3388985780,3022),(3388985781,3023),(3388985782,3024),(3388985783,3025),(3388985784,3026),(3388985785,3027),(3388985786,3028),(3388985787,3029),(3388985788,3030),(3388985789,3031),(3388985790,3032),(3388985791,3033),(3388985792,3034),(3388985793,3035),(3388985794,3036),(3388985795,3037),(3388985796,3038),(3388985797,3039),(3388985798,3040),(3388985799,3041),(3388985800,3042),(3388985801,3043),(3388985802,3044),(3388985803,3045),(3388985804,3046),(3388985805,3047),(3388985806,3048),(3388985807,3049),(3388985808,3050),(3388985809,3051),(3388985810,3052),(3388985811,3053),(3388985812,3054),(3388985813,3055),(3388985814,3056),(3388985815,3057),(3388985816,3058),(3388985817,3059),(3388985818,3060),(3388985819,3061),(3388985820,3062),(3388985821,3063),(3388985822,3064),(3388985823,3065),(3388985824,3066),(3388985825,3067),(3388985826,3068),(3388985827,3069),(3388985828,3070),(3388985829,3071),(3479400783,3072),(3479400784,3073),(3479400785,3074),(3479400786,3075),(3479400787,3076),(3479400788,3077),(3479400789,3078),(3479400790,3079),(3479400791,3080),(3479400792,3081),(3479400793,3082),(3479400794,3083),(3479400795,3084),(3479400796,3085),(3479400797,3086),(3479400798,3087),(3479400799,3088),(3479400800,3089),(3479400801,3090),(3479400802,3091),(3479400803,3092),(3479400804,3093),(3479400805,3094),(3479400806,3095),(3479400807,3096),(3479400808,3097),(3479400809,3098),(3479400810,3099),(3479400811,3100),(3479400812,3101),(3479400813,3102),(3479400814,3103),(3479400815,3104),(3479400816,3105),(3479400817,3106),(3479400818,3107),(3479400819,3108),(3479400820,3109),(3479400821,3110),(3479400822,3111),(3479400823,3112),(3479400824,3113),(3479400825,3114),(3479400826,3115),(3479400827,3116),(3479400828,3117),(3479400829,3118),(3479400830,3119),(3479400831,3120),(3479400832,3121),(3479400833,3122),(3479400834,3123),(3479400835,3124),(3479400836,3125),(3479400837,3126),(3479400838,3127),(3479400839,3128),(3479400840,3129),(3479400841,3130),(3479400842,3131),(3479400843,3132),(3479400844,3133),(3479400845,3134),(3479400846,3135),(3479400847,3136),(3479400848,3137),(3479400849,3138),(3479400850,3139),(3479400851,3140),(3479400852,3141),(3479400853,3142),(3479400854,3143),(3479400855,3144),(3479400856,3145),(3479400857,3146),(3479400858,3147),(3479400859,3148),(3479400860,3149),(3479400861,3150),(3479400862,3151),(3479400863,3152),(3479400864,3153),(3479400865,3154),(3479400866,3155),(3479400867,3156),(3479400868,3157),(3479400869,3158),(3479400870,3159),(3479400871,3160),(3479400872,3161),(3479400873,3162),(3479400874,3163),(3479400875,3164),(3479400876,3165),(3479400877,3166),(3479400878,3167),(3479400879,3168),(3479400880,3169),(3479400881,3170),(3479400882,3171),(3479400883,3172),(3479400884,3173),(3479400885,3174),(3479400886,3175),(3479400887,3176),(3479400888,3177),(3479400889,3178),(3479400890,3179),(3479400891,3180),(3479400892,3181),(3479400893,3182),(3479400894,3183),(3479400895,3184),(3479400896,3185),(3479400897,3186),(3479400898,3187),(3479400899,3188),(3479400900,3189),(3479400901,3190),(3479400902,3191),(3479400903,3192),(3479400904,3193),(3479400905,3194),(3479400906,3195),(3479400907,3196),(3479400908,3197),(3479400909,3198),(3479400910,3199),(3479400911,3200),(3479400912,3201),(3479400913,3202),(3479400914,3203),(3479400915,3204),(3479400916,3205),(3479400917,3206),(3479400918,3207),(3479400919,3208),(3479400920,3209),(3479400921,3210),(3479400922,3211),(3479400923,3212),(3479400924,3213),(3479400925,3214),(3479400926,3215),(3479400927,3216),(3479400928,3217),(3479400929,3218),(3479400930,3219),(3479400931,3220),(3479400932,3221),(3479400933,3222),(3479400934,3223),(3479400935,3224),(3479400936,3225),(3479400937,3226),(3479400938,3227),(3479400939,3228),(3479400940,3229),(3479400941,3230),(3479400942,3231),(3479400943,3232),(3479400944,3233),(3479400945,3234),(3479400946,3235),(3479400947,3236),(3479400948,3237),(3479400949,3238),(3479400950,3239),(3479400951,3240),(3479400952,3241),(3479400953,3242),(3479400954,3243),(3479400955,3244),(3479400956,3245),(3479400957,3246),(3479400958,3247),(3479400959,3248),(3479400960,3249),(3479400961,3250),(3479400962,3251),(3479400963,3252),(3479400964,3253),(3479400965,3254),(3479400966,3255),(3479400967,3256),(3479400968,3257),(3479400969,3258),(3479400970,3259),(3479400971,3260),(3479400972,3261),(3479400973,3262),(3479400974,3263),(3479400975,3264),(3479400976,3265),(3479400977,3266),(3479400978,3267),(3479400979,3268),(3479400980,3269),(3479400981,3270),(3479400982,3271),(3479400983,3272),(3479400984,3273),(3479400985,3274),(3479400986,3275),(3479400987,3276),(3479400988,3277),(3479400989,3278),(3479400990,3279),(3479400991,3280),(3479400992,3281),(3479400993,3282),(3479400994,3283),(3479400995,3284),(3479400996,3285),(3479400997,3286),(3479400998,3287),(3479400999,3288),(3479401000,3289),(3479401001,3290),(3479401002,3291),(3479401003,3292),(3479401004,3293),(3479401005,3294),(3479401006,3295),(3479401007,3296),(3479401008,3297),(3479401009,3298),(3479401010,3299),(3479401011,3300),(3479401012,3301),(3479401013,3302),(3479401014,3303),(3479401015,3304),(3479401016,3305),(3479401017,3306),(3479401018,3307),(3479401019,3308),(3479401020,3309),(3479401021,3310),(3479401022,3311),(3479401023,3312),(3479401024,3313),(3479401025,3314),(3479401026,3315),(3479401027,3316),(3479401028,3317),(3479401029,3318),(3479401030,3319),(3908897509,3320),(3908897510,3321),(3908897511,3322),(3908897512,3323),(3908897513,3324),(3908897514,3325),(3908897515,3326),(3908897516,3327),(3908897517,3328),(3908897518,3329),(3908897519,3330),(3908897520,3331),(3908897521,3332),(3908897522,3333),(3908897523,3334),(3908897524,3335),(3908897525,3336),(3908897526,3337),(3908897527,3338),(3908897528,3339),(3908897529,3340),(3908897530,3341),(3908897531,3342),(3908897532,3343),(3908897533,3344),(3908897534,3345),(3908897535,3346),(3908897536,3347),(3908897537,3348),(3908897538,3349),(3908897539,3350),(3908897540,3351),(3908897541,3352),(3908897542,3353),(3908897543,3354),(3908897544,3355),(3908897545,3356),(3908897546,3357),(3908897547,3358),(3908897548,3359),(3908897549,3360),(3908897550,3361),(3908897551,3362),(3908897552,3363),(3908897553,3364),(3908897554,3365),(3908897555,3366),(3908897556,3367),(3908897557,3368),(3908897558,3369),(3908897559,3370),(3908897560,3371),(3908897561,3372),(3908897562,3373),(3908897563,3374),(3908897564,3375),(3908897565,3376),(3908897566,3377),(3908897567,3378),(3908897568,3379),(3908897569,3380),(3908897570,3381),(3908897571,3382),(3908897572,3383),(3908897573,3384),(3908897574,3385),(3908897575,3386),(3908897576,3387),(3908897577,3388),(3908897578,3389),(3908897579,3390),(3908897580,3391),(3908897581,3392),(3908897582,3393),(3908897583,3394),(3908897584,3395),(3908897585,3396),(3908897586,3397),(3908897587,3398),(3908897588,3399),(3908897589,3400),(3908897590,3401),(3908897591,3402),(3908897592,3403),(3908897593,3404),(3908897594,3405),(3908897595,3406),(3908897596,3407),(3908897597,3408),(3908897598,3409),(3908897599,3410),(3908897600,3411),(3908897601,3412),(3908897602,3413),(3908897603,3414),(3908897604,3415),(3908897605,3416),(3908897606,3417),(3908897607,3418),(3908897608,3419),(3908897609,3420),(3908897610,3421),(3908897611,3422),(3908897612,3423),(3908897613,3424),(3908897614,3425),(3908897615,3426),(3908897616,3427),(3908897617,3428),(3908897618,3429),(3908897619,3430),(3908897620,3431),(3908897621,3432),(3908897622,3433),(3908897623,3434),(3908897624,3435),(3908897625,3436),(3908897626,3437),(3908897627,3438),(3908897628,3439),(3908897629,3440),(3908897630,3441),(3908897631,3442),(3908897632,3443),(3908897633,3444),(3908897634,3445),(3908897635,3446),(3908897636,3447),(3908897637,3448),(3908897638,3449),(3908897639,3450),(3908897640,3451),(3908897641,3452),(3908897642,3453),(3908897643,3454),(3908897644,3455),(3908897645,3456),(3908897646,3457),(3908897647,3458),(3908897648,3459),(3908897649,3460),(3908897650,3461),(3908897651,3462),(3908897652,3463),(3908897653,3464),(3908897654,3465),(3908897655,3466),(3908897656,3467),(3908897657,3468),(3908897658,3469),(3908897659,3470),(3908897660,3471),(3908897661,3472),(3908897662,3473),(3908897663,3474),(3908897664,3475),(3908897665,3476),(3908897666,3477),(3908897667,3478),(3908897668,3479),(3908897669,3480),(3908897670,3481),(3908897671,3482),(3908897672,3483),(3908897673,3484),(3908897674,3485),(3908897675,3486),(3908897676,3487),(3908897677,3488),(3908897678,3489),(3908897679,3490),(3908897680,3491),(3908897681,3492),(3908897682,3493),(3908897683,3494),(3908897684,3495),(3908897685,3496),(3908897686,3497),(3908897687,3498),(3908897688,3499),(3908897689,3500),(3908897690,3501),(3908897691,3502),(3908897692,3503),(3908897693,3504),(3908897694,3505),(3908897695,3506),(3908897696,3507),(3908897697,3508),(3908897698,3509),(3908897699,3510),(3908897700,3511),(3908897701,3512),(3908897702,3513),(3908897703,3514),(3908897704,3515),(3908897705,3516),(3908897706,3517),(3908897707,3518),(3908897708,3519),(3908897709,3520),(3908897710,3521),(3908897711,3522),(3908897712,3523),(3908897713,3524),(3908897714,3525),(3908897715,3526),(3908897716,3527),(3908897717,3528),(3908897718,3529),(3908897719,3530),(3908897720,3531),(3908897721,3532),(3908897722,3533),(3908897723,3534),(3908897724,3535),(3908897725,3536),(3908897726,3537),(3908897727,3538),(3908897728,3539),(3908897729,3540),(3908897730,3541),(3908897731,3542),(3908897732,3543),(3908897733,3544),(3908897734,3545),(3908897735,3546),(3908897736,3547),(3908897737,3548),(3908897738,3549),(3908897739,3550),(3908897740,3551),(3908897741,3552),(3908897742,3553),(3908897743,3554),(3908897744,3555),(3908897745,3556),(3908897746,3557),(3908897747,3558),(3908897748,3559),(3908897749,3560),(3908897750,3561),(3908897751,3562),(3908897752,3563),(3908897753,3564),(3908897754,3565),(3908897755,3566),(4294967295,3567);
/*!40000 ALTER TABLE `persona_has_telefono` ENABLE KEYS */;
UNLOCK TABLES;

--
-- Table structure for table `proveedor`
--

DROP TABLE IF EXISTS `proveedor`;
/*!40101 SET @saved_cs_client     = @@character_set_client */;
/*!50503 SET character_set_client = utf8mb4 */;
CREATE TABLE `proveedor` (
  `idProveedor` int(10) unsigned NOT NULL AUTO_INCREMENT,
  `nombre` varchar(45) NOT NULL,
  `direccion` tinytext NOT NULL,
  `email` tinytext NOT NULL,
  `PROVINCIA_idPROVINCIA` int(11) NOT NULL,
  PRIMARY KEY (`idProveedor`),
  KEY `fk_PROVEEDOR_PROVINCIA1_idx` (`PROVINCIA_idPROVINCIA`),
  CONSTRAINT `fk_PROVEEDOR_PROVINCIA1` FOREIGN KEY (`PROVINCIA_idPROVINCIA`) REFERENCES `provincia` (`idPROVINCIA`)
) ENGINE=InnoDB AUTO_INCREMENT=501 DEFAULT CHARSET=utf8;
/*!40101 SET character_set_client = @saved_cs_client */;

--
-- Dumping data for table `proveedor`
--

LOCK TABLES `proveedor` WRITE;
/*!40000 ALTER TABLE `proveedor` DISABLE KEYS */;
INSERT INTO `proveedor` VALUES (1,'Dispensing Solutions, Inc.','509 Marquette Crossing','dtween0@prlog.org',22),(2,'nombre','direccion','email',0),(3,'Roerig','0549 Sullivan Parkway','wcootes2@xinhuanet.com',21),(4,'McKesson','58251 Arrowood Center','ggrigorian3@ibm.com',20),(5,'Rebel Distributors Corp','87425 Prairie Rose Street','cworsham4@ifeng.com',16),(6,'Lake Erie Medical DBA Quality Care Products L','5 Daystar Alley','apikhno5@sakura.ne.jp',10),(7,'Wockhardt USA LLC.','20 Talmadge Plaza','cknight6@hugedomains.com',7),(8,'Aaron Industries, Inc.','84893 Eggendart Junction','mnewland7@blogtalkradio.com',1),(9,'HOMEOLAB USA INC.','5054 Ridgeview Circle','gbroschek8@phpbb.com',7),(10,'Pfizer Laboratories Div Pfizer Inc','9763 Lillian Alley','rlecky9@webmd.com',6),(11,'Supervalu Inc','424 Shoshone Junction','fplincka@dailymail.co.uk',1),(12,'Reckitt Benckiser LLC','1169 Forest Dale Lane','twallesb@google.ru',10),(13,'Pharmaceutical Associates, Inc,','90 Morning Circle','hwraightc@soup.io',6),(14,'Aspen Global Inc.','30 Memorial Junction','llouthd@irs.gov',7),(15,'Apotex Corp.','240 Meadow Vale Place','ebiskupiake@tamu.edu',13),(16,'Preferred Pharmaceuticals, Inc.','71464 High Crossing Place','qkinanef@macromedia.com',14),(17,'McKesson Contract Packaging','3 Annamark Center','cbuardg@ucla.edu',21),(18,'Skin Deep','797 Sullivan Center','siuorioh@slate.com',21),(19,'ALK-Abello, Inc.','51 Elmside Way','gzealei@devhub.com',17),(20,'Uriel Pharmacy Inc.','8511 Vahlen Place','fpenddrethj@msn.com',5),(21,'Physicians Total Care, Inc.','15 Forster Parkway','mpinckk@list-manage.com',3),(22,'OMP, INC.','0 Waxwing Pass','kmourguel@csmonitor.com',22),(23,'Nelco Laboratories, Inc.','219 Schmedeman Terrace','mstothertm@weather.com',20),(24,'Fresenius Medical Care North America','3726 Old Shore Drive','etrehernen@comsenz.com',5),(25,'Vitality Works, Inc.','314 Autumn Leaf Lane','jskarro@elegantthemes.com',1),(26,'Allermed Laboratories, Inc.','2939 Dawn Road','trosonep@creativecommons.org',17),(27,'Lake Erie Medical DBA Quality Care Products L','50387 Gerald Hill','jcapeloffq@webmd.com',19),(28,'REMEDYREPACK INC.','5 Grim Street','tmadiner@examiner.com',8),(29,'TOPCO Associates, LLC','3350 Dapin Way','stuillers@privacy.gov.au',6),(30,'American Health Packaging','3 Tomscot Junction','ebroet@tinyurl.com',5),(31,'Jubilant HollisterStier LLC','704 Corscot Junction','anuddu@chicagotribune.com',5),(32,'Golden State Medical Supply, Inc.','189 Bartillon Terrace','gkirmanv@adobe.com',13),(33,'Mylan Pharmaceuticals Inc.','8 Susan Way','alutwychew@cnn.com',13),(34,'Preferred Pharmaceuticals, Inc','111 Kim Trail','fdumperx@shareasale.com',12),(35,'Fresenius Kabi USA, LLC','66397 Talmadge Lane','sbenoyy@gov.uk',15),(36,'Prasco Laboratories','42 Delaware Avenue','ayvensz@dion.ne.jp',20),(37,'Zydus Pharmaceuticals (USA) Inc.','29 Vidon Junction','lvanyutin10@ow.ly',4),(38,'Topco Associates LLC','82 Corscot Crossing','dkennicott11@google.com.au',14),(39,'Ventura International LTD.','796 Norway Maple Plaza','bosgodby12@rambler.ru',20),(40,'REMEDYREPACK INC.','42136 Northland Street','epargent13@arstechnica.com',5),(41,'Bolero Home Decor, Inc.','35389 Dovetail Lane','rstappard14@amazon.de',6),(42,'Cardinal Health','4 Warbler Point','eringwood15@goodreads.com',3),(43,'PruGen, Inc.','6 Main Way','ripsgrave16@scribd.com',16),(44,'State of Florida DOH Central Pharmacy','48066 Delaware Junction','sinwood17@ameblo.jp',8),(45,'E-Z-EM Canada Inc','41450 Melby Place','tbridson18@alexa.com',15),(46,'Genomma Lab USA, Inc.','253 Cottonwood Circle','porcas19@arizona.edu',22),(47,'Rimmel Inc.','88 School Street','pgoublier1a@theguardian.com',1),(48,'Coty US LLC','4916 Mayer Circle','fokielt1b@1688.com',6),(49,'CVS','90 Erie Way','ggaffer1c@youtube.com',14),(50,'Fallien Cosmeceuticals, LTD.','91685 Veith Drive','eburnip1d@sohu.com',14),(51,'Aaron Industries, Inc.','25064 Ryan Terrace','nclapison1e@geocities.jp',23),(52,'OPI Products, Inc','63 Vidon Terrace','mnecrews1f@sakura.ne.jp',9),(53,'Jubilant HollisterStier LLC','4059 Farmco Lane','sstowte1g@weather.com',9),(54,'Bryant Ranch Prepack','59 8th Point','critch1h@ca.gov',1),(55,'Hy-Vee, Inc','742 International Alley','lstonman1i@biglobe.ne.jp',5),(56,'REMEDYREPACK INC.','8990 Farmco Terrace','bnewstead1j@comcast.net',13),(57,'PD-Rx Pharmaceuticals, Inc.','4807 Haas Trail','sdorricott1k@1688.com',24),(58,'Premier Value (Chain Drug Consortium, LLC)','44 Elmside Drive','ddecruce1l@vkontakte.ru',24),(59,'Nelco Laboratories, Inc.','87497 Stoughton Way','egrolle1m@printfriendly.com',2),(60,'Noxell','91044 Canary Crossing','tkornousek1n@unc.edu',4),(61,'Deseret Biologicals, Inc.','449 Packers Point','lblampey1o@nbcnews.com',4),(62,'SHISEIDO AMERICAS CORPORATION','5 Cherokee Drive','hfoard1p@xinhuanet.com',17),(63,'Nelco Laboratories, Inc.','6092 Kedzie Place','dwrotham1q@sun.com',17),(64,'Ventura International LTD.','0 Prairieview Plaza','vmanns1r@zimbio.com',8),(65,'HANLIM PHARM. CO., LTD.','05481 Forest Dale Place','cmcconnachie1s@shareasale.com',11),(66,'Cobalt Laboratories','271 Mitchell Drive','pfelder1t@bloglines.com',23),(67,'Ningbo Pulisi Daily Chemical Products Co.,Ltd','99818 Northfield Road','chackett1u@creativecommons.org',9),(68,'Sandoz Inc','56 Pawling Hill','egaunson1v@sfgate.com',15),(69,'7-Eleven','9 Hintze Lane','kmozzini1w@wikipedia.org',18),(70,'Qualitest Pharmaceuticals','9999 Mifflin Street','rboltwood1x@yahoo.com',16),(71,'Sunovion Pharmaceuticals Inc.','30356 6th Pass','bkitchaside1y@wunderground.com',16),(72,'Kadmon Pharmaceuticals, LLC','1 Carberry Crossing','gmiroy1z@instagram.com',21),(73,'Lake Erie Medical DBA Quality Care Products','53 Cherokee Trail','eandryushchenko20@pagesperso-orange.fr',3),(74,'Merck Sharp & Dohme Corp.','05 Arrowood Drive','mgrindall21@chron.com',22),(75,'Sato Pharmaceutical Co., Ltd.','0 Sherman Point','rfrary22@ehow.com',7),(76,'Kroger Company','23 Summit Park','vpayley23@acquirethisname.com',15),(77,'Home Sweet Homeopathics','7914 Green Alley','ikleinsmuntz24@creativecommons.org',16),(78,'American Health Packaging','9 Sundown Park','jantram25@hao123.com',19),(79,'Premier Value','68 Monica Point','jodhams26@github.io',2),(80,'WOONSOCKET PRESCRIPTION CENTER,INCORPORATED','2435 Kingsford Junction','aparkman27@furl.net',12),(81,'Budpak Inc.','113 Duke Junction','tlage28@livejournal.com',1),(82,'TYA Pharmaceuticals','5 Hoepker Drive','ztelega29@hugedomains.com',16),(83,'Safeway','622 Ludington Junction','hsandyford2a@rediff.com',3),(84,'WALGREEN CO.','1397 Arapahoe Road','bharsant2b@dmoz.org',6),(85,'Mission Hills S.A de C.V','17030 Petterle Lane','smance2c@cdbaby.com',10),(86,'Meijer Distribution, Inc','3 Ridge Oak Alley','tsweedy2d@youku.com',7),(87,'Lannett Company, Inc.','886 Dayton Avenue','rgatch2e@google.fr',13),(88,'STAT Rx USA LLC','17085 Lakewood Pass','cmoncey2f@biblegateway.com',10),(89,'Antigen Laboratories, Inc.','42 Stang Avenue','gpacitti2g@dyndns.org',5),(90,'Accord Healthcare Inc','2828 Lakewood Gardens Circle','lhupka2h@gnu.org',2),(91,'The Body Shop Wake Forest','3388 Clemons Drive','hdagnall2i@dailymotion.com',19),(92,'Dispensing Solutions, Inc.','77 Blue Bill Park Park','cmiltonwhite2j@usgs.gov',7),(93,'MICELLBio Co., Ltd','193 Bellgrove Circle','bbikker2k@51.la',6),(94,'ALK-Abello, Inc.','666 Claremont Point','jrubinsztein2l@4shared.com',10),(95,'Med-Health Pharma, LLC','33287 Roxbury Drive','eplowright2m@tinyurl.com',23),(96,'Triax Pharmaceuticals, LLC','5 Rockefeller Park','fadams2n@chron.com',7),(97,'Jafra Cosmetics International Inc','4 Holy Cross Trail','wgayther2o@newsvine.com',1),(98,'Ulta','0 Elka Avenue','kcaplin2p@about.com',19),(99,'Conopco Inc. d/b/a Unilever','8 Laurel Circle','aangric2q@last.fm',9),(100,'Biocosmetics Research Labs','0024 Cordelia Park','gburl2r@pcworld.com',11),(101,'AvKARE, Inc.','06821 Shopko Lane','mblurton2s@4shared.com',16),(102,'Taro Pharmaceuticals U.S.A., Inc.','5 Browning Pass','tauton2t@businessweek.com',4),(103,'Nova Homeopathic Therapeutics, Inc.','6 Ryan Drive','vforri2u@163.com',22),(104,'Clinical Solutions Wholesale','8100 Eagle Crest Terrace','ecaiger2v@nationalgeographic.com',13),(105,'Nelco Laboratories, Inc.','95 Macpherson Circle','opedrollo2w@kickstarter.com',4),(106,'Allergy Laboratories, Inc.','0014 Buell Way','lharridge2x@apple.com',9),(107,'Karalex Pharma LLC','3 Macpherson Drive','sbygrove2y@i2i.jp',19),(108,'Jubilant HollisterStier LLC','11002 South Circle','amyton2z@cnet.com',24),(109,'Ventura Corporation (San Juan, P.R)','58943 Everett Place','hravens30@webnode.com',22),(110,'Aldi, Inc','0992 Debra Circle','pemlen31@indiatimes.com',20),(111,'Bayer HealthCare LLC','72 Tony Lane','dtytler32@uiuc.edu',9),(112,'Physicians Total Care, Inc.','0 Northridge Place','smatteini33@ebay.com',22),(113,'Mylan Institutional Inc.','5 Forest Court','wszanto34@google.com.br',2),(114,'Carilion Materials Management','1870 Charing Cross Court','ffield35@w3.org',17),(115,'State of Florida DOH Central Pharmacy','210 Anderson Hill','bfishby36@yahoo.co.jp',22),(116,'Kareway Product, Inc.','7523 Valley Edge Way','hdelacoste37@statcounter.com',23),(117,'TONYMOLY CO., LTD.','03 Atwood Place','earnefield38@google.it',4),(118,'GE Healthcare Inc.','18388 Ryan Circle','cmerkel39@bing.com',2),(119,'REMEDYREPACK INC.','030 Cascade Drive','bpiesing3a@google.com',12),(120,'State of Florida DOH Central Pharmacy','04919 Everett Plaza','wcharnley3b@cam.ac.uk',15),(121,'Hospira Worldwide, Inc.','85160 Ryan Junction','wmichelotti3c@telegraph.co.uk',16),(122,'CARROLL COMPANY','08 Ridgeview Point','hlindholm3d@walmart.com',22),(123,'ALK-Abello, Inc.','70 Jay Drive','orosone3e@google.cn',17),(124,'Hospira, Inc.','1871 Wayridge Hill','tsaines3f@harvard.edu',5),(125,'Fenwal, Inc.','7402 Chinook Court','abarbrook3g@posterous.com',22),(126,'GlaxoSmithKline Biologicals SA','07 Barnett Street','jfriett3h@globo.com',10),(127,'Preferred Pharmaceuticals, Inc.','0 Bellgrove Pass','oherrero3i@pbs.org',22),(128,'Hospira, Inc.','8 Novick Court','cdefraine3j@diigo.com',12),(129,'Unifirst First Aid Corporation','518 Lighthouse Bay Junction','egannan3k@eepurl.com',15),(130,'Parfums Christian Dior','94 School Terrace','hferrieres3l@weather.com',22),(131,'Guerlain','7165 Iowa Way','yducarne3m@cdbaby.com',11),(132,'Dharma Research, inc.','4 Darwin Street','cbrumbie3n@histats.com',19),(133,'First Aid Research Corp.','1166 Hazelcrest Crossing','mwoolston3o@wisc.edu',18),(134,'Physicians Total Care, Inc.','10966 Dwight Way','flindro3p@vinaora.com',18),(135,'Antigen Laboratories, Inc.','2103 Cherokee Circle','nhegel3q@tmall.com',6),(136,'Teva Pharmaceuticals USA Inc','7 2nd Hill','vdefries3r@disqus.com',1),(137,'Enemeez Inc. DBA Summit Pharmaceuticals','892 Ridgeview Plaza','rniblock3s@yahoo.com',2),(138,'Nelco Laboratories, Inc.','000 Westport Hill','rbaress3t@taobao.com',19),(139,'SJ Creations, Inc.','2073 Canary Drive','dpaulson3u@blogger.com',17),(140,'Phillips Company','594 Waxwing Trail','isteptow3v@phoca.cz',17),(141,'Apotheca, Inc.','2 Luster Crossing','evasilyevski3w@digg.com',4),(142,'Rebel Distributors Corp','84276 Schiller Road','mmccaghan3x@accuweather.com',2),(143,'Wal-Mart Stores Inc','56389 Oxford Street','acorbould3y@cisco.com',5),(144,'Boehringer Ingelheim Pharmaceuticals, Inc.','3265 Loomis Lane','gwatkins3z@g.co',5),(145,'Lake Erie Medical DBA Quality Care Products L','34 Farragut Trail','bslevin40@shutterfly.com',6),(146,'BCM Cosmetique SAS','49 Calypso Junction','dshoosmith41@last.fm',15),(147,'Breath of Life LLC','841 American Ash Drive','bsneaker42@mit.edu',7),(148,'HANLIM PHARM. CO., LTD.','220 South Terrace','ndrewell43@gizmodo.com',22),(149,'Physicians Total Care, Inc.','14 Cody Lane','skolak44@photobucket.com',9),(150,'SJ Creations, Inc.','25 Dakota Center','sastall45@wiley.com',23),(151,'Sam\'s West Inc','621 Cascade Avenue','dneumann46@so-net.ne.jp',2),(152,'Hyland\'s','13219 Namekagon Way','ascrogges47@jugem.jp',16),(153,'Acella Pharmaceuticals, LLC','02218 Troy Terrace','dkynsey48@github.com',15),(154,'Burkhart Dental Supply Inc','1616 Farragut Street','btippetts49@gov.uk',22),(155,'Native Remedies, LLC','56 Birchwood Parkway','ptaffley4a@reverbnation.com',23),(156,'E-Z-EM Canada Inc','83735 Old Gate Court','redelman4b@oakley.com',3),(157,'Neutrogena Corporation','05 Superior Avenue','btrapp4c@freewebs.com',3),(158,'Piramal Critical Care Inc','6088 Dayton Place','ccadogan4d@360.cn',10),(159,'McKesson Medical-Surgical','9179 Miller Plaza','wbiaggiotti4e@people.com.cn',5),(160,'GlaxoSmithKline LLC','925 Linden Alley','bmolloy4f@ucsd.edu',15),(161,'Zogenix, Inc.','0563 Southridge Way','fbauckham4g@yahoo.co.jp',14),(162,'Qualitest Pharmaceuticals','38897 Elmside Way','fpopeley4h@e-recht24.de',13),(163,'Dolgencorp, LLC','6035 Superior Alley','mhaburne4i@umich.edu',22),(164,'West-ward Pharmaceutical Corp.','21 Iowa Center','ebrangan4j@dell.com',15),(165,'Strides Arcolab Limited','01829 Old Gate Junction','srainforth4k@europa.eu',24),(166,'Professional Disposables International, Inc.','733 Westridge Road','aguswell4l@theatlantic.com',3),(167,'Watson Laboratories, Inc.','1291 Longview Junction','vissacov4m@jimdo.com',8),(168,'Aidance Skincare & Topical Solutions, LLC','2985 Prairieview Pass','egingold4n@ehow.com',13),(169,'Stat Rx USA','073 Boyd Terrace','tscahill4o@webmd.com',5),(170,'Carilion Materials Management','3866 Orin Parkway','mvitet4p@whitehouse.gov',4),(171,'NCS HealthCare of KY, Inc dba Vangard Labs','73813 Vahlen Road','lgarlick4q@icq.com',18),(172,'Zila, Inc.','80 Continental Road','iamey4r@tamu.edu',6),(173,'Cardinal Health','706 East Center','ghurdman4s@amazonaws.com',8),(174,'Jiangsu Province JianErKang Medical Dressing ','93851 Westend Pass','sclack4t@ca.gov',23),(175,'NOEVIR USA INC','4 Barnett Center','lstroobant4u@fotki.com',6),(176,'Bryant Ranch Prepack','12 Mallard Pass','cspondley4v@tinyurl.com',5),(177,'Unit Dose Services','44354 Larry Hill','dburgum4w@so-net.ne.jp',5),(178,'Northstar RxLLC','62352 La Follette Junction','aadamek4x@bing.com',18),(179,'Alberto-Culver USA Inc.','1 Mendota Way','larnholz4y@chronoengine.com',1),(180,'CLINIQUE LABORATORIES INC.','753 Clarendon Hill','bmitro4z@google.ru',17),(181,'Johnson & Johnson Consumer Products Company, ','35404 Michigan Center','skeely50@macromedia.com',4),(182,'Spartan Chemical Company','55398 Sutherland Avenue','kgiacobazzi51@weebly.com',15),(183,'Teva Pharmaceuticals USA Inc','922 Talmadge Trail','jforsdyke52@scribd.com',10),(184,'Ranbaxy Pharmaceuticals Inc.','6 Petterle Pass','lkadar53@hexun.com',19),(185,'P and L Development of New York Corporation (','96 Killdeer Point','mpierse54@sohu.com',12),(186,'Apotex Corp','4626 Burrows Road','jscrogges55@virginia.edu',19),(187,'Med-Health Pharma, LLC','4 Orin Road','emaber56@nature.com',12),(188,'Preferred Pharmaceuticals, Inc.','85091 Lyons Center','vbudleigh57@google.com',24),(189,'Insight Pharmaceuticals','7 Jay Avenue','mbrocks58@tumblr.com',23),(190,'Hospira Worldwide, Inc.','10411 Mandrake Parkway','mcutts59@bbb.org',5),(191,'Cardinal Health','9530 Di Loreto Plaza','lburnapp5a@bravesites.com',3),(192,'Qualitest Pharmaceuticals','46511 Fairview Point','emikalski5b@ocn.ne.jp',10),(193,'Jubilant HollisterStier LLC','96 Fieldstone Park','cbuten5c@meetup.com',18),(194,'Sanum Kehlbeck GmbH & Co. KG','77 Superior Crossing','bpumfrey5d@harvard.edu',9),(195,'Caraco Pharmaceutical Laboratories, Ltd.','12830 Main Avenue','morridge5e@adobe.com',3),(196,'Publix Super Markets Inc','5091 Merry Parkway','lflawn5f@blog.com',19),(197,'Avon Products, Inc.','14 Straubel Lane','tdrage5g@ucoz.ru',9),(198,'Eon Labs, Inc.','3050 Jenna Center','djallin5h@yandex.ru',20),(199,'Hospira, Inc.','44 Pankratz Way','diliff5i@mtv.com',2),(200,'Aurobindo Pharma Limited','345 Victoria Alley','eheadings5j@zdnet.com',21),(201,'Major Pharmaceuticals','60 Holmberg Pass','kfitchew5k@mozilla.org',20),(202,'Arbonne International, LLC','76500 Rieder Way','cheustace5l@dagondesign.com',6),(203,'E-House Korea Holdings International','7 Arizona Court','csuggitt5m@github.io',19),(204,'Nelco Laboratories, Inc.','01 John Wall Lane','jshackelton5n@behance.net',15),(205,'HOMEOLAB USA INC.','3 Mendota Junction','kkernley5o@globo.com',14),(206,'7-Eleven','27 Corscot Circle','bcash5p@comsenz.com',5),(207,'Cardinal Health','44266 Butterfield Drive','ebauduccio5q@oracle.com',8),(208,'Sandoz Inc','41452 Muir Center','ghumbles5r@fc2.com',22),(209,'Stila Styles, LLC','1 Continental Circle','lguynemer5s@ask.com',12),(210,'Cover FX Skin Care, Inc.','0 Darwin Place','rchittem5t@mlb.com',7),(211,'Rebel Distributors Corp','0625 Monument Park','aklagges5u@wisc.edu',16),(212,'HOMEOLAB USA INC','1 Shasta Crossing','bfurtado5v@pagesperso-orange.fr',8),(213,'Garland Welding Supply Company','1 Bonner Parkway','dlachaize5w@alexa.com',11),(214,'Mallinckrodt, Inc.','41333 Dapin Lane','sbreakwell5x@desdev.cn',16),(215,'Par Pharmaceutical Inc','8651 Fair Oaks Street','abogges5y@gov.uk',10),(216,'TARGET Corporation','7 Dixon Lane','cmackaig5z@techcrunch.com',15),(217,'Sancilio & Company Inc','47 Northwestern Lane','emoxley60@senate.gov',9),(218,'Ross Healthcare Inc.','647 Sutherland Lane','nstaniland61@angelfire.com',13),(219,'Jubilant HollisterStier LLC','8092 Fieldstone Crossing','ereihm62@i2i.jp',7),(220,'GlaxoSmithKline Consumer Heathcare LP','31465 Northridge Parkway','gpaviour63@upenn.edu',13),(221,'Sandoz Inc','72318 Schurz Court','swoliter64@4shared.com',17),(222,'Actavis Mid Atlantic LLC','7655 Clemons Way','vjezzard65@google.com.au',11),(223,'State of Florida DOH Central Pharmacy','63275 Oak Valley Circle','rlant66@google.pl',5),(224,'Cardinal Health','79 Tomscot Point','jambrogelli67@rambler.ru',10),(225,'ACS Medical LLC','3138 Forest Run Plaza','acragoe68@oaic.gov.au',20),(226,'GOJO Industries, Inc','66 Russell Terrace','acaras69@phpbb.com',14),(227,'Physicians Total Care, Inc.','9 Ohio Crossing','rickovitz6a@163.com',24),(228,'Physicians Total Care, Inc.','45 Division Center','cklisch6b@goo.ne.jp',12),(229,'Sandoz Inc','048 Messerschmidt Plaza','zdowrey6c@sciencedaily.com',5),(230,'Rebel Distributors Corp','369 Lien Circle','larntzen6d@meetup.com',14),(231,'Clinical Solutions Wholesale','13 Jenifer Circle','rmcvitie6e@surveymonkey.com',11),(232,'CLINIQUE LABORATORIES INC','2196 Randy Junction','cschneidau6f@shutterfly.com',18),(233,'NCS HealthCare of KY, Inc dba Vangard Labs','02 Scoville Road','dsaenz6g@fema.gov',5),(234,'SteriWeb Medical, LLC','5978 Fair Oaks Trail','blister6h@shop-pro.jp',13),(235,'Paddock Laboratories, LLC','50 Welch Center','spauleit6i@hexun.com',18),(236,'APP Pharmaceuticals, LLC','37 Johnson Avenue','ctipper6j@census.gov',24),(237,'REMEDYREPACK INC.','83 Stephen Parkway','sshekle6k@ustream.tv',22),(238,'Aphena Pharma Solutions - Tennessee, LLC','0 Forest Dale Court','gbaptista6l@merriam-webster.com',1),(239,'CVS Pharmacy, Inc','3 Petterle Lane','apeet6m@comsenz.com',18),(240,'Fresenius Kabi USA, LLC','0 Pearson Way','jsilvermann6n@tuttocitta.it',9),(241,'Silarx Pharmaceutical, Inc','1 Coleman Court','hprando6o@twitpic.com',18),(242,'Physicians Total Care, Inc.','64 Monument Park','eorsay6p@noaa.gov',17),(243,'Ren Ltd.','29940 Cody Trail','jcominetti6q@constantcontact.com',5),(244,'Newton Laboratories, Inc.','62226 Crest Line Drive','lstollen6r@posterous.com',20),(245,'Physicians Total Care, Inc.','9286 Spenser Place','cvonderdell6s@blog.com',23),(246,'Deseret Biologicals, Inc.','2592 Lake View Drive','bcubbini6t@hexun.com',15),(247,'H and P Industries, Inc. dba Triad Group','24 Milwaukee Trail','gpriestner6u@posterous.com',15),(248,'Peachtree Playthings, Inc.','108 Maple Parkway','cdufore6v@va.gov',13),(249,'Western Family Foods, Inc','52746 Lakewood Place','lpicardo6w@mlb.com',16),(250,'Forces of Nature','57688 Swallow Drive','htimlett6x@xing.com',9),(251,'REMEDYREPACK INC.','49144 Schlimgen Plaza','rtyreman6y@vimeo.com',12),(252,'Warner Chilcott (US), LLC','14 Holmberg Center','zelwood6z@spiegel.de',3),(253,'Cardinal Health','60711 Quincy Lane','mkassel70@amazon.de',16),(254,'Apotheca Company','15554 Lerdahl Drive','gfoxworthy71@blogger.com',4),(255,'Avon Products, Inc.','628 Birchwood Trail','rtowne72@sohu.com',21),(256,'Forces of Nature','35730 Rowland Junction','gscrowston73@edublogs.org',14),(257,'St Marys Medical Park Pharmacy','4 Grayhawk Point','jgrief74@europa.eu',7),(258,'Parke-Davis Div of Pfizer Inc','9185 Fair Oaks Court','toglethorpe75@blog.com',20),(259,'Rebel Distributors Corp','19039 Moland Circle','mwharram76@nhs.uk',9),(260,'American Health Packaging','02 Cardinal Trail','ncrisp77@bluehost.com',22),(261,'7-Eleven','2 5th Place','jarro78@wikimedia.org',16),(262,'J & L Medical Services LLC','6 Fuller Park','sspenclay79@hugedomains.com',17),(263,'THE FEINSTEIN INSTITUTE FOR MEDICAL RESEARCH','3 Merchant Road','eingram7a@google.com.br',11),(264,'GOJO Industries, Inc.','09 Memorial Junction','jmcomish7b@utexas.edu',3),(265,'Antigen Laboratories, Inc.','7 Arkansas Trail','mcawsby7c@techcrunch.com',21),(266,'AMOREPACIFIC','2899 Bowman Place','cstraker7d@ucoz.ru',17),(267,'Source Naturals, Inc.','3761 Butternut Point','jcotter7e@booking.com',2),(268,'H.J. Harkins Company, Inc.','39 Mallory Junction','hread7f@loc.gov',18),(269,'TDS Pharm Co., Ltd','3 Butterfield Trail','sohern7g@google.com.hk',6),(270,'Parfums Christian Dior','4 Forest Run Hill','ajopke7h@sbwire.com',14),(271,'State of Florida DOH Central Pharmacy','6 Iowa Court','fdraycott7i@reddit.com',24),(272,'Nelco Laboratories, Inc.','55 Lakeland Hill','mrandlesome7j@studiopress.com',23),(273,'Apotheca Company','576 Crescent Oaks Point','rdunridge7k@lulu.com',21),(274,'Endo Pharmaceuticals','5 Prentice Junction','gfontenot7l@newsvine.com',13),(275,'B. Braun Medical Inc.','9 Sycamore Hill','dkettlestring7m@123-reg.co.uk',11),(276,'Northwind Pharmaceuticals','09692 Messerschmidt Place','ajolley7n@xinhuanet.com',24),(277,'Dukal Corporation','9 Hollow Ridge Trail','bdavion7o@si.edu',24),(278,'Safeway','272 Kropf Way','doager7p@constantcontact.com',2),(279,'STAT RX USA LLC','60 Manufacturers Park','jpollicott7q@fda.gov',24),(280,'Prestige Brands Holdings, Inc.','3823 Fair Oaks Junction','jsheehan7r@vistaprint.com',4),(281,'Aurobindo Pharma Limited','8 Ilene Hill','lmacintosh7s@abc.net.au',22),(282,'Apotex Corp','21 2nd Pass','kgerrels7t@marketwatch.com',20),(283,'Medline Industries, Inc.','40 Cascade Lane','arodge7u@tinypic.com',15),(284,'Aaron Industries Inc.','05 Caliangt Hill','greppaport7v@earthlink.net',17),(285,'Medicis Pharmaceutical Corp.','13 Bluejay Plaza','emedler7w@fastcompany.com',13),(286,'H.J. Harkins Company, Inc.','80691 Melby Crossing','epetrov7x@nbcnews.com',9),(287,'Cover FX Skin Care, Inc.','0079 Lyons Avenue','gjanicijevic7y@topsy.com',7),(288,'Antigen Laboratories, Inc.','24 Melody Avenue','kbuzzing7z@adobe.com',13),(289,'Indiana Botanic Gardens','7 Derek Place','skirkebye80@whitehouse.gov',11),(290,'Baxter Healthcare Corporation','1837 Bonner Point','gdumphrey81@nhs.uk',5),(291,'Tender Corporation','866 1st Street','ajervois82@addtoany.com',8),(292,'G&W Laboratories, Inc.','01 Reinke Crossing','mprest83@huffingtonpost.com',18),(293,'Antigen Laboratories, Inc.','4 Anhalt Plaza','fohartnedy84@1688.com',8),(294,'Bayer HealthCare LLC','48 Northfield Pass','greary85@is.gd',19),(295,'Watson Laboratories, Inc.','48 Linden Alley','hgunny86@sun.com',4),(296,'HHS/Program Support Center/Supply Service Cen','1584 Warner Park','mspurier87@privacy.gov.au',16),(297,'State of Florida DOH Central Pharmacy','42 Carberry Street','meakley88@weather.com',16),(298,'Bolero Home Decor, Inc.','5 Lotheville Place','kdeehan89@jigsy.com',9),(299,'Lake Erie Medical DBA Quality Care Products L','7 Buhler Center','lborsnall8a@amazon.de',15),(300,'American Health Packaging','72 7th Hill','tsworn8b@sphinn.com',9),(301,'Conopco Inc. d/b/a Unilever','6 Crownhardt Circle','cpadkin8c@xing.com',12),(302,'GRAFTON PRODUCTS CORP.','128 Algoma Plaza','ecrewdson8d@so-net.ne.jp',19),(303,'REMEDYREPACK INC.','991 John Wall Crossing','arockcliffe8e@weather.com',23),(304,'Eon Labs, Inc.','3 Cherokee Park','htrevett8f@cnet.com',20),(305,'Supervalu Inc','80 Jay Alley','zhoneywood8g@scientificamerican.com',3),(306,'CONOPCO Inc. d/b/a Unilever','17897 Toban Hill','ethoday8h@chicagotribune.com',13),(307,'Dynarex Corporation','7253 Holmberg Avenue','hskae8i@lycos.com',3),(308,'REMEDYREPACK INC.','37661 Park Meadow Hill','ahazlehurst8j@ameblo.jp',10),(309,'American Sales Company','1315 Thompson Pass','tgabriel8k@jiathis.com',16),(310,'Lake Erie Medical & Surgical Supply DBA Quali','9 Eggendart Junction','gmcclay8l@gov.uk',13),(311,'TYA Pharmaceuticals','56 Pine View Place','mvandijk8m@wisc.edu',15),(312,'Dharma Research, Inc.','95 Grim Parkway','gderisly8n@theglobeandmail.com',7),(313,'Rebel Distributors Corp','93261 Heath Road','vberntsson8o@examiner.com',23),(314,'Homeocare Laboratories','0 Northport Way','kemmins8p@hibu.com',24),(315,'Apotheca Company','7 Northridge Drive','rflippelli8q@deviantart.com',24),(316,'Healing Natural Oils LLC','577 Havey Crossing','gsesser8r@gizmodo.com',20),(317,'Hospira, Inc.','12688 Gale Street','cforder8s@mashable.com',15),(318,'MedVantx, Inc.','1 Gina Avenue','tdewolfe8t@redcross.org',13),(319,'Zep Inc.','0 Anniversary Court','fminucci8u@cdc.gov',20),(320,'Swiss-American Products','23 Northland Parkway','kwharrier8v@amazon.com',14),(321,'Rebel Distributors Corp','05966 Moland Road','ihayesman8w@pcworld.com',17),(322,'Deseret Biologicals, Inc.','77808 Elmside Hill','lbeddows8x@weebly.com',7),(323,'Deseret Biologicals, Inc.','90 Muir Trail','bjannings8y@archive.org',24),(324,'AIRSERVE, LLC','1 Kings Crossing','schason8z@eventbrite.com',11),(325,'Rebel Distributors Corp','26 Glendale Court','ipirnie90@hao123.com',15),(326,'Nelco Laboratories, Inc.','474 Briar Crest Trail','dsemens91@census.gov',2),(327,'Boca Pharmacal, LLC','93622 Hoepker Crossing','sdanahar92@unicef.org',1),(328,'AMOREPACIFIC','32 Dahle Point','dgooden93@oracle.com',9),(329,'Mylan Institutional LLC','2775 Dunning Terrace','agambie94@boston.com',5),(330,'Bryant Ranch Prepack','625 Goodland Alley','vdeblase95@umn.edu',24),(331,'PISATAP','6 Cordelia Alley','bkeward96@nydailynews.com',11),(332,'Washington Homeopathic Products','617 Mesta Circle','lgildersleaves97@howstuffworks.com',10),(333,'HOMEOLAB USA INC','724 Dakota Trail','llanchester98@paypal.com',1),(334,'S+','3317 Sachs Plaza','hhemmingway99@addtoany.com',21),(335,'Walgreen Company','057 Sullivan Lane','slinham9a@cdbaby.com',14),(336,'Janssen Cosmetics GmbH','93 Ruskin Avenue','bsplaven9b@pcworld.com',9),(337,'Western Family Foods Inc','7 Village Green Street','ygrimstead9c@eventbrite.com',12),(338,'Fresenius Kabi USA, LLC','6 Pine View Road','nmowles9d@prweb.com',6),(339,'Dermalogica, Inc.','7 Surrey Court','amolen9e@kickstarter.com',12),(340,'Mechanical Servants, Inc.','5436 Shasta Alley','rfossitt9f@tumblr.com',20),(341,'SHISEIDO AMERICAS CORPORATION','3755 Mallory Street','ekrugmann9g@ihg.com',2),(342,'E-Z-EM Canada Inc','3046 Mosinee Terrace','lhand9h@jiathis.com',1),(343,'Matrixx Initiatives, Inc.','9298 Washington Parkway','ctizzard9i@desdev.cn',15),(344,'Larasan Pharmaceutical Corporation','90836 Kedzie Drive','dmenpes9j@businesswire.com',1),(345,'Antigen Laboratories, Inc.','31908 Elgar Circle','gstorie9k@admin.ch',7),(346,'Bliss World LLC','8189 Lakewood Gardens Trail','ccorrie9l@homestead.com',22),(347,'Performance Health LLC','08 Old Gate Place','bmacneilley9m@ifeng.com',7),(348,'STAT Rx USA LLC','96 Fulton Pass','jvasyunkin9n@hubpages.com',21),(349,'Cardinal Health','5 Pepper Wood Parkway','fgiacobbo9o@quantcast.com',2),(350,'Nelco Laboratories, Inc.','8 Pankratz Pass','wcolnet9p@goodreads.com',8),(351,'Nelco Laboratories, Inc.','8652 Corry Street','bshoulders9q@techcrunch.com',12),(352,'The Kroger Co.','61 Cambridge Place','lnazareth9r@usnews.com',13),(353,'Watson Pharma, Inc.','947 Melby Terrace','ajerwood9s@marketwatch.com',14),(354,'Nelco Laboratories, Inc.','831 Pankratz Parkway','jahren9t@slate.com',15),(355,'KANEBO COSMETICS INC.','1 Ronald Regan Road','rdarben9u@jiathis.com',6),(356,'Medicine Shoppe International Inc','97 Cambridge Way','dbisiker9v@sciencedirect.com',8),(357,'Amneal Pharmaceuticals of New York, LLC','10 Bultman Road','lstallworthy9w@flavors.me',11),(358,'Tarte, Inc','91585 Division Point','estathers9x@economist.com',20),(359,'ALK-Abello, Inc.','07060 Sunbrook Drive','ypate9y@smugmug.com',5),(360,'Jubilant HollisterStier LLC','25178 American Avenue','wevered9z@chronoengine.com',10),(361,'Jubilant HollisterStier LLC','214 Orin Alley','hwalkdena0@gravatar.com',13),(362,'Albion Co., Ltd','763 Acker Drive','nweardena1@github.io',5),(363,'Watson Laboratories, Inc.','9 Bunting Crossing','smaleckya2@bing.com',5),(364,'Chattem, Inc.','38698 Lawn Place','vwaelanda3@parallels.com',4),(365,'NDI Solutions LLC','46 Del Mar Trail','mhurdedgea4@toplist.cz',5),(366,'NCS HealthCare of KY, Inc dba Vangard Labs','45239 Del Sol Way','btuppenya5@cargocollective.com',21),(367,'General Air Service & Supply Co','8 Arrowood Hill','mrockwilla6@hugedomains.com',5),(368,'CVS Pharmacy','2 Center Hill','lquicka7@domainmarket.com',5),(369,'Forest Laboratories, Inc.','80498 Judy Street','mlarrada8@craigslist.org',3),(370,'Native Remedies, LLC','99 Mallory Drive','kearengeya9@nationalgeographic.com',4),(371,'Mylan Pharmaceuticals Inc.','392 Novick Alley','darnholzaa@issuu.com',8),(372,'Jafra Cosmetics International Inc','18 Northland Road','whugginsab@bbc.co.uk',24),(373,'County Line Pharmaceuticals, LLC','1989 Harbort Hill','ahogginac@networksolutions.com',7),(374,'Glenmark Generics Inc., USA','6 Packers Way','chaslehurstad@creativecommons.org',20),(375,'Apotheca Company','4119 Everett Plaza','cacresae@usgs.gov',23),(376,'International Labs, Inc.','15385 Bellgrove Hill','kloftsaf@twitter.com',10),(377,'BB17, LLC','5 Roxbury Street','wgannanag@toplist.cz',19),(378,'Caldwell Consumer Health LLC','78585 Buhler Place','ocornah@chron.com',21),(379,'Antigen Laboratories, Inc.','56665 Roth Way','sbridgelandai@blog.com',3),(380,'Aurobindo Pharma Limited','894 Merry Drive','oglederaj@ifeng.com',15),(381,'Apotex Corp.','5214 Fremont Avenue','aripleyak@odnoklassniki.ru',14),(382,'Procter & Gamble Manufacturing Company','9760 Ruskin Court','cgammackal@mail.ru',18),(383,'Legacy Pharmaceutical Packaging','4 Marquette Junction','dchardinam@telegraph.co.uk',5),(384,'Ningbo Dowland Daily Health Co., Ltd','601 Stone Corner Drive','btinghillan@wsj.com',7),(385,'Mallinckrodt, Inc.','13 Carberry Crossing','mschulterao@goo.ne.jp',11),(386,'Sun Pharma Global Inc.','66 Loftsgordon Place','bkillimisterap@networksolutions.com',3),(387,'Nelco Laboratories, Inc.','53267 Farmco Junction','zsheareraq@columbia.edu',22),(388,'Cardinal Health','1954 Boyd Hill','sromushkinar@canalblog.com',18),(389,'L. Perrigo Company','41798 Kim Road','cedenas@dailymail.co.uk',1),(390,'Nelco Laboratories, Inc.','9 4th Road','vjerzykat@disqus.com',14),(391,'Mylan Institutional LLC','8 Moland Center','dsymcoxeau@buzzfeed.com',9),(392,'Natures Way Holding Co.','63 Banding Avenue','dyanukav@berkeley.edu',11),(393,'Unifirst First Aid Corporation','974 Kensington Parkway','smarchmentaw@msu.edu',4),(394,'Merck Sharp & Dohme Corp.','780 Paget Terrace','wcattlemullax@is.gd',8),(395,'HyVee Inc','27960 Corscot Street','shaslingay@examiner.com',1),(396,'Jubilant HollisterStier LLC','74640 Little Fleur Way','btedahlaz@google.nl',20),(397,'BluePoint Laboratories','905 Banding Way','abentinckb0@gnu.org',20),(398,'Genentech, Inc.','2910 Nelson Way','blesmondeb1@is.gd',11),(399,'Mylan Institutional LLC','4 Division Pass','qvollamb2@msn.com',13),(400,'PD-Rx Pharmaceuticals, Inc.','3674 Green Ridge Point','rgoeringb3@csmonitor.com',15),(401,'Novartis Pharmaceuticals Corporation','33 Elka Alley','jclimarb4@nydailynews.com',6),(402,'REMEDYREPACK INC.','9 Briar Crest Junction','tlibbeb5@mozilla.org',15),(403,'The Procter & Gamble Manufacturing Company','86275 Quincy Way','lhawkridgeb6@facebook.com',9),(404,'Sun Pharmaceutical Industries Limited','99 Sommers Pass','karchboldb7@shutterfly.com',19),(405,'Nelco Laboratories, Inc.','7565 Bultman Terrace','sandersb8@dell.com',15),(406,'Citron Pharma LLC','12337 7th Street','colesb9@dailymotion.com',14),(407,'Newton Laboratories, Inc.','19 Karstens Road','boxenfordba@phoca.cz',14),(408,'Pedinol Pharmacal, Inc.','418 Dayton Road','rliasbb@comcast.net',12),(409,'Cardinal Health','2568 Badeau Drive','ymccroriebc@a8.net',21),(410,'Cardinal Health','81115 Raven Alley','speardebd@ebay.co.uk',4),(411,'Richmond Pharmaceuticals, Inc.','95095 Huxley Trail','srhodesbe@nba.com',5),(412,'Apotheca Company','0297 Express Road','jmeesonbf@taobao.com',22),(413,'Private Label Select','5 Kenwood Way','dbellefantbg@facebook.com',8),(414,'American Sales Company','14 Burning Wood Park','lokebh@i2i.jp',18),(415,'Nelco Laboratories, Inc.','6983 Carpenter Parkway','bcottisbi@newsvine.com',21),(416,'Sun Pharmaceutical Industries Limited','585 Pond Plaza','phousiauxbj@webeden.co.uk',14),(417,'Gulf Medical Services, Inc.','17493 Kings Junction','sgreggorbk@hc360.com',18),(418,'Ranbaxy Pharmaceuticals Inc.','0153 Clemons Avenue','dnettingbl@yellowbook.com',10),(419,'Actelion Pharmaceuticals US, Inc.','9465 Victoria Terrace','sbeachbm@omniture.com',24),(420,'Meijer Distribution Inc','79886 American Ash Crossing','gangoodbn@goo.gl',20),(421,'Bryant Ranch Prepack','2 Nelson Court','wcribbottbo@oaic.gov.au',15),(422,'G.D. Searle LLC Division of Pfizer Inc','5334 Montana Avenue','dwraggebp@digg.com',7),(423,'Procter & Gamble Manufacturing Company','16595 Anthes Court','rnailebq@wiley.com',22),(424,'Mylan Pharmaceuticals Inc.','1 Hudson Street','kmatijevicbr@spotify.com',6),(425,'Hyland\'s','5477 Mallard Center','kmazeybs@simplemachines.org',18),(426,'Washington Homeopathic Products','1 Tennyson Hill','swalkerbt@vk.com',11),(427,'Avon Products, Inc','3321 Hollow Ridge Terrace','nospillanebu@google.ca',18),(428,'Freshorize, Ltd.','2 Jana Way','hjarleybv@indiegogo.com',22),(429,'Jubilant HollisterStier LLC','382 Arizona Street','melseybw@umn.edu',14),(430,'Germed Manufacturing LLC','0781 Iowa Parkway','jrosabx@si.edu',14),(431,'Watson Laboratories, Inc.','850 Anniversary Plaza','tbrettby@cbslocal.com',1),(432,'International Beauty Exchange','39 Erie Way','obeesonbz@livejournal.com',20),(433,'Preferred Pharmaceuticals, Inc','030 Village Junction','hcoilc0@sfgate.com',17),(434,'VIATREXX BIO INCORPORATED','2200 Spenser Lane','nkovnotc1@state.tx.us',6),(435,'Kroger Company','3439 Messerschmidt Pass','fbarrandc2@washingtonpost.com',22),(436,'Torrent Pharmaceuticals Limited','0 Sommers Center','apresnailc3@networksolutions.com',1),(437,'Napoleon Perdis Cosmetics, Inc','895 Golf Course Junction','blukacsc4@parallels.com',17),(438,'AstraZeneca Pharmaceuticals LP','6034 Bobwhite Point','cwildborec5@squidoo.com',23),(439,'Pfizer Laboratories Div Pfizer Inc','63 American Ash Center','rtrahearnc6@google.pl',14),(440,'Bryant Ranch Prepack','908 Dovetail Trail','mmargettc7@youku.com',1),(441,'Cardinal Health','371 Little Fleur Terrace','fskupinskic8@people.com.cn',9),(442,'Air Source Industries Inc','01754 Porter Parkway','malvaradoc9@reverbnation.com',22),(443,'Bolero Home Decor, Inc.','8 Almo Circle','rwhysallca@cbc.ca',23),(444,'H.E.B','4 Dakota Plaza','gspurryercb@github.io',14),(445,'Purminerals','0 Hanson Street','dshallocc@globo.com',15),(446,'Welders Supply Company','29 Springview Hill','ntanncd@ezinearticles.com',1),(447,'Pack Pharmaceuticals, LLC','42330 Hazelcrest Trail','lmcenhillce@nymag.com',4),(448,'Washington Homeopathic Products','0 Del Sol Road','tcecerecf@tmall.com',3),(449,'STERIS Corporation','9479 Eliot Pass','akellardcg@opera.com',8),(450,'Lake Erie Medical DBA Quality Care Products L','5077 Scofield Drive','fwyardch@thetimes.co.uk',3),(451,'Uriel Pharmacy Inc.','943 Fair Oaks Plaza','gnarupci@jiathis.com',13),(452,'AvKARE, Inc.','16754 Myrtle Crossing','kswaytecj@amazon.com',14),(453,'SKINFOOD CO., LTD.','904 Oak Plaza','ibedborock@linkedin.com',24),(454,'Ventura Corporation LTD','98793 Shopko Crossing','kfraulocl@ucsd.edu',14),(455,'Nelco Laboratories, Inc.','385 Ridge Oak Parkway','nlenoircm@cbsnews.com',7),(456,'Lake Erie Medical DBA Quality Care Products L','34 Thackeray Center','slehrmanncn@printfriendly.com',18),(457,'McKesson','47450 Doe Crossing Point','ccornelsco@twitter.com',5),(458,'Aidarex Pharmaceuticals LLC','04681 Garrison Alley','atabbernorcp@friendfeed.com',16),(459,'Fusion Brands','8942 Russell Parkway','bpizercq@seesaa.net',5),(460,'McKesson Packaging Services Business Unit of ','85541 Butterfield Way','kmichelecr@hexun.com',23),(461,'MAKEUP ART COSMETICS','6167 Warrior Crossing','pgauthorppcs@t-online.de',2),(462,'Cover FX Skin Care, Inc.','437 Springview Circle','dpinckneyct@sfgate.com',23),(463,'Mylan Institutional LLC','5219 Starling Plaza','wmewhacu@usda.gov',24),(464,'Atlantic Biologicals Corps','21761 Debs Lane','cgoodlipcv@printfriendly.com',1),(465,'JENAHEXAL PHARMA GMBH','0530 Mifflin Pass','aspittallcw@cnbc.com',7),(466,'Ventura Corporation LTD','6 Miller Avenue','sprobackcx@theguardian.com',8),(467,'H E B','70 Anthes Avenue','clytlecy@miibeian.gov.cn',3),(468,'Baxter Healthcare Corporation','6949 Warrior Road','cferrericz@tripadvisor.com',2),(469,'Sanofi Pasteur Inc.','26 Basil Road','kbellchamberd0@github.com',6),(470,'AmerisourceBergen','3 Hintze Place','mgreenshielsd1@examiner.com',24),(471,'Nelco Laboratories, Inc.','5 Blackbird Terrace','nrendbaekd2@ask.com',22),(472,'Reckitt Benckiser LLC','6 Sommers Parkway','fpaxforded3@drupal.org',4),(473,'Teva Pharmaceuticals USA Inc','4 Eagan Avenue','pspurdensd4@microsoft.com',10),(474,'Cardinal Health','11313 2nd Way','ppralld5@ask.com',2),(475,'ProPhase Labs, Inc.','1356 Grim Road','jhouchind6@phoca.cz',23),(476,'Ventura Corporation Limited','7 Farmco Trail','ekerrichd7@ucoz.com',20),(477,'Nelco Laboratories, Inc.','670 Eagan Center','bcribbinsd8@narod.ru',12),(478,'Medicis Pharmaceutical Corp.','3 Lerdahl Pass','jsilbyd9@reddit.com',10),(479,'REMEDYREPACK INC.','0515 Sheridan Way','sjessonda@cornell.edu',9),(480,'Procter & Gamble Manufacturing Company','31636 Mayfield Avenue','alowdeanedb@home.pl',1),(481,'KATE SOMERVILLE SKINCARE, LLC','6 Ryan Alley','glembkedc@hao123.com',7),(482,'Aidarex Pharmaceuticals LLC','074 Anderson Way','gdiruggerodd@sourceforge.net',10),(483,'Gurwitch Products','7535 Mallard Circle','ngerleitde@list-manage.com',9),(484,'Airgas Merchant Gases, LLC','7 Grayhawk Lane','akennondf@apple.com',22),(485,'Nelco Laboratories, Inc.','05 Reinke Point','ekyllforddg@blinklist.com',4),(486,'Lake Erie Medical & Surgical Supply DBA Quali','48107 Loeprich Drive','lferrydh@ustream.tv',2),(487,'Citra Labs LLC','98 Susan Drive','shanleydi@woothemes.com',7),(488,'MedVantx, Inc.','06446 Lyons Park','mdouglissdj@yelp.com',20),(489,'Major Pharmaceuticals','43 Arkansas Place','jsurmandk@ted.com',7),(490,'Par Pharmaceutical Inc.','051 Prentice Junction','hdoogooddl@booking.com',18),(491,'Actavis Inc.','5 Gina Hill','smclernondm@4shared.com',17),(492,'Blenheim Pharmacal, Inc.','816 Sloan Parkway','spemberydn@mediafire.com',23),(493,'American Regent, Inc.','300 Heath Parkway','aanthamdo@multiply.com',24),(494,'Niconovum USA Inc.','54770 Blaine Junction','bpatrydp@example.com',18),(495,'Cosmetics Institute Technology Co., Ltd.','49 Village Green Junction','kmattionidq@163.com',1),(496,'PureTek Corporation','0 Melrose Parkway','hbeadledr@noaa.gov',18),(497,'Air Liquide America Specialty Gases LLC','513 Ridgeway Crossing','fgeggds@mail.ru',3),(498,'Direct Rx','9897 Meadow Vale Lane','cdorotdt@mail.ru',7),(499,'Mary Kay Inc.','250 Duke Road','acolebournedu@japanpost.jp',12),(500,'Albert Max, Inc.','5719 Bluestem Pass','jmeiningerdv@europa.eu',11);
/*!40000 ALTER TABLE `proveedor` ENABLE KEYS */;
UNLOCK TABLES;

--
-- Table structure for table `proveedor_has_telefono`
--

DROP TABLE IF EXISTS `proveedor_has_telefono`;
/*!40101 SET @saved_cs_client     = @@character_set_client */;
/*!50503 SET character_set_client = utf8mb4 */;
CREATE TABLE `proveedor_has_telefono` (
  `PROVEEDOR_id` int(10) unsigned NOT NULL,
  `TELEFONO_id` int(10) unsigned NOT NULL,
  PRIMARY KEY (`PROVEEDOR_id`,`TELEFONO_id`),
  KEY `fk_PROVEEDOR_has_TELEFONO_PROVEEDOR1_idx` (`PROVEEDOR_id`),
  KEY `fk_PROVEEDOR_has_TELEFONO_TELEFONO1_idx` (`TELEFONO_id`),
  CONSTRAINT `fk_PROVEEDOR_has_TELEFONO_PROVEEDOR1` FOREIGN KEY (`PROVEEDOR_id`) REFERENCES `proveedor` (`idProveedor`),
  CONSTRAINT `fk_PROVEEDOR_has_TELEFONO_TELEFONO1` FOREIGN KEY (`TELEFONO_id`) REFERENCES `telefono` (`idTelefono`)
) ENGINE=InnoDB DEFAULT CHARSET=utf8;
/*!40101 SET character_set_client = @saved_cs_client */;

--
-- Dumping data for table `proveedor_has_telefono`
--

LOCK TABLES `proveedor_has_telefono` WRITE;
/*!40000 ALTER TABLE `proveedor_has_telefono` DISABLE KEYS */;
INSERT INTO `proveedor_has_telefono` VALUES (1,567),(2,568),(3,569),(4,570),(5,571),(6,572),(7,573),(8,574),(9,575),(10,576),(11,577),(12,578),(13,579),(14,580),(15,581),(16,582),(17,583),(18,584),(19,585),(20,586),(21,587),(22,588),(23,589),(24,590),(25,591),(26,592),(27,593),(28,594),(29,595),(30,596),(31,597),(32,598),(33,599),(34,600),(35,601),(36,602),(37,603),(38,604),(39,605),(40,606),(41,607),(42,608),(43,609),(44,610),(45,611),(46,612),(47,613),(48,614),(49,615),(50,616),(51,617),(52,618),(53,619),(54,620),(55,621),(56,622),(57,623),(58,624),(59,625),(60,626),(61,627),(62,628),(63,629),(64,630),(65,631),(66,632),(67,633),(68,634),(69,635),(70,636),(71,637),(72,638),(73,639),(74,640),(75,641),(76,642),(77,643),(78,644),(79,645),(80,646),(81,647),(82,648),(83,649),(84,650),(85,651),(86,652),(87,653),(88,654),(89,655),(90,656),(91,657),(92,658),(93,659),(94,660),(95,661),(96,662),(97,663),(98,664),(99,665),(100,666),(101,667),(102,668),(103,669),(104,670),(105,671),(106,672),(107,673),(108,674),(109,675),(110,676),(111,677),(112,678),(113,679),(114,680),(115,681),(116,682),(117,683),(118,684),(119,685),(120,686),(121,687),(122,688),(123,689),(124,690),(125,691),(126,692),(127,693),(128,694),(129,695),(130,696),(131,697),(132,698),(133,699),(134,700),(135,701),(136,702),(137,703),(138,704),(139,705),(140,706),(141,707),(142,708),(143,709),(144,710),(145,711),(146,712),(147,713),(148,714),(149,715),(150,716),(151,717),(152,718),(153,719),(154,720),(155,721),(156,722),(157,723),(158,724),(159,725),(160,726),(161,727),(162,728),(163,729),(164,730),(165,731),(166,732),(167,733),(168,734),(169,735),(170,736),(171,737),(172,738),(173,739),(174,740),(175,741),(176,742),(177,743),(178,744),(179,745),(180,746),(181,747),(182,748),(183,749),(184,750),(185,751),(186,752),(187,753),(188,754),(189,755),(190,756),(191,757),(192,758),(193,759),(194,760),(195,761),(196,762),(197,763),(198,764),(199,765),(200,766),(201,767),(202,768),(203,769),(204,770),(205,771),(206,772),(207,773),(208,774),(209,775),(210,776),(211,777),(212,778),(213,779),(214,780),(215,781),(216,782),(217,783),(218,784),(219,785),(220,786),(221,787),(222,788),(223,789),(224,790),(225,791),(226,792),(227,793),(228,794),(229,795),(230,796),(231,797),(232,798),(233,799),(234,800),(235,801),(236,802),(237,803),(238,804),(239,805),(240,806),(241,807),(242,808),(243,809),(244,810),(245,811),(246,812),(247,813),(248,814),(249,815),(250,816),(251,817),(252,818),(253,819),(254,820),(255,821),(256,822),(257,823),(258,824),(259,825),(260,826),(261,827),(262,828),(263,829),(264,830),(265,831),(266,832),(267,833),(268,834),(269,835),(270,836),(271,837),(272,838),(273,839),(274,840),(275,841),(276,842),(277,843),(278,844),(279,845),(280,846),(281,847),(282,848),(283,849),(284,850),(285,851),(286,852),(287,853),(288,854),(289,855),(290,856),(291,857),(292,858),(293,859),(294,860),(295,861),(296,862),(297,863),(298,864),(299,865),(300,866),(301,867),(302,868),(303,869),(304,870),(305,871),(306,872),(307,873),(308,874),(309,875),(310,876),(311,877),(312,878),(313,879),(314,880),(315,881),(316,882),(317,883),(318,884),(319,885),(320,886),(321,887),(322,888),(323,889),(324,890),(325,891),(326,892),(327,893),(328,894),(329,895),(330,896),(331,897),(332,898),(333,899),(334,900),(335,901),(336,902),(337,903),(338,904),(339,905),(340,906),(341,907),(342,908),(343,909),(344,910),(345,911),(346,912),(347,913),(348,914),(349,915),(350,916),(351,917),(352,918),(353,919),(354,920),(355,921),(356,922),(357,923),(358,924),(359,925),(360,926),(361,927),(362,928),(363,929),(364,930),(365,931),(366,932),(367,933),(368,934),(369,935),(370,936),(371,937),(372,938),(373,939),(374,940),(375,941),(376,942),(377,943),(378,944),(379,945),(380,946),(381,947),(382,948),(383,949),(384,950),(385,951),(386,952),(387,953),(388,954),(389,955),(390,956),(391,957),(392,958),(393,959),(394,960),(395,961),(396,962),(397,963),(398,964),(399,965),(400,966),(401,967),(402,968),(403,969),(404,970),(405,971),(406,972),(407,973),(408,974),(409,975),(410,976),(411,977),(412,978),(413,979),(414,980),(415,981),(416,982),(417,983),(418,984),(419,985),(420,986),(421,987),(422,988),(423,989),(424,990),(425,991),(426,992),(427,993),(428,994),(429,995),(430,996),(431,997),(432,998),(433,999),(434,1000),(435,1001),(436,1002),(437,1003),(438,1004),(439,1005),(440,1006),(441,1007),(442,1008),(443,1009),(444,1010),(445,1011),(446,1012),(447,1013),(448,1014),(449,1015),(450,1016),(451,1017),(452,1018),(453,1019),(454,1020),(455,1021),(456,1022),(457,1023),(458,1024),(459,1025),(460,1026),(461,1027),(462,1028),(463,1029),(464,1030),(465,1031),(466,1032),(467,1033),(468,1034),(469,1035),(470,1036),(471,1037),(472,1038),(473,1039),(474,1040),(475,1041),(476,1042),(477,1043),(478,1044),(479,1045),(480,1046),(481,1047),(482,1048),(483,1049),(484,1050),(485,1051),(486,1052),(487,1053),(488,1054),(489,1055),(490,1056),(491,1057),(492,1058),(493,1059),(494,1060),(495,1061),(496,1062),(497,1063),(498,1064),(499,1065),(500,1066);
/*!40000 ALTER TABLE `proveedor_has_telefono` ENABLE KEYS */;
UNLOCK TABLES;

--
-- Table structure for table `provincia`
--

DROP TABLE IF EXISTS `provincia`;
/*!40101 SET @saved_cs_client     = @@character_set_client */;
/*!50503 SET character_set_client = utf8mb4 */;
CREATE TABLE `provincia` (
  `idPROVINCIA` int(11) NOT NULL AUTO_INCREMENT,
  `Provincia` varchar(33) CHARACTER SET utf8 COLLATE utf8_general_ci NOT NULL,
  PRIMARY KEY (`idPROVINCIA`)
) ENGINE=InnoDB AUTO_INCREMENT=25 DEFAULT CHARSET=utf8;
/*!40101 SET character_set_client = @saved_cs_client */;

--
-- Dumping data for table `provincia`
--

LOCK TABLES `provincia` WRITE;
/*!40000 ALTER TABLE `provincia` DISABLE KEYS */;
INSERT INTO `provincia` VALUES (1,'Buenos Aires'),(2,'Catamarca'),(3,'Chaco'),(4,'Chubut'),(5,'Ciudad Autónoma de Buenos Aires'),(6,'Córdoba'),(7,'Corrientes'),(8,'Entre Ríos'),(9,'Formosa'),(10,'jujuy'),(11,'La Pampa'),(12,'La Rioja'),(13,'Mendoza'),(14,'Misiones'),(15,'Neuquén'),(16,'Río Negro'),(17,'Salta'),(18,'San juan'),(19,'San Luis'),(20,'Santa Cruz'),(21,'Santa Fe'),(22,'Santiago del Ester'),(23,'Tierra del Fuego'),(24,'Túcuman');
/*!40000 ALTER TABLE `provincia` ENABLE KEYS */;
UNLOCK TABLES;

--
-- Table structure for table `salidaestado`
--

DROP TABLE IF EXISTS `salidaestado`;
/*!40101 SET @saved_cs_client     = @@character_set_client */;
/*!50503 SET character_set_client = utf8mb4 */;
CREATE TABLE `salidaestado` (
  `id` int(10) unsigned NOT NULL AUTO_INCREMENT,
  `Tipo` varchar(15) NOT NULL,
  PRIMARY KEY (`id`)
) ENGINE=InnoDB AUTO_INCREMENT=3 DEFAULT CHARSET=utf8;
/*!40101 SET character_set_client = @saved_cs_client */;

--
-- Dumping data for table `salidaestado`
--

LOCK TABLES `salidaestado` WRITE;
/*!40000 ALTER TABLE `salidaestado` DISABLE KEYS */;
INSERT INTO `salidaestado` VALUES (1,'Fallecido'),(2,'Recuperado');
/*!40000 ALTER TABLE `salidaestado` ENABLE KEYS */;
UNLOCK TABLES;

--
-- Table structure for table `salidas`
--

DROP TABLE IF EXISTS `salidas`;
/*!40101 SET @saved_cs_client     = @@character_set_client */;
/*!50503 SET character_set_client = utf8mb4 */;
CREATE TABLE `salidas` (
  `idSalida` int(11) NOT NULL,
  `Estado` int(11) unsigned NOT NULL,
  `FechaYHora` datetime NOT NULL,
  `PACIENTE_id` int(11) unsigned NOT NULL,
  PRIMARY KEY (`idSalida`),
  KEY `FK_salidas_salidaestado_id` (`Estado`),
  KEY `FK_salidas_paciente_PACIENTE_id` (`PACIENTE_id`),
  CONSTRAINT `FK_salidas_paciente_PACIENTE_id` FOREIGN KEY (`PACIENTE_id`) REFERENCES `paciente` (`idPACIENTE`),
  CONSTRAINT `FK_salidas_salidaestado_id` FOREIGN KEY (`Estado`) REFERENCES `salidaestado` (`id`)
) ENGINE=InnoDB DEFAULT CHARSET=utf8;
/*!40101 SET character_set_client = @saved_cs_client */;

--
-- Dumping data for table `salidas`
--

LOCK TABLES `salidas` WRITE;
/*!40000 ALTER TABLE `salidas` DISABLE KEYS */;
INSERT INTO `salidas` VALUES (1,1,'2020-03-10 03:09:00',485),(2,2,'2020-05-14 19:44:00',733),(3,1,'2020-06-03 12:11:00',197),(4,1,'2020-04-21 11:29:00',327),(5,2,'2020-03-03 16:31:00',325),(6,2,'2020-03-04 21:48:00',753),(7,1,'2020-03-14 17:29:00',663),(8,1,'2020-05-28 03:27:00',126),(9,1,'2020-06-12 21:48:00',659),(10,1,'2020-03-27 02:11:00',13),(11,1,'2020-03-29 07:09:00',429),(12,2,'2020-05-02 19:33:00',944),(13,2,'2020-03-26 00:10:00',794),(14,1,'2020-05-07 07:28:00',417),(15,2,'2020-03-01 01:45:00',254),(16,1,'2020-05-31 04:26:00',439),(17,2,'2020-04-23 15:24:00',799),(18,2,'2020-05-01 18:19:00',675),(19,1,'2020-04-06 12:11:00',103),(20,1,'2020-04-13 00:20:00',61),(21,2,'2020-05-04 10:57:00',661),(22,1,'2020-03-27 00:49:00',93),(23,2,'2020-04-07 08:35:00',361),(24,2,'2020-04-21 10:35:00',514),(25,1,'2020-04-02 13:23:00',184),(26,2,'2020-04-02 06:28:00',955),(27,2,'2020-06-21 19:53:00',406),(28,1,'2020-03-28 04:41:00',451),(29,1,'2020-06-16 02:48:00',421),(30,1,'2020-03-10 20:47:00',495),(31,2,'2020-03-06 15:26:00',260),(32,1,'2020-03-22 15:46:00',902),(33,2,'2020-03-01 22:56:00',215),(34,2,'2020-03-21 20:34:00',469),(35,2,'2020-06-15 02:27:00',576),(36,1,'2020-03-18 15:18:00',687),(37,1,'2020-03-31 10:16:00',409),(38,2,'2020-04-29 23:24:00',285),(39,1,'2020-05-25 10:04:00',617),(40,1,'2020-06-01 03:56:00',708),(41,1,'2020-05-07 20:10:00',571),(42,2,'2020-03-28 09:47:00',453),(43,2,'2020-04-30 09:51:00',94),(44,1,'2020-04-30 21:34:00',813),(45,2,'2020-03-20 18:44:00',228),(46,1,'2020-06-14 10:14:00',265),(47,2,'2020-06-04 12:51:00',578),(48,2,'2020-05-13 18:25:00',722),(49,2,'2020-04-10 01:41:00',547),(50,1,'2020-04-30 00:35:00',262),(51,1,'2020-04-04 18:26:00',724),(52,2,'2020-03-08 22:46:00',943),(53,1,'2020-06-10 13:42:00',403),(54,1,'2020-05-24 06:58:00',586),(55,1,'2020-04-19 13:40:00',892),(56,1,'2020-04-29 16:04:00',237),(57,2,'2020-05-24 11:14:00',121),(58,1,'2020-03-31 04:35:00',699),(59,1,'2020-06-06 09:01:00',864),(60,1,'2020-03-16 04:50:00',763),(61,1,'2020-06-20 01:25:00',572),(62,2,'2020-03-28 08:09:00',101),(63,1,'2020-04-12 19:10:00',156),(64,1,'2020-04-04 12:59:00',731),(65,2,'2020-04-02 10:05:00',234),(66,2,'2020-05-01 16:20:00',851),(67,2,'2020-04-18 16:13:00',436),(68,2,'2020-05-13 06:28:00',994),(69,1,'2020-05-04 08:02:00',551),(70,2,'2020-04-03 02:11:00',530),(71,1,'2020-05-30 08:19:00',763),(72,2,'2020-03-19 20:24:00',496),(73,1,'2020-03-25 21:30:00',171),(74,1,'2020-03-12 17:48:00',136),(75,2,'2020-05-02 05:50:00',932),(76,1,'2020-06-09 07:37:00',758),(77,2,'2020-04-24 06:09:00',80),(78,1,'2020-04-04 06:09:00',529),(79,2,'2020-03-27 10:49:00',924),(80,1,'2020-03-06 03:15:00',927),(81,2,'2020-04-12 04:09:00',529),(82,2,'2020-03-03 22:16:00',976),(83,2,'2020-06-03 22:02:00',710),(84,2,'2020-03-26 22:41:00',265),(85,1,'2020-05-27 00:35:00',778),(86,2,'2020-04-07 12:28:00',307),(87,1,'2020-03-28 05:20:00',723),(88,1,'2020-05-11 08:24:00',867),(89,1,'2020-05-11 17:43:00',629),(90,1,'2020-06-10 17:22:00',533),(91,1,'2020-05-30 07:47:00',700),(92,2,'2020-05-08 10:39:00',726),(93,1,'2020-06-10 06:45:00',134),(94,2,'2020-03-12 21:09:00',161),(95,1,'2020-05-14 19:09:00',788),(96,2,'2020-04-10 05:49:00',133),(97,2,'2020-06-20 00:00:00',967),(98,2,'2020-05-22 21:13:00',543),(99,2,'2020-04-04 21:21:00',944),(100,1,'2020-05-16 00:52:00',86),(101,1,'2020-04-10 11:11:00',383),(102,1,'2020-03-14 17:38:00',74),(103,1,'2020-05-24 06:36:00',683),(104,2,'2020-05-19 06:05:00',149),(105,1,'2020-03-10 09:06:00',319),(106,1,'2020-05-01 09:28:00',559),(107,2,'2020-06-03 09:16:00',158),(108,1,'2020-05-24 05:39:00',665),(109,2,'2020-05-13 17:05:00',992),(110,1,'2020-05-12 11:12:00',47),(111,2,'2020-06-17 11:14:00',964),(112,1,'2020-03-10 18:53:00',182),(113,2,'2020-06-14 09:00:00',279),(114,1,'2020-03-16 17:27:00',259),(115,1,'2020-04-18 03:21:00',521),(116,2,'2020-03-12 22:42:00',775),(117,1,'2020-04-30 10:49:00',985),(118,1,'2020-03-27 16:28:00',202),(119,2,'2020-03-06 22:22:00',993),(120,1,'2020-04-20 12:34:00',107),(121,1,'2020-06-04 03:13:00',315),(122,1,'2020-05-11 13:49:00',947),(123,2,'2020-03-17 04:58:00',52),(124,2,'2020-05-20 05:56:00',929),(125,2,'2020-04-07 00:09:00',717),(126,2,'2020-03-24 02:32:00',425),(127,1,'2020-06-04 00:08:00',947),(128,1,'2020-04-20 06:25:00',384),(129,2,'2020-04-22 22:04:00',553),(130,1,'2020-05-27 15:52:00',770),(131,2,'2020-04-28 21:52:00',474),(132,1,'2020-03-18 17:51:00',606),(133,1,'2020-05-24 19:08:00',820),(134,2,'2020-05-28 10:08:00',547),(135,1,'2020-06-04 21:55:00',671),(136,1,'2020-03-15 10:19:00',636),(137,1,'2020-05-23 03:59:00',55),(138,2,'2020-03-30 18:19:00',613),(139,2,'2020-05-24 19:56:00',608),(140,2,'2020-05-04 06:19:00',622),(141,1,'2020-03-25 12:53:00',76),(142,1,'2020-04-09 10:04:00',344),(143,1,'2020-05-20 23:53:00',398),(144,2,'2020-06-01 02:06:00',236),(145,1,'2020-04-24 08:03:00',326),(146,2,'2020-05-17 17:45:00',506),(147,1,'2020-04-13 18:12:00',205),(148,1,'2020-04-17 06:03:00',999),(149,2,'2020-05-25 10:19:00',933),(150,1,'2020-03-12 11:28:00',753),(151,1,'2020-05-16 09:54:00',587),(152,2,'2020-05-14 14:04:00',727),(153,1,'2020-06-18 02:05:00',899),(154,1,'2020-06-14 08:13:00',373),(155,1,'2020-05-08 18:50:00',737),(156,2,'2020-05-21 03:19:00',392),(157,2,'2020-05-03 21:32:00',753),(158,1,'2020-05-19 00:46:00',720),(159,2,'2020-03-03 06:43:00',422),(160,1,'2020-03-03 20:06:00',114),(161,2,'2020-03-07 08:27:00',149),(162,2,'2020-04-29 05:03:00',933),(163,1,'2020-04-28 05:09:00',599),(164,2,'2020-05-16 03:04:00',46),(165,1,'2020-03-11 07:38:00',860),(166,1,'2020-06-02 10:03:00',460),(167,2,'2020-05-08 20:04:00',207),(168,2,'2020-05-27 17:42:00',872),(169,1,'2020-06-23 10:19:00',23),(170,1,'2020-05-06 06:59:00',147),(171,1,'2020-04-22 05:47:00',812),(172,2,'2020-04-27 14:50:00',958),(173,2,'2020-05-28 07:30:00',912),(174,2,'2020-04-29 23:26:00',578),(175,2,'2020-06-01 15:56:00',955),(176,2,'2020-04-24 03:06:00',319),(177,1,'2020-03-02 15:12:00',116),(178,1,'2020-03-16 23:30:00',229),(179,1,'2020-04-14 13:03:00',275),(180,1,'2020-06-19 05:09:00',133),(181,2,'2020-06-02 12:52:00',809),(182,2,'2020-06-08 05:01:00',418),(183,1,'2020-03-08 13:21:00',681),(184,2,'2020-03-25 06:19:00',894),(185,1,'2020-05-08 20:47:00',193),(186,2,'2020-05-31 22:55:00',79),(187,1,'2020-05-18 10:00:00',414),(188,2,'2020-06-16 23:25:00',450),(189,2,'2020-03-10 10:03:00',646),(190,2,'2020-06-16 04:55:00',114),(191,2,'2020-03-13 17:35:00',658),(192,2,'2020-04-09 15:56:00',805),(193,1,'2020-03-19 19:22:00',508),(194,2,'2020-03-03 18:11:00',837),(195,2,'2020-05-21 16:48:00',414),(196,1,'2020-03-22 21:53:00',529),(197,2,'2020-03-09 01:51:00',820),(198,1,'2020-03-04 19:27:00',372),(199,2,'2020-04-12 04:50:00',261),(200,2,'2020-04-15 04:03:00',501),(201,1,'2020-06-18 03:32:00',219),(202,1,'2020-06-14 10:48:00',772),(203,1,'2020-06-19 20:20:00',505),(204,2,'2020-05-16 18:59:00',596),(205,1,'2020-03-01 08:44:00',436),(206,2,'2020-06-20 18:56:00',642),(207,2,'2020-05-26 13:00:00',169),(208,2,'2020-04-22 22:04:00',604),(209,2,'2020-03-24 04:54:00',363),(210,2,'2020-06-05 17:09:00',977),(211,1,'2020-05-02 19:21:00',875),(212,1,'2020-04-07 15:33:00',116),(213,1,'2020-03-05 17:45:00',150),(214,1,'2020-04-11 12:18:00',168),(215,1,'2020-05-15 16:24:00',157),(216,2,'2020-03-30 13:04:00',432),(217,2,'2020-04-15 14:53:00',295),(218,2,'2020-05-26 18:33:00',984),(219,2,'2020-03-26 06:39:00',174),(220,1,'2020-05-09 14:33:00',780),(221,2,'2020-06-03 09:08:00',671),(222,1,'2020-05-09 22:11:00',898),(223,1,'2020-06-23 11:49:00',950),(224,2,'2020-03-27 18:14:00',837),(225,1,'2020-03-17 07:15:00',378),(226,2,'2020-06-12 03:56:00',8),(227,1,'2020-04-01 14:08:00',879),(228,1,'2020-03-19 22:17:00',77),(229,2,'2020-03-31 20:53:00',834),(230,2,'2020-06-10 07:46:00',789),(231,1,'2020-05-20 21:42:00',349),(232,1,'2020-06-19 01:35:00',340),(233,1,'2020-03-10 01:41:00',256),(234,2,'2020-05-20 01:34:00',305),(235,1,'2020-03-19 06:57:00',354),(236,2,'2020-03-09 10:29:00',123),(237,2,'2020-03-14 03:04:00',210),(238,2,'2020-03-22 23:17:00',850),(239,2,'2020-05-22 00:00:00',847),(240,2,'2020-06-23 05:00:00',862),(241,1,'2020-05-11 13:59:00',108),(242,2,'2020-06-07 21:30:00',197),(243,1,'2020-04-03 12:11:00',790),(244,2,'2020-05-01 13:37:00',153),(245,2,'2020-04-30 08:33:00',149),(246,2,'2020-06-20 16:57:00',20),(247,1,'2020-05-23 10:05:00',863),(248,2,'2020-04-30 12:45:00',786),(249,2,'2020-03-30 01:26:00',476),(250,2,'2020-04-21 23:52:00',160),(251,1,'2020-03-07 06:08:00',214),(252,1,'2020-05-20 13:54:00',969),(253,2,'2020-03-15 16:17:00',866),(254,1,'2020-04-18 03:54:00',301),(255,2,'2020-03-10 01:20:00',117),(256,2,'2020-05-23 23:07:00',573),(257,2,'2020-06-14 07:50:00',320),(258,2,'2020-05-16 15:55:00',777),(259,1,'2020-05-28 23:23:00',861),(260,1,'2020-05-26 23:02:00',171),(261,1,'2020-05-10 00:25:00',749),(262,2,'2020-04-06 08:52:00',637),(263,2,'2020-03-21 23:59:00',293),(264,1,'2020-06-13 14:01:00',439),(265,1,'2020-05-08 19:46:00',941),(266,1,'2020-06-17 16:26:00',797),(267,1,'2020-03-18 05:51:00',576),(268,2,'2020-05-09 08:05:00',690),(269,2,'2020-03-05 16:00:00',619),(270,2,'2020-03-03 02:00:00',340),(271,1,'2020-03-30 04:54:00',347),(272,1,'2020-05-24 06:58:00',53),(273,2,'2020-06-11 05:58:00',584),(274,2,'2020-03-07 13:15:00',168),(275,2,'2020-04-09 16:26:00',82),(276,2,'2020-04-15 22:43:00',419),(277,2,'2020-03-02 08:14:00',791),(278,2,'2020-04-21 12:31:00',416),(279,2,'2020-03-04 05:24:00',957),(280,1,'2020-03-24 12:26:00',635),(281,2,'2020-05-23 03:39:00',17),(282,1,'2020-05-04 23:31:00',824),(283,2,'2020-05-26 04:07:00',411),(284,2,'2020-04-03 23:53:00',366),(285,1,'2020-03-02 14:02:00',336),(286,2,'2020-03-01 07:09:00',1),(287,1,'2020-03-30 17:53:00',541),(288,2,'2020-04-13 20:28:00',377),(289,1,'2020-05-01 19:01:00',546),(290,1,'2020-04-25 11:21:00',187),(291,1,'2020-04-18 03:11:00',6),(292,2,'2020-03-18 19:09:00',632),(293,2,'2020-03-01 03:36:00',254),(294,2,'2020-05-30 22:25:00',756),(295,2,'2020-04-18 05:03:00',398),(296,2,'2020-05-19 07:06:00',889),(297,1,'2020-03-16 06:25:00',867),(298,2,'2020-06-02 17:47:00',546),(299,2,'2020-03-24 02:42:00',15),(300,2,'2020-03-01 10:28:00',831),(301,1,'2020-06-11 02:06:00',232),(302,1,'2020-03-12 00:55:00',765),(303,1,'2020-03-23 15:21:00',444),(304,1,'2020-03-26 09:20:00',540),(305,2,'2020-03-08 17:38:00',183),(306,1,'2020-05-14 07:57:00',124),(307,1,'2020-03-21 03:33:00',935),(308,2,'2020-06-17 19:13:00',550),(309,1,'2020-04-16 02:31:00',551),(310,1,'2020-06-03 02:54:00',712),(311,2,'2020-06-07 04:50:00',908),(312,2,'2020-05-01 23:49:00',161),(313,1,'2020-05-31 06:59:00',333),(314,1,'2020-03-20 17:21:00',580),(315,1,'2020-06-08 14:49:00',387),(316,1,'2020-04-07 21:28:00',761),(317,2,'2020-03-29 09:17:00',584),(318,1,'2020-06-02 02:57:00',973),(319,2,'2020-05-06 01:33:00',899),(320,2,'2020-05-17 21:16:00',44),(321,2,'2020-05-23 17:18:00',367),(322,2,'2020-06-01 01:21:00',111),(323,1,'2020-05-14 18:27:00',631),(324,1,'2020-05-12 12:19:00',825),(325,1,'2020-05-04 07:21:00',799),(326,1,'2020-03-30 09:23:00',849),(327,2,'2020-06-23 08:57:00',402),(328,1,'2020-03-03 22:15:00',641),(329,1,'2020-03-01 10:49:00',865),(330,2,'2020-03-08 19:53:00',201),(331,1,'2020-05-26 01:55:00',864),(332,2,'2020-03-23 06:41:00',985),(333,1,'2020-05-29 19:51:00',488),(334,1,'2020-06-21 03:32:00',397),(335,1,'2020-05-08 15:55:00',43),(336,2,'2020-06-23 03:33:00',945),(337,2,'2020-05-16 23:35:00',188),(338,2,'2020-03-07 14:35:00',799),(339,1,'2020-05-13 01:41:00',802),(340,1,'2020-06-05 02:12:00',587),(341,2,'2020-05-02 23:36:00',84),(342,2,'2020-05-07 04:54:00',540),(343,1,'2020-05-03 18:11:00',50),(344,2,'2020-06-11 04:59:00',846),(345,2,'2020-05-15 15:22:00',989),(346,2,'2020-06-16 18:14:00',361),(347,1,'2020-03-26 21:59:00',869),(348,2,'2020-03-04 07:43:00',993),(349,2,'2020-05-01 09:41:00',792),(350,1,'2020-05-09 18:39:00',810),(351,2,'2020-03-24 04:33:00',614),(352,1,'2020-04-27 09:44:00',704),(353,1,'2020-03-24 22:52:00',882),(354,2,'2020-06-05 17:19:00',476),(355,1,'2020-03-10 09:42:00',866),(356,2,'2020-03-10 18:35:00',964),(357,2,'2020-03-20 01:47:00',650),(358,1,'2020-03-17 21:56:00',429),(359,1,'2020-04-09 05:47:00',313),(360,2,'2020-04-05 21:20:00',370),(361,1,'2020-04-18 23:50:00',569),(362,1,'2020-04-09 14:08:00',589),(363,1,'2020-06-15 03:29:00',372),(364,1,'2020-05-12 08:23:00',83),(365,2,'2020-04-06 20:03:00',588),(366,2,'2020-06-15 18:09:00',955),(367,2,'2020-03-23 17:41:00',658),(368,1,'2020-04-03 13:54:00',17),(369,2,'2020-05-06 23:43:00',223),(370,1,'2020-05-23 05:57:00',799),(371,2,'2020-04-10 06:07:00',770),(372,1,'2020-03-15 11:32:00',667),(373,2,'2020-03-05 07:47:00',990),(374,1,'2020-04-23 23:42:00',653),(375,1,'2020-05-22 00:41:00',411),(376,2,'2020-03-19 22:21:00',90),(377,2,'2020-04-23 01:09:00',633),(378,2,'2020-03-19 13:58:00',576),(379,1,'2020-03-14 05:10:00',376),(380,1,'2020-06-14 12:30:00',60),(381,2,'2020-04-16 08:22:00',915),(382,1,'2020-06-15 17:03:00',719),(383,1,'2020-06-09 19:44:00',746),(384,1,'2020-03-14 08:03:00',319),(385,2,'2020-05-11 15:46:00',191),(386,1,'2020-04-15 10:28:00',595),(387,1,'2020-04-11 05:41:00',874),(388,2,'2020-04-23 17:22:00',226),(389,1,'2020-04-09 05:17:00',46),(390,1,'2020-05-27 19:15:00',343),(391,2,'2020-05-09 17:45:00',391),(392,2,'2020-05-12 16:37:00',711),(393,1,'2020-04-29 17:18:00',363),(394,1,'2020-06-09 06:38:00',318),(395,1,'2020-06-18 14:29:00',491),(396,1,'2020-05-24 07:51:00',37),(397,1,'2020-04-01 15:21:00',528),(398,2,'2020-05-09 19:47:00',328),(399,1,'2020-06-18 08:24:00',792),(400,2,'2020-06-12 03:34:00',822),(401,2,'2020-03-02 14:08:00',999),(402,2,'2020-06-09 17:29:00',575),(403,2,'2020-06-13 08:36:00',470),(404,1,'2020-05-14 14:54:00',294),(405,2,'2020-05-28 14:23:00',709),(406,2,'2020-03-16 05:24:00',563),(407,2,'2020-06-17 19:06:00',960),(408,2,'2020-03-27 12:55:00',71),(409,1,'2020-05-05 13:20:00',365),(410,1,'2020-05-11 22:46:00',214),(411,2,'2020-03-03 02:17:00',319),(412,2,'2020-06-11 06:18:00',451),(413,2,'2020-03-04 11:13:00',475),(414,1,'2020-03-28 22:35:00',157),(415,2,'2020-06-12 03:20:00',368),(416,1,'2020-03-31 07:34:00',794),(417,1,'2020-03-23 03:29:00',840),(418,2,'2020-06-22 20:54:00',474),(419,1,'2020-03-10 04:08:00',126),(420,2,'2020-06-16 23:38:00',122),(421,1,'2020-05-02 15:03:00',980),(422,2,'2020-04-17 13:55:00',728),(423,1,'2020-04-28 07:43:00',905),(424,1,'2020-04-14 17:15:00',575),(425,1,'2020-06-04 08:48:00',73),(426,1,'2020-04-08 23:51:00',278),(427,1,'2020-04-07 01:06:00',844),(428,1,'2020-04-16 13:07:00',465),(429,1,'2020-03-07 12:09:00',845),(430,2,'2020-04-11 22:20:00',588),(431,2,'2020-04-09 00:42:00',460),(432,1,'2020-03-04 13:33:00',382),(433,2,'2020-04-28 08:59:00',377),(434,1,'2020-06-23 12:02:00',630),(435,1,'2020-06-02 00:44:00',874),(436,1,'2020-04-19 22:45:00',8),(437,1,'2020-06-02 06:05:00',576),(438,2,'2020-04-29 01:20:00',691),(439,2,'2020-03-30 02:55:00',288),(440,1,'2020-03-03 18:02:00',813),(441,2,'2020-04-23 03:18:00',137),(442,2,'2020-05-30 21:01:00',955),(443,1,'2020-03-17 10:04:00',194),(444,2,'2020-05-10 09:21:00',328),(445,2,'2020-06-06 03:04:00',429),(446,1,'2020-05-26 05:40:00',13),(447,1,'2020-06-11 15:01:00',533),(448,1,'2020-05-07 14:53:00',200),(449,1,'2020-05-13 05:57:00',203),(450,2,'2020-03-05 19:21:00',203),(451,2,'2020-03-27 07:19:00',850),(452,1,'2020-04-01 18:40:00',628),(453,2,'2020-05-06 22:32:00',661),(454,1,'2020-05-21 15:45:00',919),(455,1,'2020-04-09 12:35:00',599),(456,1,'2020-03-02 20:47:00',440),(457,2,'2020-06-13 06:56:00',283),(458,1,'2020-05-04 04:53:00',401),(459,2,'2020-06-09 11:47:00',754),(460,2,'2020-03-25 08:44:00',524),(461,1,'2020-05-16 00:01:00',527),(462,2,'2020-05-23 01:46:00',294),(463,2,'2020-04-15 21:33:00',792),(464,1,'2020-04-08 01:51:00',497),(465,1,'2020-06-09 05:39:00',537),(466,2,'2020-03-07 05:00:00',828),(467,1,'2020-04-08 17:06:00',29),(468,2,'2020-04-29 05:54:00',259),(469,2,'2020-04-24 12:27:00',697),(470,2,'2020-04-01 16:21:00',637),(471,2,'2020-03-27 05:13:00',203),(472,1,'2020-04-12 01:41:00',31),(473,1,'2020-04-20 03:51:00',51),(474,2,'2020-06-08 02:33:00',166),(475,1,'2020-06-12 11:03:00',408),(476,1,'2020-06-15 14:34:00',987),(477,1,'2020-04-24 03:04:00',639),(478,1,'2020-05-10 02:22:00',771),(479,2,'2020-04-29 09:53:00',370),(480,1,'2020-04-11 19:23:00',521),(481,1,'2020-03-21 14:09:00',625),(482,2,'2020-03-19 13:44:00',299),(483,1,'2020-04-01 13:22:00',73),(484,2,'2020-04-05 12:53:00',89),(485,2,'2020-06-08 22:53:00',52),(486,1,'2020-06-15 03:20:00',465),(487,2,'2020-03-23 10:40:00',890),(488,1,'2020-04-08 22:08:00',376),(489,1,'2020-03-03 01:58:00',635),(490,1,'2020-06-04 19:51:00',450),(491,2,'2020-05-15 23:29:00',201),(492,2,'2020-04-16 07:54:00',125),(493,1,'2020-06-16 04:31:00',961),(494,2,'2020-05-23 21:49:00',405),(495,1,'2020-03-13 08:16:00',674),(496,1,'2020-04-22 12:15:00',974),(497,2,'2020-03-07 01:44:00',991),(498,1,'2020-05-10 12:05:00',776),(499,1,'2020-03-17 03:47:00',871),(500,2,'2020-03-25 12:15:00',692);
/*!40000 ALTER TABLE `salidas` ENABLE KEYS */;
UNLOCK TABLES;

--
-- Table structure for table `suministro`
--

DROP TABLE IF EXISTS `suministro`;
/*!40101 SET @saved_cs_client     = @@character_set_client */;
/*!50503 SET character_set_client = utf8mb4 */;
CREATE TABLE `suministro` (
  `id` int(10) unsigned NOT NULL,
  `FARMACEUTICA_id` int(10) unsigned DEFAULT NULL,
  `ESPECIFICO_id` int(10) unsigned DEFAULT NULL,
  `nombre` varchar(75) NOT NULL,
  `cantidad` int(11) NOT NULL,
  `desc` mediumtext CHARACTER SET utf8 COLLATE utf8_general_ci,
  `nivel_peticion` int(10) unsigned NOT NULL,
  PRIMARY KEY (`id`),
  KEY `FK_suministro_lvlpeticion_id` (`nivel_peticion`),
  KEY `FK_suministro_farmaceutica_id` (`FARMACEUTICA_id`),
  KEY `FK_suministro_especifico_id` (`ESPECIFICO_id`),
  CONSTRAINT `FK_suministro_especifico_id` FOREIGN KEY (`ESPECIFICO_id`) REFERENCES `especifico` (`id`),
  CONSTRAINT `FK_suministro_farmaceutica_id` FOREIGN KEY (`FARMACEUTICA_id`) REFERENCES `farmaceutica` (`id`),
  CONSTRAINT `FK_suministro_lvlpeticion_id` FOREIGN KEY (`nivel_peticion`) REFERENCES `suministro_lvlpeticion` (`id`)
) ENGINE=InnoDB DEFAULT CHARSET=utf8;
/*!40101 SET character_set_client = @saved_cs_client */;

--
-- Dumping data for table `suministro`
--

LOCK TABLES `suministro` WRITE;
/*!40000 ALTER TABLE `suministro` DISABLE KEYS */;
INSERT INTO `suministro` VALUES (1,0,1,'Asepclean',31,'Arm varicose v lig-strip',3),(2,0,2,'Promed',42,'Intra-op electron rad rx',3),(3,0,3,'Braun',46,'Other parathyroidectomy',3),(4,0,4,'Asepclean',2,'Cul-de-sac grf/pros NEC',3),(5,0,5,'Braun',28,'Therapeut distent bladd',3),(6,0,6,'Braun',38,'Non-invasive bone stimul',3),(7,0,7,'Braun',9,'Bronchial operation NEC',3),(8,0,8,'Promed',24,'Mouth biopsy NOS',3),(9,0,9,'Asepclean',-3,'Excis metacar/car-graft',3),(10,0,10,'Braun',13,'Corneal scrape for smear',3),(11,0,11,'Promed',38,'Excis tonsil/adenoid les',4),(12,0,12,'Asepclean',36,'Suture peptic ulcer NOS',3),(13,0,13,'Braun',5,'Debrid opn fx-radius/uln',3),(14,0,14,'Asepclean',42,'Excis cyst duct remnant',3),(15,0,15,'Asepclean',9,'Other bronchial excision',3),(16,0,16,'Braun',8,'Aspir curett uterus NEC',3),(17,0,17,'Promed',48,'Tonometry',3),(18,0,18,'Asepclean',40,'Sm bowel exteriorization',3),(19,0,19,'Promed',7,'Common duct excis NEC',3),(20,0,20,'Braun',25,'Typhoid/paratyphoid vacc',3),(21,0,21,'Asepclean',32,'Carporadial fusion',3),(22,0,22,'Asepclean',45,'Oth tu destr pros - rt',3),(23,0,23,'Asepclean',27,'Toe reattachment',3),(24,0,24,'Promed',18,'Hand tenonectomy NEC',3),(25,0,25,'Braun',38,'Suture urethral lacerat',2),(26,0,26,'Asepclean',49,'Rt heart angiocardiogram',3),(27,0,27,'Asepclean',6,'Ureterotomy',3),(28,0,28,'Braun',6,'Fit ext penile prosthes',2),(29,0,29,'Asepclean',32,'Laser destruc rectal les',2),(30,0,30,'Promed',30,'Intra-abd lg bowel manip',2),(31,0,31,'Promed',19,'Cl red-int fix metac/car',2),(32,0,32,'Asepclean',20,'Other heart septa ops',2),(33,0,33,'Promed',18,'Musculoskeletal op NEC',3),(34,0,34,'Asepclean',-2,'Thorac duct cannulation',3),(35,0,35,'Asepclean',48,'Revis ureteroenterostomy',3),(36,0,36,'Braun',31,'Repl/rep oth tot hrt sys',3),(37,0,37,'Asepclean',32,'Endosc remove panc stone',3),(38,0,38,'Asepclean',27,'Ptosis rep-front mus sut',3),(39,0,39,'Asepclean',32,'Translum cor atherectomy',3),(40,0,40,'Asepclean',44,'Lower GI series',3),(41,0,41,'Asepclean',46,'Lid marg recon-part thic',3),(42,0,42,'Promed',25,'Arth/pros rem wo rep-elb',3),(43,0,43,'Asepclean',22,'Electroencephalogram',3),(44,0,44,'Braun',0,'Opn/oth rep mtrl vlv-tis',3),(45,0,45,'Braun',27,'C & s-eye',3),(46,0,46,'Braun',29,'Injection of larynx',3),(47,0,47,'Asepclean',34,'Toxicology-endocrine',3),(48,0,48,'Asepclean',13,'Epididymectomy',3),(49,0,49,'Braun',17,'Trnsapcl repl pulm valve',2),(50,0,50,'Asepclean',0,'Excision hand joint NEC',3),(51,0,51,'Promed',25,'C & s-lower GI',2),(52,0,52,'Asepclean',0,'Ambulat & gait training',3),(53,0,53,'Asepclean',15,'Blepharorrhaphy',3),(54,0,54,'Braun',26,'Forceps-aftercoming head',3),(55,0,55,'Asepclean',0,'Interat ven retrn transp',3),(56,0,56,'Asepclean',8,'Skel xray-lower limb NOS',3),(57,0,57,'Asepclean',32,'Bladder anastomosis NEC',3),(58,0,58,'Braun',41,'Toxicology-upper GI',3),(59,0,59,'Braun',34,'Aspiration of ovary',2),(60,0,60,'Braun',26,'Operation on lens NEC',3),(61,0,61,'Braun',16,'Epididymectomy',2),(62,0,62,'Asepclean',42,'Limited interview/evalua',2),(63,0,63,'Asepclean',-1,'Surg corr invert uterus',3),(64,0,64,'Braun',8,'Contrast phlebogram NOS',3),(65,0,65,'Braun',29,'Implant CCM,total system',3),(66,0,66,'Braun',44,'Ins part disc pros lumb',2),(67,0,67,'Braun',17,'Endovas impln grft aorta',2),(68,0,68,'Asepclean',2,'Entropion/ectrop rep NEC',2),(69,0,69,'Promed',9,'Vaginal suspens & fixat',2),(70,0,70,'Asepclean',29,'Insert 1 vascular stent',2),(71,0,71,'Braun',8,'Insert 3 vascular stents',2),(72,0,72,'Braun',30,'Amputat through malleoli',2),(73,0,73,'Braun',-6,'Pulmonary scan',2),(74,0,74,'Promed',12,'Eswl other sites',2),(75,0,75,'Braun',49,'Proctoclysis',2),(76,0,76,'Braun',26,'Lap ing hern-graft NOS',2),(77,0,77,'Braun',43,'Fit below knee prosthes',2),(78,0,78,'Asepclean',13,'Ins/repl single pul gen',2),(79,0,79,'Promed',41,'Incis larynx trachea NEC',2),(80,0,80,'Braun',9,'Infusion of vasopressor',2),(81,0,81,'Promed',26,'LITT lesn, guide oth/NOS',3),(82,0,82,'Braun',21,'Crown application',3),(83,0,83,'Promed',40,'IVUS peripheral vessels',3),(84,0,84,'Braun',28,'Total parathyroidectomy',3),(85,0,85,'Asepclean',37,'Repair ob lacerat cervix',3),(86,0,86,'Braun',7,'Suture peptic ulcer NOS',3),(87,0,87,'Promed',34,'Closed fx reduction NOS',3),(88,0,88,'Braun',11,'Other acupuncture',3),(89,0,89,'Asepclean',36,'Total hip replacement',3),(90,0,90,'Asepclean',2,'Classical c-section',3),(91,0,91,'Promed',26,'Remov pancreatic tube',3),(92,0,92,'Braun',24,'Retinal tear cryotherapy',3),(93,0,93,'Braun',46,'Toxicology NOS',3),(94,0,94,'Promed',18,'Pituitary operation NEC',3),(95,0,95,'Asepclean',3,'Cystoscopy thru stoma',3),(96,0,96,'Promed',32,'Endo emb hd/nk,bare coil',3),(97,0,97,'Braun',47,'Tuberculosis vaccination',3),(98,0,98,'Asepclean',3,'Replace vag diaphragm',2),(99,0,99,'Promed',16,'Coronar arteriogr-2 cath',2),(100,0,100,'Promed',39,'Non-op hearing proc NEC',2),(101,0,101,'Braun',3,'Limb length-metacar/car',2),(102,0,102,'Braun',10,'Heart transplantation',2),(103,0,103,'Asepclean',35,'Destruc uter support NEC',2),(104,0,104,'Asepclean',23,'Replace trach tube',2),(105,0,105,'Braun',22,'Scleral fistula repair',2),(106,0,106,'Asepclean',47,'Fasciotomy of hand',2),(107,0,107,'Braun',11,'Adjust lid position NEC',2),(108,0,108,'Asepclean',37,'Repair of hip, NEC',3),(109,0,109,'Promed',35,'Trachea fistula clos NEC',3),(110,0,110,'Asepclean',35,'Peritoneal incision',2),(111,0,111,'Braun',28,'Bony palate biopsy',2),(112,0,112,'Promed',32,'Ureth reconstruction NEC',2),(113,0,113,'Braun',31,'Septoplasty NEC',2),(114,0,114,'Asepclean',12,'Other spinal traction',2),(115,0,115,'Promed',20,'Local excis rectal les',2),(116,0,116,'Braun',1,'Ptosis rep-front mus sut',2),(117,0,117,'Braun',37,'Infus immunosup antibody',2),(118,0,118,'Braun',20,'Ven cath renal dialysis',2),(119,0,119,'Braun',3,'Pharyngeal diverticulec',2),(120,0,120,'Asepclean',36,'Fit below knee prosthes',2),(121,0,121,'Asepclean',7,'Vein inject-scleros agnt',2),(122,0,122,'Asepclean',35,'Other skeletal x-ray',2),(123,0,123,'Promed',-6,'Removal FB from arm',2),(124,0,124,'Promed',1,'Remov small bowel tube',2),(125,0,125,'Asepclean',41,'Repair conjunct lacerat',2),(126,0,126,'Braun',25,'Oth patella repair/plast',2),(127,0,127,'Asepclean',8,'Excis ampulla of vater',2),(128,0,128,'Promed',36,'Limb shorten proc NOS',2),(129,0,129,'Asepclean',12,'Prostatectomy NEC',2),(130,0,130,'Braun',34,'Open bx saliv gland/duct',2),(131,0,131,'Braun',34,'Opn red-sep epiphy-humer',2),(132,0,132,'Braun',19,'Endosc remove panc stone',2),(133,0,133,'Braun',48,'Vaginal reconstruction',3),(134,0,134,'Braun',18,'C.A.T. scan of thorax',2),(135,0,135,'Asepclean',40,'Unil femor hrn rep-grft',3),(136,0,136,'Braun',3,'Local excis sm bowel NEC',3),(137,0,137,'Asepclean',21,'Milk extraction',2),(138,0,138,'Braun',14,'Ins spinal fusion device',2),(139,0,139,'Promed',41,'Oth tu destr pros - rt',2),(140,0,140,'Asepclean',21,'C & s-female genital',2),(141,0,141,'Braun',23,'Open prostatic biopsy',2),(142,0,142,'Braun',47,'Reduction genioplasty',2),(143,0,143,'Promed',17,'Vaginal vault obliterat',3),(144,0,144,'Asepclean',30,'Fixed bridge insertion',3),(145,0,145,'Braun',1,'Remov breast tissu expan',3),(146,0,146,'Asepclean',1,'Oth dx proc-metacar/car',3),(147,0,147,'Promed',16,'Rt/left heart card cath',2),(148,0,148,'Asepclean',37,'Sm bowel-rect stump anas',2),(149,0,149,'Braun',0,'Exc/dest intvrt disc NOS',2),(150,0,150,'Promed',40,'Lap abd rep-diaphr hern',3),(151,0,151,'Asepclean',37,'Total knee replacement',3),(152,0,152,'Asepclean',0,'Adrenal nerve division',2),(153,0,153,'Promed',28,'Seg osteoplasty maxilla',2),(154,0,154,'Promed',40,'Destruc-ankle lesion NEC',2),(155,0,155,'Braun',10,'Carporadial fusion',3),(156,0,156,'Promed',9,'Coag factor transfusion',2),(157,0,157,'Asepclean',42,'Lap res transverse colon',2),(158,0,158,'Promed',35,'Oth arthrotomy-hand/fngr',3),(159,0,159,'Braun',6,'Incision of palate',3),(160,0,160,'Promed',15,'Liver scan/isotope funct',3),(161,0,161,'Promed',23,'Remove bladder stimulat',3),(162,0,162,'Asepclean',39,'X-ray NEC and NOS',2),(163,0,163,'Promed',37,'Ambulat & gait training',2),(164,0,164,'Braun',10,'Excis lesion of muscle',3),(165,0,165,'Asepclean',3,'Reattachment NEC',3),(166,0,166,'Braun',7,'Arterial bld gas measure',2),(167,0,167,'Braun',0,'Hepatic dx proc NEC',3),(168,0,168,'Asepclean',12,'Extraoc musc dx proc NEC',3),(169,0,169,'Promed',41,'Thoracic duct fistulizat',3),(170,0,170,'Asepclean',13,'Spinal tap',3),(171,0,171,'Braun',21,'Remov thorax sutures',3),(172,0,172,'Promed',0,'Close gastric fistul NEC',3),(173,0,173,'Braun',32,'Other post segment ops',3),(174,0,174,'Promed',38,'Appendiceal ops NEC',4),(175,0,175,'Braun',39,'Gastrostomy closure',4),(176,0,176,'Braun',21,'Bone thermography',2),(177,0,177,'Promed',18,'Pnemothorax-lung collaps',2),(178,0,178,'Asepclean',0,'LITT lesn, guide oth/NOS',2),(179,0,179,'Promed',44,'Oth patella repair/plast',2),(180,0,180,'Braun',35,'Psychiatr somatother NEC',2),(181,0,181,'Braun',11,'Bilat endosc divis tube',3),(182,0,182,'Braun',26,'Suture of tracheal lacer',3),(183,0,183,'Promed',21,'Chorioret les xenon coag',3),(184,0,184,'Braun',15,'Rigid proctosigmoidoscpy',3),(185,0,185,'Promed',16,'Therapeut evac ant chamb',3),(186,0,186,'Braun',32,'Op tot intr-abd colectmy',3),(187,0,187,'Braun',3,'Pituitary gland incision',3),(188,0,188,'Braun',45,'Knee arthroscopy',3),(189,0,189,'Asepclean',4,'Neurolyt injec-symp nrv',3),(190,0,190,'Asepclean',20,'Ventricl shunt-abdomen',3),(191,0,191,'Braun',29,'Tot ostectomy-femur',3),(192,0,192,'Asepclean',4,'Urinary system x-ray NEC',3),(193,0,193,'Promed',6,'Renal autotransplant',3),(194,0,194,'Asepclean',32,'Color vision study',2),(195,0,195,'Braun',19,'Micro exam-lower GI NEC',2),(196,0,196,'Braun',49,'Injection into pericard',3),(197,0,197,'Promed',7,'Fit lo arm/hand prosthes',2),(198,0,198,'Braun',5,'Chorioret les destr NEC',2),(199,0,199,'Promed',31,'Exc hnd mus/fas for grft',3),(200,0,200,'Braun',10,'Close ureth fistula NEC',3),(201,0,201,'Promed',23,'Culture-spleen/marrow',1),(202,0,202,'Promed',28,'Vessel resect/anast NOS',2),(203,0,203,'Asepclean',12,'Excision of anus',2),(204,0,204,'Asepclean',22,'Chest x-ray NEC',2),(205,0,205,'Asepclean',8,'Nasal sinus repair NEC',3),(206,0,206,'Promed',22,'Chest cage sequestrec',3),(207,0,207,'Asepclean',38,'Lg bowel segment isolat',3),(208,0,208,'Asepclean',1,'Male genital op NEC',3),(209,0,209,'Promed',24,'Exc/dest hrt les, thrspc',3),(210,0,210,'Braun',20,'Excis external ear NEC',2),(211,0,211,'Asepclean',26,'Nasal function study',2),(212,0,212,'Braun',38,'Remove dental prosthesis',2),(213,0,213,'Braun',18,'Dx ultrasound NEC',3),(214,0,214,'Promed',37,'Open sigmoidectomy NEC',3),(215,0,215,'Promed',2,'Polio vaccine administra',3),(216,0,216,'Promed',6,'Impacted feces removal',3),(217,0,217,'Promed',29,'Radioisot teleradiother',3),(218,0,218,'Asepclean',16,'Nasal sinus fistula clos',3),(219,0,219,'Promed',23,'Oth cartd body/sinus op',3),(220,0,220,'Promed',28,'Culture NOS',3),(221,0,221,'Asepclean',33,'Excis tonsil/adenoid les',3),(222,0,222,'Braun',15,'Opn bil ind ing hern NEC',3),(223,0,223,'Promed',22,'X-ray of gravid uterus',3),(224,0,224,'Asepclean',26,'Internal fix-patella',2),(225,0,225,'Braun',17,'Bronchoscopy thru stoma',4),(226,0,226,'Promed',-7,'Tot cor transpos grt ves',4),(227,0,227,'Asepclean',27,'Delay opening colostomy',4),(228,0,228,'Promed',38,'Removal oth vag pessary',4),(229,0,229,'Asepclean',30,'Systemic-pulm art shunt',2),(230,0,230,'Promed',22,'External ear biopsy',3),(231,0,231,'Braun',28,'C & s-spleen/marrow',3),(232,0,232,'Braun',23,'C & s-female genital',2),(233,0,233,'Braun',12,'Head soft tiss x-ray NEC',3),(234,0,234,'Promed',25,'Nonmag remov ant seg FB',2),(235,0,235,'Promed',21,'Suture of pharyngeal lac',1),(236,0,236,'Promed',30,'Ambulat & gait training',2),(237,0,237,'Braun',43,'D & C NEC',2),(238,0,238,'Asepclean',15,'Digestive tract xray NEC',1),(239,0,239,'Promed',14,'Contr mammary ductogram',3),(240,0,240,'Asepclean',27,'Closed mitral valvotomy',3),(241,0,241,'Braun',4,'Pressurized treat graft',2),(242,0,242,'Asepclean',10,'Bronchial lacerat suture',2),(243,0,243,'Braun',2,'Sperm collection',2),(244,0,244,'Promed',-8,'X-ray study of eye',2),(245,0,245,'Braun',7,'Prosthetic evaluation',2),(246,0,246,'Braun',47,'Suture vulvar laceration',2),(247,0,247,'Braun',24,'Chorioret les p/coag NOS',3),(248,0,248,'Asepclean',-5,'Periren/vesicle excision',2),(249,0,249,'Braun',19,'Tympanic injection',3),(250,0,250,'Asepclean',33,'Manual explor uterus p/p',3),(251,0,251,'Promed',34,'Proctosigmoidosc thru st',3),(252,0,252,'Asepclean',30,'Rev knee repl-tibia lin',3),(253,0,253,'Asepclean',16,'Bact smear NOS',4),(254,0,254,'Asepclean',1,'Lumb/lmbosac fus ant/ant',3),(255,0,255,'Asepclean',39,'Op red-int fix metat/tar',2),(256,0,256,'Braun',7,'Radical prostatectomy',3),(257,0,257,'Promed',5,'Osteoclasis-metatar/tar',3),(258,0,258,'Braun',-2,'Remove bladder stimulat',3),(259,0,259,'Asepclean',16,'Neurologic func test NEC',3),(260,0,260,'Asepclean',29,'Repair ob lac rect/anus',3),(261,0,261,'Asepclean',26,'Uroflowmetry',4),(262,0,262,'Asepclean',25,'Thymus field exploration',2),(263,0,263,'Promed',12,'Bilat part salpingec NOS',2),(264,0,264,'Braun',1,'Repair ob lacerat cervix',4),(265,0,265,'Promed',-7,'Vitreous removal NEC',2),(266,0,266,'Asepclean',44,'Rad dissec periaort node',3),(267,0,267,'Asepclean',7,'Coronar arteriogr-2 cath',3),(268,0,268,'Asepclean',21,'Testicular les destruct',3),(269,0,269,'Promed',27,'Brain/skull contrst xray',2),(270,0,270,'Braun',48,'Bact smear-op wound',2),(271,0,271,'Promed',1,'Puncture of lung',3),(272,0,272,'Promed',33,'Salpingotomy',4),(273,0,273,'Asepclean',8,'Destruc bartholin gland',3),(274,0,274,'Braun',9,'Cell blk/pap-peritoneum',3),(275,0,275,'Promed',35,'Thor rep-diaph hern NOS',3),(276,0,276,'Promed',12,'Midtarsal fusion',3),(277,0,277,'Asepclean',15,'Ultrasound study of eye',3),(278,0,278,'Promed',20,'Other repair of joint',3),(279,0,279,'Braun',10,'Open gastric biopsy',3),(280,0,280,'Braun',35,'Insert oropharyn airway',1),(281,0,281,'Promed',-16,'Remov ant segmnt les NOS',4),(282,0,282,'Braun',14,'Metacarpal/carpal biopsy',3),(283,0,283,'Asepclean',26,'Sutur flex tend hand NEC',3),(284,0,284,'Braun',-2,'Corneal repair NEC',3),(285,0,285,'Promed',48,'Intraspin nerve root div',3),(286,0,286,'Asepclean',49,'Auxiliary liver transpl',3),(287,0,287,'Promed',11,'Impl cardiac support dev',3),(288,0,288,'Promed',49,'Submuc nasal sept resect',3),(289,0,289,'Asepclean',13,'Chorioret les diathermy',3),(290,0,290,'Asepclean',-4,'P32 & eye tracer NEC',3),(291,0,291,'Asepclean',26,'Oth salpingo-oophoroplas',3),(292,0,292,'Promed',35,'Form cutan ileoureterost',3),(293,0,293,'Braun',31,'Biliary tube irrigation',3),(294,0,294,'Braun',9,'Oth cartd body/sinus op',3),(295,0,295,'Promed',44,'Orbitotomy w bone flap',3),(296,0,296,'Braun',23,'Renal injection NEC',3),(297,0,297,'Asepclean',21,'Low forceps operation',3),(298,0,298,'Asepclean',48,'Grp therap psychsex dysf',3),(299,0,299,'Asepclean',41,'Menstrual extraction',3),(300,0,300,'Promed',42,'Activ musculosk exer NEC',3),(301,0,301,'Promed',20,'Incision of mediastinum',3),(302,0,302,'Braun',11,'Opn rep ind ing hern NEC',3),(303,0,303,'Braun',4,'Procedure-two vessels',3),(304,0,304,'Promed',46,'Cardiopulm resuscita NOS',3),(305,0,305,'Braun',6,'Cystoscopy thru stoma',3),(306,0,306,'Braun',33,'Ureth stricture release',3),(307,0,307,'Braun',35,'Hymenotomy',3),(308,0,308,'Asepclean',12,'Parasitology-female gen',2),(309,0,309,'Braun',24,'Remove tracheostomy tube',2),(310,0,310,'Promed',17,'Resistive exercise',3),(311,0,311,'Asepclean',22,'Repl tv atri-vent lead',3),(312,0,312,'Asepclean',43,'Ureteral catheterization',2),(313,0,313,'Braun',23,'Spinal x-ray NEC',3),(314,0,314,'Braun',23,'Insertion of laminaria',3),(315,0,315,'Braun',19,'Hyperbaric oxygenation',3),(316,0,316,'Asepclean',10,'Ossicular chain op NEC',3),(317,0,317,'Asepclean',-3,'Large bowel fixation NEC',3),(318,0,318,'Promed',5,'Lid marg recons ful thic',3),(319,0,319,'Promed',35,'Ultrason fragment-stone',3),(320,0,320,'Asepclean',29,'Substern thyroidect NOS',3),(321,0,321,'Asepclean',43,'Lap total abdominal hyst',3),(322,0,322,'Asepclean',3,'Ins or rep cement spacer',2),(323,0,323,'Asepclean',15,'Suture diaphragm lacerat',2),(324,0,324,'Braun',34,'Suture diaphragm lacerat',2),(325,0,325,'Asepclean',4,'Lap creat esoph sphinct',2),(326,0,326,'Asepclean',6,'Epididymis/vas x-ray NEC',2),(327,0,327,'Braun',-12,'Lid reconst w muc graft',2),(328,0,328,'Braun',0,'Uterine suspension NEC',2),(329,0,329,'Asepclean',33,'Aortocor bypas-1 cor art',2),(330,0,330,'Braun',-9,'Dental x-ray NEC',2),(331,0,331,'Asepclean',44,'Loc exc les tibia/fibula',2),(332,0,332,'Braun',49,'Stapedect w replac incus',2),(333,0,333,'Braun',5,'Imp/repl brain pulse gen',2),(334,0,334,'Asepclean',3,'Debridement of nail',2),(335,0,335,'Asepclean',44,'Apexcardiogram',2),(336,0,336,'Promed',17,'Inner ear fenestration',2),(337,0,337,'Promed',27,'Urethral sphincter emg',2),(338,0,338,'Asepclean',12,'Nasolac duct intubat',2),(339,0,339,'Braun',0,'Endosc destruc bronc les',2),(340,0,340,'Braun',10,'Atlas-axis fusion',2),(341,0,341,'Asepclean',-4,'Occlude arm vessel NEC',3),(342,0,342,'Asepclean',16,'Anorectal myomectomy',3),(343,0,343,'Promed',33,'Non-invasive bone stimul',3),(344,0,344,'Braun',2,'Up limb sft tis xray NEC',3),(345,0,345,'Braun',19,'Bact smear-lower urinary',3),(346,0,346,'Promed',10,'Imp limb length kinetic',3),(347,0,347,'Asepclean',31,'Int insert pacemak lead',3),(348,0,348,'Braun',1,'Sm bowel segment isolat',3),(349,0,349,'Promed',23,'Other nervous system ops',3),(350,0,350,'Braun',26,'Transplant hand musc NEC',3),(351,0,351,'Asepclean',-7,'Deciduous tooth extract',3),(352,0,352,'Braun',27,'Petrus pyram air cel inc',3),(353,0,353,'Promed',12,'Esophageal dilation',2),(354,0,354,'Asepclean',38,'Splenic cyst marsupial',3),(355,0,355,'Braun',18,'Female genital x-ray NEC',3),(356,0,356,'Braun',3,'Pack ext auditory canal',2),(357,0,357,'Braun',12,'Operation on eyeball NEC',3),(358,0,358,'Promed',10,'Blepharoptos repair NEC',3),(359,0,359,'Asepclean',37,'Esophagomyotomy',3),(360,0,360,'Asepclean',14,'Corneal biopsy',3),(361,0,361,'Asepclean',1,'Bone graft to patella',3),(362,0,362,'Asepclean',37,'Peritoneal incision',3),(363,0,363,'Braun',9,'Perc angio extracran ves',3),(364,0,364,'Promed',15,'Tot gast w intes interpo',3),(365,0,365,'Asepclean',40,'External ear incis NEC',3),(366,0,366,'Braun',16,'Closed bx of esophagus',3),(367,0,367,'Promed',38,'Incision of cervix',3),(368,0,368,'Promed',25,'Injection into heart',3),(369,0,369,'Asepclean',30,'Corneal tattooing',3),(370,0,370,'Braun',28,'Influenza vaccination',3),(371,0,371,'Asepclean',29,'Injection into tendon',3),(372,0,372,'Asepclean',34,'Ins cath cranial cav/tis',3),(373,0,373,'Promed',31,'Lid recons entropion rep',3),(374,0,374,'Promed',45,'Electron teleradiotherap',3),(375,0,375,'Braun',39,'Incision of prostate',3),(376,0,376,'Asepclean',45,'Nonexc destr cil bod les',3),(377,0,377,'Asepclean',32,'Grp therap psychsex dysf',3),(378,0,378,'Braun',41,'Percu gastrojejunostomy',3),(379,0,379,'Asepclean',-7,'Corneal biopsy',3),(380,0,380,'Promed',19,'Cystocel/rectocel repair',3),(381,0,381,'Promed',1,'Clos bx saliv gland/duct',3),(382,0,382,'Braun',9,'Esoph pouch exteriorizat',2),(383,0,383,'Asepclean',37,'Revis inner ear fenestra',1),(384,0,384,'Braun',32,'Thymus field exploration',1),(385,0,385,'Promed',7,'Laparoscopic cholecystec',1),(386,0,386,'Braun',38,'Dx ultrasound NEC',2),(387,0,387,'Asepclean',-3,'Cerebral scan',2),(388,0,388,'Promed',1,'Graft repair atrial def',2),(389,0,389,'Promed',20,'Other thyroid operations',1),(390,0,390,'Asepclean',28,'Osteoclasis-tibia/fibula',1),(391,0,391,'Asepclean',43,'Magnet remov ant seg FB',2),(392,0,392,'Braun',39,'Parasitology-op wound',1),(393,0,393,'Braun',13,'Thorac esophagogastrost',2),(394,0,394,'Promed',18,'Entropion/ectrop rep NEC',2),(395,0,395,'Braun',26,'Excision of ankle NEC',2),(396,0,396,'Asepclean',23,'Periprostatic incision',2),(397,0,397,'Asepclean',20,'Assisting exercise',2),(398,0,398,'Braun',6,'Destruc-wrist lesion NEC',2),(399,0,399,'Promed',29,'Ciliary body op NEC',2),(400,0,400,'Braun',4,'Body measurement',3),(401,0,401,'Asepclean',6,'Open rep umbil hern NEC',2),(402,0,402,'Asepclean',31,'Radius/ulna wedg osteoto',1),(403,0,403,'Braun',-2,'Bunionect/sft/arthrodes',1),(404,0,404,'Braun',44,'Bone graft to skull',1),(405,0,405,'Promed',11,'Insert othr spin device',1),(406,0,406,'Braun',33,'Eyelid dx procedure NEC',3),(407,0,407,'Braun',5,'Mus/ten/fas/bur op NEC',2),(408,0,408,'Promed',27,'Micro exam-femal gen NEC',2),(409,0,409,'Promed',7,'Opn rep umb hrn-grft NEC',2),(410,0,410,'Braun',-1,'Intraoper cholangiogram',3),(411,0,411,'Braun',25,'Dx ultrasound-urinary',3),(412,0,412,'Promed',-2,'Saliv glnd dx proc NEC',3),(413,0,413,'Promed',23,'Thoracic duct fistulizat',3),(414,0,414,'Braun',42,'Opn/oth repl tcspd valve',3),(415,0,415,'Braun',20,'Refus lmb/lmbsac pst/pst',2),(416,0,416,'Braun',45,'Graft conjunc cul-de-sac',3),(417,0,417,'Promed',30,'Culture-lymph system',2),(418,0,418,'Braun',11,'Close ureth fistula NEC',3),(419,0,419,'Asepclean',10,'Endosc destr pancrea les',3),(420,0,420,'Braun',6,'Rt heart angiocardiogram',3),(421,0,421,'Promed',12,'Repair of cleft hand',3),(422,0,422,'Promed',2,'Ocular prosthetics',2),(423,0,423,'Promed',33,'Gastric freezing',2),(424,0,424,'Asepclean',44,'Incision of bronchus',2),(425,0,425,'Promed',7,'Periph nerve inject NOS',3),(426,0,426,'Asepclean',18,'Suture penile laceration',3),(427,0,427,'Asepclean',-5,'Penile operation NEC',3),(428,0,428,'Asepclean',34,'Uterine suspension NEC',3),(429,0,429,'Braun',10,'Cl reduc disloc-foot/toe',3),(430,0,430,'Braun',5,'BBBD via infusion',3),(431,0,431,'Asepclean',49,'Ureth/periureth op NEC',3),(432,0,432,'Braun',3,'Suture penile laceration',3),(433,0,433,'Asepclean',36,'Toxicology-upper urinary',3),(434,0,434,'Promed',33,'Revise disc prosth NOS',3),(435,0,435,'Promed',9,'Cell block/pap-eye',3),(436,0,436,'Asepclean',23,'Bicycle ergometer test',3),(437,0,437,'Braun',32,'Resrf hip,part-acetablum',3),(438,0,438,'Braun',18,'Continent ileostomy',3),(439,0,439,'Promed',46,'Eswl kid/ureter/bladder',3),(440,0,440,'Braun',16,'Lung repair NEC',3),(441,0,441,'Promed',11,'Eyelid dx procedure NEC',3),(442,0,442,'Promed',14,'Open mediastinal biopsy',3),(443,0,443,'Promed',37,'Head & neck endarter NEC',3),(444,0,444,'Promed',30,'Radius/ulna inj op NOS',3),(445,0,445,'Braun',27,'Remov imp dev-radius/uln',3),(446,0,446,'Promed',15,'Gastric repair NEC',3),(447,0,447,'Promed',-7,'Unil breast injec-augmen',3),(448,0,448,'Braun',28,'Remov imp dev-metac/carp',3),(449,0,449,'Promed',27,'Coronar arteriogr-2 cath',1),(450,0,450,'Asepclean',41,'Drug addict counselling',1),(451,0,451,'Braun',-5,'Manual rupt ovarian cyst',1),(452,0,452,'Braun',4,'Vaginal douche',1),(453,0,453,'Promed',15,'Refus lmb/lmbsc ant/post',1),(454,0,454,'Asepclean',22,'Mri chest & heart',1),(455,0,455,'Braun',38,'Rad dissec thorac struct',1),(456,0,456,'Asepclean',10,'Percu endosc gastrostomy',1),(457,0,457,'Promed',19,'Replace lower limb cast',1),(458,0,458,'Promed',18,'Spinal fusion NOS',2),(459,0,459,'Promed',47,'Suture kidney laceration',2),(460,0,460,'Asepclean',-6,'Lid reconst w muc graft',2),(461,0,461,'Asepclean',34,'Bact smear-lower urinary',2),(462,0,462,'Promed',4,'Continent ileostomy',2),(463,0,463,'Asepclean',10,'Extraperitoneal c-sect',2),(464,0,464,'Promed',14,'Injct/infus glucarpidase',2),(465,0,465,'Asepclean',22,'Radioactive elem implant',2),(466,0,466,'Asepclean',35,'Thor abltn lung les/tiss',2),(467,0,467,'Braun',-4,'Orthoptic training',2),(468,0,468,'Asepclean',44,'Hand synovectomy',2),(469,0,469,'Asepclean',12,'Nonexcis debridement wnd',2),(470,0,470,'Promed',38,'Open reduct mandible fx',3),(471,0,471,'Braun',36,'Bladder operation NEC',3),(472,0,472,'Asepclean',45,'Close red-humerus epiphy',3),(473,0,473,'Braun',21,'Bunionect/sft/arthrodes',3),(474,0,474,'Braun',43,'Ptos rep-tarsal techniq',2),(475,0,475,'Braun',6,'Div soft tissue hand NEC',2),(476,0,476,'Braun',2,'Operation on lens NEC',2),(477,0,477,'Asepclean',-3,'Skel xray-lower limb NOS',2),(478,0,478,'Asepclean',44,'Eyeball evisceration NEC',3),(479,0,479,'Braun',9,'Inser bone stim-meta/tar',3),(480,0,480,'Asepclean',27,'Vasotomy',1),(481,0,481,'Braun',34,'Open fx site debride NOS',1),(482,0,482,'Braun',14,'Iontophoresis',1),(483,0,483,'Asepclean',7,'Closure liver lacerat',4),(484,0,484,'Promed',5,'Open thyroid gland bx',2),(485,0,485,'Promed',48,'Sphenoidotomy',1),(486,0,486,'Braun',42,'Ureteral meatus dilation',2),(487,0,487,'Promed',-7,'Replace nephrostomy tube',2),(488,0,488,'Braun',4,'Anal/perian dx proc NEC',2),(489,0,489,'Braun',13,'Injection into tendon',3),(490,0,490,'Promed',31,'Bladder reconstruction',3),(491,0,491,'Promed',45,'Unspec op-bone inj NEC',3),(492,0,492,'Braun',27,'Open reduc-dislocat NOS',2),(493,0,493,'Asepclean',16,'Total pinealectomy',2),(494,1,0,'Oat Smut',37,'Oth cartd body/sinus op',1),(495,2,0,'Hydrogen Peroxide',90,'Arbovirus vaccinat NEC',4),(496,3,0,'Denavir',23,'Breast full-thick graft',1),(497,4,0,'Amlodipine besylate and Atorvastatin calcium',75,'Coronary bld flow monit',2),(498,5,0,'Uri-Cleanse Rx',58,'Excision foot joint NEC',1),(499,6,0,'Oxygen',-7,'Aspiration of bursa',4),(500,7,0,'MAXITROL',11,'Oth seg lung resect NOS',2),(501,8,0,'Prednisone',89,'Free skin graft NOS',2),(502,9,0,'Doxepin Hydrochloride',74,'Vertebral fx repair',3),(503,10,0,'Lisinopril and Hydrochlorothiazide',77,'Esophagogastroplasty',2),(504,11,0,'Curvularia inaequalis',38,'Mult seg sm bowel excis',2),(505,12,0,'sunmark',38,'Aortocor bypas-3 cor art',1),(506,13,0,'Orajel Instant Pain Relief for Severe Toothache',0,'Imp/rep subcue card dev',4),(507,14,0,'Medique Decorel Forte Plus',80,'Skull x-ray NEC',4),(508,15,0,'Escitalopram',23,'Goniosynechiae lysis',2),(509,16,0,'DIPROLENE AF',99,'Elecmag hear dev implant',1),(510,17,0,'SENSAI',42,'Aspiration of bursa',3),(511,18,0,'Lamotrigine',56,'Aortocor bypas-2 cor art',3),(512,19,0,'TOURCIA BODY WASH',2,'Rhinoscopy',2),(513,20,0,'Morphine Sulfate',98,'Remove FB lens NOS',2),(514,21,0,'MEDITOWEL',30,'Periph nerve inject NOS',2),(515,22,0,'Lotrel',29,'Repair of rectum NEC',2),(516,23,0,'Phenobarbital',21,'Endosc inser panc stent',1),(517,24,0,'Ibuprofen',98,'Bladder repair NEC',4),(518,25,0,'enMotion Foam Hand Sanitizer w-Moisturizers, Fragrance Free',54,'Periph nerve transposit',4),(519,26,0,'ATOMY MINERAL PACT',48,'Osteoclasis-metacar/car',3),(520,27,0,'Treatment Set TS333743',77,'Exc hnd mus/fas for grft',2),(521,28,0,'Ciprofloxacin Hydrochloride',16,'Cl red-int fix metat/tar',4),(522,29,0,'Nuvigil',96,'Opn bil dir ing hern NEC',1),(523,30,0,'SNAIL THERAPY 80 EMULSION',23,'Hypothermia',1),(524,31,0,'Nitrofurantion Macrocrystals',84,'Other joint dx procedure',1),(525,32,0,'Gabapentin',58,'Remov imp dev-tib/fibula',3),(526,33,0,'Vitamin A D',97,'Nonop remov hrt asst sys',1),(527,34,0,'Betamethasone Dipropionate',71,'Open gastric biopsy',4),(528,35,0,'Mycophenolate mofetil',45,'Opn/oth rep pulm vlv-tis',4),(529,36,0,'No7 Radiant Glow Foundation Sunscreen SPF 15 Buff',8,'Comprehensive consultat',4),(530,37,0,'Hydroquinone',97,'Endosc destr pancrea les',2),(531,38,0,'Foaming Instant Hand Sanitizer with Aloe and Vitamin E',3,'Drain face & mouth floor',1),(532,39,0,'Ultimate Daily Face Wash',67,'Ileostomy NOS',2),(533,40,0,'Neutrogena Wet Skin Kids',33,'Tot nasal reconstruction',3),(534,41,0,'Oxygen',94,'Opn rep umb hrn-grft NEC',1),(535,42,0,'HAND AND NATURE SANITIZER',36,'Prenatal training',2),(536,43,0,'CHERRY',52,'Other chest wall repair',3),(537,44,0,'ropinirole hydrochloride',20,'Other joint mobilization',4),(538,45,0,'Prednisone',3,'Inject antidote',4),(539,46,0,'benzonatate',38,'Chest cage bone div NEC',4),(540,47,0,'Premier Value Adult Glycerin',94,'Injection into tendon',3),(541,48,0,'Diovan HCT',62,'Manual reduc rect prolap',2),(542,49,0,'Sulfamethoxazole and Trimethoprim',40,'Aspiration skin & subq',2),(543,50,0,'SALSOLA KALI POLLEN',68,'Open reduct-int fix toe',4),(544,51,0,'Novolin70/30',80,'Thorax sft tiss xray NEC',2),(545,52,0,'Zolpidem Tartrate',65,'Pancreatotomy NEC',1),(546,53,0,'dg health headache relief',84,'Tot substern thyroidect',4),(547,54,0,'Corn Grass',95,'Pancreatic dx proc NEC',4),(548,55,0,'American Beech',39,'Revise lg bowel anastom',3),(549,56,0,'REBIF',44,'Repl/rep thr unt tot hrt',3),(550,57,0,'SNAPPY APPLE SCENTED HAND SANITIZER',71,'Proctosigmoidosc thru st',4),(551,58,0,'Deer Hair',98,'X-ray NEC and NOS',1),(552,59,0,'Glyburide and Metformin Hydrochloride',6,'Ovarian biopsy NEC',2),(553,60,0,'CHLORPROMAZINE HYDROCHLORIDE',21,'Other excision of lung',2),(554,61,0,'Piroxicam',32,'Ethmoidectomy',1),(555,62,0,'Furosemide',-3,'Endoscopic ileal conduit',2),(556,63,0,'Molds - Mold Mix 4',95,'Remov abdom wall suture',3),(557,64,0,'Tribenzor',0,'Partial hepatectomy',1),(558,65,0,'T.R.U.E. Test',30,'Lap remove ovaries/tubes',1),(559,66,0,'Eastern Cottonwood',87,'Revis ant seg op wnd NEC',1),(560,67,0,'Naratriptan',79,'Open adrenal gland bx',2),(561,68,0,'Smart Sense Antibiotic',63,'Intracran ves resec-anas',2),(562,69,0,'Serdaen',66,'Fit above knee prosthes',1),(563,70,0,'Zolmitriptan',85,'Lacrim sac/passage excis',3),(564,71,0,'Amoxicillin',66,'Thoracoplasty',1),(565,72,0,'Pramipexole Dihydrochloride',46,'Foot reattachment',3),(566,73,0,'CLOMIPRAMINE HYDROCHLORIDE',36,'Tracheal reconstruction',3),(567,74,0,'Kindest Kare Foam',22,'Local sm bowel perfusion',1),(568,75,0,'Nicotine Polacrilex',42,'Exc hnd mus/fas for grft',4),(569,76,0,'Trichophyton mentagrophytes',0,'Bact smear-integument',1),(570,77,0,'Simvastatin',-4,'Excis metacar/car-graft',3),(571,78,0,'risperidone',12,'Lap periton adhesiolysis',2),(572,79,0,'Naproxen',28,'Intracran ves resec-anas',2),(573,80,0,'Naproxen Sodium',7,'Clos branch cleft fistul',1),(574,81,0,'THE YEON LOTUS FLOWER BC CUSHION PACT',85,'Trnsplnt live nonrel don',4),(575,82,0,'Azithromycin',60,'Onychoplasty',1),(576,83,0,'Oxycodone and Acetaminophen',65,'Open reduc-humerus fx',2),(577,84,0,'Citalopram',59,'Bone graft-radius/ulna',3),(578,85,0,'THE FIRST EMULSION',27,'Opn thorc diaph hern NEC',4),(579,86,0,'OXY Clinical',60,'Conjun cul-de-sac rx NEC',2),(580,87,0,'ERY-TAB',23,'Clos bx saliv gland/duct',1),(581,88,0,'Neutrogena Men Age Fighter Face',18,'Vena cav angiocardiogram',2),(582,89,0,'SMITH BROS NON-DROWSY DAY TIME COLD and FLU',85,'Hepatotomy',3),(583,90,0,'acetaminophen pm',9,'Closed gastric biopsy',3),(584,91,0,'Maxipime',63,'Endo imp oth grf abd aor',3),(585,92,0,'Valium',32,'Hemorrhoid cauterizat',4),(586,93,0,'BIRDS GARDEN LIP BALM',54,'Suture of lip laceration',2),(587,94,0,'Ibutilide Fumarate',-4,'Choroid plexectomy',3),(588,95,0,'Acetaminophen',96,'Remov imp dev-chest cage',3),(589,96,0,'ELF Mineral Foundation SPF 15',84,'Dilation of intestine',4),(590,97,0,'bareMinerals READY Touch Up Veil Broad Spectrum SPF 15',90,'Auto hem stem ct w/o pur',1),(591,98,0,'Nevirapine',53,'Insert recombinant BMP',2),(592,99,0,'CD DIORSNOW White Reveal Fresh Transparency Liquid Foundation with Sunscree',41,'Goniotomy w goniopunctur',4),(593,100,0,'Stay Awake',73,'Endovas repl aortc valve',2),(594,101,0,'Esmolol Hydrochloride',70,'Ins noninfl penis prosth',2),(595,102,0,'Methimazole',54,'Manual removal-placenta',2),(596,103,0,'Pamidronate Disodium',51,'Tiss adj to valv ops NEC',1),(597,104,0,'PhysiciansCare Antacid',24,'Imp epiretinal prosth',1),(598,105,0,'LBEL',69,'Intracranial 02 monitor',3),(599,106,0,'Topiramate',73,'Relaxation of scar',1),(600,107,0,'berkley and jensen nicotine polacrilex',86,'Hemorrhoid injection',3),(601,108,0,'Truvada',65,'Pericardiotomy',2),(602,109,0,'Fluphenazine Hydrochloride',60,'Thorac esophagogastrost',1),(603,110,0,'Childrens Plus Cough and Sore Throat',31,'Revise disc prosth NOS',4),(604,111,0,'Brazil Nut',39,'Repl tv atri-vent lead',2),(605,112,0,'Original Extra Strong All Natural Fishermans Friend Menthol Cough Suppressa',36,'Omt to move tissue fluid',2),(606,113,0,'Rocky Mountain Sunscreen',63,'C-vasc scan/isotop funct',2),(607,114,0,'Metoprolol Tartrate',23,'Removal oth vag pessary',3),(608,115,0,'Allergy',38,'Other tenotomy',1),(609,116,0,'XELJANZ',97,'Toxicology-bili/pancreas',2),(610,117,0,'Paroxetine',42,'Remov mediastinal drain',1),(611,118,0,'AGARICUS MUSCARIUS',33,'Cell block/pap-blood',3),(612,119,0,'White Oak',45,'Omental repair NEC',3),(613,120,0,'HAND SANITIZING',40,'Orbitotomy w implant',1),(614,121,0,'Calcium Plus',36,'Micro exam-uppr urin NEC',3),(615,122,0,'Pleo Rec',45,'Pyeloscopy',2),(616,123,0,'JIN GU WANG',64,'Oth thorac op thymus NOS',2),(617,124,0,'Polymyxin B',16,'Allotrnsplnt islets lang',1),(618,125,0,'Regular Strength Aspirin EC',58,'Osteoplasty mandible bdy',4),(619,126,0,'milk of magnesia',33,'Cl reduc disloc-hip',1),(620,127,0,'all day Allergy Relief D',57,'Abd wall hern repair NEC',2),(621,128,0,'Methotrexate Sodium',38,'Exploratory laparotomy',2),(622,129,0,'Venlafaxine',72,'Open periph nerve biopsy',1),(623,130,0,'Bryonia Alba 30c',81,'Facial bone repair NEC',2),(624,131,0,'Atenolol',56,'Destr sm bowel les NEC',3),(625,132,0,'Nighttime Sleep-aid',57,'Evac ob hemat vulva/vag',1),(626,133,0,'Prochlorperazine Edisylate',97,'Open biopsy soft tissue',3),(627,134,0,'Croc Bloc Broad Spectrum SPF 30 FPS Ecran Solaire',58,'Cell blk/pap-female gen',1),(628,135,0,'Methylprednisolone Sodium Succinate',6,'Angiocardiography NOS',4),(629,136,0,'Stool Softener',89,'Osteoclasis-metatar/tar',1),(630,137,0,'Piroxicam',67,'Excision of iris lesion',1),(631,138,0,'Curity Povidone-Iodine One-Step Prep',44,'Syndactyly correction',3),(632,139,0,'Luxury',81,'Contrast dacryocystogram',3),(633,140,0,'neobryxol Neb',10,'Ins totl disc pros lumb',3),(634,141,0,'Mandragora Arnica',78,'Radioactive elem implant',3),(635,142,0,'Australian Gold',49,'Lacrimal gland biopsy',4),(636,143,0,'ULTRA THERAPY PAIN RELIEF',20,'Delay opening colostomy',2),(637,144,0,'ABILIFY',36,'Contr phlebogram-hd/neck',3),(638,145,0,'SHISEIDO THE SKINCARE TINTED MOISTURE PROTECTION',-9,'Culture-blood',3),(639,146,0,'Glyburide',48,'Head/neck var v lig-str',1),(640,147,0,'DOUBLE PERFECTION LUMIERE',66,'Remov ant segmnt les NOS',2),(641,148,0,'CLE DE PEAU BEAUTE RADIANT FLUID FOUNDATION',11,'Incision of palate',4),(642,149,0,'Sulindac',20,'Wrist structure division',4),(643,150,0,'RHODOTORULA RUBRA',82,'Other myectomy',4),(644,151,0,'Octreotide Acetate',71,'Brain temp monitoring',2),(645,152,0,'Buspirone Hydrochloride',54,'Bact smear-ent/larynx',4),(646,153,0,'Island Banana Antibacterial Foaming Hand Wash',37,'Decortication of lung',4),(647,154,0,'Benazepril Hydrochloride',29,'Separat equal join twin',2),(648,155,0,'Progena',35,'Tibia/fibul wedg osteot',3),(649,156,0,'Paroxetine',34,'C & s-ent/larynx',4),(650,157,0,'Pain Relief',20,'Vaginal operation NEC',2),(651,158,0,'Equaline tussin',91,'Salpingotomy',3),(652,159,0,'Dexrazoxane Hydrochloride',60,'Clos thoracic fistul NEC',3),(653,160,0,'SUGAR FREE SWISS CHERRY HERB THROAT DROPS',50,'Closed biopsy trachea',2),(654,161,0,'Gabapentin',60,'Open reduc-knee dislocat',2),(655,162,0,'up and up nicotine',27,'Opn pull-thru res rectum',2),(656,163,0,'Senna-S',58,'Culture-female genital',3),(657,164,0,'Ondansetron',44,'Open reduc-elbow disloc',1),(658,165,0,'Menstrual Relief',11,'Loc excis esoph divertic',3),(659,166,0,'Oxycodone Hydrochloride',83,'Insert oropharyn airway',1),(660,167,0,'Quelicin',82,'Pros rep ventric def-opn',4),(661,168,0,'SUNMARK ALLERGY RELIEF',32,'Sympath nrv dx proc NEC',4),(662,169,0,'NANOMIX NANO CLEAN',62,'Repair rectovag fistula',3),(663,170,0,'Estradiol / Norethindrone Acetate',-9,'Salivary fistula closure',1),(664,171,0,'UltrasolSunscreen',28,'Elevate skull fx fragmnt',4),(665,172,0,'TREATMENT LIPSHINE',11,'Omt with isoton,isometri',2),(666,173,0,'Gabapentin',72,'GI scan & isotope funct',1),(667,174,0,'NABUMETONE',33,'Laparoscopy',3),(668,175,0,'Allergena',23,'Destruct peritoneal tiss',1),(669,176,0,'Benztropine Mesylate',51,'Bil subq mammect-implant',1),(670,177,0,'E.E.S.',84,'Lap abdperneal resc rec',3),(671,178,0,'RYMED',30,'Oth tib/fib repair/plast',3),(672,179,0,'SHOPKO Maximum Strength Medicated',22,'Aortocor bypas-1 cor art',3),(673,180,0,'Loratadine',56,'Inner ear fenestration',3),(674,181,0,'ABILIFY',60,'Sialoadenectomy NOS',4),(675,182,0,'Ibuprofen',79,'Oth cerv fusion ant/ant',4),(676,183,0,'Valacyclovir',19,'Other plastic ops muscle',4),(677,184,0,'Absorbine Jr.',4,'Contrast bronchogram NEC',4),(678,185,0,'Acetazolamide',1,'Periren/uret dx proc NEC',4),(679,186,0,'Clodan',13,'Arthrodesis NOS',2),(680,187,0,'Donepezil Hydrochloride',89,'Shorten 1 extraoc musc',1),(681,188,0,'Sertraline Hydrochloride',23,'Head/neck ves resec-repl',4),(682,189,0,'Halobetasol Propionate',76,'Root canal w apicoectomy',1),(683,190,0,'allergy relief',-7,'Adjust gast restrict dev',1),(684,191,0,'CENTER-AL - FRAXINUS AMERICANA POLLEN',87,'Imp/repl peri stim lead',2),(685,192,0,'Ginger',90,'Lap dir ing hern-graft',4),(686,193,0,'ANTIPYRINUM',74,'Open biopsy of esophagus',4),(687,194,0,'PNEUMOVAX 23',33,'Chorioret les radiother',2),(688,195,0,'daunorubicin hydrochloride',89,'Coronary bld flow monit',4),(689,196,0,'sodium sulfacetamide 10 and sulfur 5',82,'Open red-sep epiphy NOS',4),(690,197,0,'Lisinopril',27,'Skull transilluminat',1),(691,198,0,'Peptic Relief',73,'Open reduction-femur fx',2),(692,199,0,'flormar ADVICE Skin Geometry Purely Moisturizing Day Sunscreen Broad Spectr',24,'Heart repair revision',2),(693,200,0,'SudoGest',26,'Bronchial fistula clos',1),(694,201,0,'Neomycin and Polymyxin B Sulfates and Hydrocortisone',51,'Amputation thru forearm',3),(695,202,0,'PHAZYME',12,'Oth repair han/fin/wris',1),(696,203,0,'Bethanechol Chloride',71,'Ins left atr append dev',3),(697,204,0,'TOURCIA',69,'Seminal vesicle op NEC',1),(698,205,0,'Ketoconazole',96,'Eye enuc w implant NEC',4),(699,206,0,'Levetiracetam',57,'Remov breast tissu expan',1),(700,207,0,'Your Logo Here Poison Ivy First Aid',58,'Disarticulation of ankle',4),(701,208,0,'New Hawaiian Tropic Sensitive Skin Lotion Sunscreen',97,'Intestinal anastom NOS',3),(702,209,0,'Bladder - Kidney',86,'Excision of knee NEC',4),(703,210,0,'Clarithromycin',98,'Open thyroid gland bx',3),(704,211,0,'Suave',31,'Pacemaker rate check',1),(705,212,0,'CIPROFLOXACIN',51,'Remove both testes',3),(706,213,0,'Simply Right Omeprazole',80,'Tendon pulley reconstruc',2),(707,214,0,'Valacyclovir Hydrochloride',51,'Patellar biopsy',3),(708,215,0,'Captopril',38,'Blepharorrhaphy',3),(709,216,0,'Antifungal',4,'Oth exc/dest intvrt disc',2),(710,217,0,'allergy relief',58,'Percut tunica aspiration',2),(711,218,0,'Candesartan cilexetil',19,'Botulism antitoxin admin',1),(712,219,0,'Leader allergy',94,'Retropubic ureth suspens',4),(713,220,0,'Childrens Allergy',-5,'Lung vol reduction surg',1),(714,221,0,'Aspergillus terreus',18,'Incision of cervix',4),(715,222,0,'Tretinoin',37,'Sperm cord adhesiolysis',1),(716,223,0,'PROSOPIS JULIFLORA POLLEN',35,'Bil ing hrn rep-grft NOS',2),(717,224,0,'VIMOVO',47,'Dermabrasion',1),(718,225,0,'Fluconazole',51,'Resistive exercise',2),(719,226,0,'Paricalcitol',52,'Repair of orbital wound',2),(720,227,0,'Maximum Strength',56,'Lap bi indir ing hrn-grf',4),(721,228,0,'BOTANICAL VANILLA PACT',-15,'Heart transplantation',3),(722,229,0,'HEB',64,'Destruct duoden les NEC',1),(723,230,0,'Armour Thyroid',24,'Remove penetrat FB eye',2),(724,231,0,'Diaper Rash',26,'Other arthrotomy NEC',3),(725,232,0,'Ribavirin',16,'C & s-lower resp',2),(726,233,0,'Caldyphen Clear',35,'Diather/cryo turbinectom',3),(727,234,0,'Monistat 3 Combination Pack',11,'Sequestrectomy NOS',4),(728,235,0,'Sodium Sulfacetamide',18,'Intravas msmt periph art',2),(729,236,0,'Propranolol Hydrochloride',31,'Lung repair NEC',3),(730,237,0,'Natural Tan',6,'Cath base invasv ep test',3),(731,238,0,'Chronic Viro Reliever',39,'Humerus sequestrectomy',3),(732,239,0,'RUE 21 Queen Cherry Anti Bacterial Hand Sanitizer',79,'Open thyroid gland bx',3),(733,240,0,'Amantadine Hydrochloride',69,'Impl fallop tube prosth',4),(734,241,0,'Alprazolam',31,'Oth remove remain ovary',1),(735,242,0,'Arthritis',54,'Impedance phlebogram',1),(736,243,0,'Baclofen',81,'Eyeball enucleation NEC',2),(737,244,0,'Bacteriostatic Water',0,'Closed breast biopsy',3),(738,245,0,'Oxacillin',30,'Lumbosac spine x-ray NEC',4),(739,246,0,'Warfarin Sodium',16,'Omt for gen\'l mobilizat',4),(740,247,0,'ADONIS VERNALIS',19,'Manual exam of breast',3),(741,248,0,'Levofloxacin',91,'Contrast dacryocystogram',4),(742,249,0,'Advanced relief',0,'Perc abltn liver les/tis',2),(743,250,0,'Regular Strength Aspirin EC',4,'C-luc exc max sinus les',2),(744,251,0,'Neutrogena SkinClearing',68,'Serum transfusion NEC',4),(745,252,0,'Furosemide',31,'Hand & finger arthroscop',2),(746,253,0,'Benazepril Hydrochloride and Hydrochlorothiazide',9,'Uterine art emb w coils',4),(747,254,0,'Amoxicillin',30,'Lower lid rhytidectomy',4),(748,255,0,'Venlafaxine Hydrochloride',58,'Remov art anal sphincter',3),(749,256,0,'NU-DERM HEALTHY SKIN PROTECTION',64,'Revis cutan ureteros NEC',3),(750,257,0,'LoHist PEB DM',82,'Partial sialoadenectomy',2),(751,258,0,'Alcohol Prep Pad with Benzocaine',77,'Cervical lymphangiogram',1),(752,259,0,'Zolpidem Tartrate',64,'Arthrodesis of knee',2),(753,260,0,'Dry Eyes',22,'Adm neuroprotective agnt',2),(754,261,0,'Divalproex Sodium',88,'Debridement of nail',4),(755,262,0,'Clonazepam',39,'Skull plate insertion',3),(756,263,0,'Doxazosin Mesylate',27,'Ins non-d-e non-cor stnt',4),(757,264,0,'Aesculus-Heel',50,'Incis rectal stricture',1),(758,265,0,'Age Defense BB Cream',47,'Revise hip replacemt NOS',1),(759,266,0,'Amlodipine besylate and Atorvastatin calcium',63,'1 extraoc muscl advance',1),(760,267,0,'Live Better',36,'C & s-eye',2),(761,268,0,'Carbidopa and Levodopa',3,'Milk extraction',4),(762,269,0,'Childrens Mapap',64,'Imp/rep crtd sinus lead',3),(763,270,0,'Ranitidine',66,'Bilat endosc crush tube',3),(764,271,0,'Labetalol HCl',91,'Closed uterine biopsy',3),(765,272,0,'Lancell hair loss prevention hair grower clean formula',78,'Thomas\' splint traction',4),(766,273,0,'Sterile Water',98,'Periurethral biopsy',4),(767,274,0,'CVS HYDROCORTISONE WITH ALOE',80,'Lo limb sft tis xray NEC',1),(768,275,0,'IGF-1 Endurance Plus',86,'Referral vocation rehab',1),(769,276,0,'Lithium Carbonate',65,'Endo emb hd/nk,bare coil',4),(770,277,0,'Equate Nasal',66,'Closed lung biopsy',1),(771,278,0,'Pleo Thym',7,'Cardiotomy',1),(772,279,0,'Nucynta',52,'Intravas img cor ves OCT',4),(773,280,0,'Viagra',25,'Endosc remove panc stone',4),(774,281,0,'Allergena',61,'Vesicostomy',3),(775,282,0,'Taclonex Scalp',83,'Periph nerve dx proc NEC',3),(776,283,0,'Pravastatin Sodium',25,'Piercing of ear lobe',4),(777,284,0,'Carbamazepine',67,'Sm bowel exteriorization',4),(778,285,0,'Tigan',23,'Unil femor hern rep NEC',1),(779,286,0,'E.E.S',66,'Post nasal pac for epist',4),(780,287,0,'Carbon Dioxide',8,'Total splenectomy',3),(781,288,0,'Disney FROZEN ANTIBACTERIAL HAND WIPES',17,'Leg vein resect/anastom',4),(782,289,0,'PHLORIDZIN',38,'Destruc bartholin gland',1),(783,290,0,'Methylprednisolone Sodium Succinate',64,'Thorac drain pleurl cav',4),(784,291,0,'Amitriptyline Hydrochloride',9,'Imp/repl brain stim lead',2),(785,292,0,'Avant EX',82,'Vacuum extract del NEC',3),(786,293,0,'Amlodipine Besylate',69,'Intracapsul lens ext NEC',3),(787,294,0,'Ropivacaine Hydrochloride',27,'Thoracic duct fistulizat',1),(788,295,0,'Oxycodone and Acetaminophen',82,'Extraoc musc inj repair',2),(789,296,0,'Donepezil hydrochloride',9,'Toxicology NEC',2),(790,297,0,'LETTERS Ocean Blue Hand Sanitizer',99,'Anterior mechan vitrect',2),(791,298,0,'Naproxen',5,'Behavior therapy',1),(792,299,0,'Dramamine for Kids',76,'Endosc sphincterotomy',4),(793,300,0,'Stomach Tincture',85,'Bronchial ligation',1),(794,301,0,'Tenzer',39,'Digital rectal exam',3),(795,302,0,'Entacapone',72,'Sperm cord adhesiolysis',1),(796,303,0,'Loblolly Pine',29,'Oth totl shouldr replace',4),(797,304,0,'Glucotrol',13,'Cl red-int fix metat/tar',2),(798,305,0,'Ampicillin',60,'Suture uterine lacerat',4),(799,306,0,'SODIUM SULFACETAMIDE and SULFUR',-1,'Bact smear-lower urinary',2),(800,307,0,'Etodolac',71,'Assisting exercise',4),(801,308,0,'Lusair',54,'Loc exc les tibia/fibula',4),(802,309,0,'Perfectionist Youth-Infusing Makeup Broad Spectrum SPF 25',53,'Bony palate biopsy',3),(803,310,0,'Mag-AL Liquid',63,'Closed intra-abd mass bx',2),(804,311,0,'Gentamicin Sulfate in Sodium Chloride',55,'Lap ast vag hysterectomy',4),(805,312,0,'Pramipexole Dihydrochloride',20,'Culture-lower GI',4),(806,313,0,'Dial Gold Bar',28,'Cardiotomy',2),(807,314,0,'simvastatin',84,'Atmos press/compos contr',4),(808,315,0,'Rite Aid Cold and Hot Medicated',77,'Fasciotomy',4),(809,316,0,'BZK Towelette',80,'Endo imp oth grf abd aor',2),(810,317,0,'simple pleasures',52,'Impl or rev art anal sph',2),(811,318,0,'leader Antacid',45,'Tibia & fibula biopsy',2),(812,319,0,'Cetirizine Hydrochloride',54,'Trabeculotomy ab externo',4),(813,320,0,'LISINOPRIL',84,'Rep anulus fibrosus-grft',3),(814,321,0,'FENOFIBRATE',5,'Particul teleradioth NEC',4),(815,322,0,'Stalevo',45,'Suture esophageal lacer',3),(816,323,0,'topcare childrens ibuprofen',10,'Ext version-assist deliv',3),(817,324,0,'Fluconazole',56,'Negatve-contr cardiogram',4),(818,325,0,'IXEMPRA',21,'Opn rep dir ing hern NEC',3),(819,326,0,'AZACTAM',68,'Gasserian ganglionectomy',2),(820,327,0,'Terazosin Hydrochloride Anhydrous',26,'Intestinal incision NOS',4),(821,328,0,'Rite Aid Nighttime Severe Cold and Cough Relief',48,'Coronary arteriogram NEC',4),(822,329,0,'Sinus Relief Severe Congestion',34,'Other arthrotomy NEC',1),(823,330,0,'Senna laxative',-1,'Heart vessel op NEC',3),(824,331,0,'Neutrogena Healthy Skin Glow Sheers Illuminating Tinted Moisturizer - Mediu',4,'Ureth reconstruction NEC',3),(825,332,0,'ORAL ASSIST',20,'Lg bowel segment isolat',1),(826,333,0,'Amoxicillin',56,'Close ureter fistula NEC',2),(827,334,0,'Ceramide Lift And Firm Makeup Broad Spectrum Sunscreen SPF 15 Beige',62,'Oth bone repa/plast NEC',1),(828,335,0,'Calendula 10',14,'Remov thor ther dev NEC',1),(829,336,0,'Vanilla Hand Sanitizer',30,'Other pyloroplasty',4),(830,337,0,'Carvedilol',61,'Endosc destruc bronc les',3),(831,338,0,'Hydraday',-6,'Insert aqueous drain dev',4),(832,339,0,'Desloratadine',80,'Closed testicular biopsy',3),(833,340,0,'Candida albicans',-6,'Radical groin dissection',2),(834,341,0,'Levetiracetam',33,'Ligation of vas deferens',3),(835,342,0,'Fremont Cottonwood Pollen',26,'App ext fix dev-monoplan',2),(836,343,0,'Creamsicle Hand Sanitizer',51,'Oth perc proc bil trct',3),(837,344,0,'Desert Essence Dont Be Rash Diaper Cream',37,'Seg osteoplasty maxilla',4),(838,345,0,'ESIKA',7,'Arm vessel resect/anast',2),(839,346,0,'Pier 1 Imports Passion Fruit Anti-Bacterial Hand Sanitizer',92,'Nephroscopy',4),(840,347,0,'VITALUMIERE',4,'Mid/in ear dx proc NEC',1),(841,348,0,'Western Ragweed',-8,'Opn fx red w int fix NEC',3),(842,349,0,'Tinactin',94,'Bone thermography',2),(843,350,0,'Alodox',31,'Full-mouth x-ray',4),(844,351,0,'Gap Favorite Lip Balm',30,'Excis external ear NEC',1),(845,352,0,'DISCOUNT DRUG MART',17,'Incision of lid margin',4),(846,353,0,'Ciprofloxacin',96,'Endosc retro pancreatog',3),(847,354,0,'Everyday Clean Dandruff',33,'Knee arthroscopy',3),(848,355,0,'ARTEMISIA VULGARIS POLLEN',26,'Metatars/tars inj op NOS',3),(849,356,0,'Daily Moisturizing Antioxidant SPF 50',54,'Seminal vesicle excision',4),(850,357,0,'Menopause HP',83,'Lg bowel dx proced NEC',4),(851,358,0,'ASPIRIN',34,'Intranas les destruction',2),(852,359,0,'Nifedipine',18,'Gum or alveolar incision',1),(853,360,0,'HAND SANITIZER',2,'Remov other urin device',2),(854,361,0,'Radish',46,'Endometrial ablation',4),(855,362,0,'Amoxicillin and Clavulanate Potassium',33,'Tot rep truncus arterios',3),(856,363,0,'CRESTOR',30,'Opn transv colon res NEC',4),(857,364,0,'Triazolam',41,'Lap lys periren/uret adh',4),(858,365,0,'Diazepam',77,'Urinary manometry',4),(859,366,0,'MALARONE',8,'Abdominal tomography NEC',3),(860,367,0,'ZYLOPRIM',13,'Insert vasc access dev',3),(861,368,0,'YVES ROCHER hydra vegetal HYDRATING DAY SPF 25 SUNSCREEN',25,'Laryngeal nerv division',4),(862,369,0,'Synthroid',52,'Particul teleradioth NEC',3),(863,370,0,'APRISO',97,'Closed lung biopsy',1),(864,371,0,'Thiothixene',41,'Clos uterine ligament bx',1),(865,372,0,'Desoximetasone',56,'Bladder sphincterotomy',2),(866,373,0,'Cultivated Wheat',6,'Excis les lacrimal gland',1),(867,374,0,'Benztropine Mesylate',39,'Excision of mouth NEC',4),(868,375,0,'anefrin nasal',51,'Periph nerve div NEC',1),(869,376,0,'Venlafaxine Hydrochloride',83,'Urethrostomy closure',4),(870,377,0,'Miconazole 3',10,'Removal FB from leg',2),(871,378,0,'Boolicious Antibacterial Hand',19,'Part facial ostectom NEC',2),(872,379,0,'TAPAZOLE',44,'Ligation dermal appendag',2),(873,380,0,'SHISEIDO THE MAKEUP PERFECT SMOOTHING COMPACT FOUNDATION (Refill)',94,'Skull plate removal',2),(874,381,0,'Haloperidol',74,'Pancreatic tube irrigat',3),(875,382,0,'Hydroxyzine Hydrochloride',28,'Oth bone repair/plast op',1),(876,383,0,'Y-Age Carnosine',72,'Skel xray-ankle & foot',3),(877,384,0,'good sense antacid',52,'Detach ret photocoag NOS',2),(878,385,0,'Milk of Magnesia Mint',70,'Pectus deformity repair',3),(879,386,0,'WHEAT',55,'Correct ureteropelv junc',4),(880,387,0,'Luxiq',65,'Esophageal operation NEC',1),(881,388,0,'Smart Sense Allergy and Congestion Relief-D',92,'Hip structure division',4),(882,389,0,'AILANTHUS GLANDULOSUS',3,'Excis metacar/car-graft',4),(883,390,0,'Hemorrhoidal Cooling Gel',54,'Corneal transplant NEC',2),(884,391,0,'Lymph I',92,'Arth/pros rem wo rep-hip',3),(885,392,0,'Muscle Rescue',1,'Inc soft tissue hand NEC',4),(886,393,0,'BANDAGE',27,'Other gu system exams',2),(887,394,0,'SWEETGUM POLLEN',70,'Rehabilitation NEC',4),(888,395,0,'Imipramine Pamoate',49,'Rev knee replacemt-total',3),(889,396,0,'IQueen CCC Dark',98,'Thalamus operations',2),(890,397,0,'Organoplex Special Order',36,'Radius/ulna inj op NOS',2),(891,398,0,'Atenolol',85,'Total repair of tapvc',2),(892,399,0,'Acyclovir',36,'Chemonucleolysis iv disc',1),(893,400,0,'Zicam',67,'Periph nerve inject NEC',3);
/*!40000 ALTER TABLE `suministro` ENABLE KEYS */;
UNLOCK TABLES;

--
-- Table structure for table `suministro_egreso`
--

DROP TABLE IF EXISTS `suministro_egreso`;
/*!40101 SET @saved_cs_client     = @@character_set_client */;
/*!50503 SET character_set_client = utf8mb4 */;
CREATE TABLE `suministro_egreso` (
  `id` int(10) unsigned NOT NULL AUTO_INCREMENT,
  `SUMINISTRO_id` int(10) unsigned NOT NULL,
  `EMPLEADOCENTRO_id` int(10) NOT NULL,
  `cantidad` int(11) NOT NULL,
  `pedido` datetime NOT NULL,
  `entregado` datetime NOT NULL,
  PRIMARY KEY (`id`,`SUMINISTRO_id`),
  KEY `fk_INVEGRESO_SUMINISTRO1_idx` (`SUMINISTRO_id`),
  KEY `fk_INGRESO_EMPLEADO1_idx` (`EMPLEADOCENTRO_id`),
  CONSTRAINT `FK_suministro_egreso_EmpleadoCentro` FOREIGN KEY (`EMPLEADOCENTRO_id`) REFERENCES `centrosanitario_has_empleado` (`idEmpleadoCentro`),
  CONSTRAINT `FK_suministro_egreso_suministro_id` FOREIGN KEY (`SUMINISTRO_id`) REFERENCES `suministro` (`id`)
) ENGINE=InnoDB AUTO_INCREMENT=502 DEFAULT CHARSET=utf8;
/*!40101 SET character_set_client = @saved_cs_client */;

--
-- Dumping data for table `suministro_egreso`
--

LOCK TABLES `suministro_egreso` WRITE;
/*!40000 ALTER TABLE `suministro_egreso` DISABLE KEYS */;
INSERT INTO `suministro_egreso` VALUES (1,147,232,4,'0000-00-00 00:00:00','0000-00-00 00:00:00'),(2,605,300,1,'0000-00-00 00:00:00','0000-00-00 00:00:00'),(3,146,407,8,'0000-00-00 00:00:00','0000-00-00 00:00:00'),(4,853,313,2,'0000-00-00 00:00:00','0000-00-00 00:00:00'),(5,779,303,10,'0000-00-00 00:00:00','0000-00-00 00:00:00'),(6,436,120,5,'0000-00-00 00:00:00','0000-00-00 00:00:00'),(7,610,404,10,'0000-00-00 00:00:00','0000-00-00 00:00:00'),(8,63,600,1,'0000-00-00 00:00:00','0000-00-00 00:00:00'),(9,177,478,10,'0000-00-00 00:00:00','0000-00-00 00:00:00'),(10,456,544,2,'0000-00-00 00:00:00','0000-00-00 00:00:00'),(11,57,395,1,'0000-00-00 00:00:00','0000-00-00 00:00:00'),(12,443,330,1,'0000-00-00 00:00:00','0000-00-00 00:00:00'),(13,849,189,2,'0000-00-00 00:00:00','0000-00-00 00:00:00'),(14,850,216,1,'0000-00-00 00:00:00','0000-00-00 00:00:00'),(15,410,632,8,'0000-00-00 00:00:00','0000-00-00 00:00:00'),(16,470,579,3,'0000-00-00 00:00:00','0000-00-00 00:00:00'),(17,762,130,3,'0000-00-00 00:00:00','0000-00-00 00:00:00'),(18,850,86,5,'0000-00-00 00:00:00','0000-00-00 00:00:00'),(19,438,31,3,'0000-00-00 00:00:00','0000-00-00 00:00:00'),(20,773,192,9,'0000-00-00 00:00:00','0000-00-00 00:00:00'),(21,261,442,10,'0000-00-00 00:00:00','0000-00-00 00:00:00'),(22,348,534,6,'0000-00-00 00:00:00','0000-00-00 00:00:00'),(23,122,253,3,'0000-00-00 00:00:00','0000-00-00 00:00:00'),(24,796,568,3,'0000-00-00 00:00:00','0000-00-00 00:00:00'),(25,753,67,10,'0000-00-00 00:00:00','0000-00-00 00:00:00'),(26,713,244,6,'0000-00-00 00:00:00','0000-00-00 00:00:00'),(27,310,420,10,'0000-00-00 00:00:00','0000-00-00 00:00:00'),(28,284,118,5,'0000-00-00 00:00:00','0000-00-00 00:00:00'),(29,596,478,8,'0000-00-00 00:00:00','0000-00-00 00:00:00'),(30,379,614,7,'0000-00-00 00:00:00','0000-00-00 00:00:00'),(31,615,97,10,'0000-00-00 00:00:00','0000-00-00 00:00:00'),(32,293,396,6,'0000-00-00 00:00:00','0000-00-00 00:00:00'),(33,480,485,1,'0000-00-00 00:00:00','0000-00-00 00:00:00'),(34,317,616,4,'0000-00-00 00:00:00','0000-00-00 00:00:00'),(35,38,624,7,'0000-00-00 00:00:00','0000-00-00 00:00:00'),(36,21,596,6,'0000-00-00 00:00:00','0000-00-00 00:00:00'),(37,447,449,7,'0000-00-00 00:00:00','0000-00-00 00:00:00'),(38,565,626,2,'0000-00-00 00:00:00','0000-00-00 00:00:00'),(39,869,198,8,'0000-00-00 00:00:00','0000-00-00 00:00:00'),(40,488,38,5,'0000-00-00 00:00:00','0000-00-00 00:00:00'),(41,708,621,6,'0000-00-00 00:00:00','0000-00-00 00:00:00'),(42,572,35,6,'0000-00-00 00:00:00','0000-00-00 00:00:00'),(43,276,320,1,'0000-00-00 00:00:00','0000-00-00 00:00:00'),(44,378,583,5,'0000-00-00 00:00:00','0000-00-00 00:00:00'),(45,671,299,4,'0000-00-00 00:00:00','0000-00-00 00:00:00'),(46,586,148,4,'0000-00-00 00:00:00','0000-00-00 00:00:00'),(47,498,243,10,'0000-00-00 00:00:00','0000-00-00 00:00:00'),(48,42,7,7,'0000-00-00 00:00:00','0000-00-00 00:00:00'),(49,800,487,3,'0000-00-00 00:00:00','0000-00-00 00:00:00'),(50,329,364,9,'0000-00-00 00:00:00','0000-00-00 00:00:00'),(51,352,645,2,'0000-00-00 00:00:00','0000-00-00 00:00:00'),(52,675,245,3,'0000-00-00 00:00:00','0000-00-00 00:00:00'),(53,156,21,8,'0000-00-00 00:00:00','0000-00-00 00:00:00'),(54,604,89,3,'0000-00-00 00:00:00','0000-00-00 00:00:00'),(55,146,378,9,'0000-00-00 00:00:00','0000-00-00 00:00:00'),(56,639,328,4,'0000-00-00 00:00:00','0000-00-00 00:00:00'),(57,570,216,9,'0000-00-00 00:00:00','0000-00-00 00:00:00'),(58,630,446,3,'0000-00-00 00:00:00','0000-00-00 00:00:00'),(59,302,31,2,'0000-00-00 00:00:00','0000-00-00 00:00:00'),(60,685,195,5,'0000-00-00 00:00:00','0000-00-00 00:00:00'),(61,427,13,8,'0000-00-00 00:00:00','0000-00-00 00:00:00'),(62,336,548,9,'0000-00-00 00:00:00','0000-00-00 00:00:00'),(63,603,385,8,'0000-00-00 00:00:00','0000-00-00 00:00:00'),(64,269,437,7,'0000-00-00 00:00:00','0000-00-00 00:00:00'),(65,277,647,5,'0000-00-00 00:00:00','0000-00-00 00:00:00'),(66,679,599,3,'0000-00-00 00:00:00','0000-00-00 00:00:00'),(67,602,623,8,'0000-00-00 00:00:00','0000-00-00 00:00:00'),(68,224,259,5,'0000-00-00 00:00:00','0000-00-00 00:00:00'),(69,515,142,10,'0000-00-00 00:00:00','0000-00-00 00:00:00'),(70,340,288,3,'0000-00-00 00:00:00','0000-00-00 00:00:00'),(71,98,158,9,'0000-00-00 00:00:00','0000-00-00 00:00:00'),(72,529,373,1,'0000-00-00 00:00:00','0000-00-00 00:00:00'),(73,432,627,6,'0000-00-00 00:00:00','0000-00-00 00:00:00'),(74,456,56,5,'0000-00-00 00:00:00','0000-00-00 00:00:00'),(75,395,193,8,'0000-00-00 00:00:00','0000-00-00 00:00:00'),(76,221,73,1,'0000-00-00 00:00:00','0000-00-00 00:00:00'),(77,479,541,10,'0000-00-00 00:00:00','0000-00-00 00:00:00'),(78,761,512,8,'0000-00-00 00:00:00','0000-00-00 00:00:00'),(79,226,37,7,'0000-00-00 00:00:00','0000-00-00 00:00:00'),(80,772,457,1,'0000-00-00 00:00:00','0000-00-00 00:00:00'),(81,555,552,9,'0000-00-00 00:00:00','0000-00-00 00:00:00'),(82,827,18,9,'0000-00-00 00:00:00','0000-00-00 00:00:00'),(83,492,34,6,'0000-00-00 00:00:00','0000-00-00 00:00:00'),(84,341,349,5,'0000-00-00 00:00:00','0000-00-00 00:00:00'),(85,125,540,1,'0000-00-00 00:00:00','0000-00-00 00:00:00'),(86,862,615,1,'0000-00-00 00:00:00','0000-00-00 00:00:00'),(87,215,57,3,'0000-00-00 00:00:00','0000-00-00 00:00:00'),(88,743,406,4,'0000-00-00 00:00:00','0000-00-00 00:00:00'),(89,351,518,9,'0000-00-00 00:00:00','0000-00-00 00:00:00'),(90,18,598,2,'0000-00-00 00:00:00','0000-00-00 00:00:00'),(91,600,368,3,'0000-00-00 00:00:00','0000-00-00 00:00:00'),(92,467,328,5,'0000-00-00 00:00:00','0000-00-00 00:00:00'),(93,324,566,7,'0000-00-00 00:00:00','0000-00-00 00:00:00'),(94,33,521,6,'0000-00-00 00:00:00','0000-00-00 00:00:00'),(95,663,380,1,'0000-00-00 00:00:00','0000-00-00 00:00:00'),(96,467,97,2,'0000-00-00 00:00:00','0000-00-00 00:00:00'),(97,326,85,2,'0000-00-00 00:00:00','0000-00-00 00:00:00'),(98,584,67,8,'0000-00-00 00:00:00','0000-00-00 00:00:00'),(99,319,225,7,'0000-00-00 00:00:00','0000-00-00 00:00:00'),(100,669,383,10,'0000-00-00 00:00:00','0000-00-00 00:00:00'),(101,110,386,1,'0000-00-00 00:00:00','0000-00-00 00:00:00'),(102,854,375,10,'0000-00-00 00:00:00','0000-00-00 00:00:00'),(103,739,52,6,'0000-00-00 00:00:00','0000-00-00 00:00:00'),(104,754,502,3,'0000-00-00 00:00:00','0000-00-00 00:00:00'),(105,839,481,2,'0000-00-00 00:00:00','0000-00-00 00:00:00'),(106,710,56,3,'0000-00-00 00:00:00','0000-00-00 00:00:00'),(107,613,40,7,'0000-00-00 00:00:00','0000-00-00 00:00:00'),(108,9,566,2,'0000-00-00 00:00:00','0000-00-00 00:00:00'),(109,452,368,10,'0000-00-00 00:00:00','0000-00-00 00:00:00'),(110,490,215,1,'0000-00-00 00:00:00','0000-00-00 00:00:00'),(111,827,129,3,'0000-00-00 00:00:00','0000-00-00 00:00:00'),(112,828,289,5,'0000-00-00 00:00:00','0000-00-00 00:00:00'),(113,195,551,8,'0000-00-00 00:00:00','0000-00-00 00:00:00'),(114,399,436,5,'0000-00-00 00:00:00','0000-00-00 00:00:00'),(115,412,156,3,'0000-00-00 00:00:00','0000-00-00 00:00:00'),(116,621,624,7,'0000-00-00 00:00:00','0000-00-00 00:00:00'),(117,566,267,8,'0000-00-00 00:00:00','0000-00-00 00:00:00'),(118,302,559,9,'0000-00-00 00:00:00','0000-00-00 00:00:00'),(119,312,619,5,'0000-00-00 00:00:00','0000-00-00 00:00:00'),(120,723,368,5,'0000-00-00 00:00:00','0000-00-00 00:00:00'),(121,5,644,8,'0000-00-00 00:00:00','0000-00-00 00:00:00'),(122,357,110,3,'0000-00-00 00:00:00','0000-00-00 00:00:00'),(123,662,23,1,'0000-00-00 00:00:00','0000-00-00 00:00:00'),(124,330,212,8,'0000-00-00 00:00:00','0000-00-00 00:00:00'),(125,659,218,7,'0000-00-00 00:00:00','0000-00-00 00:00:00'),(126,231,453,4,'0000-00-00 00:00:00','0000-00-00 00:00:00'),(127,589,103,3,'0000-00-00 00:00:00','0000-00-00 00:00:00'),(128,773,130,4,'0000-00-00 00:00:00','0000-00-00 00:00:00'),(129,530,267,1,'0000-00-00 00:00:00','0000-00-00 00:00:00'),(130,66,454,3,'0000-00-00 00:00:00','0000-00-00 00:00:00'),(131,797,271,7,'0000-00-00 00:00:00','0000-00-00 00:00:00'),(132,423,425,10,'0000-00-00 00:00:00','0000-00-00 00:00:00'),(133,330,530,2,'0000-00-00 00:00:00','0000-00-00 00:00:00'),(134,258,244,6,'0000-00-00 00:00:00','0000-00-00 00:00:00'),(135,284,485,3,'0000-00-00 00:00:00','0000-00-00 00:00:00'),(136,125,630,3,'0000-00-00 00:00:00','0000-00-00 00:00:00'),(137,885,39,10,'0000-00-00 00:00:00','0000-00-00 00:00:00'),(138,344,29,2,'0000-00-00 00:00:00','0000-00-00 00:00:00'),(139,633,388,2,'0000-00-00 00:00:00','0000-00-00 00:00:00'),(140,841,631,1,'0000-00-00 00:00:00','0000-00-00 00:00:00'),(141,782,444,3,'0000-00-00 00:00:00','0000-00-00 00:00:00'),(142,210,25,2,'0000-00-00 00:00:00','0000-00-00 00:00:00'),(143,83,553,2,'0000-00-00 00:00:00','0000-00-00 00:00:00'),(144,456,316,10,'0000-00-00 00:00:00','0000-00-00 00:00:00'),(145,622,329,7,'0000-00-00 00:00:00','0000-00-00 00:00:00'),(146,631,550,8,'0000-00-00 00:00:00','0000-00-00 00:00:00'),(147,549,245,8,'0000-00-00 00:00:00','0000-00-00 00:00:00'),(148,88,311,9,'0000-00-00 00:00:00','0000-00-00 00:00:00'),(149,677,536,9,'0000-00-00 00:00:00','0000-00-00 00:00:00'),(150,865,361,1,'0000-00-00 00:00:00','0000-00-00 00:00:00'),(151,351,98,4,'0000-00-00 00:00:00','0000-00-00 00:00:00'),(152,500,218,10,'0000-00-00 00:00:00','0000-00-00 00:00:00'),(153,538,151,4,'0000-00-00 00:00:00','0000-00-00 00:00:00'),(154,419,629,8,'0000-00-00 00:00:00','0000-00-00 00:00:00'),(155,582,149,4,'0000-00-00 00:00:00','0000-00-00 00:00:00'),(156,663,197,4,'0000-00-00 00:00:00','0000-00-00 00:00:00'),(157,64,388,7,'0000-00-00 00:00:00','0000-00-00 00:00:00'),(158,353,193,5,'0000-00-00 00:00:00','0000-00-00 00:00:00'),(159,107,459,1,'0000-00-00 00:00:00','0000-00-00 00:00:00'),(160,720,637,8,'0000-00-00 00:00:00','0000-00-00 00:00:00'),(161,109,625,2,'0000-00-00 00:00:00','0000-00-00 00:00:00'),(162,683,268,1,'0000-00-00 00:00:00','0000-00-00 00:00:00'),(163,759,78,9,'0000-00-00 00:00:00','0000-00-00 00:00:00'),(164,832,182,7,'0000-00-00 00:00:00','0000-00-00 00:00:00'),(165,57,33,8,'0000-00-00 00:00:00','0000-00-00 00:00:00'),(166,581,473,2,'0000-00-00 00:00:00','0000-00-00 00:00:00'),(167,186,103,9,'0000-00-00 00:00:00','0000-00-00 00:00:00'),(168,105,509,1,'0000-00-00 00:00:00','0000-00-00 00:00:00'),(169,217,252,6,'0000-00-00 00:00:00','0000-00-00 00:00:00'),(170,87,305,3,'0000-00-00 00:00:00','0000-00-00 00:00:00'),(171,811,470,8,'0000-00-00 00:00:00','0000-00-00 00:00:00'),(172,862,350,7,'0000-00-00 00:00:00','0000-00-00 00:00:00'),(173,724,110,6,'0000-00-00 00:00:00','0000-00-00 00:00:00'),(174,719,225,6,'0000-00-00 00:00:00','0000-00-00 00:00:00'),(175,313,329,2,'0000-00-00 00:00:00','0000-00-00 00:00:00'),(176,672,619,2,'0000-00-00 00:00:00','0000-00-00 00:00:00'),(177,219,70,1,'0000-00-00 00:00:00','0000-00-00 00:00:00'),(178,260,613,10,'0000-00-00 00:00:00','0000-00-00 00:00:00'),(179,697,561,2,'0000-00-00 00:00:00','0000-00-00 00:00:00'),(180,693,496,9,'0000-00-00 00:00:00','0000-00-00 00:00:00'),(181,438,366,4,'0000-00-00 00:00:00','0000-00-00 00:00:00'),(182,230,496,10,'0000-00-00 00:00:00','0000-00-00 00:00:00'),(183,78,101,4,'0000-00-00 00:00:00','0000-00-00 00:00:00'),(184,805,540,4,'0000-00-00 00:00:00','0000-00-00 00:00:00'),(185,63,635,7,'0000-00-00 00:00:00','0000-00-00 00:00:00'),(186,233,453,8,'0000-00-00 00:00:00','0000-00-00 00:00:00'),(187,368,121,9,'0000-00-00 00:00:00','0000-00-00 00:00:00'),(188,359,255,1,'0000-00-00 00:00:00','0000-00-00 00:00:00'),(189,238,494,8,'0000-00-00 00:00:00','0000-00-00 00:00:00'),(190,868,60,9,'0000-00-00 00:00:00','0000-00-00 00:00:00'),(191,708,281,5,'0000-00-00 00:00:00','0000-00-00 00:00:00'),(192,692,64,2,'0000-00-00 00:00:00','0000-00-00 00:00:00'),(193,19,450,2,'0000-00-00 00:00:00','0000-00-00 00:00:00'),(194,607,292,10,'0000-00-00 00:00:00','0000-00-00 00:00:00'),(195,456,289,8,'0000-00-00 00:00:00','0000-00-00 00:00:00'),(196,461,50,9,'0000-00-00 00:00:00','0000-00-00 00:00:00'),(197,118,128,7,'0000-00-00 00:00:00','0000-00-00 00:00:00'),(198,58,632,6,'0000-00-00 00:00:00','0000-00-00 00:00:00'),(199,67,287,6,'0000-00-00 00:00:00','0000-00-00 00:00:00'),(200,39,592,6,'0000-00-00 00:00:00','0000-00-00 00:00:00'),(201,537,594,4,'0000-00-00 00:00:00','0000-00-00 00:00:00'),(202,329,55,3,'0000-00-00 00:00:00','0000-00-00 00:00:00'),(203,333,615,2,'0000-00-00 00:00:00','0000-00-00 00:00:00'),(204,361,622,6,'0000-00-00 00:00:00','0000-00-00 00:00:00'),(205,841,469,10,'0000-00-00 00:00:00','0000-00-00 00:00:00'),(206,694,258,1,'0000-00-00 00:00:00','0000-00-00 00:00:00'),(207,744,103,2,'0000-00-00 00:00:00','0000-00-00 00:00:00'),(208,346,146,3,'0000-00-00 00:00:00','0000-00-00 00:00:00'),(209,824,391,9,'0000-00-00 00:00:00','0000-00-00 00:00:00'),(210,90,42,4,'0000-00-00 00:00:00','0000-00-00 00:00:00'),(211,506,83,2,'0000-00-00 00:00:00','0000-00-00 00:00:00'),(212,487,227,10,'0000-00-00 00:00:00','0000-00-00 00:00:00'),(213,265,300,9,'0000-00-00 00:00:00','0000-00-00 00:00:00'),(214,2,289,7,'0000-00-00 00:00:00','0000-00-00 00:00:00'),(215,190,76,2,'0000-00-00 00:00:00','0000-00-00 00:00:00'),(216,732,316,3,'0000-00-00 00:00:00','0000-00-00 00:00:00'),(217,413,204,9,'0000-00-00 00:00:00','0000-00-00 00:00:00'),(218,877,426,8,'0000-00-00 00:00:00','0000-00-00 00:00:00'),(219,553,434,1,'0000-00-00 00:00:00','0000-00-00 00:00:00'),(220,799,177,3,'0000-00-00 00:00:00','0000-00-00 00:00:00'),(221,794,460,8,'0000-00-00 00:00:00','0000-00-00 00:00:00'),(222,578,199,3,'0000-00-00 00:00:00','0000-00-00 00:00:00'),(223,658,214,6,'0000-00-00 00:00:00','0000-00-00 00:00:00'),(224,28,562,6,'0000-00-00 00:00:00','0000-00-00 00:00:00'),(225,256,544,7,'0000-00-00 00:00:00','0000-00-00 00:00:00'),(226,118,219,6,'0000-00-00 00:00:00','0000-00-00 00:00:00'),(227,298,96,1,'0000-00-00 00:00:00','0000-00-00 00:00:00'),(228,652,405,10,'0000-00-00 00:00:00','0000-00-00 00:00:00'),(229,521,7,4,'0000-00-00 00:00:00','0000-00-00 00:00:00'),(230,458,326,5,'0000-00-00 00:00:00','0000-00-00 00:00:00'),(231,290,120,9,'0000-00-00 00:00:00','0000-00-00 00:00:00'),(232,337,338,2,'0000-00-00 00:00:00','0000-00-00 00:00:00'),(233,155,312,8,'0000-00-00 00:00:00','0000-00-00 00:00:00'),(234,469,461,9,'0000-00-00 00:00:00','0000-00-00 00:00:00'),(235,696,216,1,'0000-00-00 00:00:00','0000-00-00 00:00:00'),(236,462,4,7,'0000-00-00 00:00:00','0000-00-00 00:00:00'),(237,428,12,10,'0000-00-00 00:00:00','0000-00-00 00:00:00'),(238,343,433,3,'0000-00-00 00:00:00','0000-00-00 00:00:00'),(239,191,93,6,'0000-00-00 00:00:00','0000-00-00 00:00:00'),(240,239,397,8,'0000-00-00 00:00:00','0000-00-00 00:00:00'),(241,327,85,9,'0000-00-00 00:00:00','0000-00-00 00:00:00'),(242,1,583,4,'0000-00-00 00:00:00','0000-00-00 00:00:00'),(243,433,20,4,'0000-00-00 00:00:00','0000-00-00 00:00:00'),(244,765,164,8,'0000-00-00 00:00:00','0000-00-00 00:00:00'),(245,43,563,6,'0000-00-00 00:00:00','0000-00-00 00:00:00'),(246,88,211,4,'0000-00-00 00:00:00','0000-00-00 00:00:00'),(247,388,470,3,'0000-00-00 00:00:00','0000-00-00 00:00:00'),(248,21,486,9,'0000-00-00 00:00:00','0000-00-00 00:00:00'),(249,815,68,7,'0000-00-00 00:00:00','0000-00-00 00:00:00'),(250,354,55,1,'0000-00-00 00:00:00','0000-00-00 00:00:00'),(251,477,616,8,'0000-00-00 00:00:00','0000-00-00 00:00:00'),(252,349,594,6,'0000-00-00 00:00:00','0000-00-00 00:00:00'),(253,253,109,5,'0000-00-00 00:00:00','0000-00-00 00:00:00'),(254,207,517,4,'0000-00-00 00:00:00','0000-00-00 00:00:00'),(255,143,201,10,'0000-00-00 00:00:00','0000-00-00 00:00:00'),(256,869,65,4,'0000-00-00 00:00:00','0000-00-00 00:00:00'),(257,252,462,6,'0000-00-00 00:00:00','0000-00-00 00:00:00'),(258,537,204,5,'0000-00-00 00:00:00','0000-00-00 00:00:00'),(259,644,428,10,'0000-00-00 00:00:00','0000-00-00 00:00:00'),(260,721,429,7,'0000-00-00 00:00:00','0000-00-00 00:00:00'),(261,23,137,2,'0000-00-00 00:00:00','0000-00-00 00:00:00'),(262,520,253,4,'0000-00-00 00:00:00','0000-00-00 00:00:00'),(263,203,294,10,'0000-00-00 00:00:00','0000-00-00 00:00:00'),(264,94,56,2,'0000-00-00 00:00:00','0000-00-00 00:00:00'),(265,690,203,5,'0000-00-00 00:00:00','0000-00-00 00:00:00'),(266,62,428,2,'0000-00-00 00:00:00','0000-00-00 00:00:00'),(267,700,343,9,'0000-00-00 00:00:00','0000-00-00 00:00:00'),(268,820,57,7,'0000-00-00 00:00:00','0000-00-00 00:00:00'),(269,210,598,10,'0000-00-00 00:00:00','0000-00-00 00:00:00'),(270,101,169,3,'0000-00-00 00:00:00','0000-00-00 00:00:00'),(271,127,204,1,'0000-00-00 00:00:00','0000-00-00 00:00:00'),(272,887,605,5,'0000-00-00 00:00:00','0000-00-00 00:00:00'),(273,460,117,10,'0000-00-00 00:00:00','0000-00-00 00:00:00'),(274,73,538,8,'0000-00-00 00:00:00','0000-00-00 00:00:00'),(275,204,34,4,'0000-00-00 00:00:00','0000-00-00 00:00:00'),(276,51,582,5,'0000-00-00 00:00:00','0000-00-00 00:00:00'),(277,451,310,9,'0000-00-00 00:00:00','0000-00-00 00:00:00'),(278,772,140,6,'0000-00-00 00:00:00','0000-00-00 00:00:00'),(279,462,484,9,'0000-00-00 00:00:00','0000-00-00 00:00:00'),(280,702,293,2,'0000-00-00 00:00:00','0000-00-00 00:00:00'),(281,791,418,5,'0000-00-00 00:00:00','0000-00-00 00:00:00'),(282,102,88,8,'0000-00-00 00:00:00','0000-00-00 00:00:00'),(283,749,525,4,'0000-00-00 00:00:00','0000-00-00 00:00:00'),(284,636,193,5,'0000-00-00 00:00:00','0000-00-00 00:00:00'),(285,577,605,9,'0000-00-00 00:00:00','0000-00-00 00:00:00'),(286,525,626,7,'0000-00-00 00:00:00','0000-00-00 00:00:00'),(287,38,333,5,'0000-00-00 00:00:00','0000-00-00 00:00:00'),(288,12,13,10,'0000-00-00 00:00:00','0000-00-00 00:00:00'),(289,110,115,8,'0000-00-00 00:00:00','0000-00-00 00:00:00'),(290,193,32,5,'0000-00-00 00:00:00','0000-00-00 00:00:00'),(291,823,416,6,'0000-00-00 00:00:00','0000-00-00 00:00:00'),(292,627,464,3,'0000-00-00 00:00:00','0000-00-00 00:00:00'),(293,393,307,1,'0000-00-00 00:00:00','0000-00-00 00:00:00'),(294,282,549,8,'0000-00-00 00:00:00','0000-00-00 00:00:00'),(295,488,347,5,'0000-00-00 00:00:00','0000-00-00 00:00:00'),(296,879,146,9,'0000-00-00 00:00:00','0000-00-00 00:00:00'),(297,828,137,7,'0000-00-00 00:00:00','0000-00-00 00:00:00'),(298,371,249,3,'0000-00-00 00:00:00','0000-00-00 00:00:00'),(299,206,375,4,'0000-00-00 00:00:00','0000-00-00 00:00:00'),(300,865,288,2,'0000-00-00 00:00:00','0000-00-00 00:00:00'),(301,716,526,4,'0000-00-00 00:00:00','0000-00-00 00:00:00'),(302,527,145,5,'0000-00-00 00:00:00','0000-00-00 00:00:00'),(303,86,265,7,'0000-00-00 00:00:00','0000-00-00 00:00:00'),(304,123,121,6,'0000-00-00 00:00:00','0000-00-00 00:00:00'),(305,444,401,5,'0000-00-00 00:00:00','0000-00-00 00:00:00'),(306,709,392,10,'0000-00-00 00:00:00','0000-00-00 00:00:00'),(307,147,253,7,'0000-00-00 00:00:00','0000-00-00 00:00:00'),(308,733,239,9,'0000-00-00 00:00:00','0000-00-00 00:00:00'),(309,658,78,10,'0000-00-00 00:00:00','0000-00-00 00:00:00'),(310,268,5,9,'0000-00-00 00:00:00','0000-00-00 00:00:00'),(311,357,591,9,'0000-00-00 00:00:00','0000-00-00 00:00:00'),(312,688,627,10,'0000-00-00 00:00:00','0000-00-00 00:00:00'),(313,851,95,8,'0000-00-00 00:00:00','0000-00-00 00:00:00'),(314,179,170,1,'0000-00-00 00:00:00','0000-00-00 00:00:00'),(315,281,41,9,'0000-00-00 00:00:00','0000-00-00 00:00:00'),(316,203,444,8,'0000-00-00 00:00:00','0000-00-00 00:00:00'),(317,348,217,5,'0000-00-00 00:00:00','0000-00-00 00:00:00'),(318,512,403,4,'0000-00-00 00:00:00','0000-00-00 00:00:00'),(319,296,410,9,'0000-00-00 00:00:00','0000-00-00 00:00:00'),(320,636,24,1,'0000-00-00 00:00:00','0000-00-00 00:00:00'),(321,325,624,2,'0000-00-00 00:00:00','0000-00-00 00:00:00'),(322,215,435,7,'0000-00-00 00:00:00','0000-00-00 00:00:00'),(323,284,614,5,'0000-00-00 00:00:00','0000-00-00 00:00:00'),(324,327,125,9,'0000-00-00 00:00:00','0000-00-00 00:00:00'),(325,892,229,5,'0000-00-00 00:00:00','0000-00-00 00:00:00'),(326,491,211,1,'0000-00-00 00:00:00','0000-00-00 00:00:00'),(327,113,174,10,'0000-00-00 00:00:00','0000-00-00 00:00:00'),(328,668,551,2,'0000-00-00 00:00:00','0000-00-00 00:00:00'),(329,50,579,6,'0000-00-00 00:00:00','0000-00-00 00:00:00'),(330,794,88,6,'0000-00-00 00:00:00','0000-00-00 00:00:00'),(331,635,562,8,'0000-00-00 00:00:00','0000-00-00 00:00:00'),(332,223,20,6,'0000-00-00 00:00:00','0000-00-00 00:00:00'),(333,505,543,8,'0000-00-00 00:00:00','0000-00-00 00:00:00'),(334,822,625,2,'0000-00-00 00:00:00','0000-00-00 00:00:00'),(335,734,620,7,'0000-00-00 00:00:00','0000-00-00 00:00:00'),(336,287,433,1,'0000-00-00 00:00:00','0000-00-00 00:00:00'),(337,420,98,1,'0000-00-00 00:00:00','0000-00-00 00:00:00'),(338,340,318,5,'0000-00-00 00:00:00','0000-00-00 00:00:00'),(339,862,279,6,'0000-00-00 00:00:00','0000-00-00 00:00:00'),(340,157,317,7,'0000-00-00 00:00:00','0000-00-00 00:00:00'),(341,167,267,9,'0000-00-00 00:00:00','0000-00-00 00:00:00'),(342,494,279,9,'0000-00-00 00:00:00','0000-00-00 00:00:00'),(343,750,8,1,'0000-00-00 00:00:00','0000-00-00 00:00:00'),(344,740,628,3,'0000-00-00 00:00:00','0000-00-00 00:00:00'),(345,294,310,10,'0000-00-00 00:00:00','0000-00-00 00:00:00'),(346,352,464,7,'0000-00-00 00:00:00','0000-00-00 00:00:00'),(347,317,298,1,'0000-00-00 00:00:00','0000-00-00 00:00:00'),(348,877,462,9,'0000-00-00 00:00:00','0000-00-00 00:00:00'),(349,553,3,9,'0000-00-00 00:00:00','0000-00-00 00:00:00'),(350,158,293,9,'0000-00-00 00:00:00','0000-00-00 00:00:00'),(351,820,327,5,'0000-00-00 00:00:00','0000-00-00 00:00:00'),(352,597,396,6,'0000-00-00 00:00:00','0000-00-00 00:00:00'),(353,620,156,3,'0000-00-00 00:00:00','0000-00-00 00:00:00'),(354,682,630,8,'0000-00-00 00:00:00','0000-00-00 00:00:00'),(355,528,91,3,'0000-00-00 00:00:00','0000-00-00 00:00:00'),(356,364,382,2,'0000-00-00 00:00:00','0000-00-00 00:00:00'),(357,792,33,3,'0000-00-00 00:00:00','0000-00-00 00:00:00'),(358,56,616,3,'0000-00-00 00:00:00','0000-00-00 00:00:00'),(359,721,138,8,'0000-00-00 00:00:00','0000-00-00 00:00:00'),(360,213,8,1,'0000-00-00 00:00:00','0000-00-00 00:00:00'),(361,817,77,2,'0000-00-00 00:00:00','0000-00-00 00:00:00'),(362,114,507,8,'0000-00-00 00:00:00','0000-00-00 00:00:00'),(363,8,600,9,'0000-00-00 00:00:00','0000-00-00 00:00:00'),(364,206,387,4,'0000-00-00 00:00:00','0000-00-00 00:00:00'),(365,201,161,4,'0000-00-00 00:00:00','0000-00-00 00:00:00'),(366,606,574,7,'0000-00-00 00:00:00','0000-00-00 00:00:00'),(367,299,536,7,'0000-00-00 00:00:00','0000-00-00 00:00:00'),(368,198,577,1,'0000-00-00 00:00:00','0000-00-00 00:00:00'),(369,403,145,8,'0000-00-00 00:00:00','0000-00-00 00:00:00'),(370,521,371,9,'0000-00-00 00:00:00','0000-00-00 00:00:00'),(371,9,499,4,'0000-00-00 00:00:00','0000-00-00 00:00:00'),(372,691,155,7,'0000-00-00 00:00:00','0000-00-00 00:00:00'),(373,835,156,7,'0000-00-00 00:00:00','0000-00-00 00:00:00'),(374,333,46,10,'0000-00-00 00:00:00','0000-00-00 00:00:00'),(375,581,324,9,'0000-00-00 00:00:00','0000-00-00 00:00:00'),(376,740,167,8,'0000-00-00 00:00:00','0000-00-00 00:00:00'),(377,28,196,4,'0000-00-00 00:00:00','0000-00-00 00:00:00'),(378,213,244,1,'0000-00-00 00:00:00','0000-00-00 00:00:00'),(379,27,7,7,'0000-00-00 00:00:00','0000-00-00 00:00:00'),(380,612,55,5,'0000-00-00 00:00:00','0000-00-00 00:00:00'),(381,243,299,8,'0000-00-00 00:00:00','0000-00-00 00:00:00'),(382,90,592,3,'0000-00-00 00:00:00','0000-00-00 00:00:00'),(383,640,155,4,'0000-00-00 00:00:00','0000-00-00 00:00:00'),(384,682,56,3,'0000-00-00 00:00:00','0000-00-00 00:00:00'),(385,675,487,5,'0000-00-00 00:00:00','0000-00-00 00:00:00'),(386,434,606,7,'0000-00-00 00:00:00','0000-00-00 00:00:00'),(387,165,444,6,'0000-00-00 00:00:00','0000-00-00 00:00:00'),(388,430,540,5,'0000-00-00 00:00:00','0000-00-00 00:00:00'),(389,718,21,10,'0000-00-00 00:00:00','0000-00-00 00:00:00'),(390,429,148,6,'0000-00-00 00:00:00','0000-00-00 00:00:00'),(391,702,266,8,'0000-00-00 00:00:00','0000-00-00 00:00:00'),(392,464,234,9,'0000-00-00 00:00:00','0000-00-00 00:00:00'),(393,687,387,1,'0000-00-00 00:00:00','0000-00-00 00:00:00'),(394,49,60,4,'0000-00-00 00:00:00','0000-00-00 00:00:00'),(395,296,420,6,'0000-00-00 00:00:00','0000-00-00 00:00:00'),(396,83,64,7,'0000-00-00 00:00:00','0000-00-00 00:00:00'),(397,361,640,10,'0000-00-00 00:00:00','0000-00-00 00:00:00'),(398,367,463,4,'0000-00-00 00:00:00','0000-00-00 00:00:00'),(399,221,256,3,'0000-00-00 00:00:00','0000-00-00 00:00:00'),(400,244,608,4,'0000-00-00 00:00:00','0000-00-00 00:00:00'),(401,646,66,1,'0000-00-00 00:00:00','0000-00-00 00:00:00'),(402,341,229,6,'0000-00-00 00:00:00','0000-00-00 00:00:00'),(403,892,69,5,'0000-00-00 00:00:00','0000-00-00 00:00:00'),(404,645,445,2,'0000-00-00 00:00:00','0000-00-00 00:00:00'),(405,249,435,3,'0000-00-00 00:00:00','0000-00-00 00:00:00'),(406,870,379,3,'0000-00-00 00:00:00','0000-00-00 00:00:00'),(407,791,104,8,'0000-00-00 00:00:00','0000-00-00 00:00:00'),(408,501,616,2,'0000-00-00 00:00:00','0000-00-00 00:00:00'),(409,136,326,2,'0000-00-00 00:00:00','0000-00-00 00:00:00'),(410,325,602,2,'0000-00-00 00:00:00','0000-00-00 00:00:00'),(411,342,369,6,'0000-00-00 00:00:00','0000-00-00 00:00:00'),(412,446,487,8,'0000-00-00 00:00:00','0000-00-00 00:00:00'),(413,341,20,7,'0000-00-00 00:00:00','0000-00-00 00:00:00'),(414,315,30,6,'0000-00-00 00:00:00','0000-00-00 00:00:00'),(415,248,432,5,'0000-00-00 00:00:00','0000-00-00 00:00:00'),(416,772,476,9,'0000-00-00 00:00:00','0000-00-00 00:00:00'),(417,848,19,1,'0000-00-00 00:00:00','0000-00-00 00:00:00'),(418,88,247,8,'0000-00-00 00:00:00','0000-00-00 00:00:00'),(419,562,1,2,'0000-00-00 00:00:00','0000-00-00 00:00:00'),(420,865,341,5,'0000-00-00 00:00:00','0000-00-00 00:00:00'),(421,48,642,7,'0000-00-00 00:00:00','0000-00-00 00:00:00'),(422,387,452,3,'0000-00-00 00:00:00','0000-00-00 00:00:00'),(423,426,362,5,'0000-00-00 00:00:00','0000-00-00 00:00:00'),(424,228,339,10,'0000-00-00 00:00:00','0000-00-00 00:00:00'),(425,154,370,4,'0000-00-00 00:00:00','0000-00-00 00:00:00'),(426,443,467,1,'0000-00-00 00:00:00','0000-00-00 00:00:00'),(427,79,561,5,'0000-00-00 00:00:00','0000-00-00 00:00:00'),(428,553,624,10,'0000-00-00 00:00:00','0000-00-00 00:00:00'),(429,467,83,5,'0000-00-00 00:00:00','0000-00-00 00:00:00'),(430,638,566,10,'0000-00-00 00:00:00','0000-00-00 00:00:00'),(431,469,105,7,'0000-00-00 00:00:00','0000-00-00 00:00:00'),(432,561,504,10,'0000-00-00 00:00:00','0000-00-00 00:00:00'),(433,348,194,10,'0000-00-00 00:00:00','0000-00-00 00:00:00'),(434,134,26,1,'0000-00-00 00:00:00','0000-00-00 00:00:00'),(435,434,101,2,'0000-00-00 00:00:00','0000-00-00 00:00:00'),(436,462,381,8,'0000-00-00 00:00:00','0000-00-00 00:00:00'),(437,508,438,3,'0000-00-00 00:00:00','0000-00-00 00:00:00'),(438,351,480,8,'0000-00-00 00:00:00','0000-00-00 00:00:00'),(439,195,409,5,'0000-00-00 00:00:00','0000-00-00 00:00:00'),(440,793,632,10,'0000-00-00 00:00:00','0000-00-00 00:00:00'),(441,861,637,8,'0000-00-00 00:00:00','0000-00-00 00:00:00'),(442,192,44,4,'0000-00-00 00:00:00','0000-00-00 00:00:00'),(443,244,488,6,'0000-00-00 00:00:00','0000-00-00 00:00:00'),(444,388,367,9,'0000-00-00 00:00:00','0000-00-00 00:00:00'),(445,778,324,1,'0000-00-00 00:00:00','0000-00-00 00:00:00'),(446,271,23,6,'0000-00-00 00:00:00','0000-00-00 00:00:00'),(447,833,471,9,'0000-00-00 00:00:00','0000-00-00 00:00:00'),(448,279,386,8,'0000-00-00 00:00:00','0000-00-00 00:00:00'),(449,94,236,10,'0000-00-00 00:00:00','0000-00-00 00:00:00'),(450,342,285,4,'0000-00-00 00:00:00','0000-00-00 00:00:00'),(451,868,144,1,'0000-00-00 00:00:00','0000-00-00 00:00:00'),(452,271,299,7,'0000-00-00 00:00:00','0000-00-00 00:00:00'),(453,653,298,10,'0000-00-00 00:00:00','0000-00-00 00:00:00'),(454,858,300,4,'0000-00-00 00:00:00','0000-00-00 00:00:00'),(455,587,411,9,'0000-00-00 00:00:00','0000-00-00 00:00:00'),(456,30,621,6,'0000-00-00 00:00:00','0000-00-00 00:00:00'),(457,805,634,3,'0000-00-00 00:00:00','0000-00-00 00:00:00'),(458,209,122,8,'0000-00-00 00:00:00','0000-00-00 00:00:00'),(459,432,431,1,'0000-00-00 00:00:00','0000-00-00 00:00:00'),(460,358,466,4,'0000-00-00 00:00:00','0000-00-00 00:00:00'),(461,324,357,1,'0000-00-00 00:00:00','0000-00-00 00:00:00'),(462,119,128,3,'0000-00-00 00:00:00','0000-00-00 00:00:00'),(463,858,529,5,'0000-00-00 00:00:00','0000-00-00 00:00:00'),(464,686,518,4,'0000-00-00 00:00:00','0000-00-00 00:00:00'),(465,511,279,2,'0000-00-00 00:00:00','0000-00-00 00:00:00'),(466,663,265,9,'0000-00-00 00:00:00','0000-00-00 00:00:00'),(467,64,180,2,'0000-00-00 00:00:00','0000-00-00 00:00:00'),(468,499,341,9,'0000-00-00 00:00:00','0000-00-00 00:00:00'),(469,737,38,9,'0000-00-00 00:00:00','0000-00-00 00:00:00'),(470,419,390,5,'0000-00-00 00:00:00','0000-00-00 00:00:00'),(471,281,256,9,'0000-00-00 00:00:00','0000-00-00 00:00:00'),(472,831,66,6,'0000-00-00 00:00:00','0000-00-00 00:00:00'),(473,29,612,8,'0000-00-00 00:00:00','0000-00-00 00:00:00'),(474,644,50,5,'0000-00-00 00:00:00','0000-00-00 00:00:00'),(475,726,398,2,'0000-00-00 00:00:00','0000-00-00 00:00:00'),(476,581,375,7,'0000-00-00 00:00:00','0000-00-00 00:00:00'),(477,480,539,8,'0000-00-00 00:00:00','0000-00-00 00:00:00'),(478,389,443,8,'0000-00-00 00:00:00','0000-00-00 00:00:00'),(479,71,560,4,'0000-00-00 00:00:00','0000-00-00 00:00:00'),(480,536,479,5,'0000-00-00 00:00:00','0000-00-00 00:00:00'),(481,457,461,4,'0000-00-00 00:00:00','0000-00-00 00:00:00'),(482,37,598,4,'0000-00-00 00:00:00','0000-00-00 00:00:00'),(483,683,357,8,'0000-00-00 00:00:00','0000-00-00 00:00:00'),(484,645,55,7,'0000-00-00 00:00:00','0000-00-00 00:00:00'),(485,794,561,8,'0000-00-00 00:00:00','0000-00-00 00:00:00'),(486,371,450,2,'0000-00-00 00:00:00','0000-00-00 00:00:00'),(487,583,193,5,'0000-00-00 00:00:00','0000-00-00 00:00:00'),(488,496,93,4,'0000-00-00 00:00:00','0000-00-00 00:00:00'),(489,696,597,5,'0000-00-00 00:00:00','0000-00-00 00:00:00'),(490,34,74,6,'0000-00-00 00:00:00','0000-00-00 00:00:00'),(491,115,611,1,'0000-00-00 00:00:00','0000-00-00 00:00:00'),(492,255,622,1,'0000-00-00 00:00:00','0000-00-00 00:00:00'),(493,872,146,9,'0000-00-00 00:00:00','0000-00-00 00:00:00'),(494,224,614,9,'0000-00-00 00:00:00','0000-00-00 00:00:00'),(495,281,441,4,'0000-00-00 00:00:00','0000-00-00 00:00:00'),(496,275,317,6,'0000-00-00 00:00:00','0000-00-00 00:00:00'),(497,864,230,9,'0000-00-00 00:00:00','0000-00-00 00:00:00'),(498,65,7,5,'0000-00-00 00:00:00','0000-00-00 00:00:00'),(499,281,63,6,'0000-00-00 00:00:00','0000-00-00 00:00:00'),(500,190,81,5,'0000-00-00 00:00:00','0000-00-00 00:00:00'),(501,190,81,2,'2020-05-31 00:00:00','2020-05-31 00:00:00');
/*!40000 ALTER TABLE `suministro_egreso` ENABLE KEYS */;
UNLOCK TABLES;
/*!50003 SET @saved_cs_client      = @@character_set_client */ ;
/*!50003 SET @saved_cs_results     = @@character_set_results */ ;
/*!50003 SET @saved_col_connection = @@collation_connection */ ;
/*!50003 SET character_set_client  = utf8 */ ;
/*!50003 SET character_set_results = utf8 */ ;
/*!50003 SET collation_connection  = utf8_general_ci */ ;
/*!50003 SET @saved_sql_mode       = @@sql_mode */ ;
/*!50003 SET sql_mode              = '' */ ;
DELIMITER ;;
/*!50003 CREATE*/ /*!50017 DEFINER=`root`@`localhost`*/ /*!50003 TRIGGER `Suministro_Se_Sustrae` BEFORE INSERT ON `suministro_egreso` FOR EACH ROW BEGIN
        UPDATE
        suministro s
        SET s.cantidad = s.cantidad - NEW.cantidad
        WHERE s.id = NEW.SUMINISTRO_id;

END */;;
DELIMITER ;
/*!50003 SET sql_mode              = @saved_sql_mode */ ;
/*!50003 SET character_set_client  = @saved_cs_client */ ;
/*!50003 SET character_set_results = @saved_cs_results */ ;
/*!50003 SET collation_connection  = @saved_col_connection */ ;

--
-- Table structure for table `suministro_ingreso`
--

DROP TABLE IF EXISTS `suministro_ingreso`;
/*!40101 SET @saved_cs_client     = @@character_set_client */;
/*!50503 SET character_set_client = utf8mb4 */;
CREATE TABLE `suministro_ingreso` (
  `id` int(10) unsigned NOT NULL AUTO_INCREMENT,
  `SUMINISTRO_id` int(10) unsigned NOT NULL,
  `EMPLEADOCENTRO_id` int(10) NOT NULL,
  `ingreso_cantidad` int(11) NOT NULL,
  `pedido` datetime NOT NULL,
  `recibido` datetime DEFAULT NULL,
  `costoUnitario` int(11) unsigned NOT NULL,
  PRIMARY KEY (`id`) USING BTREE,
  KEY `fk_INGRESO_SUMINISTRO1_idx` (`SUMINISTRO_id`),
  KEY `fk_INGRESO_EMPLEADO2_idx` (`EMPLEADOCENTRO_id`),
  CONSTRAINT `FK_suministro_ingreso_EmpleadoCentro` FOREIGN KEY (`EMPLEADOCENTRO_id`) REFERENCES `centrosanitario_has_empleado` (`idEmpleadoCentro`),
  CONSTRAINT `fk_INGRESO_SUMINISTRO1` FOREIGN KEY (`SUMINISTRO_id`) REFERENCES `suministro` (`id`)
) ENGINE=InnoDB AUTO_INCREMENT=501 DEFAULT CHARSET=utf8;
/*!40101 SET character_set_client = @saved_cs_client */;

--
-- Dumping data for table `suministro_ingreso`
--

LOCK TABLES `suministro_ingreso` WRITE;
/*!40000 ALTER TABLE `suministro_ingreso` DISABLE KEYS */;
INSERT INTO `suministro_ingreso` VALUES (1,293,50,4,'2020-06-12 05:30:00','2020-04-02 20:27:00',572),(2,211,256,4,'2020-06-07 19:01:00','2020-03-14 13:13:00',23953),(3,849,255,1,'2020-03-03 08:55:00','2020-06-25 00:00:00',9460),(4,198,522,2,'2020-05-24 22:21:00','2020-04-18 06:54:00',21892),(5,39,249,6,'2020-04-21 11:45:00','2020-04-05 06:14:00',21375),(6,581,377,1,'2020-05-06 19:52:00','2020-05-22 20:49:00',24265),(7,142,49,5,'2020-05-19 22:00:00','2020-03-12 08:52:00',6157),(8,543,429,5,'2020-04-30 08:47:00','2020-04-19 02:07:00',14217),(9,414,164,9,'2020-03-28 15:15:00','2020-04-05 05:12:00',21483),(10,763,295,4,'2020-03-06 07:34:00','2020-03-05 06:59:00',13101),(11,702,218,6,'2020-03-26 12:17:00','2020-04-08 02:26:00',5901),(12,261,51,2,'2020-05-09 05:26:00','2020-03-20 17:12:00',1161),(13,166,612,8,'2020-05-13 07:04:00',NULL,15614),(14,187,110,8,'2020-05-20 09:39:00','2020-05-13 12:34:00',3508),(15,618,381,6,'2020-03-24 11:51:00','2020-05-26 08:39:00',13182),(16,743,285,5,'2020-06-03 16:19:00','2020-06-05 11:16:00',22411),(17,311,226,8,'2020-03-01 16:01:00','2020-04-03 19:08:00',19829),(18,26,533,2,'2020-03-03 17:40:00',NULL,22518),(19,577,559,7,'2020-06-21 10:22:00','2020-03-07 00:20:00',14729),(20,867,491,5,'2020-04-07 20:33:00','2020-04-29 09:08:00',23336),(21,661,430,9,'2020-06-19 21:29:00','2020-04-29 08:11:00',806),(22,89,248,8,'2020-04-11 21:45:00','2020-05-13 13:29:00',6934),(23,773,432,6,'2020-05-26 21:45:00','2020-05-24 21:40:00',12269),(24,91,224,10,'2020-04-13 18:56:00','2020-05-09 13:27:00',6202),(25,590,141,10,'2020-04-15 17:55:00','2020-03-10 07:21:00',21460),(26,477,485,5,'2020-05-16 09:04:00','2020-06-16 08:16:00',2956),(27,169,200,2,'2020-05-14 03:00:00','2020-06-11 16:53:00',9736),(28,130,75,6,'2020-05-19 12:24:00','2020-05-11 02:50:00',8052),(29,201,441,10,'2020-06-23 08:38:00','2020-05-09 03:11:00',21227),(30,146,401,7,'2020-06-06 12:03:00','2020-04-26 04:40:00',4123),(31,612,485,7,'2020-06-23 21:18:00',NULL,3257),(32,320,649,6,'2020-06-09 18:28:00','2020-03-26 09:25:00',7481),(33,876,492,3,'2020-05-04 08:54:00','2020-06-22 00:13:00',20831),(34,168,264,7,'2020-06-16 17:33:00','2020-05-04 02:28:00',20670),(35,870,569,8,'2020-03-17 16:47:00','2020-06-15 07:27:00',6043),(36,725,158,10,'2020-06-13 12:00:00','2020-04-11 22:33:00',3274),(37,553,620,10,'2020-03-30 10:18:00','2020-03-15 06:35:00',10589),(38,385,429,4,'2020-04-08 17:27:00','2020-04-01 11:04:00',13013),(39,836,225,9,'2020-06-08 14:15:00','2020-06-14 20:47:00',22080),(40,66,408,10,'2020-06-16 10:52:00',NULL,12611),(41,384,609,7,'2020-04-05 23:41:00','2020-05-07 16:06:00',8368),(42,836,486,6,'2020-03-05 01:06:00','2020-03-08 13:34:00',2351),(43,854,296,5,'2020-06-03 14:42:00','2020-06-12 15:32:00',7702),(44,689,502,7,'2020-06-17 22:03:00','2020-03-12 11:37:00',1766),(45,206,605,6,'2020-05-13 20:59:00','2020-05-01 04:09:00',8499),(46,199,497,4,'2020-04-25 05:19:00','2020-03-09 03:19:00',22877),(47,747,555,2,'2020-05-17 06:04:00','2020-03-29 05:41:00',7966),(48,427,85,5,'2020-04-16 11:11:00',NULL,3510),(49,642,183,5,'2020-06-23 10:32:00','2020-04-23 19:03:00',9591),(50,889,175,1,'2020-03-11 16:19:00','2020-04-18 17:55:00',15495),(51,489,167,5,'2020-04-06 05:58:00','2020-04-19 02:03:00',24209),(52,875,301,8,'2020-05-26 15:09:00','2020-03-28 12:23:00',23281),(53,193,186,4,'2020-05-11 04:15:00','2020-04-06 17:11:00',2492),(54,880,468,8,'2020-06-06 02:18:00','2020-05-23 09:46:00',7111),(55,422,241,1,'2020-03-04 11:38:00','2020-03-15 06:21:00',10222),(56,200,343,7,'2020-03-13 23:00:00','2020-04-19 15:56:00',8211),(57,449,153,9,'2020-03-21 08:48:00','2020-04-30 23:31:00',3837),(58,408,480,2,'2020-03-08 23:01:00',NULL,3848),(59,390,476,1,'2020-05-27 07:50:00','2020-05-21 16:30:00',8588),(60,475,607,7,'2020-05-26 06:28:00','2020-04-03 21:17:00',23778),(61,434,232,2,'2020-03-26 16:33:00','2020-03-27 23:43:00',1188),(62,88,28,4,'2020-04-18 19:48:00','2020-05-12 15:00:00',22212),(63,200,540,1,'2020-03-07 15:20:00','2020-04-08 21:03:00',17547),(64,658,263,8,'2020-04-25 05:35:00','2020-05-23 07:30:00',23484),(65,190,170,3,'2020-06-07 00:19:00','2020-04-03 11:09:00',7837),(66,254,222,4,'2020-04-09 21:00:00','2020-06-20 12:18:00',14358),(67,642,160,5,'2020-03-12 01:57:00','2020-04-04 11:20:00',2990),(68,830,107,1,'2020-05-31 22:48:00','2020-05-23 17:14:00',23417),(69,431,595,2,'2020-04-09 00:47:00','2020-06-20 08:21:00',17436),(70,152,154,7,'2020-06-15 07:14:00','2020-03-04 03:20:00',7537),(71,472,391,1,'2020-06-19 15:57:00','2020-06-03 22:50:00',15864),(72,343,464,9,'2020-06-05 07:28:00','2020-05-29 09:19:00',14884),(73,529,71,10,'2020-05-28 16:58:00','2020-03-11 01:51:00',15011),(74,299,341,3,'2020-04-24 05:42:00',NULL,18734),(75,801,567,8,'2020-06-05 23:55:00','2020-03-29 11:38:00',1378),(76,697,247,5,'2020-05-18 19:20:00','2020-04-06 19:20:00',463),(77,244,357,8,'2020-05-26 01:39:00','2020-05-16 03:01:00',23051),(78,264,180,4,'2020-06-16 23:24:00','2020-05-04 12:39:00',4450),(79,329,171,10,'2020-06-10 16:18:00','2020-06-08 04:10:00',21295),(80,879,387,6,'2020-05-17 21:55:00','2020-03-11 02:40:00',22384),(81,506,305,9,'2020-03-04 13:47:00','2020-05-17 08:15:00',642),(82,730,44,10,'2020-05-01 16:06:00','2020-06-09 22:17:00',16840),(83,685,21,3,'2020-05-07 01:01:00','2020-06-19 18:56:00',11942),(84,828,122,5,'2020-06-15 09:34:00','2020-03-02 18:26:00',22246),(85,865,268,6,'2020-03-05 19:46:00','2020-03-12 00:25:00',6154),(86,96,434,8,'2020-06-19 11:58:00','2020-05-14 06:02:00',3374),(87,335,185,3,'2020-04-01 01:42:00','2020-05-03 22:59:00',21092),(88,18,269,7,'2020-04-26 07:42:00','2020-05-01 22:41:00',4342),(89,716,535,1,'2020-04-15 05:59:00','2020-05-05 20:15:00',16391),(90,835,205,10,'2020-05-15 23:46:00','2020-05-28 07:22:00',17388),(91,303,281,4,'2020-05-21 09:03:00','2020-04-14 01:38:00',22221),(92,321,357,1,'2020-05-12 21:49:00','2020-03-31 01:46:00',4182),(93,699,513,2,'2020-05-05 02:32:00','2020-03-19 01:21:00',18959),(94,792,42,8,'2020-06-22 03:08:00','2020-03-28 16:51:00',15473),(95,516,279,7,'2020-03-30 17:50:00','2020-06-15 00:55:00',6957),(96,528,61,10,'2020-03-12 05:04:00','2020-06-13 04:16:00',20850),(97,436,622,10,'2020-06-18 09:10:00','2020-05-12 01:29:00',10525),(98,324,180,2,'2020-04-12 22:23:00','2020-05-31 12:52:00',21154),(99,498,387,4,'2020-04-23 21:40:00','2020-05-28 16:09:00',21256),(100,676,372,4,'2020-05-07 19:21:00','2020-03-10 08:33:00',1987),(101,297,45,2,'2020-06-18 14:56:00','2020-04-10 08:35:00',19236),(102,589,375,2,'2020-06-20 23:50:00','2020-04-05 08:40:00',21427),(103,501,492,10,'2020-06-19 09:24:00','2020-06-04 20:14:00',6783),(104,577,280,5,'2020-05-06 01:07:00','2020-03-23 14:58:00',8791),(105,232,213,2,'2020-03-09 18:07:00','2020-05-05 23:42:00',22701),(106,841,468,6,'2020-04-10 23:26:00','2020-05-25 14:01:00',5882),(107,811,239,4,'2020-03-01 10:56:00','2020-04-08 21:07:00',2215),(108,469,645,7,'2020-03-21 19:25:00','2020-03-23 16:06:00',22679),(109,237,594,9,'2020-05-31 14:08:00','2020-05-23 22:35:00',527),(110,330,531,3,'2020-05-13 15:59:00','2020-04-11 22:27:00',12739),(111,303,117,1,'2020-04-28 19:28:00','2020-05-24 12:13:00',21261),(112,627,294,1,'2020-03-14 19:14:00','2020-04-30 21:28:00',12795),(113,629,542,7,'2020-05-15 09:37:00','2020-04-04 01:26:00',7785),(114,620,51,8,'2020-05-19 02:45:00','2020-05-26 22:11:00',493),(115,370,604,8,'2020-04-10 19:46:00','2020-03-18 02:16:00',17795),(116,46,244,1,'2020-05-09 16:47:00','2020-05-04 02:08:00',7598),(117,451,493,5,'2020-03-20 01:45:00','2020-05-30 06:19:00',17083),(118,604,182,9,'2020-06-11 13:03:00','2020-05-22 11:45:00',23447),(119,253,169,4,'2020-03-31 22:12:00','2020-03-24 02:26:00',2728),(120,487,209,7,'2020-03-14 13:27:00','2020-05-03 12:45:00',24448),(121,307,145,5,'2020-03-13 21:03:00','2020-04-21 01:35:00',18948),(122,208,427,4,'2020-04-12 12:01:00','2020-04-20 05:59:00',8376),(123,7,403,4,'2020-05-11 11:43:00','2020-06-10 12:50:00',10884),(124,544,381,9,'2020-03-28 11:00:00','2020-05-29 06:57:00',7125),(125,35,538,5,'2020-06-14 18:12:00','2020-03-20 19:27:00',16731),(126,324,392,10,'2020-03-08 09:41:00','2020-04-07 16:02:00',10048),(127,750,455,3,'2020-03-27 05:44:00','2020-03-06 10:37:00',17250),(128,863,53,2,'2020-06-12 22:10:00','2020-03-27 10:46:00',11414),(129,856,604,2,'2020-03-13 08:16:00','2020-04-29 05:25:00',2221),(130,135,47,8,'2020-05-11 09:38:00','2020-03-08 04:47:00',21416),(131,1,548,6,'2020-06-01 12:46:00','2020-03-15 12:31:00',1728),(132,802,588,6,'2020-03-07 19:40:00','2020-04-12 05:13:00',20287),(133,507,582,2,'2020-04-09 09:06:00','2020-04-09 20:41:00',20579),(134,442,125,5,'2020-06-20 04:05:00','2020-03-12 03:42:00',6586),(135,272,14,6,'2020-05-17 10:56:00','2020-05-31 14:18:00',18037),(136,646,415,8,'2020-05-04 23:14:00','2020-05-26 06:02:00',1392),(137,781,418,10,'2020-06-12 17:21:00','2020-05-27 16:48:00',605),(138,819,356,10,'2020-04-26 06:39:00','2020-05-01 12:45:00',23813),(139,11,587,6,'2020-06-20 08:17:00','2020-03-06 03:06:00',14430),(140,283,398,3,'2020-03-26 07:58:00','2020-03-26 22:29:00',2183),(141,805,646,9,'2020-04-01 10:28:00','2020-03-05 06:58:00',3141),(142,685,538,10,'2020-05-18 09:39:00','2020-05-19 23:08:00',7744),(143,380,138,2,'2020-06-16 18:05:00','2020-05-19 02:54:00',1278),(144,86,115,4,'2020-04-15 20:00:00','2020-06-01 10:28:00',21226),(145,365,342,10,'2020-03-21 20:17:00','2020-06-21 02:12:00',9074),(146,80,283,4,'2020-05-27 01:24:00','2020-05-08 03:25:00',9499),(147,756,158,5,'2020-03-01 00:38:00','2020-05-27 08:04:00',7529),(148,393,184,8,'2020-04-03 13:20:00','2020-05-16 05:51:00',6573),(149,695,393,4,'2020-04-06 00:39:00','2020-03-04 11:58:00',17589),(150,161,39,1,'2020-04-29 14:52:00','2020-06-15 03:19:00',18498),(151,571,359,5,'2020-05-04 23:23:00','2020-03-25 16:31:00',10939),(152,817,410,1,'2020-03-24 00:27:00','2020-06-07 01:43:00',11654),(153,154,418,8,'2020-05-24 18:22:00','2020-03-17 03:23:00',8482),(154,345,224,4,'2020-05-16 09:07:00','2020-03-31 14:22:00',18378),(155,845,259,7,'2020-04-11 07:11:00','2020-03-20 19:27:00',20068),(156,873,174,4,'2020-06-06 16:09:00','2020-04-13 12:27:00',3620),(157,851,118,3,'2020-05-19 19:50:00','2020-03-12 22:37:00',18010),(158,302,163,8,'2020-05-03 07:44:00','2020-05-20 09:33:00',10404),(159,796,618,5,'2020-06-01 17:04:00','2020-05-20 09:35:00',15187),(160,891,196,2,'2020-03-31 14:30:00','2020-05-20 02:52:00',14452),(161,160,304,8,'2020-05-19 07:30:00','2020-03-24 15:10:00',1732),(162,575,163,9,'2020-05-06 15:52:00','2020-06-05 00:34:00',7782),(163,73,83,5,'2020-03-06 14:41:00','2020-05-10 08:01:00',19500),(164,183,212,8,'2020-03-11 18:15:00','2020-05-24 20:08:00',20416),(165,324,400,5,'2020-06-11 10:58:00','2020-06-05 02:50:00',10235),(166,89,502,7,'2020-03-24 23:25:00','2020-04-28 17:58:00',17403),(167,211,618,4,'2020-04-23 04:34:00','2020-03-19 11:04:00',12807),(168,143,129,1,'2020-05-28 11:06:00','2020-05-25 19:00:00',5242),(169,403,539,6,'2020-06-03 01:38:00','2020-04-06 09:49:00',21556),(170,740,618,3,'2020-04-30 13:37:00','2020-04-27 06:34:00',5364),(171,183,7,9,'2020-06-05 21:56:00','2020-03-02 08:34:00',20840),(172,111,466,3,'2020-03-18 11:36:00','2020-05-11 15:16:00',16968),(173,331,638,1,'2020-03-27 00:09:00','2020-04-06 19:05:00',15743),(174,118,480,1,'2020-06-10 16:39:00','2020-03-06 18:52:00',21628),(175,556,111,4,'2020-05-11 23:36:00','2020-03-29 01:18:00',2232),(176,842,587,9,'2020-04-28 01:05:00','2020-03-10 18:18:00',7020),(177,569,259,2,'2020-05-17 19:17:00','2020-03-29 16:33:00',9136),(178,317,201,8,'2020-05-16 18:42:00','2020-04-29 14:26:00',14575),(179,86,533,7,'2020-03-31 03:27:00','2020-05-29 06:24:00',7407),(180,756,97,8,'2020-05-24 11:32:00','2020-03-25 17:44:00',17586),(181,792,644,7,'2020-05-08 06:44:00','2020-05-15 19:16:00',3366),(182,26,517,1,'2020-06-19 12:47:00','2020-03-28 17:02:00',21571),(183,218,574,5,'2020-06-18 15:18:00','2020-04-11 08:07:00',9298),(184,260,162,7,'2020-03-31 14:50:00','2020-04-01 06:43:00',21707),(185,336,389,1,'2020-06-07 21:11:00','2020-04-22 17:58:00',5476),(186,568,21,9,'2020-03-10 13:53:00','2020-03-15 11:14:00',22639),(187,464,185,4,'2020-03-05 11:05:00','2020-04-28 06:04:00',3432),(188,456,527,10,'2020-03-28 06:29:00','2020-04-26 17:56:00',19995),(189,252,624,7,'2020-05-03 23:52:00','2020-04-10 16:36:00',6575),(190,620,463,10,'2020-06-06 19:43:00','2020-05-01 14:36:00',3460),(191,442,131,5,'2020-03-25 02:34:00','2020-03-30 06:15:00',22833),(192,356,220,7,'2020-06-17 00:55:00','2020-04-21 07:58:00',20078),(193,479,509,2,'2020-05-20 14:49:00','2020-05-18 12:59:00',13261),(194,753,126,6,'2020-03-15 11:52:00','2020-03-09 02:42:00',2887),(195,408,179,10,'2020-06-22 10:23:00','2020-05-11 06:25:00',8385),(196,50,553,2,'2020-06-11 19:18:00','2020-05-02 00:06:00',21937),(197,472,334,8,'2020-03-21 18:25:00','2020-04-24 04:58:00',21730),(198,692,492,10,'2020-04-22 20:29:00','2020-04-02 08:50:00',23193),(199,527,148,6,'2020-03-14 00:53:00','2020-05-21 20:49:00',20538),(200,108,573,3,'2020-04-30 20:47:00','2020-06-21 12:52:00',2706),(201,616,575,2,'2020-06-13 13:57:00','2020-05-23 20:46:00',3722),(202,647,150,9,'2020-04-12 09:42:00','2020-03-19 02:52:00',7482),(203,116,373,6,'2020-05-06 14:09:00','2020-05-20 03:34:00',24966),(204,561,304,6,'2020-03-23 10:57:00','2020-06-03 13:49:00',11183),(205,266,220,4,'2020-06-03 12:41:00','2020-06-20 15:04:00',12839),(206,850,176,7,'2020-05-20 03:50:00','2020-05-08 00:41:00',9128),(207,58,162,6,'2020-03-27 08:07:00','2020-05-12 07:31:00',19069),(208,671,395,10,'2020-06-10 18:06:00','2020-04-16 16:30:00',17091),(209,753,532,1,'2020-05-16 17:18:00','2020-03-17 19:20:00',544),(210,688,329,7,'2020-06-11 07:09:00','2020-04-21 05:42:00',10097),(211,152,263,7,'2020-03-23 18:08:00','2020-03-29 20:51:00',9195),(212,334,510,1,'2020-03-22 17:07:00','2020-06-08 18:47:00',6457),(213,517,250,1,'2020-04-19 00:21:00','2020-06-12 10:07:00',22701),(214,352,181,6,'2020-05-29 22:11:00','2020-04-22 10:58:00',24942),(215,554,195,7,'2020-03-02 22:23:00','2020-06-02 00:50:00',6149),(216,166,430,5,'2020-05-10 12:32:00','2020-03-05 08:02:00',10555),(217,34,492,1,'2020-04-30 22:26:00','2020-04-21 14:10:00',18550),(218,446,507,5,'2020-04-18 03:12:00','2020-05-01 14:09:00',2236),(219,685,123,6,'2020-04-14 09:32:00','2020-05-25 08:01:00',8728),(220,12,21,6,'2020-06-19 08:53:00','2020-06-17 22:32:00',4285),(221,767,124,5,'2020-05-05 14:51:00','2020-05-19 16:11:00',2830),(222,618,432,6,'2020-04-02 03:28:00','2020-06-19 18:44:00',14256),(223,275,283,9,'2020-04-21 16:56:00','2020-04-05 19:15:00',1666),(224,742,523,6,'2020-06-19 13:26:00','2020-06-04 14:30:00',12113),(225,534,611,2,'2020-04-02 19:29:00','2020-06-09 03:01:00',19918),(226,742,96,2,'2020-05-12 12:22:00','2020-06-02 16:39:00',8429),(227,770,69,6,'2020-05-14 04:09:00','2020-05-06 11:13:00',14058),(228,737,219,2,'2020-06-09 16:23:00','2020-03-08 04:58:00',22937),(229,813,143,3,'2020-04-22 01:44:00','2020-04-09 15:45:00',4297),(230,460,20,5,'2020-06-22 18:39:00','2020-03-22 23:07:00',18437),(231,212,630,5,'2020-05-14 14:28:00','2020-04-11 04:54:00',1779),(232,668,92,10,'2020-05-26 10:08:00','2020-04-20 20:19:00',14395),(233,263,613,2,'2020-04-06 09:51:00','2020-04-01 03:33:00',16436),(234,124,152,7,'2020-04-11 23:30:00','2020-05-08 04:22:00',11541),(235,227,271,5,'2020-04-22 05:38:00','2020-06-21 22:06:00',2068),(236,871,650,1,'2020-06-20 23:07:00','2020-03-29 16:03:00',18830),(237,302,426,1,'2020-04-12 22:43:00','2020-05-04 04:03:00',22048),(238,441,231,1,'2020-05-03 21:59:00','2020-05-22 02:28:00',23423),(239,855,3,5,'2020-05-11 05:53:00','2020-03-19 21:04:00',10607),(240,661,223,5,'2020-06-21 16:57:00','2020-05-06 00:13:00',22870),(241,716,8,3,'2020-06-17 23:09:00','2020-03-13 02:55:00',6596),(242,815,566,1,'2020-05-26 17:25:00','2020-03-12 17:40:00',17516),(243,389,173,8,'2020-03-14 08:36:00','2020-03-26 13:05:00',8906),(244,156,226,2,'2020-04-30 19:14:00','2020-04-04 05:29:00',11423),(245,881,626,9,'2020-05-19 14:47:00','2020-04-17 14:22:00',7953),(246,479,533,2,'2020-05-24 05:36:00','2020-05-24 16:08:00',12946),(247,591,621,7,'2020-06-22 20:37:00','2020-06-11 21:49:00',11147),(248,293,567,9,'2020-03-06 02:56:00','2020-04-27 01:07:00',5238),(249,821,196,1,'2020-06-02 16:53:00','2020-05-07 04:34:00',10205),(250,248,366,7,'2020-06-12 06:24:00','2020-06-13 05:41:00',9094),(251,657,602,5,'2020-06-08 20:50:00','2020-04-04 05:03:00',9913),(252,68,503,8,'2020-03-10 07:05:00','2020-03-22 08:02:00',13993),(253,551,268,4,'2020-05-21 05:53:00','2020-05-03 09:30:00',7518),(254,337,211,5,'2020-04-30 22:33:00','2020-03-15 06:53:00',3201),(255,757,434,9,'2020-03-02 12:08:00','2020-05-27 13:24:00',8837),(256,697,439,8,'2020-05-24 07:37:00','2020-06-17 13:17:00',19396),(257,167,199,9,'2020-06-09 15:43:00','2020-04-18 22:09:00',11980),(258,362,347,7,'2020-03-29 16:18:00','2020-03-08 06:37:00',22467),(259,851,255,9,'2020-04-01 03:07:00','2020-04-28 07:09:00',3528),(260,365,345,4,'2020-05-28 16:39:00','2020-03-29 19:30:00',14529),(261,233,43,3,'2020-05-31 21:33:00','2020-04-14 11:22:00',23072),(262,173,416,5,'2020-06-13 14:48:00','2020-03-30 06:54:00',6852),(263,509,229,1,'2020-04-01 22:36:00','2020-05-19 00:04:00',4019),(264,647,99,10,'2020-03-28 16:23:00','2020-06-15 08:35:00',23857),(265,695,390,10,'2020-05-05 00:43:00','2020-04-12 11:16:00',17895),(266,181,432,4,'2020-04-18 20:48:00','2020-05-03 13:20:00',9534),(267,867,307,4,'2020-06-22 14:30:00','2020-04-25 02:56:00',2062),(268,873,508,5,'2020-05-22 22:50:00','2020-04-21 14:44:00',252),(269,151,324,10,'2020-03-10 04:39:00','2020-03-12 02:54:00',16597),(270,146,379,7,'2020-03-08 01:13:00','2020-04-16 02:14:00',12882),(271,268,484,7,'2020-03-03 06:22:00','2020-03-16 21:10:00',21603),(272,532,162,3,'2020-04-23 12:14:00','2020-03-10 04:30:00',16118),(273,11,198,3,'2020-06-23 02:32:00','2020-06-07 23:04:00',16440),(274,278,355,7,'2020-05-31 20:15:00','2020-03-21 01:06:00',6718),(275,219,338,9,'2020-04-16 11:39:00','2020-03-29 18:56:00',19927),(276,641,388,8,'2020-06-15 08:18:00','2020-04-11 06:53:00',12184),(277,106,460,2,'2020-06-19 10:24:00','2020-04-24 12:03:00',746),(278,656,147,3,'2020-05-28 12:13:00','2020-04-03 17:48:00',24236),(279,832,647,5,'2020-03-25 06:43:00','2020-04-05 07:27:00',4052),(280,118,190,1,'2020-03-28 08:58:00','2020-05-15 13:54:00',3023),(281,364,14,2,'2020-04-07 08:05:00','2020-04-28 13:54:00',9408),(282,92,114,7,'2020-06-06 02:41:00','2020-03-06 05:03:00',24076),(283,316,122,10,'2020-05-06 20:16:00','2020-03-27 18:28:00',5467),(284,630,496,2,'2020-03-30 18:24:00','2020-06-01 10:33:00',17507),(285,161,448,4,'2020-03-17 04:48:00','2020-04-21 13:46:00',8132),(286,455,423,5,'2020-06-13 20:32:00','2020-04-09 18:16:00',2033),(287,110,28,10,'2020-03-27 00:02:00','2020-03-23 16:59:00',2285),(288,505,538,9,'2020-03-22 13:00:00','2020-04-05 08:00:00',5098),(289,418,620,9,'2020-06-14 18:51:00','2020-04-15 22:16:00',19540),(290,187,293,3,'2020-04-05 11:14:00','2020-03-13 23:23:00',24896),(291,47,64,3,'2020-04-10 23:46:00','2020-04-23 12:36:00',11240),(292,845,307,1,'2020-04-13 09:18:00','2020-03-14 23:45:00',2648),(293,431,583,3,'2020-06-09 23:09:00','2020-06-15 03:19:00',20080),(294,455,350,3,'2020-06-04 00:34:00','2020-05-14 22:07:00',19998),(295,262,182,2,'2020-04-21 22:37:00','2020-03-03 14:59:00',12903),(296,109,170,8,'2020-05-13 21:29:00','2020-04-02 11:01:00',1153),(297,533,27,9,'2020-04-27 17:56:00','2020-06-13 03:38:00',3630),(298,48,458,3,'2020-03-23 02:19:00','2020-05-18 06:04:00',10159),(299,615,248,6,'2020-04-21 11:00:00','2020-06-22 08:53:00',24761),(300,638,429,5,'2020-04-01 10:27:00','2020-04-08 02:14:00',5404),(301,575,312,1,'2020-04-30 23:32:00','2020-05-10 15:59:00',3029),(302,115,178,4,'2020-04-21 03:34:00','2020-03-15 16:46:00',5761),(303,762,507,5,'2020-03-11 13:24:00','2020-03-31 20:02:00',9948),(304,401,415,10,'2020-06-17 21:12:00','2020-04-21 11:32:00',1950),(305,839,119,9,'2020-04-18 15:33:00','2020-06-20 11:09:00',15435),(306,834,291,9,'2020-05-28 09:31:00','2020-05-05 15:40:00',6460),(307,174,220,8,'2020-03-09 13:24:00','2020-03-31 08:14:00',23433),(308,382,9,3,'2020-05-26 12:38:00','2020-06-21 23:07:00',3698),(309,805,571,1,'2020-05-13 02:49:00','2020-04-08 08:57:00',9712),(310,269,601,6,'2020-03-10 19:00:00','2020-04-28 17:56:00',15102),(311,559,629,1,'2020-05-26 18:22:00','2020-04-26 04:47:00',1474),(312,122,39,5,'2020-04-29 08:43:00','2020-06-07 14:44:00',5490),(313,689,401,1,'2020-03-11 16:32:00','2020-04-26 13:20:00',12554),(314,39,373,5,'2020-04-18 01:57:00','2020-06-04 06:55:00',813),(315,656,405,4,'2020-05-16 12:36:00','2020-03-08 07:36:00',12240),(316,335,463,1,'2020-05-25 18:24:00','2020-05-09 15:15:00',16785),(317,10,444,3,'2020-03-29 04:40:00','2020-06-20 08:52:00',2559),(318,277,379,3,'2020-03-06 09:57:00','2020-05-10 13:53:00',21465),(319,79,37,1,'2020-04-07 21:33:00','2020-06-20 03:45:00',5827),(320,251,619,6,'2020-03-16 16:06:00','2020-05-28 11:56:00',8049),(321,480,474,9,'2020-05-01 05:23:00','2020-03-23 21:25:00',5513),(322,813,565,8,'2020-06-08 21:12:00','2020-06-10 08:25:00',18946),(323,80,316,6,'2020-06-05 17:32:00','2020-04-27 18:27:00',5285),(324,505,49,2,'2020-03-06 11:28:00','2020-05-26 15:26:00',1415),(325,146,501,10,'2020-04-22 04:10:00','2020-05-15 15:31:00',23705),(326,727,333,7,'2020-03-05 18:59:00','2020-04-09 21:46:00',23154),(327,602,439,5,'2020-06-11 21:52:00','2020-03-12 09:20:00',13011),(328,429,239,3,'2020-03-31 15:12:00','2020-05-01 11:10:00',3451),(329,59,560,6,'2020-03-04 02:51:00','2020-04-07 10:22:00',13106),(330,54,451,1,'2020-03-09 13:37:00','2020-04-11 05:13:00',12436),(331,313,53,10,'2020-03-29 06:11:00','2020-04-06 02:10:00',4109),(332,196,612,8,'2020-04-16 09:16:00','2020-05-14 20:33:00',10649),(333,331,224,7,'2020-05-19 20:58:00','2020-03-27 16:50:00',18602),(334,185,96,5,'2020-05-28 02:47:00','2020-05-26 02:35:00',917),(335,755,271,9,'2020-06-13 17:02:00','2020-03-29 20:35:00',20874),(336,701,274,3,'2020-03-20 11:29:00','2020-03-03 12:56:00',6356),(337,34,352,3,'2020-04-12 17:17:00','2020-05-07 12:45:00',12956),(338,763,257,4,'2020-06-14 14:28:00','2020-06-18 18:24:00',15964),(339,542,25,1,'2020-03-26 23:23:00','2020-06-05 18:46:00',4634),(340,410,138,7,'2020-03-13 18:12:00','2020-04-16 02:17:00',10642),(341,699,116,6,'2020-05-14 00:53:00','2020-06-02 20:01:00',21414),(342,601,379,4,'2020-04-17 16:52:00','2020-03-06 02:35:00',10604),(343,855,28,3,'2020-05-31 09:41:00','2020-05-22 16:07:00',13122),(344,451,112,2,'2020-05-30 12:38:00','2020-04-13 01:02:00',16832),(345,213,524,5,'2020-05-04 14:50:00','2020-04-01 14:58:00',20405),(346,238,35,9,'2020-03-23 09:17:00','2020-04-17 09:17:00',20392),(347,405,71,3,'2020-05-27 08:05:00','2020-05-03 19:29:00',19565),(348,613,252,8,'2020-04-14 05:29:00','2020-06-12 18:26:00',14360),(349,341,206,6,'2020-04-05 18:13:00','2020-04-12 22:56:00',1084),(350,800,596,10,'2020-05-16 22:49:00','2020-03-23 09:13:00',13385),(351,476,327,5,'2020-05-31 11:47:00','2020-03-13 22:17:00',17854),(352,842,322,9,'2020-05-12 13:57:00','2020-04-12 02:32:00',12562),(353,494,622,7,'2020-06-17 23:16:00','2020-05-17 08:39:00',21036),(354,884,610,1,'2020-05-22 10:22:00','2020-05-26 07:18:00',4399),(355,675,613,9,'2020-05-03 19:42:00','2020-04-04 10:23:00',12179),(356,281,250,7,'2020-04-13 22:45:00','2020-04-26 13:14:00',18531),(357,835,331,5,'2020-04-12 08:49:00','2020-04-19 09:54:00',1732),(358,131,500,6,'2020-06-05 15:54:00','2020-06-10 04:50:00',14956),(359,133,156,9,'2020-05-02 04:03:00','2020-06-12 12:20:00',4098),(360,205,137,8,'2020-06-17 17:06:00','2020-06-10 13:29:00',18942),(361,445,194,5,'2020-05-15 20:55:00','2020-03-29 10:09:00',22448),(362,764,117,7,'2020-06-17 16:49:00','2020-05-30 02:25:00',23467),(363,17,579,7,'2020-06-10 16:07:00','2020-05-27 14:31:00',1349),(364,581,614,8,'2020-03-10 04:39:00','2020-04-18 20:01:00',18352),(365,7,478,4,'2020-04-10 03:18:00','2020-05-15 08:47:00',13293),(366,172,365,9,'2020-05-23 03:25:00','2020-04-05 21:14:00',18343),(367,329,483,5,'2020-03-14 07:16:00','2020-06-10 03:27:00',14133),(368,752,167,3,'2020-04-10 07:09:00','2020-04-15 01:08:00',8133),(369,428,236,9,'2020-04-01 08:28:00','2020-03-27 06:19:00',20100),(370,471,380,3,'2020-05-21 23:32:00','2020-06-18 02:19:00',12105),(371,3,470,3,'2020-06-17 17:09:00','2020-06-01 10:57:00',21236),(372,192,243,1,'2020-03-11 00:06:00','2020-03-10 13:38:00',768),(373,772,87,7,'2020-05-23 16:08:00','2020-05-19 20:52:00',12045),(374,538,227,5,'2020-05-04 17:23:00','2020-04-13 12:30:00',1175),(375,325,292,9,'2020-03-19 00:54:00','2020-03-23 09:53:00',11594),(376,662,68,5,'2020-03-18 20:12:00','2020-06-10 14:35:00',6317),(377,766,437,10,'2020-06-20 12:58:00','2020-05-06 23:23:00',19853),(378,473,69,6,'2020-03-25 08:29:00','2020-05-01 16:40:00',3780),(379,37,574,7,'2020-05-26 22:17:00','2020-05-12 20:54:00',1505),(380,560,239,10,'2020-05-05 23:40:00','2020-06-06 09:09:00',18380),(381,158,246,4,'2020-04-04 12:31:00','2020-05-01 04:34:00',5805),(382,817,45,10,'2020-03-25 04:56:00','2020-06-08 04:52:00',15607),(383,452,146,6,'2020-04-23 12:07:00','2020-05-27 05:14:00',16027),(384,695,412,5,'2020-04-17 11:20:00','2020-06-01 22:16:00',17822),(385,735,380,3,'2020-06-17 22:42:00','2020-06-18 12:23:00',19936),(386,542,353,10,'2020-05-29 21:17:00','2020-03-20 21:56:00',17536),(387,254,259,4,'2020-04-30 10:18:00','2020-04-25 02:09:00',13963),(388,832,31,5,'2020-03-06 05:59:00','2020-03-25 07:00:00',24088),(389,822,409,1,'2020-03-30 04:43:00','2020-03-30 08:38:00',10871),(390,811,270,6,'2020-05-23 17:01:00','2020-04-27 16:59:00',2468),(391,607,26,6,'2020-05-30 18:37:00','2020-04-17 21:19:00',20274),(392,791,311,6,'2020-06-17 03:55:00','2020-06-18 21:34:00',10166),(393,410,39,9,'2020-05-04 05:39:00','2020-03-24 19:49:00',5610),(394,206,624,9,'2020-04-24 18:03:00','2020-05-26 01:39:00',21741),(395,559,433,6,'2020-05-05 20:23:00','2020-05-15 11:25:00',4456),(396,275,40,10,'2020-03-28 02:14:00','2020-05-25 11:19:00',3505),(397,568,454,3,'2020-05-28 23:53:00','2020-06-20 08:00:00',2728),(398,848,487,4,'2020-03-25 05:22:00','2020-03-12 16:17:00',21417),(399,475,304,1,'2020-04-16 17:39:00','2020-04-19 00:32:00',20706),(400,361,273,2,'2020-04-27 03:37:00','2020-06-01 16:40:00',10103),(401,667,445,10,'2020-03-14 18:18:00','2020-05-06 18:40:00',1626),(402,375,276,7,'2020-03-19 21:18:00','2020-04-05 09:36:00',14189),(403,486,138,10,'2020-04-23 14:45:00','2020-03-20 07:36:00',23933),(404,486,92,8,'2020-03-05 11:56:00','2020-05-28 14:27:00',9109),(405,555,28,6,'2020-05-06 10:30:00','2020-05-29 01:38:00',856),(406,480,427,2,'2020-04-30 00:06:00','2020-04-19 08:46:00',5326),(407,287,642,8,'2020-06-20 13:39:00','2020-05-20 04:08:00',22825),(408,63,515,2,'2020-04-24 21:52:00','2020-06-12 22:49:00',23780),(409,631,266,10,'2020-03-10 03:35:00','2020-06-14 00:50:00',20440),(410,76,237,4,'2020-04-12 08:44:00','2020-05-27 14:37:00',12580),(411,195,99,5,'2020-05-19 18:24:00','2020-05-24 11:01:00',17815),(412,134,627,7,'2020-06-08 22:17:00','2020-03-13 13:15:00',20180),(413,530,120,9,'2020-03-29 14:53:00','2020-04-19 08:21:00',24716),(414,529,111,8,'2020-04-14 07:03:00','2020-04-19 06:24:00',16423),(415,830,373,7,'2020-03-13 13:36:00','2020-03-31 20:49:00',17923),(416,466,25,5,'2020-03-23 14:46:00','2020-05-22 17:16:00',13229),(417,596,374,9,'2020-03-07 10:00:00','2020-03-18 01:07:00',17633),(418,119,36,1,'2020-03-02 14:45:00','2020-03-19 19:30:00',1371),(419,474,583,4,'2020-03-04 06:36:00','2020-06-15 17:47:00',15121),(420,232,28,7,'2020-03-01 12:33:00','2020-04-11 20:33:00',6008),(421,823,362,3,'2020-06-16 04:30:00','2020-03-08 03:02:00',5944),(422,532,425,7,'2020-04-04 11:05:00','2020-03-08 20:13:00',4368),(423,171,537,7,'2020-04-06 16:21:00','2020-05-23 22:47:00',22465),(424,35,493,1,'2020-04-04 06:14:00','2020-04-26 10:16:00',902),(425,233,642,9,'2020-03-09 03:32:00','2020-05-03 00:45:00',7444),(426,141,304,6,'2020-04-03 03:35:00','2020-05-10 15:41:00',7289),(427,685,92,3,'2020-06-02 00:10:00','2020-03-03 03:17:00',20485),(428,295,391,5,'2020-05-23 23:18:00','2020-06-08 04:18:00',8052),(429,577,239,1,'2020-03-22 13:31:00','2020-05-11 11:13:00',13757),(430,874,625,3,'2020-04-01 21:32:00','2020-05-22 00:43:00',16749),(431,564,27,9,'2020-05-09 10:52:00','2020-05-25 05:06:00',18692),(432,161,105,5,'2020-05-22 10:04:00','2020-05-08 07:31:00',12339),(433,367,177,2,'2020-06-23 19:12:00','2020-06-02 23:59:00',22089),(434,885,140,4,'2020-04-11 12:43:00','2020-03-06 02:44:00',17953),(435,885,506,8,'2020-04-25 08:08:00','2020-06-08 21:44:00',2957),(436,272,551,3,'2020-04-04 07:30:00','2020-05-20 11:05:00',24288),(437,741,365,2,'2020-05-12 17:12:00','2020-03-13 17:05:00',24848),(438,699,304,9,'2020-05-09 15:20:00','2020-04-19 05:22:00',14953),(439,330,233,2,'2020-04-30 08:04:00','2020-06-06 23:21:00',12086),(440,820,619,7,'2020-04-20 23:47:00','2020-05-20 13:36:00',22403),(441,720,15,1,'2020-03-31 01:44:00','2020-04-02 02:06:00',22185),(442,214,197,2,'2020-03-08 14:39:00','2020-04-10 04:17:00',8351),(443,524,462,10,'2020-06-04 22:54:00','2020-04-27 04:17:00',19453),(444,389,315,9,'2020-03-04 19:02:00','2020-03-22 21:08:00',23261),(445,857,637,1,'2020-04-01 12:11:00','2020-03-08 00:55:00',17130),(446,322,461,9,'2020-03-02 17:41:00','2020-05-03 09:13:00',22226),(447,728,536,9,'2020-05-09 05:17:00','2020-03-23 06:10:00',15313),(448,369,60,3,'2020-06-16 17:24:00','2020-04-26 16:06:00',23811),(449,508,591,8,'2020-06-19 11:42:00','2020-03-18 06:15:00',1271),(450,215,262,4,'2020-06-03 08:20:00','2020-06-02 01:12:00',13239),(451,717,278,6,'2020-03-30 09:45:00','2020-03-23 15:49:00',11038),(452,584,275,9,'2020-04-26 22:46:00','2020-03-26 06:12:00',18138),(453,177,249,10,'2020-04-16 11:42:00','2020-03-13 18:51:00',7472),(454,203,631,1,'2020-03-24 03:43:00','2020-05-12 09:28:00',20573),(455,381,428,3,'2020-06-16 17:36:00','2020-04-06 02:52:00',16037),(456,246,31,10,'2020-06-09 12:43:00','2020-03-15 23:07:00',20267),(457,830,597,10,'2020-05-14 12:18:00','2020-05-03 08:10:00',377),(458,541,493,5,'2020-06-03 14:06:00','2020-03-16 10:53:00',21561),(459,605,416,5,'2020-06-10 15:43:00','2020-03-07 03:45:00',24124),(460,350,105,6,'2020-04-22 08:30:00','2020-04-13 19:05:00',24300),(461,204,33,2,'2020-06-04 00:48:00','2020-06-18 04:00:00',4326),(462,571,224,10,'2020-04-01 23:22:00','2020-03-25 10:27:00',20725),(463,652,224,9,'2020-06-04 12:51:00','2020-06-06 07:49:00',23349),(464,433,602,2,'2020-05-05 13:27:00','2020-03-28 11:57:00',21708),(465,116,97,6,'2020-03-10 20:50:00','2020-05-07 07:32:00',14723),(466,876,96,3,'2020-06-05 00:29:00','2020-03-28 05:18:00',13311),(467,821,141,9,'2020-06-09 15:12:00','2020-05-30 05:54:00',19741),(468,612,86,10,'2020-06-01 10:44:00','2020-04-05 17:57:00',9493),(469,432,595,1,'2020-06-15 23:46:00','2020-05-09 08:57:00',14097),(470,689,236,8,'2020-06-04 00:39:00','2020-05-16 11:34:00',18526),(471,349,158,3,'2020-04-17 02:19:00','2020-04-08 00:20:00',11673),(472,715,94,1,'2020-05-08 22:56:00','2020-03-05 21:25:00',3088),(473,158,297,3,'2020-03-09 09:33:00','2020-06-23 04:24:00',16967),(474,738,48,5,'2020-06-14 00:16:00','2020-06-14 09:09:00',11033),(475,753,614,2,'2020-04-16 21:53:00','2020-03-06 10:15:00',21338),(476,766,387,4,'2020-03-03 17:20:00','2020-03-19 22:01:00',21529),(477,655,120,2,'2020-06-23 04:07:00','2020-06-11 21:11:00',22728),(478,605,648,1,'2020-05-30 00:28:00','2020-06-08 12:08:00',16570),(479,135,647,3,'2020-03-25 17:15:00','2020-05-28 23:11:00',16343),(480,425,496,10,'2020-04-01 01:15:00','2020-03-17 08:38:00',11652),(481,252,295,9,'2020-04-13 08:43:00','2020-03-24 03:43:00',7813),(482,666,523,8,'2020-05-25 17:21:00','2020-05-28 07:20:00',16020),(483,262,227,6,'2020-04-25 19:23:00','2020-05-16 15:14:00',8790),(484,879,574,5,'2020-05-13 19:19:00','2020-05-14 06:39:00',4319),(485,432,435,3,'2020-04-25 03:00:00','2020-04-02 15:16:00',20264),(486,630,106,2,'2020-06-20 08:09:00','2020-04-13 09:53:00',4700),(487,606,15,7,'2020-03-02 01:44:00','2020-04-06 09:57:00',24633),(488,460,125,8,'2020-05-23 04:43:00','2020-04-29 07:35:00',15015),(489,493,318,9,'2020-05-12 00:20:00','2020-06-03 09:44:00',21528),(490,360,472,5,'2020-05-05 23:55:00','2020-04-14 22:06:00',15465),(491,6,186,1,'2020-05-22 04:05:00','2020-05-31 14:22:00',11207),(492,7,138,10,'2020-06-21 04:02:00','2020-05-03 10:00:00',18144),(493,176,9,7,'2020-05-18 01:25:00','2020-03-30 00:16:00',8181),(494,580,414,3,'2020-04-17 03:18:00','2020-04-13 00:14:00',16046),(495,888,82,3,'2020-06-19 22:30:00','2020-05-05 03:56:00',20608),(496,15,550,3,'2020-05-30 05:09:00','2020-03-15 02:57:00',11891),(497,388,516,3,'2020-04-12 22:35:00','2020-04-20 03:57:00',19443),(498,170,386,1,'2020-05-12 03:05:00','2020-03-21 01:45:00',21842),(499,671,128,4,'2020-06-17 02:26:00','2020-06-12 16:52:00',3423),(500,698,64,10,'2020-03-27 13:00:00','2020-05-25 20:37:00',2420);
/*!40000 ALTER TABLE `suministro_ingreso` ENABLE KEYS */;
UNLOCK TABLES;
/*!50003 SET @saved_cs_client      = @@character_set_client */ ;
/*!50003 SET @saved_cs_results     = @@character_set_results */ ;
/*!50003 SET @saved_col_connection = @@collation_connection */ ;
/*!50003 SET character_set_client  = utf8 */ ;
/*!50003 SET character_set_results = utf8 */ ;
/*!50003 SET collation_connection  = utf8_general_ci */ ;
/*!50003 SET @saved_sql_mode       = @@sql_mode */ ;
/*!50003 SET sql_mode              = '' */ ;
DELIMITER ;;
/*!50003 CREATE*/ /*!50017 DEFINER=`root`@`localhost`*/ /*!50003 TRIGGER `suministroCostoUnitario` BEFORE INSERT ON `suministro_ingreso` FOR EACH ROW BEGIN

  IF (NEW.costoUnitario < 20000) THEN
    INSERT INTO suministro_ingreso(SUMINISTRO_id, EMPLEADOCENTRO_id, ingreso_cantidad, cantidad, pedido, recibido, costoUnitario)
      VALUES (NEW.SUMINISTRO_id, NEW.EMPLEADOCENTRO_id, NEW.ingreso_cantidad, NEW.pedido, NEW.recibido, NEW.costoUnitario);
  END IF;

END */;;
DELIMITER ;
/*!50003 SET sql_mode              = @saved_sql_mode */ ;
/*!50003 SET character_set_client  = @saved_cs_client */ ;
/*!50003 SET character_set_results = @saved_cs_results */ ;
/*!50003 SET collation_connection  = @saved_col_connection */ ;
/*!50003 SET @saved_cs_client      = @@character_set_client */ ;
/*!50003 SET @saved_cs_results     = @@character_set_results */ ;
/*!50003 SET @saved_col_connection = @@collation_connection */ ;
/*!50003 SET character_set_client  = utf8 */ ;
/*!50003 SET character_set_results = utf8 */ ;
/*!50003 SET collation_connection  = utf8_general_ci */ ;
/*!50003 SET @saved_sql_mode       = @@sql_mode */ ;
/*!50003 SET sql_mode              = '' */ ;
DELIMITER ;;
/*!50003 CREATE*/ /*!50017 DEFINER=`root`@`localhost`*/ /*!50003 TRIGGER `Suministro_Se_Recibe` AFTER UPDATE ON `suministro_ingreso` FOR EACH ROW BEGIN
    UPDATE suministro s
    SET s.cantidad = s.cantidad + NEW.ingreso_cantidad
    WHERE s.id = NEW.SUMINISTRO_id;
END */;;
DELIMITER ;
/*!50003 SET sql_mode              = @saved_sql_mode */ ;
/*!50003 SET character_set_client  = @saved_cs_client */ ;
/*!50003 SET character_set_results = @saved_cs_results */ ;
/*!50003 SET collation_connection  = @saved_col_connection */ ;

--
-- Table structure for table `suministro_lvlpeticion`
--

DROP TABLE IF EXISTS `suministro_lvlpeticion`;
/*!40101 SET @saved_cs_client     = @@character_set_client */;
/*!50503 SET character_set_client = utf8mb4 */;
CREATE TABLE `suministro_lvlpeticion` (
  `id` int(10) unsigned NOT NULL AUTO_INCREMENT,
  `tipoPeti` varchar(45) DEFAULT NULL,
  PRIMARY KEY (`id`)
) ENGINE=InnoDB AUTO_INCREMENT=5 DEFAULT CHARSET=utf8;
/*!40101 SET character_set_client = @saved_cs_client */;

--
-- Dumping data for table `suministro_lvlpeticion`
--

LOCK TABLES `suministro_lvlpeticion` WRITE;
/*!40000 ALTER TABLE `suministro_lvlpeticion` DISABLE KEYS */;
INSERT INTO `suministro_lvlpeticion` VALUES (1,'Bajo'),(2,'Moderado'),(3,'Alto'),(4,'Muy Alto');
/*!40000 ALTER TABLE `suministro_lvlpeticion` ENABLE KEYS */;
UNLOCK TABLES;

--
-- Table structure for table `telefono`
--

DROP TABLE IF EXISTS `telefono`;
/*!40101 SET @saved_cs_client     = @@character_set_client */;
/*!50503 SET character_set_client = utf8mb4 */;
CREATE TABLE `telefono` (
  `idTelefono` int(10) unsigned NOT NULL AUTO_INCREMENT,
  `Telefono` varchar(90) CHARACTER SET utf8 COLLATE utf8_general_ci NOT NULL,
  PRIMARY KEY (`idTelefono`),
  UNIQUE KEY `idTelefonos_UNIQUE` (`idTelefono`)
) ENGINE=InnoDB AUTO_INCREMENT=3568 DEFAULT CHARSET=utf8;
/*!40101 SET character_set_client = @saved_cs_client */;

--
-- Dumping data for table `telefono`
--

LOCK TABLES `telefono` WRITE;
/*!40000 ALTER TABLE `telefono` DISABLE KEYS */;
INSERT INTO `telefono` VALUES (1,'(709) 879-9050'),(2,'(236) 860-8508'),(3,'(467) 841-0660'),(4,'(302) 538-7210'),(5,'(724) 580-8333'),(6,'(100) 786-4335'),(7,'(243) 619-3734'),(8,'(867) 050-8951'),(9,'(690) 831-1276'),(10,'(746) 064-3395'),(11,'(949) 782-4950'),(12,'(522) 787-3569'),(13,'(513) 723-7500'),(14,'(600) 555-3815'),(15,'(691) 037-2416'),(16,'(516) 358-1435'),(17,'(444) 815-3030'),(18,'(690) 099-5536'),(19,'(573) 234-4606'),(20,'(591) 635-1726'),(21,'(157) 623-5778'),(22,'(376) 137-0389'),(23,'(689) 489-7322'),(24,'(682) 033-0337'),(25,'(127) 640-2646'),(26,'(647) 051-9582'),(27,'(360) 244-9988'),(28,'(611) 541-9508'),(29,'(380) 444-8402'),(30,'(631) 861-1231'),(31,'(555) 146-7324'),(32,'(367) 949-1011'),(33,'(766) 868-1929'),(34,'(658) 975-6668'),(35,'(307) 263-9051'),(36,'(831) 481-7247'),(37,'(799) 682-8721'),(38,'(714) 420-7477'),(39,'(558) 486-0335'),(40,'(632) 640-6949'),(41,'(645) 458-4321'),(42,'(146) 333-8333'),(43,'(541) 380-5252'),(44,'(522) 335-6110'),(45,'(577) 372-0460'),(46,'(867) 997-2791'),(47,'(737) 453-0136'),(48,'(599) 556-5063'),(49,'(151) 126-6290'),(50,'(208) 764-3977'),(51,'(269) 461-1347'),(52,'(273) 018-4469'),(53,'(684) 595-4502'),(54,'(956) 521-8259'),(55,'(775) 743-1203'),(56,'(463) 585-1075'),(57,'(732) 058-2984'),(58,'(179) 453-6147'),(59,'(983) 314-0956'),(60,'(539) 329-0005'),(61,'(558) 804-4761'),(62,'(838) 906-7773'),(63,'(602) 906-7108'),(64,'(419) 205-9698'),(65,'(771) 009-1849'),(66,'(995) 643-8716'),(67,'(408) 583-7161'),(68,'(271) 230-9036'),(69,'(777) 792-1192'),(70,'(744) 560-4359'),(71,'(918) 057-6093'),(72,'(508) 705-2178'),(73,'(900) 959-7183'),(74,'(964) 189-1048'),(75,'(275) 306-5843'),(76,'(458) 374-5169'),(77,'(178) 694-3064'),(78,'(779) 837-9335'),(79,'(711) 319-4902'),(80,'(451) 060-2219'),(81,'(452) 288-9219'),(82,'(171) 755-4806'),(83,'(599) 473-5568'),(84,'(528) 976-6324'),(85,'(972) 951-8130'),(86,'(475) 044-2324'),(87,'(273) 849-2597'),(88,'(281) 855-9278'),(89,'(140) 754-1604'),(90,'(396) 136-0734'),(91,'(342) 149-2296'),(92,'(811) 132-2692'),(93,'(164) 084-6506'),(94,'(103) 057-3500'),(95,'(919) 626-9941'),(96,'(584) 853-9097'),(97,'(239) 986-3260'),(98,'(688) 503-2621'),(99,'(381) 092-7997'),(100,'(311) 385-8635'),(101,'(457) 574-2225'),(102,'(209) 923-4412'),(103,'(129) 936-6242'),(104,'(405) 941-6760'),(105,'(587) 900-7627'),(106,'(110) 761-1925'),(107,'(791) 089-7109'),(108,'(876) 684-5607'),(109,'(216) 723-7667'),(110,'(677) 588-9165'),(111,'(761) 360-9359'),(112,'(345) 341-0754'),(113,'(645) 704-8644'),(114,'(467) 966-6042'),(115,'(624) 935-5407'),(116,'(978) 337-6533'),(117,'(248) 317-5804'),(118,'(269) 072-9218'),(119,'(608) 311-0383'),(120,'(561) 741-8353'),(121,'(696) 908-4389'),(122,'(627) 980-6535'),(123,'(263) 463-1681'),(124,'(569) 092-1251'),(125,'(805) 607-5697'),(126,'(167) 215-7183'),(127,'(820) 436-3544'),(128,'(591) 941-5919'),(129,'(976) 364-0108'),(130,'(403) 714-0120'),(131,'(974) 764-2772'),(132,'(395) 736-3186'),(133,'(279) 382-7840'),(134,'(250) 587-6496'),(135,'(377) 842-8951'),(136,'(219) 848-7846'),(137,'(759) 493-7840'),(138,'(884) 862-8635'),(139,'(729) 119-7159'),(140,'(753) 718-4530'),(141,'(297) 440-8996'),(142,'(848) 335-5096'),(143,'(911) 344-7362'),(144,'(209) 946-5446'),(145,'(847) 405-2979'),(146,'(724) 563-7102'),(147,'(254) 764-6953'),(148,'(161) 211-9599'),(149,'(169) 786-9248'),(150,'(887) 732-5046'),(151,'(138) 242-4240'),(152,'(337) 122-5074'),(153,'(231) 102-8968'),(154,'(101) 062-9742'),(155,'(202) 359-5590'),(156,'(237) 645-8155'),(157,'(454) 400-1277'),(158,'(670) 643-4912'),(159,'(679) 769-6749'),(160,'(595) 606-5047'),(161,'(916) 823-6379'),(162,'(315) 607-3711'),(163,'(470) 898-0681'),(164,'(377) 345-6380'),(165,'(926) 503-9433'),(166,'(362) 698-2090'),(167,'(183) 855-3244'),(168,'(487) 607-5262'),(169,'(503) 997-1865'),(170,'(816) 988-4423'),(171,'(143) 039-9890'),(172,'(757) 014-9251'),(173,'(127) 485-6715'),(174,'(544) 790-3202'),(175,'(794) 004-0157'),(176,'(368) 020-8958'),(177,'(153) 988-1186'),(178,'(173) 779-3129'),(179,'(875) 469-8767'),(180,'(628) 723-3530'),(181,'(309) 396-8977'),(182,'(528) 358-4306'),(183,'(179) 120-8104'),(184,'(151) 609-4590'),(185,'(624) 101-5256'),(186,'(638) 968-3333'),(187,'(749) 358-0459'),(188,'(742) 960-0772'),(189,'(434) 876-4066'),(190,'(114) 589-0352'),(191,'(254) 351-0214'),(192,'(853) 006-5672'),(193,'(939) 781-1010'),(194,'(576) 492-9109'),(195,'(803) 391-8202'),(196,'(459) 106-2880'),(197,'(341) 006-5451'),(198,'(647) 248-8934'),(199,'(993) 217-6110'),(200,'(778) 988-9205'),(201,'(740) 437-3950'),(202,'(599) 870-9421'),(203,'(195) 816-0381'),(204,'(647) 358-7382'),(205,'(599) 085-6929'),(206,'(407) 365-2978'),(207,'(328) 427-1372'),(208,'(806) 817-7278'),(209,'(463) 684-3084'),(210,'(461) 131-0399'),(211,'(174) 429-8688'),(212,'(113) 938-4199'),(213,'(823) 921-6246'),(214,'(826) 127-1431'),(215,'(631) 563-8048'),(216,'(536) 527-3010'),(217,'(690) 071-1315'),(218,'(451) 348-8212'),(219,'(181) 032-2804'),(220,'(313) 920-0534'),(221,'(144) 659-8205'),(222,'(100) 126-5189'),(223,'(246) 881-4988'),(224,'(741) 436-5508'),(225,'(803) 181-1173'),(226,'(556) 078-7433'),(227,'(226) 331-7690'),(228,'(126) 111-1766'),(229,'(789) 515-0781'),(230,'(989) 170-3999'),(231,'(179) 796-8264'),(232,'(935) 137-6019'),(233,'(383) 233-1686'),(234,'(147) 805-4850'),(235,'(434) 948-3317'),(236,'(135) 179-9519'),(237,'(573) 725-8102'),(238,'(779) 761-2520'),(239,'(654) 180-7165'),(240,'(199) 821-3218'),(241,'(699) 089-9109'),(242,'(415) 538-6333'),(243,'(490) 543-5058'),(244,'(143) 710-2534'),(245,'(404) 856-2668'),(246,'(620) 842-9559'),(247,'(650) 873-2957'),(248,'(388) 899-6117'),(249,'(140) 568-9028'),(250,'(381) 891-6767'),(251,'(672) 771-6445'),(252,'(870) 963-4293'),(253,'(706) 864-3287'),(254,'(571) 613-6055'),(255,'(592) 380-3634'),(256,'(111) 666-7583'),(257,'(952) 390-0106'),(258,'(129) 327-3185'),(259,'(765) 631-7179'),(260,'(558) 009-8791'),(261,'(638) 842-6630'),(262,'(834) 348-0295'),(263,'(653) 245-2462'),(264,'(523) 230-5313'),(265,'(780) 871-3528'),(266,'(314) 685-4486'),(267,'(835) 476-4270'),(268,'(550) 456-4866'),(269,'(250) 264-4591'),(270,'(369) 184-8122'),(271,'(290) 588-5621'),(272,'(507) 341-9012'),(273,'(146) 328-5969'),(274,'(282) 113-3310'),(275,'(481) 864-1011'),(276,'(352) 335-9119'),(277,'(167) 108-7653'),(278,'(105) 803-8898'),(279,'(211) 331-5189'),(280,'(156) 137-2473'),(281,'(418) 977-3437'),(282,'(353) 078-3300'),(283,'(507) 979-2503'),(284,'(403) 057-3589'),(285,'(351) 730-4492'),(286,'(449) 343-8327'),(287,'(821) 929-3945'),(288,'(275) 416-1202'),(289,'(807) 368-9313'),(290,'(713) 329-2504'),(291,'(454) 852-2526'),(292,'(902) 551-8099'),(293,'(656) 983-8753'),(294,'(476) 159-1845'),(295,'(362) 390-0139'),(296,'(376) 934-5220'),(297,'4335102 / 5428'),(298,'4338516'),(299,'4339101'),(300,'4335123'),(301,'4339103'),(302,'03543-449420'),(303,'4339135 / 9109'),(304,'4338551'),(305,'4337309/7362'),(306,'4338763 / 8552'),(307,'4338750 / 60'),(308,'4338630'),(309,'4335435'),(310,'4336003'),(311,'4332860/61'),(312,'4335108 / 5438'),(313,'4335109 / 5436'),(314,'4335103/ 5429'),(315,'4335110 / 5439'),(316,'4335104 / 5440'),(317,'4335105/ 5441'),(318,'4337310 / 7364'),(319,'4333302'),(320,'4333303 / 3518'),(321,'4336021'),(322,'4337306'),(323,'4338553'),(324,'4337302'),(325,'4337307'),(326,'4337308'),(327,'03543-449427'),(328,'4339110/36'),(329,'0351-156100451'),(330,'03543-449428/22'),(331,'4334359/51'),(332,'4338758'),(333,'4338555/ 38765'),(334,'4334355'),(335,'4334353'),(336,'4333211'),(337,'4333312 / 3187'),(338,'4334377 / 4366'),(339,'4334281'),(340,'4334280/'),(341,'4333213 - 4333313'),(342,'4338633'),(343,'4335106 / 5437'),(344,'4338405'),(345,'4333304'),(346,'4995883/1883'),(347,'4337311 / 7338'),(348,'4333314'),(349,'4335442/5111'),(350,'4337339'),(351,'4338561 / 8766'),(352,'03543-449432'),(353,'4338769 - 155376415'),(354,'4333305'),(355,'4335122'),(356,'03543-449421-9020'),(357,'155494983'),(358,'4337818'),(359,'4334378'),(360,'4333210 / 3315'),(361,'03543-449430/9022'),(362,'03543-449431/9443'),(363,'4338500'),(364,'4997931'),(365,'4333208'),(366,'4338631'),(367,'4997930'),(368,'4333517/3317'),(369,'4999910'),(370,'4334357 / 4379'),(371,'4333332 / 3209'),(372,'4337816'),(373,'4332862'),(374,'4333215'),(375,'4338562'),(376,'4338632'),(377,'03543-439691'),(378,'4333335'),(379,'4339137'),(380,'4335133'),(381,'4333512/ 3216'),(382,'4333217'),(383,'156100370'),(384,'4333228'),(385,'4348527'),(386,'4338528'),(387,'03543-449026'),(388,'4343188'),(389,'4331924'),(390,'4348520'),(391,'4356714'),(392,'4343230'),(393,'4969060'),(394,'0351-155494983'),(395,'0351-156100319'),(396,'0351-152094378'),(397,'4802303'),(398,'4807842'),(399,'4804819'),(400,'4807804'),(401,'4807808'),(402,'4807073'),(403,'4807689'),(404,'4351530'),(405,'4388990'),(406,' 4807680 (int 377)'),(407,'4806635'),(408,'4806631'),(409,'4806636'),(410,'4804657'),(411,'4393937'),(412,'4806637'),(413,'4805620'),(414,'4805647'),(415,'4807847'),(416,'4807844'),(417,'4805859'),(418,'4807697'),(419,'4805625'),(420,'4807841'),(421,'4807845'),(422,'4809779'),(423,'4809197'),(424,'4809768'),(425,'4809772'),(426,'4809529'),(427,'4805648'),(428,'4809765'),(429,'4809195'),(430,'4809524'),(431,'4809767'),(432,'4809196'),(433,'4809521'),(434,'4809766'),(435,'4809760'),(436,'4809773'),(437,'4809778'),(438,'4809190'),(439,'4809771'),(440,'4809769'),(441,'0291 - 4559393'),(442,'011 - 4259298'),(443,'0223 - 436671'),(444,'011 - 92620'),(445,'0221 - 5099300'),(446,'02392 - 433107'),(447,'0291 - 4550270'),(448,'0223 - 4938128 / 0223 - 4917117'),(449,'011 - 42577304'),(450,'0221 - 4533626'),(451,'011 - 47657770'),(452,'011 - 42551767'),(453,'011 - 46591535'),(454,'011 - 47243000'),(455,'0291 - 4593600/11'),(456,'0223 - 4770262'),(457,'0221 - 4211195'),(458,'02293 - 422010/14'),(459,'02281 - 4423644'),(460,'011 - 47131762'),(461,'0221 - 1142922020'),(462,'0291 - 4562220'),(463,'011 - 33851'),(464,'0483 - 6147'),(465,'011 - 43728289'),(466,'011 - 1541426502'),(467,'011 - 48117575'),(468,'011 - 49326845'),(469,'011 - 47893600'),(470,'011 - 43823767'),(471,'011 - 55305700'),(472,'011 - 45514318'),(473,'011 - 48161083'),(474,'011 - 48128449'),(475,'011 - 48121166'),(476,'011 - 52732000'),(477,'011 - 59508509'),(478,'011 - 49590200'),(479,'011 - 57772500'),(480,'011 - 47781587'),(481,'011 - 49613091'),(482,'011 - 48315900'),(483,'011 - 47734889'),(484,'011 - 50323358'),(485,'0362 - 4425050'),(486,'0362 - 413594/96'),(487,'0362 - 4428243'),(488,'0362 - 4429155'),(489,'0297 - 4461800 INT DCION 266/3'),(490,'0280 - 4451240 / 4451226'),(491,'0297 - 4470600'),(492,'0280 - 154553375'),(493,'0358 - 4643654'),(494,'0351 - 5699611'),(495,'0351 - 4694466'),(496,'0351 - 4247351'),(497,'0351 - 4257182'),(498,'0351 - 4348350'),(499,'0351 - 4348761'),(500,'0351 - 4331053'),(501,'03543 - 429142'),(502,'0379 - 435122'),(503,'0343 - 4313744'),(504,'0343 - 4232090'),(505,'0343 - 4233707/5877'),(506,'0388 - 4221037'),(507,'0338 - 4231999'),(508,'02954 - 455000'),(509,'0380 - 4453552'),(510,'0261 - 4203546'),(511,'0261 - 4059000'),(512,'0263 - 4420158'),(513,'02622 - 422324'),(514,'0263 - 442253'),(515,'0800 - 8002368'),(516,'0261 - 4972277'),(517,'0260 - 4422580'),(518,'0261 - 4236184'),(519,'261 - 4233560'),(520,'0261 - 4497541'),(521,'0261 - 4491100'),(522,'0261 - 4274530'),(523,'0261 - 4246553'),(524,'376-4913422'),(525,'0376 - 4443700'),(526,'03752 - 427151'),(527,'03752 - 420543 / 440140'),(528,'0299 - 4489966'),(529,'0299 - 4424170'),(530,'0299 - 4436006'),(531,'0299 - 4490800'),(532,'0294 - 4426467'),(533,'0294 - 4426119 / 0294 - 4426100 int 395'),(534,'0387 - 4398880'),(535,'0387 - 4325000'),(536,'0387 - 4954900'),(537,'0387 - 4222272'),(538,'0264 - 4273587'),(539,'0264 - 4200962'),(540,'0264 - 4227404'),(541,'0264 - 4330880'),(542,'02657 - 422558'),(543,'0266 - 4443054'),(544,'0266 - 4452000'),(545,'0341 - 4249925'),(546,'0342 - 4599902'),(547,'0341 - 4404404'),(548,'0341 - 4714510'),(549,'0341 - 4721111'),(550,'0342 - 4575712/13/17'),(551,'0342 - 4573357'),(552,'0341 - 4809144'),(553,'0341 - 4724649/43'),(554,'0341 - 4240005'),(555,'0341 - 4209024'),(556,'0341 - 4476600'),(557,'0341 - 5309000'),(558,'0341 - 4868960'),(559,'0342 - 4520091'),(560,'03492 - 423976'),(561,'0385 - 4213252'),(562,'0381 - 4214422'),(563,'0381 - 4354357'),(564,'03814 - 721002'),(565,'0381 - 4320776'),(566,'0381 - 4309309'),(567,'(614) 2662219'),(568,'(121) 3217746'),(569,'(997) 7745391'),(570,'(447) 1295521'),(571,'(939) 8667825'),(572,'(207) 2908236'),(573,'(888) 9050951'),(574,'(210) 7183304'),(575,'(600) 6214039'),(576,'(965) 2361973'),(577,'(514) 6236558'),(578,'(310) 8658531'),(579,'(261) 6348179'),(580,'(567) 4130672'),(581,'(651) 6943770'),(582,'(227) 5474719'),(583,'(789) 1151309'),(584,'(349) 7506962'),(585,'(360) 3459466'),(586,'(682) 5051188'),(587,'(867) 9411611'),(588,'(222) 5537811'),(589,'(237) 7360611'),(590,'(852) 4007016'),(591,'(333) 2341616'),(592,'(445) 6667646'),(593,'(714) 6984550'),(594,'(322) 7813553'),(595,'(562) 8586150'),(596,'(332) 2093913'),(597,'(949) 2265708'),(598,'(126) 1815059'),(599,'(455) 7545231'),(600,'(801) 5703443'),(601,'(298) 1868770'),(602,'(713) 5243708'),(603,'(292) 7053853'),(604,'(600) 4270632'),(605,'(942) 3100997'),(606,'(902) 5349781'),(607,'(670) 4666415'),(608,'(484) 2568640'),(609,'(627) 2655027'),(610,'(534) 2624419'),(611,'(881) 5254412'),(612,'(886) 3429816'),(613,'(797) 6043826'),(614,'(298) 8565980'),(615,'(769) 7527355'),(616,'(808) 1456851'),(617,'(911) 7737754'),(618,'(608) 6784044'),(619,'(532) 2715941'),(620,'(247) 4309405'),(621,'(508) 1905049'),(622,'(781) 9248009'),(623,'(642) 9093576'),(624,'(187) 1765212'),(625,'(163) 5893606'),(626,'(653) 9341517'),(627,'(495) 2107069'),(628,'(702) 2988837'),(629,'(705) 4257434'),(630,'(736) 8633099'),(631,'(978) 6715789'),(632,'(959) 6683051'),(633,'(859) 3149738'),(634,'(427) 8465984'),(635,'(931) 1246903'),(636,'(923) 4572860'),(637,'(884) 5926336'),(638,'(218) 3460115'),(639,'(297) 9969707'),(640,'(347) 7032789'),(641,'(173) 2833286'),(642,'(821) 3508061'),(643,'(996) 6458603'),(644,'(921) 6940316'),(645,'(234) 1259509'),(646,'(210) 3949982'),(647,'(558) 5019489'),(648,'(495) 5160640'),(649,'(802) 7552035'),(650,'(770) 5122988'),(651,'(533) 4872544'),(652,'(135) 3193064'),(653,'(748) 7441737'),(654,'(647) 1542381'),(655,'(156) 5523089'),(656,'(313) 1313373'),(657,'(689) 8173112'),(658,'(892) 1547817'),(659,'(615) 8872549'),(660,'(523) 6575003'),(661,'(798) 9717364'),(662,'(610) 7260226'),(663,'(791) 1224964'),(664,'(548) 7001181'),(665,'(577) 6774000'),(666,'(934) 1001414'),(667,'(792) 1987040'),(668,'(757) 5790211'),(669,'(293) 5898808'),(670,'(351) 1228330'),(671,'(131) 9379434'),(672,'(687) 1724933'),(673,'(396) 6982903'),(674,'(753) 9422999'),(675,'(863) 8525843'),(676,'(630) 2067434'),(677,'(425) 5238876'),(678,'(629) 5546380'),(679,'(305) 6087057'),(680,'(127) 7986921'),(681,'(322) 8395675'),(682,'(953) 8231818'),(683,'(992) 7857041'),(684,'(616) 5895081'),(685,'(770) 2773672'),(686,'(606) 1201584'),(687,'(303) 8010488'),(688,'(659) 9919895'),(689,'(401) 2486325'),(690,'(145) 9089185'),(691,'(910) 6246439'),(692,'(522) 3513403'),(693,'(884) 3034345'),(694,'(810) 9261302'),(695,'(692) 6352386'),(696,'(317) 3460816'),(697,'(709) 3753201'),(698,'(378) 2104599'),(699,'(289) 3512499'),(700,'(395) 1475546'),(701,'(866) 9252821'),(702,'(191) 3762843'),(703,'(945) 9838015'),(704,'(622) 4983260'),(705,'(196) 8862809'),(706,'(357) 7572981'),(707,'(143) 4042109'),(708,'(264) 2912894'),(709,'(215) 2427647'),(710,'(457) 7204004'),(711,'(918) 1196770'),(712,'(717) 7750435'),(713,'(413) 8541934'),(714,'(646) 5404257'),(715,'(750) 5569768'),(716,'(558) 1905131'),(717,'(940) 7083013'),(718,'(493) 7694227'),(719,'(600) 6024456'),(720,'(233) 4350898'),(721,'(254) 3827470'),(722,'(601) 9318782'),(723,'(912) 3618853'),(724,'(246) 8639040'),(725,'(801) 6300957'),(726,'(480) 3355510'),(727,'(982) 2088059'),(728,'(600) 9333412'),(729,'(239) 9758684'),(730,'(872) 9290375'),(731,'(839) 2470536'),(732,'(389) 7967326'),(733,'(882) 3433659'),(734,'(292) 8825330'),(735,'(585) 8689088'),(736,'(708) 8257998'),(737,'(920) 7628585'),(738,'(884) 4634590'),(739,'(635) 9486009'),(740,'(854) 2465660'),(741,'(285) 2601034'),(742,'(870) 3189558'),(743,'(401) 3062741'),(744,'(473) 6089333'),(745,'(841) 4620960'),(746,'(536) 2126956'),(747,'(370) 7409478'),(748,'(453) 5392476'),(749,'(817) 1641680'),(750,'(117) 2173519'),(751,'(912) 9522478'),(752,'(714) 3513310'),(753,'(981) 1530021'),(754,'(221) 2133460'),(755,'(983) 2985706'),(756,'(359) 6777545'),(757,'(492) 2659057'),(758,'(229) 5697960'),(759,'(472) 4030605'),(760,'(792) 1679581'),(761,'(529) 7482795'),(762,'(852) 6456879'),(763,'(464) 2891298'),(764,'(814) 7006990'),(765,'(272) 7949881'),(766,'(847) 4088376'),(767,'(568) 9912534'),(768,'(512) 9209415'),(769,'(627) 5551447'),(770,'(587) 7678583'),(771,'(445) 5986639'),(772,'(696) 2194537'),(773,'(479) 7096744'),(774,'(584) 7660768'),(775,'(999) 8593765'),(776,'(248) 1359536'),(777,'(144) 4549720'),(778,'(602) 1384635'),(779,'(228) 2483369'),(780,'(345) 4524769'),(781,'(908) 9716193'),(782,'(580) 2025460'),(783,'(129) 2593023'),(784,'(807) 8583568'),(785,'(903) 1625683'),(786,'(243) 3606781'),(787,'(805) 1796847'),(788,'(878) 9763542'),(789,'(728) 4482662'),(790,'(229) 8042799'),(791,'(463) 4056936'),(792,'(909) 1042911'),(793,'(961) 2924882'),(794,'(144) 9221176'),(795,'(460) 6695639'),(796,'(158) 4855289'),(797,'(472) 6035935'),(798,'(458) 7651980'),(799,'(730) 3041676'),(800,'(212) 5685725'),(801,'(717) 7589411'),(802,'(592) 4620476'),(803,'(387) 8649319'),(804,'(548) 3312092'),(805,'(771) 1482217'),(806,'(666) 1534278'),(807,'(931) 8215307'),(808,'(238) 2876885'),(809,'(680) 4469686'),(810,'(121) 7357963'),(811,'(870) 2613012'),(812,'(695) 2906154'),(813,'(998) 1841225'),(814,'(228) 6943882'),(815,'(231) 4369266'),(816,'(503) 6905746'),(817,'(465) 6753136'),(818,'(967) 8869640'),(819,'(704) 2488147'),(820,'(335) 3494709'),(821,'(946) 9340273'),(822,'(909) 7365680'),(823,'(620) 2199841'),(824,'(392) 2237351'),(825,'(114) 8260871'),(826,'(311) 7997626'),(827,'(986) 2441339'),(828,'(642) 4882791'),(829,'(900) 1327654'),(830,'(596) 3311674'),(831,'(521) 7519912'),(832,'(209) 6311182'),(833,'(682) 7335441'),(834,'(224) 1070447'),(835,'(734) 2665066'),(836,'(684) 3526835'),(837,'(765) 8802517'),(838,'(404) 6929312'),(839,'(245) 6367029'),(840,'(353) 9779346'),(841,'(537) 8450972'),(842,'(461) 1441378'),(843,'(412) 3449763'),(844,'(156) 7874263'),(845,'(940) 5119178'),(846,'(821) 9652557'),(847,'(517) 3091477'),(848,'(728) 4848872'),(849,'(371) 2270009'),(850,'(781) 2141373'),(851,'(760) 7265073'),(852,'(213) 2836174'),(853,'(648) 8645376'),(854,'(509) 9778298'),(855,'(967) 2309451'),(856,'(531) 6617994'),(857,'(813) 9683312'),(858,'(672) 4792652'),(859,'(345) 1155571'),(860,'(204) 7421314'),(861,'(240) 7804329'),(862,'(315) 4393410'),(863,'(946) 2126526'),(864,'(103) 7520260'),(865,'(988) 7662662'),(866,'(675) 7484541'),(867,'(805) 3261466'),(868,'(417) 2005916'),(869,'(391) 9604917'),(870,'(522) 9602854'),(871,'(177) 3900203'),(872,'(488) 9217744'),(873,'(230) 5976345'),(874,'(351) 3476717'),(875,'(833) 5466045'),(876,'(296) 2309936'),(877,'(400) 5024358'),(878,'(803) 2528247'),(879,'(825) 2126592'),(880,'(248) 2511321'),(881,'(948) 2602857'),(882,'(273) 6534372'),(883,'(645) 4205021'),(884,'(574) 5777858'),(885,'(552) 9691989'),(886,'(255) 9476294'),(887,'(966) 9387710'),(888,'(610) 9944181'),(889,'(913) 2273110'),(890,'(533) 7199122'),(891,'(102) 4095250'),(892,'(426) 3431459'),(893,'(912) 6308197'),(894,'(420) 9021953'),(895,'(766) 2750424'),(896,'(964) 6923919'),(897,'(456) 5412221'),(898,'(925) 6212002'),(899,'(651) 9025252'),(900,'(752) 8087710'),(901,'(298) 1105493'),(902,'(859) 6521169'),(903,'(670) 7847041'),(904,'(948) 9723477'),(905,'(996) 1626893'),(906,'(442) 6954713'),(907,'(891) 7272165'),(908,'(298) 4714877'),(909,'(698) 5748571'),(910,'(511) 6758559'),(911,'(924) 2854443'),(912,'(755) 5863582'),(913,'(239) 4401002'),(914,'(237) 3825570'),(915,'(144) 2889553'),(916,'(566) 9606531'),(917,'(975) 6939529'),(918,'(665) 5951091'),(919,'(868) 6171859'),(920,'(911) 1292016'),(921,'(744) 4073995'),(922,'(453) 1791580'),(923,'(639) 5399512'),(924,'(697) 9010596'),(925,'(324) 2406962'),(926,'(339) 6631847'),(927,'(921) 9442126'),(928,'(730) 3638783'),(929,'(685) 5492331'),(930,'(197) 6217402'),(931,'(670) 2814605'),(932,'(682) 3259286'),(933,'(127) 5333796'),(934,'(436) 1166885'),(935,'(783) 1263058'),(936,'(632) 1861098'),(937,'(351) 2836110'),(938,'(530) 1756752'),(939,'(825) 8602582'),(940,'(490) 5593043'),(941,'(277) 6668171'),(942,'(374) 8902822'),(943,'(964) 3663890'),(944,'(220) 7359234'),(945,'(757) 8632674'),(946,'(536) 3896321'),(947,'(601) 7187130'),(948,'(216) 7367793'),(949,'(853) 3129800'),(950,'(275) 2115110'),(951,'(762) 5838809'),(952,'(854) 1702944'),(953,'(146) 3260684'),(954,'(632) 3131943'),(955,'(312) 8502476'),(956,'(243) 2594972'),(957,'(313) 8091519'),(958,'(614) 7286360'),(959,'(747) 5507459'),(960,'(109) 6089743'),(961,'(205) 3982658'),(962,'(199) 3965342'),(963,'(966) 2764511'),(964,'(466) 8636488'),(965,'(732) 8798475'),(966,'(694) 4856601'),(967,'(121) 6337365'),(968,'(567) 2498816'),(969,'(414) 8164815'),(970,'(960) 6958143'),(971,'(372) 8221291'),(972,'(773) 5381750'),(973,'(433) 2577561'),(974,'(334) 1301303'),(975,'(765) 3148151'),(976,'(191) 3514099'),(977,'(607) 4657395'),(978,'(245) 2921986'),(979,'(337) 5546435'),(980,'(277) 2080956'),(981,'(390) 8369189'),(982,'(610) 5081552'),(983,'(926) 2493350'),(984,'(963) 6561363'),(985,'(386) 2958863'),(986,'(174) 3960389'),(987,'(797) 3797529'),(988,'(578) 4683480'),(989,'(615) 5021756'),(990,'(230) 4095196'),(991,'(838) 3732134'),(992,'(114) 1703276'),(993,'(376) 4733238'),(994,'(630) 3784690'),(995,'(695) 2431294'),(996,'(494) 8303879'),(997,'(697) 2651581'),(998,'(290) 4910869'),(999,'(904) 2784669'),(1000,'(553) 9499623'),(1001,'(637) 3742118'),(1002,'(198) 2608973'),(1003,'(715) 5125065'),(1004,'(346) 2969607'),(1005,'(724) 6137165'),(1006,'(420) 2205100'),(1007,'(400) 9268025'),(1008,'(391) 8726757'),(1009,'(950) 7538334'),(1010,'(403) 1892184'),(1011,'(553) 4079338'),(1012,'(146) 9274206'),(1013,'(336) 9025809'),(1014,'(311) 8391903'),(1015,'(705) 6840049'),(1016,'(682) 5566322'),(1017,'(944) 4400490'),(1018,'(849) 9916660'),(1019,'(327) 1534248'),(1020,'(612) 3329247'),(1021,'(566) 4489462'),(1022,'(930) 1206872'),(1023,'(186) 7706313'),(1024,'(739) 2376046'),(1025,'(784) 9793038'),(1026,'(912) 5953299'),(1027,'(631) 7915660'),(1028,'(385) 1143044'),(1029,'(230) 8959654'),(1030,'(415) 6119250'),(1031,'(447) 2331736'),(1032,'(324) 7453596'),(1033,'(847) 7471117'),(1034,'(556) 9579120'),(1035,'(962) 6274319'),(1036,'(360) 8264557'),(1037,'(936) 7677424'),(1038,'(831) 2035894'),(1039,'(552) 1159354'),(1040,'(404) 6427226'),(1041,'(928) 5130869'),(1042,'(164) 1842097'),(1043,'(262) 9804350'),(1044,'(337) 9258573'),(1045,'(554) 8164224'),(1046,'(916) 3409966'),(1047,'(947) 6343874'),(1048,'(715) 4014622'),(1049,'(741) 6850931'),(1050,'(618) 3887907'),(1051,'(777) 4071969'),(1052,'(342) 1956052'),(1053,'(907) 8508551'),(1054,'(113) 5404700'),(1055,'(886) 2887157'),(1056,'(566) 4990352'),(1057,'(627) 2082027'),(1058,'(698) 4165324'),(1059,'(479) 5549219'),(1060,'(924) 5557544'),(1061,'(665) 5200044'),(1062,'(132) 8026579'),(1063,'(483) 4658821'),(1064,'(779) 5199820'),(1065,'(836) 2443717'),(1066,'(333) 2607997'),(1068,'(709) 879-9050'),(1069,'(236) 860-8508'),(1070,'(467) 841-0660'),(1071,'(302) 538-7210'),(1072,'(724) 580-8333'),(1073,'(100) 786-4335'),(1074,'(243) 619-3734'),(1075,'(867) 050-8951'),(1076,'(690) 831-1276'),(1077,'(746) 064-3395'),(1078,'(949) 782-4950'),(1079,'(522) 787-3569'),(1080,'(513) 723-7500'),(1081,'(600) 555-3815'),(1082,'(691) 037-2416'),(1083,'(516) 358-1435'),(1084,'(444) 815-3030'),(1085,'(690) 099-5536'),(1086,'(573) 234-4606'),(1087,'(591) 635-1726'),(1088,'(157) 623-5778'),(1089,'(376) 137-0389'),(1090,'(689) 489-7322'),(1091,'(682) 033-0337'),(1092,'(127) 640-2646'),(1093,'(647) 051-9582'),(1094,'(360) 244-9988'),(1095,'(611) 541-9508'),(1096,'(380) 444-8402'),(1097,'(631) 861-1231'),(1098,'(555) 146-7324'),(1099,'(367) 949-1011'),(1100,'(766) 868-1929'),(1101,'(658) 975-6668'),(1102,'(307) 263-9051'),(1103,'(831) 481-7247'),(1104,'(799) 682-8721'),(1105,'(714) 420-7477'),(1106,'(558) 486-0335'),(1107,'(632) 640-6949'),(1108,'(645) 458-4321'),(1109,'(146) 333-8333'),(1110,'(541) 380-5252'),(1111,'(522) 335-6110'),(1112,'(577) 372-0460'),(1113,'(867) 997-2791'),(1114,'(737) 453-0136'),(1115,'(599) 556-5063'),(1116,'(151) 126-6290'),(1117,'(208) 764-3977'),(1118,'(269) 461-1347'),(1119,'(273) 018-4469'),(1120,'(684) 595-4502'),(1121,'(956) 521-8259'),(1122,'(775) 743-1203'),(1123,'(463) 585-1075'),(1124,'(732) 058-2984'),(1125,'(179) 453-6147'),(1126,'(983) 314-0956'),(1127,'(539) 329-0005'),(1128,'(558) 804-4761'),(1129,'(838) 906-7773'),(1130,'(602) 906-7108'),(1131,'(419) 205-9698'),(1132,'(771) 009-1849'),(1133,'(995) 643-8716'),(1134,'(408) 583-7161'),(1135,'(271) 230-9036'),(1136,'(777) 792-1192'),(1137,'(744) 560-4359'),(1138,'(918) 057-6093'),(1139,'(508) 705-2178'),(1140,'(900) 959-7183'),(1141,'(964) 189-1048'),(1142,'(275) 306-5843'),(1143,'(458) 374-5169'),(1144,'(178) 694-3064'),(1145,'(779) 837-9335'),(1146,'(711) 319-4902'),(1147,'(451) 060-2219'),(1148,'(452) 288-9219'),(1149,'(171) 755-4806'),(1150,'(599) 473-5568'),(1151,'(528) 976-6324'),(1152,'(972) 951-8130'),(1153,'(475) 044-2324'),(1154,'(273) 849-2597'),(1155,'(281) 855-9278'),(1156,'(140) 754-1604'),(1157,'(396) 136-0734'),(1158,'(342) 149-2296'),(1159,'(811) 132-2692'),(1160,'(164) 084-6506'),(1161,'(103) 057-3500'),(1162,'(919) 626-9941'),(1163,'(584) 853-9097'),(1164,'(239) 986-3260'),(1165,'(688) 503-2621'),(1166,'(381) 092-7997'),(1167,'(311) 385-8635'),(1168,'(457) 574-2225'),(1169,'(209) 923-4412'),(1170,'(129) 936-6242'),(1171,'(405) 941-6760'),(1172,'(587) 900-7627'),(1173,'(110) 761-1925'),(1174,'(791) 089-7109'),(1175,'(876) 684-5607'),(1176,'(216) 723-7667'),(1177,'(677) 588-9165'),(1178,'(761) 360-9359'),(1179,'(345) 341-0754'),(1180,'(645) 704-8644'),(1181,'(467) 966-6042'),(1182,'(624) 935-5407'),(1183,'(978) 337-6533'),(1184,'(248) 317-5804'),(1185,'(269) 072-9218'),(1186,'(608) 311-0383'),(1187,'(561) 741-8353'),(1188,'(696) 908-4389'),(1189,'(627) 980-6535'),(1190,'(263) 463-1681'),(1191,'(569) 092-1251'),(1192,'(805) 607-5697'),(1193,'(167) 215-7183'),(1194,'(820) 436-3544'),(1195,'(591) 941-5919'),(1196,'(976) 364-0108'),(1197,'(403) 714-0120'),(1198,'(974) 764-2772'),(1199,'(395) 736-3186'),(1200,'(279) 382-7840'),(1201,'(250) 587-6496'),(1202,'(377) 842-8951'),(1203,'(219) 848-7846'),(1204,'(759) 493-7840'),(1205,'(884) 862-8635'),(1206,'(729) 119-7159'),(1207,'(753) 718-4530'),(1208,'(297) 440-8996'),(1209,'(848) 335-5096'),(1210,'(911) 344-7362'),(1211,'(209) 946-5446'),(1212,'(847) 405-2979'),(1213,'(724) 563-7102'),(1214,'(254) 764-6953'),(1215,'(161) 211-9599'),(1216,'(169) 786-9248'),(1217,'(887) 732-5046'),(1218,'(138) 242-4240'),(1219,'(337) 122-5074'),(1220,'(231) 102-8968'),(1221,'(101) 062-9742'),(1222,'(202) 359-5590'),(1223,'(237) 645-8155'),(1224,'(454) 400-1277'),(1225,'(670) 643-4912'),(1226,'(679) 769-6749'),(1227,'(595) 606-5047'),(1228,'(916) 823-6379'),(1229,'(315) 607-3711'),(1230,'(470) 898-0681'),(1231,'(377) 345-6380'),(1232,'(926) 503-9433'),(1233,'(362) 698-2090'),(1234,'(183) 855-3244'),(1235,'(487) 607-5262'),(1236,'(503) 997-1865'),(1237,'(816) 988-4423'),(1238,'(143) 039-9890'),(1239,'(757) 014-9251'),(1240,'(127) 485-6715'),(1241,'(544) 790-3202'),(1242,'(794) 004-0157'),(1243,'(368) 020-8958'),(1244,'(153) 988-1186'),(1245,'(173) 779-3129'),(1246,'(875) 469-8767'),(1247,'(628) 723-3530'),(1248,'(309) 396-8977'),(1249,'(528) 358-4306'),(1250,'(179) 120-8104'),(1251,'(151) 609-4590'),(1252,'(624) 101-5256'),(1253,'(638) 968-3333'),(1254,'(749) 358-0459'),(1255,'(742) 960-0772'),(1256,'(434) 876-4066'),(1257,'(114) 589-0352'),(1258,'(254) 351-0214'),(1259,'(853) 006-5672'),(1260,'(939) 781-1010'),(1261,'(576) 492-9109'),(1262,'(803) 391-8202'),(1263,'(459) 106-2880'),(1264,'(341) 006-5451'),(1265,'(647) 248-8934'),(1266,'(993) 217-6110'),(1267,'(778) 988-9205'),(1268,'(740) 437-3950'),(1269,'(599) 870-9421'),(1270,'(195) 816-0381'),(1271,'(647) 358-7382'),(1272,'(599) 085-6929'),(1273,'(407) 365-2978'),(1274,'(328) 427-1372'),(1275,'(806) 817-7278'),(1276,'(463) 684-3084'),(1277,'(461) 131-0399'),(1278,'(174) 429-8688'),(1279,'(113) 938-4199'),(1280,'(823) 921-6246'),(1281,'(826) 127-1431'),(1282,'(631) 563-8048'),(1283,'(536) 527-3010'),(1284,'(690) 071-1315'),(1285,'(451) 348-8212'),(1286,'(181) 032-2804'),(1287,'(313) 920-0534'),(1288,'(144) 659-8205'),(1289,'(100) 126-5189'),(1290,'(246) 881-4988'),(1291,'(741) 436-5508'),(1292,'(803) 181-1173'),(1293,'(556) 078-7433'),(1294,'(226) 331-7690'),(1295,'(126) 111-1766'),(1296,'(789) 515-0781'),(1297,'(989) 170-3999'),(1298,'(179) 796-8264'),(1299,'(935) 137-6019'),(1300,'(383) 233-1686'),(1301,'(147) 805-4850'),(1302,'(434) 948-3317'),(1303,'(135) 179-9519'),(1304,'(573) 725-8102'),(1305,'(779) 761-2520'),(1306,'(654) 180-7165'),(1307,'(199) 821-3218'),(1308,'(699) 089-9109'),(1309,'(415) 538-6333'),(1310,'(490) 543-5058'),(1311,'(143) 710-2534'),(1312,'(404) 856-2668'),(1313,'(620) 842-9559'),(1314,'(650) 873-2957'),(1315,'(388) 899-6117'),(1316,'(140) 568-9028'),(1317,'(381) 891-6767'),(1318,'(672) 771-6445'),(1319,'(870) 963-4293'),(1320,'(706) 864-3287'),(1321,'(571) 613-6055'),(1322,'(592) 380-3634'),(1323,'(111) 666-7583'),(1324,'(952) 390-0106'),(1325,'(129) 327-3185'),(1326,'(765) 631-7179'),(1327,'(558) 009-8791'),(1328,'(638) 842-6630'),(1329,'(834) 348-0295'),(1330,'(653) 245-2462'),(1331,'(523) 230-5313'),(1332,'(780) 871-3528'),(1333,'(314) 685-4486'),(1334,'(835) 476-4270'),(1335,'(550) 456-4866'),(1336,'(250) 264-4591'),(1337,'(369) 184-8122'),(1338,'(290) 588-5621'),(1339,'(507) 341-9012'),(1340,'(146) 328-5969'),(1341,'(282) 113-3310'),(1342,'(481) 864-1011'),(1343,'(352) 335-9119'),(1344,'(167) 108-7653'),(1345,'(105) 803-8898'),(1346,'(211) 331-5189'),(1347,'(156) 137-2473'),(1348,'(418) 977-3437'),(1349,'(353) 078-3300'),(1350,'(507) 979-2503'),(1351,'(403) 057-3589'),(1352,'(351) 730-4492'),(1353,'(449) 343-8327'),(1354,'(821) 929-3945'),(1355,'(275) 416-1202'),(1356,'(807) 368-9313'),(1357,'(713) 329-2504'),(1358,'(454) 852-2526'),(1359,'(902) 551-8099'),(1360,'(656) 983-8753'),(1361,'(476) 159-1845'),(1362,'(362) 390-0139'),(1363,'(376) 934-5220'),(1364,'(243) 495-1666'),(1365,'(300) 199-5093'),(1366,'(381) 060-6772'),(1367,'(361) 069-3601'),(1368,'(923) 619-8944'),(1369,'(472) 387-7001'),(1370,'(239) 126-0164'),(1371,'(164) 063-7204'),(1372,'(433) 263-3298'),(1373,'(661) 579-5049'),(1374,'(767) 431-7187'),(1375,'(921) 452-8743'),(1376,'(787) 880-0909'),(1377,'(259) 326-7184'),(1378,'(118) 431-4627'),(1379,'(545) 816-8598'),(1380,'(221) 167-4973'),(1381,'(504) 374-5189'),(1382,'(402) 021-4226'),(1383,'(912) 071-6540'),(1384,'(131) 329-0112'),(1385,'(926) 676-7174'),(1386,'(517) 654-7820'),(1387,'(709) 875-0725'),(1388,'(996) 907-8229'),(1389,'(293) 749-1322'),(1390,'(424) 034-3147'),(1391,'(995) 215-2263'),(1392,'(552) 134-6249'),(1393,'(394) 349-9869'),(1394,'(722) 301-4691'),(1395,'(954) 685-6450'),(1396,'(434) 055-8341'),(1397,'(702) 736-4418'),(1398,'(819) 307-0782'),(1399,'(689) 380-6551'),(1400,'(750) 847-1189'),(1401,'(375) 341-1068'),(1402,'(240) 047-6432'),(1403,'(170) 581-6611'),(1404,'(679) 027-8512'),(1405,'(397) 922-0349'),(1406,'(721) 786-4642'),(1407,'(398) 973-5122'),(1408,'(894) 353-9936'),(1409,'(995) 346-1301'),(1410,'(713) 406-9400'),(1411,'(721) 474-3865'),(1412,'(283) 241-8696'),(1413,'(178) 123-1367'),(1414,'(804) 228-6069'),(1415,'(624) 502-8015'),(1416,'(606) 195-6897'),(1417,'(280) 457-8321'),(1418,'(641) 983-4470'),(1419,'(889) 715-3046'),(1420,'(129) 011-1277'),(1421,'(592) 356-9984'),(1422,'(300) 354-2975'),(1423,'(787) 735-8555'),(1424,'(818) 783-7711'),(1425,'(321) 381-0920'),(1426,'(196) 057-0954'),(1427,'(517) 869-2134'),(1428,'(290) 746-5391'),(1429,'(949) 897-8824'),(1430,'(899) 116-8023'),(1431,'(885) 254-6830'),(1432,'(409) 398-3697'),(1433,'(485) 736-5002'),(1434,'(224) 113-2061'),(1435,'(788) 153-5521'),(1436,'(647) 874-0378'),(1437,'(801) 917-1473'),(1438,'(336) 680-1831'),(1439,'(475) 470-3661'),(1440,'(772) 104-8380'),(1441,'(573) 782-8315'),(1442,'(833) 683-8678'),(1443,'(566) 746-4924'),(1444,'(801) 521-1989'),(1445,'(647) 997-7950'),(1446,'(734) 686-0002'),(1447,'(757) 957-7282'),(1448,'(100) 783-6118'),(1449,'(584) 542-4023'),(1450,'(945) 375-6688'),(1451,'(668) 945-1682'),(1452,'(481) 529-6740'),(1453,'(360) 788-1197'),(1454,'(923) 829-9273'),(1455,'(780) 816-2933'),(1456,'(538) 989-5627'),(1457,'(199) 067-7047'),(1458,'(860) 285-7004'),(1459,'(308) 236-0693'),(1460,'(506) 927-8838'),(1461,'(636) 415-6140'),(1462,'(234) 971-2391'),(1463,'(663) 836-1338'),(1464,'(193) 855-8268'),(1465,'(402) 363-7019'),(1466,'(321) 476-6297'),(1467,'(593) 390-4841'),(1468,'(209) 988-7049'),(1469,'(591) 140-2747'),(1470,'(290) 565-1901'),(1471,'(988) 839-5760'),(1472,'(396) 034-6949'),(1473,'(534) 127-7408'),(1474,'(595) 407-6593'),(1475,'(613) 730-2015'),(1476,'(285) 767-3723'),(1477,'(933) 417-6265'),(1478,'(256) 843-9216'),(1479,'(411) 123-3954'),(1480,'(485) 427-5307'),(1481,'(316) 010-9890'),(1482,'(491) 672-7810'),(1483,'(569) 362-1015'),(1484,'(662) 193-6478'),(1485,'(134) 651-6147'),(1486,'(209) 499-7303'),(1487,'(583) 211-7949'),(1488,'(992) 810-3011'),(1489,'(773) 257-7733'),(1490,'(906) 176-9616'),(1491,'(150) 251-1032'),(1492,'(418) 970-8537'),(1493,'(997) 181-5571'),(1494,'(509) 536-9044'),(1495,'(991) 350-9809'),(1496,'(430) 712-0888'),(1497,'(443) 568-8213'),(1498,'(818) 747-7710'),(1499,'(793) 813-3851'),(1500,'(618) 444-3660'),(1501,'(629) 644-1823'),(1502,'(141) 980-3782'),(1503,'(216) 185-4402'),(1504,'(369) 161-0079'),(1505,'(334) 466-3566'),(1506,'(245) 899-4033'),(1507,'(911) 964-9174'),(1508,'(205) 274-6494'),(1509,'(303) 068-6072'),(1510,'(126) 840-1314'),(1511,'(446) 477-1653'),(1512,'(688) 486-5646'),(1513,'(390) 113-7955'),(1514,'(670) 876-6167'),(1515,'(286) 445-4000'),(1516,'(875) 663-6889'),(1517,'(437) 482-6558'),(1518,'(721) 719-8517'),(1519,'(648) 911-5317'),(1520,'(919) 986-7666'),(1521,'(751) 078-4471'),(1522,'(774) 019-9818'),(1523,'(354) 350-2776'),(1524,'(650) 973-4033'),(1525,'(876) 454-3074'),(1526,'(478) 845-1010'),(1527,'(149) 820-5165'),(1528,'(136) 850-8871'),(1529,'(534) 113-7389'),(1530,'(441) 085-5478'),(1531,'(657) 216-7451'),(1532,'(227) 339-7687'),(1533,'(244) 832-9095'),(1534,'(991) 753-9470'),(1535,'(856) 530-8275'),(1536,'(908) 176-8923'),(1537,'(629) 303-7045'),(1538,'(533) 695-7389'),(1539,'(933) 497-6444'),(1540,'(927) 722-7662'),(1541,'(439) 394-0055'),(1542,'(767) 576-9855'),(1543,'(825) 218-0252'),(1544,'(390) 767-5348'),(1545,'(365) 905-7836'),(1546,'(235) 221-8721'),(1547,'(174) 962-1738'),(1548,'(419) 267-1333'),(1549,'(773) 164-7093'),(1550,'(207) 338-6515'),(1551,'(240) 246-0208'),(1552,'(337) 373-9746'),(1553,'(297) 887-3144'),(1554,'(345) 245-5441'),(1555,'(790) 224-7385'),(1556,'(402) 288-7992'),(1557,'(901) 362-1904'),(1558,'(726) 128-5566'),(1559,'(691) 912-2456'),(1560,'(365) 335-6471'),(1561,'(802) 432-5920'),(1562,'(503) 393-8447'),(1563,'(398) 372-0329'),(1564,'(714) 635-8843'),(1565,'(907) 191-4355'),(1566,'(393) 971-3556'),(1567,'(918) 958-3730'),(1568,'(193) 981-1445'),(1569,'(781) 560-9033'),(1570,'(325) 833-7597'),(1571,'(808) 076-2476'),(1572,'(626) 606-5187'),(1573,'(256) 672-0953'),(1574,'(613) 678-4288'),(1575,'(183) 883-4794'),(1576,'(146) 507-7756'),(1577,'(672) 972-7718'),(1578,'(295) 294-7640'),(1579,'(834) 827-2127'),(1580,'(687) 275-7056'),(1581,'(919) 652-0427'),(1582,'(517) 802-9561'),(1583,'(224) 724-2093'),(1584,'(961) 717-2844'),(1585,'(420) 217-3217'),(1586,'(967) 682-0428'),(1587,'(780) 398-9086'),(1588,'(326) 005-9517'),(1589,'(365) 041-3201'),(1590,'(119) 085-5156'),(1591,'(743) 591-6340'),(1592,'(287) 271-9086'),(1593,'(412) 493-0559'),(1594,'(317) 680-6501'),(1595,'(502) 817-2551'),(1596,'(356) 968-6903'),(1597,'(709) 296-3279'),(1598,'(997) 684-8400'),(1599,'(744) 683-3315'),(1600,'(200) 063-6438'),(1601,'(101) 330-9774'),(1602,'(337) 025-8897'),(1603,'(876) 462-3503'),(1604,'(405) 763-6789'),(1605,'(299) 943-5605'),(1606,'(226) 312-8803'),(1607,'(112) 521-2793'),(1608,'(950) 190-8648'),(1609,'(688) 939-1654'),(1610,'(132) 784-1580'),(1611,'(678) 431-4841'),(1612,'(591) 984-3016'),(1613,'(833) 994-7399'),(1614,'(688) 978-4037'),(1615,'(738) 212-4058'),(1616,'(140) 066-3410'),(1617,'(599) 259-8534'),(1618,'(424) 989-5904'),(1619,'(861) 150-6482'),(1620,'(634) 920-0968'),(1621,'(398) 526-6460'),(1622,'(110) 564-2816'),(1623,'(587) 137-5487'),(1624,'(143) 161-2767'),(1625,'(603) 624-4759'),(1626,'(821) 812-4716'),(1627,'(220) 138-2072'),(1628,'(660) 132-9877'),(1629,'(559) 703-5051'),(1630,'(219) 613-0883'),(1631,'(774) 065-4491'),(1632,'(174) 852-7448'),(1633,'(598) 766-2724'),(1634,'(151) 310-5283'),(1635,'(481) 861-2049'),(1636,'(886) 108-2859'),(1637,'(399) 800-0060'),(1638,'(453) 987-3677'),(1639,'(637) 394-5126'),(1640,'(600) 228-3692'),(1641,'(655) 356-2629'),(1642,'(814) 942-8010'),(1643,'(534) 608-7866'),(1644,'(231) 082-5070'),(1645,'(371) 644-8079'),(1646,'(292) 300-3316'),(1647,'(697) 522-7999'),(1648,'(698) 565-6045'),(1649,'(580) 913-5916'),(1650,'(199) 049-5238'),(1651,'(788) 373-0819'),(1652,'(519) 502-6489'),(1653,'(871) 412-4895'),(1654,'(582) 459-7741'),(1655,'(782) 818-3436'),(1656,'(245) 087-0258'),(1657,'(804) 153-7262'),(1658,'(434) 702-7275'),(1659,'(938) 872-2091'),(1660,'(888) 963-9500'),(1661,'(105) 278-7883'),(1662,'(726) 370-0360'),(1663,'(935) 328-6212'),(1664,'(803) 161-3844'),(1665,'(934) 486-1739'),(1666,'(293) 067-4968'),(1667,'(118) 293-2682'),(1668,'(950) 917-7573'),(1669,'(851) 724-3479'),(1670,'(824) 392-7824'),(1671,'(744) 266-2910'),(1672,'(936) 645-9146'),(1673,'(817) 406-0112'),(1674,'(640) 458-5861'),(1675,'(493) 626-1498'),(1676,'(807) 702-5683'),(1677,'(232) 722-6587'),(1678,'(275) 893-2614'),(1679,'(310) 053-3719'),(1680,'(102) 441-0183'),(1681,'(479) 997-1054'),(1682,'(497) 118-3708'),(1683,'(223) 185-0244'),(1684,'(953) 980-4865'),(1685,'(952) 723-0716'),(1686,'(212) 286-2308'),(1687,'(443) 546-1845'),(1688,'(105) 516-6049'),(1689,'(186) 777-2588'),(1690,'(945) 069-3441'),(1691,'(274) 321-6200'),(1692,'(535) 204-1155'),(1693,'(599) 899-2904'),(1694,'(955) 888-7043'),(1695,'(320) 280-6924'),(1696,'(217) 275-3786'),(1697,'(442) 929-6319'),(1698,'(365) 948-1997'),(1699,'(939) 061-7305'),(1700,'(802) 728-2297'),(1701,'(474) 256-1456'),(1702,'(137) 810-3313'),(1703,'(925) 615-7217'),(1704,'(757) 416-1742'),(1705,'(766) 941-8549'),(1706,'(949) 801-1148'),(1707,'(821) 504-2677'),(1708,'(787) 786-9144'),(1709,'(865) 185-8948'),(1710,'(766) 050-0353'),(1711,'(991) 914-0908'),(1712,'(143) 514-3447'),(1713,'(995) 236-2277'),(1714,'(357) 514-1362'),(1715,'(555) 636-5677'),(1716,'(537) 098-3986'),(1717,'(767) 473-7990'),(1718,'(298) 627-5397'),(1719,'(904) 644-1740'),(1720,'(507) 819-6389'),(1721,'(431) 876-2196'),(1722,'(203) 774-8125'),(1723,'(239) 082-6066'),(1724,'(417) 011-3568'),(1725,'(573) 546-4922'),(1726,'(329) 183-6012'),(1727,'(561) 247-3593'),(1728,'(341) 638-4106'),(1729,'(778) 108-7468'),(1730,'(771) 442-7819'),(1731,'(479) 093-7020'),(1732,'(735) 090-6098'),(1733,'(954) 526-7566'),(1734,'(491) 339-8508'),(1735,'(596) 284-6157'),(1736,'(202) 212-6358'),(1737,'(808) 889-4653'),(1738,'(727) 962-7715'),(1739,'(478) 291-1377'),(1740,'(332) 170-7380'),(1741,'(752) 893-6401'),(1742,'(787) 526-7021'),(1743,'(802) 135-6617'),(1744,'(275) 113-4348'),(1745,'(322) 319-8315'),(1746,'(506) 758-9421'),(1747,'(434) 519-7323'),(1748,'(227) 687-5703'),(1749,'(896) 730-5358'),(1750,'(692) 100-1316'),(1751,'(315) 474-7221'),(1752,'(247) 901-2427'),(1753,'(578) 329-3083'),(1754,'(448) 818-3451'),(1755,'(124) 810-3755'),(1756,'(476) 220-8703'),(1757,'(715) 098-6716'),(1758,'(585) 091-7481'),(1759,'(226) 764-3976'),(1760,'(305) 702-9165'),(1761,'(785) 386-4772'),(1762,'(845) 250-5821'),(1763,'(258) 218-2271'),(1764,'(836) 897-6604'),(1765,'(650) 693-7909'),(1766,'(573) 279-5760'),(1767,'(949) 812-9148'),(1768,'(870) 963-7860'),(1769,'(648) 320-1066'),(1770,'(787) 933-9195'),(1771,'(707) 485-5994'),(1772,'(612) 653-9299'),(1773,'(531) 190-9424'),(1774,'(339) 513-3699'),(1775,'(153) 916-7813'),(1776,'(598) 832-1467'),(1777,'(195) 200-7749'),(1778,'(561) 851-4123'),(1779,'(328) 676-9111'),(1780,'(143) 437-7376'),(1781,'(816) 497-6663'),(1782,'(664) 175-3775'),(1783,'(193) 014-1651'),(1784,'(220) 196-1080'),(1785,'(378) 251-4854'),(1786,'(528) 441-0176'),(1787,'(749) 388-7509'),(1788,'(714) 682-1605'),(1789,'(319) 158-5744'),(1790,'(339) 642-4928'),(1791,'(900) 391-2939'),(1792,'(949) 151-0204'),(1793,'(280) 686-4614'),(1794,'(143) 692-0760'),(1795,'(415) 211-9477'),(1796,'(323) 221-0126'),(1797,'(152) 536-1662'),(1798,'(460) 811-0998'),(1799,'(163) 728-0015'),(1800,'(168) 460-2980'),(1801,'(757) 694-4868'),(1802,'(508) 062-4818'),(1803,'(234) 693-1695'),(1804,'(289) 697-3545'),(1805,'(979) 433-6210'),(1806,'(504) 228-6983'),(1807,'(161) 862-7800'),(1808,'(731) 762-5269'),(1809,'(632) 495-1669'),(1810,'(597) 274-6551'),(1811,'(103) 405-1573'),(1812,'(616) 267-6415'),(1813,'(897) 517-9421'),(1814,'(997) 294-3120'),(1815,'(386) 510-9243'),(1816,'(713) 850-1279'),(1817,'(754) 537-4644'),(1818,'(323) 773-5302'),(1819,'(870) 025-3704'),(1820,'(293) 360-5347'),(1821,'(430) 047-0539'),(1822,'(787) 354-8695'),(1823,'(803) 230-6235'),(1824,'(969) 576-2277'),(1825,'(510) 993-2109'),(1826,'(718) 850-6016'),(1827,'(454) 672-7830'),(1828,'(223) 561-7113'),(1829,'(762) 225-0507'),(1830,'(765) 045-7535'),(1831,'(534) 048-8020'),(1832,'(464) 030-0424'),(1833,'(513) 170-0971'),(1834,'(813) 910-9586'),(1835,'(942) 292-6398'),(1836,'(936) 249-7391'),(1837,'(695) 499-6609'),(1838,'(177) 230-3983'),(1839,'(156) 989-2199'),(1840,'(768) 997-7401'),(1841,'(702) 235-9429'),(1842,'(408) 542-1381'),(1843,'(979) 208-5912'),(1844,'(164) 326-6463'),(1845,'(137) 960-1872'),(1846,'(813) 163-7436'),(1847,'(607) 117-1154'),(1848,'(862) 984-1613'),(1849,'(891) 534-7425'),(1850,'(658) 843-0730'),(1851,'(629) 871-9058'),(1852,'(792) 339-9018'),(1853,'(474) 068-9948'),(1854,'(619) 296-5834'),(1855,'(993) 275-3885'),(1856,'(473) 555-5463'),(1857,'(139) 406-9195'),(1858,'(166) 792-1495'),(1859,'(151) 869-0747'),(1860,'(234) 237-6013'),(1861,'(431) 249-3455'),(1862,'(898) 080-9821'),(1863,'(452) 303-6667'),(1864,'(672) 116-3751'),(1865,'(674) 154-7758'),(1866,'(487) 190-4493'),(1867,'(825) 074-0337'),(1868,'(742) 624-2903'),(1869,'(387) 892-1711'),(1870,'(919) 800-3499'),(1871,'(886) 139-0634'),(1872,'(447) 930-2230'),(1873,'(630) 300-6178'),(1874,'(562) 651-5130'),(1875,'(803) 930-3046'),(1876,'(771) 273-9566'),(1877,'(535) 474-1020'),(1878,'(949) 850-3993'),(1879,'(408) 981-9683'),(1880,'(905) 288-7368'),(1881,'(298) 401-1087'),(1882,'(611) 686-7329'),(1883,'(993) 186-9073'),(1884,'(170) 044-7145'),(1885,'(392) 078-9199'),(1886,'(929) 847-3188'),(1887,'(980) 778-2774'),(1888,'(659) 196-0171'),(1889,'(682) 495-5728'),(1890,'(963) 607-3755'),(1891,'(202) 503-8872'),(1892,'(995) 846-4697'),(1893,'(623) 744-3429'),(1894,'(570) 276-8431'),(1895,'(410) 614-0759'),(1896,'(348) 519-5868'),(1897,'(721) 420-4915'),(1898,'(998) 019-7410'),(1899,'(772) 992-7277'),(1900,'(709) 284-7137'),(1901,'(639) 607-3845'),(1902,'(589) 688-2217'),(1903,'(790) 024-9124'),(1904,'(673) 511-1513'),(1905,'(882) 286-9178'),(1906,'(206) 505-9938'),(1907,'(276) 257-0969'),(1908,'(283) 247-0916'),(1909,'(455) 872-6541'),(1910,'(830) 855-2911'),(1911,'(476) 702-6258'),(1912,'(751) 338-9008'),(1913,'(389) 522-7317'),(1914,'(305) 060-3159'),(1915,'(241) 966-2074'),(1916,'(288) 187-5626'),(1917,'(399) 128-7725'),(1918,'(573) 104-5813'),(1919,'(144) 968-6021'),(1920,'(903) 666-5237'),(1921,'(273) 573-4421'),(1922,'(302) 110-4532'),(1923,'(573) 084-2212'),(1924,'(842) 435-9998'),(1925,'(460) 398-9492'),(1926,'(740) 403-1200'),(1927,'(323) 817-8705'),(1928,'(129) 774-2449'),(1929,'(961) 507-4557'),(1930,'(418) 408-1270'),(1931,'(334) 881-2575'),(1932,'(717) 889-9944'),(1933,'(610) 495-5035'),(1934,'(101) 530-3176'),(1935,'(109) 754-1230'),(1936,'(150) 546-9151'),(1937,'(852) 145-9879'),(1938,'(538) 353-1801'),(1939,'(574) 626-6456'),(1940,'(694) 065-6407'),(1941,'(851) 671-4700'),(1942,'(239) 242-7958'),(1943,'(154) 419-0872'),(1944,'(976) 535-9405'),(1945,'(398) 767-4512'),(1946,'(587) 780-2090'),(1947,'(323) 298-6525'),(1948,'(583) 330-9619'),(1949,'(557) 814-8177'),(1950,'(694) 168-3552'),(1951,'(769) 410-6990'),(1952,'(319) 266-8788'),(1953,'(649) 483-1482'),(1954,'(546) 726-4643'),(1955,'(564) 884-8257'),(1956,'(599) 732-2296'),(1957,'(242) 890-7831'),(1958,'(404) 050-6203'),(1959,'(969) 015-5652'),(1960,'(389) 000-5214'),(1961,'(736) 552-1711'),(1962,'(374) 212-7584'),(1963,'(400) 640-2186'),(1964,'(525) 676-5227'),(1965,'(311) 285-6419'),(1966,'(510) 527-9908'),(1967,'(895) 570-3879'),(1968,'(232) 639-4589'),(1969,'(125) 909-8864'),(1970,'(536) 298-3978'),(1971,'(157) 434-5378'),(1972,'(754) 868-4601'),(1973,'(570) 506-3386'),(1974,'(642) 640-3363'),(1975,'(862) 549-2361'),(1976,'(463) 180-6224'),(1977,'(869) 181-2649'),(1978,'(302) 148-8137'),(1979,'(916) 840-1113'),(1980,'(782) 273-5199'),(1981,'(171) 626-9073'),(1982,'(226) 222-5749'),(1983,'(137) 817-6809'),(1984,'(460) 272-6455'),(1985,'(190) 086-5914'),(1986,'(317) 783-0110'),(1987,'(355) 867-1193'),(1988,'(106) 426-3533'),(1989,'(371) 018-1602'),(1990,'(456) 727-6589'),(1991,'(258) 975-7587'),(1992,'(207) 562-1985'),(1993,'(755) 701-5760'),(1994,'(103) 292-2865'),(1995,'(254) 385-7189'),(1996,'(629) 578-4197'),(1997,'(645) 833-9678'),(1998,'(810) 658-5637'),(1999,'(293) 931-9324'),(2000,'(479) 681-5193'),(2001,'(594) 124-0048'),(2002,'(774) 517-5375'),(2003,'(927) 978-8574'),(2004,'(902) 903-5424'),(2005,'(537) 106-5361'),(2006,'(294) 614-8006'),(2007,'(651) 547-0373'),(2008,'(356) 315-0446'),(2009,'(272) 204-5234'),(2010,'(118) 238-0035'),(2011,'(381) 357-3071'),(2012,'(371) 024-5265'),(2013,'(293) 902-1703'),(2014,'(654) 218-1188'),(2015,'(345) 411-9067'),(2016,'(386) 179-9393'),(2017,'(285) 811-6770'),(2018,'(540) 961-6746'),(2019,'(996) 401-7964'),(2020,'(153) 000-8435'),(2021,'(384) 419-6299'),(2022,'(255) 417-1406'),(2023,'(166) 090-5063'),(2024,'(462) 685-8270'),(2025,'(542) 456-5240'),(2026,'(507) 230-4295'),(2027,'(373) 018-0984'),(2028,'(436) 362-5295'),(2029,'(179) 856-8337'),(2030,'(360) 314-5234'),(2031,'(148) 802-0589'),(2032,'(970) 456-7589'),(2033,'(709) 243-2129'),(2034,'(273) 154-5592'),(2035,'(503) 335-2114'),(2036,'(417) 124-2895'),(2037,'(177) 923-1170'),(2038,'(907) 006-4190'),(2039,'(477) 921-1571'),(2040,'(913) 600-3373'),(2041,'(790) 910-9260'),(2042,'(784) 098-4488'),(2043,'(140) 787-4439'),(2044,'(166) 984-0294'),(2045,'(794) 754-8635'),(2046,'(289) 434-3726'),(2047,'(987) 996-2081'),(2048,'(693) 218-1596'),(2049,'(748) 809-8746'),(2050,'(904) 603-0787'),(2051,'(360) 781-3864'),(2052,'(177) 506-9846'),(2053,'(369) 505-8514'),(2054,'(245) 490-8261'),(2055,'(902) 545-9225'),(2056,'(383) 319-4956'),(2057,'(458) 905-5011'),(2058,'(642) 726-4140'),(2059,'(868) 177-9096'),(2060,'(640) 040-3158'),(2061,'(629) 794-6832'),(2062,'(503) 415-0729'),(2063,'(670) 859-2207'),(2064,'(661) 916-0165'),(2065,'(701) 343-5622'),(2066,'(588) 773-9037'),(2067,'(533) 086-5247'),(2068,'(371) 967-6228'),(2069,'(340) 496-1096'),(2070,'(942) 795-9676'),(2071,'(389) 482-9784'),(2072,'(784) 630-7560'),(2073,'(698) 400-7113'),(2074,'(146) 819-7141'),(2075,'(537) 863-5273'),(2076,'(312) 310-1034'),(2077,'(453) 839-6803'),(2078,'(788) 703-7154'),(2079,'(894) 645-3271'),(2080,'(342) 117-8050'),(2081,'(630) 272-7435'),(2082,'(173) 500-4317'),(2083,'(155) 354-4781'),(2084,'(706) 684-6543'),(2085,'(201) 770-1041'),(2086,'(686) 740-8248'),(2087,'(121) 906-1685'),(2088,'(984) 212-6929'),(2089,'(948) 885-2833'),(2090,'(412) 448-9825'),(2091,'(513) 793-5556'),(2092,'(667) 776-9971'),(2093,'(861) 955-4976'),(2094,'(194) 691-9575'),(2095,'(415) 944-5302'),(2096,'(511) 126-0683'),(2097,'(162) 596-0675'),(2098,'(352) 153-2698'),(2099,'(609) 045-1884'),(2100,'(400) 997-6352'),(2101,'(666) 705-0813'),(2102,'(383) 075-9253'),(2103,'(869) 273-1436'),(2104,'(988) 561-0916'),(2105,'(581) 936-8772'),(2106,'(677) 743-4664'),(2107,'(284) 133-4119'),(2108,'(996) 815-2579'),(2109,'(216) 210-1870'),(2110,'(915) 959-3802'),(2111,'(534) 770-6870'),(2112,'(766) 781-5807'),(2113,'(297) 961-0164'),(2114,'(251) 425-9889'),(2115,'(445) 980-5769'),(2116,'(666) 412-8073'),(2117,'(776) 359-0790'),(2118,'(281) 470-7843'),(2119,'(588) 180-5611'),(2120,'(152) 328-7234'),(2121,'(143) 728-9959'),(2122,'(911) 458-4972'),(2123,'(643) 587-7695'),(2124,'(599) 036-9017'),(2125,'(525) 289-2064'),(2126,'(131) 375-7977'),(2127,'(430) 789-8842'),(2128,'(647) 403-9774'),(2129,'(848) 503-6056'),(2130,'(739) 835-9197'),(2131,'(801) 005-7706'),(2132,'(222) 489-9047'),(2133,'(947) 608-8044'),(2134,'(469) 174-3406'),(2135,'(668) 035-3811'),(2136,'(385) 837-6214'),(2137,'(987) 849-7642'),(2138,'(502) 005-6693'),(2139,'(101) 426-0638'),(2140,'(177) 613-6842'),(2141,'(803) 949-4286'),(2142,'(339) 960-0836'),(2143,'(522) 425-6929'),(2144,'(180) 334-7382'),(2145,'(426) 027-1013'),(2146,'(402) 796-3477'),(2147,'(129) 656-0630'),(2148,'(506) 877-4068'),(2149,'(430) 796-0771'),(2150,'(947) 547-4408'),(2151,'(554) 962-0362'),(2152,'(376) 548-8815'),(2153,'(970) 621-9255'),(2154,'(183) 018-4217'),(2155,'(908) 353-1706'),(2156,'(519) 021-6480'),(2157,'(633) 905-8620'),(2158,'(189) 490-9141'),(2159,'(193) 102-5261'),(2160,'(298) 223-1745'),(2161,'(193) 382-1746'),(2162,'(869) 301-9309'),(2163,'(958) 330-1239'),(2164,'(665) 011-8187'),(2165,'(467) 895-2616'),(2166,'(325) 680-2950'),(2167,'(472) 937-4476'),(2168,'(432) 729-9004'),(2169,'(118) 459-3120'),(2170,'(204) 384-0621'),(2171,'(735) 641-7697'),(2172,'(539) 361-0293'),(2173,'(258) 272-1611'),(2174,'(561) 579-4214'),(2175,'(522) 664-4222'),(2176,'(413) 735-1269'),(2177,'(650) 145-7054'),(2178,'(963) 224-0180'),(2179,'(582) 132-7043'),(2180,'(129) 264-2516'),(2181,'(356) 516-7056'),(2182,'(807) 482-2598'),(2183,'(995) 113-9452'),(2184,'(899) 696-5527'),(2185,'(611) 400-6069'),(2186,'(800) 715-6395'),(2187,'(367) 024-5668'),(2188,'(800) 218-9484'),(2189,'(994) 543-1856'),(2190,'(155) 455-3366'),(2191,'(983) 166-6213'),(2192,'(637) 065-9086'),(2193,'(108) 602-1321'),(2194,'(654) 389-7122'),(2195,'(568) 821-3176'),(2196,'(971) 721-0490'),(2197,'(804) 469-5520'),(2198,'(341) 500-9609'),(2199,'(470) 767-0473'),(2200,'(966) 793-3691'),(2201,'(213) 033-9777'),(2202,'(147) 305-4477'),(2203,'(696) 751-2255'),(2204,'(106) 862-2320'),(2205,'(178) 304-5904'),(2206,'(486) 309-7373'),(2207,'(907) 217-2008'),(2208,'(757) 129-5322'),(2209,'(700) 662-2352'),(2210,'(214) 209-4315'),(2211,'(785) 039-8310'),(2212,'(822) 003-2767'),(2213,'(434) 140-8192'),(2214,'(365) 816-9401'),(2215,'(113) 293-2630'),(2216,'(923) 527-9067'),(2217,'(239) 014-2658'),(2218,'(776) 470-1468'),(2219,'(687) 279-3809'),(2220,'(498) 285-4487'),(2221,'(413) 837-2398'),(2222,'(650) 941-9255'),(2223,'(848) 988-9007'),(2224,'(705) 986-7946'),(2225,'(493) 408-4880'),(2226,'(313) 340-9400'),(2227,'(914) 737-8488'),(2228,'(867) 410-8463'),(2229,'(178) 437-4387'),(2230,'(535) 538-1090'),(2231,'(108) 870-4114'),(2232,'(518) 162-9640'),(2233,'(656) 372-4368'),(2234,'(563) 223-3271'),(2235,'(422) 703-7275'),(2236,'(201) 058-0892'),(2237,'(187) 391-6314'),(2238,'(477) 101-5353'),(2239,'(588) 908-4885'),(2240,'(309) 467-0337'),(2241,'(549) 624-2401'),(2242,'(398) 917-1178'),(2243,'(893) 734-0569'),(2244,'(435) 237-6738'),(2245,'(283) 988-3129'),(2246,'(534) 166-4410'),(2247,'(775) 429-2534'),(2248,'(982) 656-3196'),(2249,'(462) 813-8731'),(2250,'(784) 740-6106'),(2251,'(667) 883-4161'),(2252,'(950) 611-9878'),(2253,'(194) 006-4946'),(2254,'(572) 937-4123'),(2255,'(835) 063-9619'),(2256,'(451) 454-6440'),(2257,'(126) 297-0687'),(2258,'(163) 908-2995'),(2259,'(823) 115-6851'),(2260,'(197) 683-2610'),(2261,'(545) 650-0721'),(2262,'(683) 513-5499'),(2263,'(687) 329-3880'),(2264,'(973) 128-3662'),(2265,'(382) 019-5569'),(2266,'(309) 363-2451'),(2267,'(610) 828-7779'),(2268,'(644) 938-6414'),(2269,'(479) 478-0563'),(2270,'(926) 397-2186'),(2271,'(401) 272-6183'),(2272,'(511) 455-7908'),(2273,'(486) 209-9049'),(2274,'(593) 076-9880'),(2275,'(355) 904-0614'),(2276,'(565) 889-1565'),(2277,'(514) 747-5728'),(2278,'(215) 586-2730'),(2279,'(682) 662-3881'),(2280,'(150) 560-2159'),(2281,'(204) 925-2360'),(2282,'(737) 105-2919'),(2283,'(777) 264-3701'),(2284,'(638) 419-5538'),(2285,'(600) 906-9916'),(2286,'(992) 721-0379'),(2287,'(463) 803-3696'),(2288,'(586) 383-6614'),(2289,'(337) 977-5604'),(2290,'(113) 884-5467'),(2291,'(412) 425-5654'),(2292,'(854) 674-7089'),(2293,'(623) 862-9855'),(2294,'(612) 131-9018'),(2295,'(113) 954-7102'),(2296,'(653) 688-5419'),(2297,'(118) 418-3492'),(2298,'(454) 377-7679'),(2299,'(640) 210-8766'),(2300,'(249) 588-9331'),(2301,'(652) 628-1937'),(2302,'(740) 075-9825'),(2303,'(340) 002-1628'),(2304,'(738) 866-4444'),(2305,'(369) 786-2123'),(2306,'(994) 430-9073'),(2307,'(937) 079-4170'),(2308,'(680) 949-7811'),(2309,'(336) 510-4590'),(2310,'(528) 258-1371'),(2311,'(390) 119-2311'),(2312,'(564) 311-8223'),(2313,'(391) 427-3629'),(2314,'(134) 282-6738'),(2315,'(532) 057-0926'),(2316,'(430) 946-0254'),(2317,'(659) 072-0627'),(2318,'(833) 323-7530'),(2319,'(439) 848-2811'),(2320,'(236) 598-1772'),(2321,'(269) 359-2211'),(2322,'(600) 292-4129'),(2323,'(256) 623-9842'),(2324,'(474) 620-0629'),(2325,'(468) 367-4256'),(2326,'(593) 302-0149'),(2327,'(827) 550-4238'),(2328,'(694) 879-7458'),(2329,'(866) 246-4519'),(2330,'(706) 382-3713'),(2331,'(271) 354-8911'),(2332,'(923) 255-4035'),(2333,'(155) 901-0103'),(2334,'(887) 945-7202'),(2335,'(255) 436-4621'),(2336,'(773) 771-2781'),(2337,'(934) 051-0747'),(2338,'(125) 090-2319'),(2339,'(350) 883-7438'),(2340,'(938) 476-3009'),(2341,'(911) 858-0250'),(2342,'(129) 915-9214'),(2343,'(462) 653-5361'),(2344,'(371) 181-2175'),(2345,'(807) 751-3780'),(2346,'(324) 540-1417'),(2347,'(492) 278-1891'),(2348,'(877) 184-9834'),(2349,'(364) 566-5693'),(2350,'(819) 892-1652'),(2351,'(949) 149-7069'),(2352,'(336) 521-7856'),(2353,'(442) 739-7902'),(2354,'(874) 785-5702'),(2355,'(139) 995-3887'),(2356,'(471) 122-4110'),(2357,'(553) 368-8724'),(2358,'(248) 704-5075'),(2359,'(864) 125-3497'),(2360,'(969) 613-2440'),(2361,'(920) 507-7151'),(2362,'(162) 161-3996'),(2363,'(341) 172-4650'),(2364,'(260) 294-0325'),(2365,'(342) 800-6600'),(2366,'(378) 933-5519'),(2367,'(231) 450-0782'),(2368,'(523) 690-9824'),(2369,'(797) 115-3684'),(2370,'(320) 656-3548'),(2371,'(867) 018-9587'),(2372,'(333) 520-4476'),(2373,'(892) 611-5347'),(2374,'(910) 852-7087'),(2375,'(862) 103-2814'),(2376,'(695) 824-8057'),(2377,'(818) 042-1030'),(2378,'(469) 482-0454'),(2379,'(540) 823-6286'),(2380,'(636) 487-5887'),(2381,'(362) 876-3757'),(2382,'(923) 929-4638'),(2383,'(948) 982-2460'),(2384,'(415) 658-1966'),(2385,'(620) 203-7948'),(2386,'(242) 912-8700'),(2387,'(780) 401-9522'),(2388,'(405) 641-3498'),(2389,'(102) 919-5122'),(2390,'(686) 934-7413'),(2391,'(154) 400-9469'),(2392,'(930) 928-3522'),(2393,'(299) 340-9871'),(2394,'(638) 135-2683'),(2395,'(642) 360-0079'),(2396,'(819) 228-1863'),(2397,'(307) 789-7726'),(2398,'(375) 426-8551'),(2399,'(418) 813-0595'),(2400,'(773) 168-0425'),(2401,'(319) 975-5518'),(2402,'(468) 505-4074'),(2403,'(882) 166-3480'),(2404,'(867) 790-3430'),(2405,'(442) 593-9902'),(2406,'(241) 905-3840'),(2407,'(534) 313-8131'),(2408,'(943) 110-8650'),(2409,'(210) 388-7387'),(2410,'(379) 306-2583'),(2411,'(164) 312-0482'),(2412,'(627) 044-2497'),(2413,'(271) 897-5892'),(2414,'(780) 039-3896'),(2415,'(715) 305-6838'),(2416,'(516) 582-3767'),(2417,'(174) 398-6751'),(2418,'(284) 564-6333'),(2419,'(991) 434-8170'),(2420,'(687) 790-1503'),(2421,'(389) 220-2779'),(2422,'(149) 955-3382'),(2423,'(780) 284-0347'),(2424,'(451) 788-5551'),(2425,'(400) 625-6743'),(2426,'(126) 215-6236'),(2427,'(266) 065-4474'),(2428,'(388) 836-8502'),(2429,'(640) 267-8934'),(2430,'(464) 105-3283'),(2431,'(616) 018-1895'),(2432,'(700) 290-2817'),(2433,'(487) 754-2327'),(2434,'(653) 977-3861'),(2435,'(235) 118-4064'),(2436,'(538) 741-0581'),(2437,'(860) 402-5431'),(2438,'(983) 582-5261'),(2439,'(199) 199-1709'),(2440,'(539) 968-9508'),(2441,'(909) 793-0374'),(2442,'(848) 086-7932'),(2443,'(371) 251-2985'),(2444,'(332) 926-2446'),(2445,'(887) 531-7300'),(2446,'(183) 884-5996'),(2447,'(126) 620-8399'),(2448,'(710) 239-5191'),(2449,'(358) 625-9051'),(2450,'(264) 254-8929'),(2451,'(696) 926-2210'),(2452,'(863) 707-9810'),(2453,'(314) 511-0916'),(2454,'(809) 878-1668'),(2455,'(192) 120-9498'),(2456,'(120) 213-4913'),(2457,'(934) 541-4209'),(2458,'(985) 217-1503'),(2459,'(630) 082-9416'),(2460,'(931) 041-1652'),(2461,'(457) 762-8012'),(2462,'(929) 218-6468'),(2463,'(457) 444-5256'),(2464,'(974) 188-6874'),(2465,'(374) 083-4889'),(2466,'(323) 747-4750'),(2467,'(633) 252-5111'),(2468,'(593) 037-7294'),(2469,'(926) 388-0881'),(2470,'(788) 465-2244'),(2471,'(324) 310-7813'),(2472,'(164) 596-5028'),(2473,'(492) 316-3511'),(2474,'(928) 130-1986'),(2475,'(491) 944-4301'),(2476,'(224) 394-6367'),(2477,'(462) 688-0904'),(2478,'(778) 217-5092'),(2479,'(949) 361-6239'),(2480,'(647) 124-3779'),(2481,'(873) 962-6466'),(2482,'(577) 803-4130'),(2483,'(996) 395-0688'),(2484,'(191) 156-7803'),(2485,'(277) 646-6003'),(2486,'(629) 497-9809'),(2487,'(906) 591-2573'),(2488,'(786) 902-7159'),(2489,'(266) 729-7297'),(2490,'(721) 832-3822'),(2491,'(135) 164-1737'),(2492,'(670) 472-8846'),(2493,'(863) 198-7983'),(2494,'(804) 292-8991'),(2495,'(687) 969-1970'),(2496,'(237) 635-4633'),(2497,'(500) 491-7814'),(2498,'(354) 143-3908'),(2499,'(487) 255-9323'),(2500,'(915) 831-4501'),(2501,'(493) 323-3134'),(2502,'(648) 253-2107'),(2503,'(844) 322-6413'),(2504,'(775) 949-4675'),(2505,'(650) 357-3645'),(2506,'(630) 616-2089'),(2507,'(439) 629-8618'),(2508,'(119) 148-2976'),(2509,'(692) 065-7458'),(2510,'(516) 424-3213'),(2511,'(335) 700-6774'),(2512,'(467) 958-4928'),(2513,'(281) 173-3431'),(2514,'(927) 278-1846'),(2515,'(744) 522-5956'),(2516,'(767) 784-1261'),(2517,'(181) 279-0232'),(2518,'(216) 740-8021'),(2519,'(529) 524-1665'),(2520,'(803) 196-9022'),(2521,'(110) 005-7891'),(2522,'(640) 086-9750'),(2523,'(571) 990-4348'),(2524,'(170) 966-6954'),(2525,'(268) 017-1048'),(2526,'(169) 839-2923'),(2527,'(363) 315-5345'),(2528,'(849) 400-6825'),(2529,'(392) 882-4018'),(2530,'(230) 195-6042'),(2531,'(701) 791-3174'),(2532,'(593) 907-7208'),(2533,'(282) 482-8869'),(2534,'(767) 783-1952'),(2535,'(660) 509-1113'),(2536,'(748) 383-2410'),(2537,'(888) 533-3389'),(2538,'(988) 070-7163'),(2539,'(723) 352-9176'),(2540,'(246) 854-1087'),(2541,'(628) 752-2662'),(2542,'(282) 076-2563'),(2543,'(229) 726-4668'),(2544,'(124) 196-8840'),(2545,'(416) 811-0336'),(2546,'(619) 314-2422'),(2547,'(401) 155-9168'),(2548,'(755) 122-7410'),(2549,'(769) 798-2033'),(2550,'(370) 306-8689'),(2551,'(848) 453-5367'),(2552,'(236) 593-3699'),(2553,'(858) 587-6722'),(2554,'(727) 009-4194'),(2555,'(967) 185-5523'),(2556,'(142) 203-3124'),(2557,'(708) 507-4078'),(2558,'(643) 752-1990'),(2559,'(795) 605-7428'),(2560,'(341) 763-3377'),(2561,'(959) 782-1206'),(2562,'(489) 210-3527'),(2563,'(566) 690-2375'),(2564,'(839) 302-0129'),(2565,'(852) 217-1207'),(2566,'(652) 904-1853'),(2567,'(298) 737-5092'),(2568,'(831) 251-0379'),(2569,'(780) 437-8961'),(2570,'(202) 234-1232'),(2571,'(225) 854-6644'),(2572,'(984) 725-7510'),(2573,'(843) 850-0502'),(2574,'(516) 001-7258'),(2575,'(747) 526-3388'),(2576,'(711) 474-8170'),(2577,'(570) 703-2876'),(2578,'(314) 352-9770'),(2579,'(173) 627-6078'),(2580,'(534) 752-5666'),(2581,'(668) 245-4470'),(2582,'(710) 368-5303'),(2583,'(111) 612-6201'),(2584,'(192) 496-4447'),(2585,'(339) 874-5845'),(2586,'(728) 919-1985'),(2587,'(459) 203-3469'),(2588,'(809) 148-3911'),(2589,'(703) 630-8134'),(2590,'(540) 095-7459'),(2591,'(768) 300-4828'),(2592,'(988) 385-0536'),(2593,'(198) 123-2529'),(2594,'(951) 965-2532'),(2595,'(814) 077-7899'),(2596,'(467) 356-4254'),(2597,'(231) 552-6019'),(2598,'(980) 940-5748'),(2599,'(804) 039-1461'),(2600,'(379) 019-5430'),(2601,'(539) 891-0508'),(2602,'(274) 121-7546'),(2603,'(349) 093-3222'),(2604,'(832) 029-8338'),(2605,'(833) 104-1205'),(2606,'(758) 560-3946'),(2607,'(512) 214-9996'),(2608,'(349) 741-8117'),(2609,'(300) 449-3718'),(2610,'(525) 635-4313'),(2611,'(379) 939-5211'),(2612,'(830) 044-9536'),(2613,'(615) 741-3903'),(2614,'(793) 073-1385'),(2615,'(127) 518-4558'),(2616,'(431) 548-4389'),(2617,'(457) 274-3563'),(2618,'(228) 685-3093'),(2619,'(265) 892-8416'),(2620,'(465) 154-3439'),(2621,'(958) 505-0025'),(2622,'(753) 007-9638'),(2623,'(676) 079-6702'),(2624,'(162) 830-3865'),(2625,'(680) 854-4408'),(2626,'(849) 131-3557'),(2627,'(152) 149-6453'),(2628,'(245) 243-6103'),(2629,'(102) 776-8389'),(2630,'(830) 333-8937'),(2631,'(577) 770-7719'),(2632,'(967) 694-3043'),(2633,'(395) 445-3479'),(2634,'(345) 841-2919'),(2635,'(360) 544-6680'),(2636,'(377) 846-5127'),(2637,'(762) 099-4538'),(2638,'(150) 822-3102'),(2639,'(230) 736-6796'),(2640,'(714) 711-0056'),(2641,'(129) 944-2768'),(2642,'(768) 321-4063'),(2643,'(386) 955-5949'),(2644,'(247) 067-8309'),(2645,'(783) 938-3177'),(2646,'(269) 099-0870'),(2647,'(994) 628-9839'),(2648,'(128) 840-7760'),(2649,'(635) 978-4239'),(2650,'(842) 521-4626'),(2651,'(616) 390-2905'),(2652,'(153) 655-6271'),(2653,'(137) 472-8828'),(2654,'(156) 170-1506'),(2655,'(631) 568-6548'),(2656,'(890) 668-6911'),(2657,'(740) 317-5788'),(2658,'(644) 143-9203'),(2659,'(266) 485-0379'),(2660,'(495) 040-5143'),(2661,'(548) 080-6300'),(2662,'(102) 317-6163'),(2663,'(714) 108-1848'),(2664,'(587) 235-2038'),(2665,'(753) 875-8875'),(2666,'(611) 877-8703'),(2667,'(600) 798-4302'),(2668,'(490) 610-0841'),(2669,'(862) 445-7274'),(2670,'(155) 450-3003'),(2671,'(689) 954-6663'),(2672,'(482) 993-0429'),(2673,'(206) 831-5622'),(2674,'(165) 175-8939'),(2675,'(679) 215-3556'),(2676,'(428) 802-2371'),(2677,'(885) 089-0246'),(2678,'(639) 038-8060'),(2679,'(437) 774-6643'),(2680,'(920) 113-0610'),(2681,'(777) 255-9902'),(2682,'(682) 570-5046'),(2683,'(208) 392-5625'),(2684,'(241) 706-2618'),(2685,'(319) 429-2961'),(2686,'(699) 268-4153'),(2687,'(332) 320-5111'),(2688,'(510) 372-5322'),(2689,'(888) 777-4407'),(2690,'(136) 299-4274'),(2691,'(975) 072-5604'),(2692,'(171) 018-5667'),(2693,'(827) 003-0646'),(2694,'(274) 439-7563'),(2695,'(679) 817-3300'),(2696,'(972) 736-3193'),(2697,'(566) 021-6009'),(2698,'(929) 608-1015'),(2699,'(235) 680-1663'),(2700,'(726) 318-9629'),(2701,'(645) 297-1577'),(2702,'(380) 908-0817'),(2703,'(133) 823-5184'),(2704,'(870) 692-4158'),(2705,'(227) 582-6373'),(2706,'(365) 479-5483'),(2707,'(358) 796-2269'),(2708,'(340) 252-7835'),(2709,'(728) 824-6767'),(2710,'(544) 816-3774'),(2711,'(866) 270-6679'),(2712,'(378) 240-6174'),(2713,'(123) 363-8640'),(2714,'(480) 036-5989'),(2715,'(282) 457-2302'),(2716,'(271) 021-4832'),(2717,'(115) 211-0395'),(2718,'(810) 304-8516'),(2719,'(194) 764-7462'),(2720,'(158) 852-1595'),(2721,'(640) 356-8171'),(2722,'(943) 926-8630'),(2723,'(929) 570-6417'),(2724,'(759) 033-8081'),(2725,'(806) 842-3190'),(2726,'(471) 340-0614'),(2727,'(546) 391-3248'),(2728,'(146) 506-7939'),(2729,'(623) 076-7488'),(2730,'(993) 865-1762'),(2731,'(586) 298-7206'),(2732,'(847) 790-7331'),(2733,'(953) 718-6766'),(2734,'(591) 041-6439'),(2735,'(585) 821-9540'),(2736,'(583) 584-9937'),(2737,'(975) 540-0081'),(2738,'(428) 073-0836'),(2739,'(681) 186-3915'),(2740,'(821) 085-3868'),(2741,'(801) 738-1616'),(2742,'(499) 538-9467'),(2743,'(147) 339-1347'),(2744,'(219) 359-8821'),(2745,'(334) 335-1015'),(2746,'(713) 324-7643'),(2747,'(428) 388-7575'),(2748,'(468) 794-9933'),(2749,'(902) 247-1988'),(2750,'(240) 257-9755'),(2751,'(753) 992-9871'),(2752,'(454) 610-5629'),(2753,'(126) 792-4691'),(2754,'(878) 167-1381'),(2755,'(451) 106-1197'),(2756,'(805) 794-8261'),(2757,'(405) 396-2618'),(2758,'(253) 039-7131'),(2759,'(129) 935-3513'),(2760,'(265) 480-5959'),(2761,'(740) 707-8446'),(2762,'(473) 218-6875'),(2763,'(528) 687-8094'),(2764,'(359) 108-5513'),(2765,'(735) 590-3805'),(2766,'(176) 235-0666'),(2767,'(718) 859-0230'),(2768,'(490) 297-5178'),(2769,'(296) 106-1218'),(2770,'(643) 633-4934'),(2771,'(437) 464-5346'),(2772,'(533) 980-5550'),(2773,'(261) 752-3895'),(2774,'(743) 700-5151'),(2775,'(912) 532-3361'),(2776,'(571) 176-7035'),(2777,'(590) 844-5084'),(2778,'(938) 454-2111'),(2779,'(649) 199-0379'),(2780,'(830) 247-6473'),(2781,'(224) 219-6402'),(2782,'(556) 406-7156'),(2783,'(563) 435-6580'),(2784,'(757) 464-6992'),(2785,'(656) 652-0101'),(2786,'(593) 195-1022'),(2787,'(808) 777-7274'),(2788,'(731) 264-5700'),(2789,'(711) 906-2572'),(2790,'(530) 715-1033'),(2791,'(195) 468-3475'),(2792,'(827) 817-9960'),(2793,'(651) 513-7594'),(2794,'(797) 719-4954'),(2795,'(448) 222-7486'),(2796,'(582) 047-6587'),(2797,'(126) 256-6835'),(2798,'(225) 877-3280'),(2799,'(403) 943-9400'),(2800,'(449) 048-8672'),(2801,'(377) 470-2856'),(2802,'(631) 986-8574'),(2803,'(192) 094-4013'),(2804,'(199) 310-7199'),(2805,'(454) 720-3288'),(2806,'(618) 598-9103'),(2807,'(167) 292-2408'),(2808,'(653) 805-3972'),(2809,'(654) 829-1185'),(2810,'(369) 729-6083'),(2811,'(506) 337-2944'),(2812,'(962) 773-0136'),(2813,'(240) 969-2538'),(2814,'(503) 718-0048'),(2815,'(197) 113-7278'),(2816,'(769) 394-7168'),(2817,'(703) 679-2107'),(2818,'(977) 655-1446'),(2819,'(973) 689-4873'),(2820,'(438) 216-3494'),(2821,'(879) 321-8465'),(2822,'(288) 816-3271'),(2823,'(150) 700-1208'),(2824,'(347) 293-1725'),(2825,'(958) 316-2460'),(2826,'(227) 716-6710'),(2827,'(759) 292-1854'),(2828,'(809) 627-7949'),(2829,'(190) 688-8661'),(2830,'(773) 372-8347'),(2831,'(956) 125-4184'),(2832,'(821) 331-0110'),(2833,'(782) 899-6407'),(2834,'(809) 397-1263'),(2835,'(418) 807-3568'),(2836,'(527) 956-5615'),(2837,'(143) 021-6917'),(2838,'(712) 033-9558'),(2839,'(216) 798-5130'),(2840,'(714) 238-3580'),(2841,'(560) 903-6502'),(2842,'(462) 952-9354'),(2843,'(185) 897-6362'),(2844,'(347) 606-4936'),(2845,'(291) 297-7013'),(2846,'(131) 525-1988'),(2847,'(982) 666-0411'),(2848,'(482) 170-5370'),(2849,'(443) 712-2268'),(2850,'(976) 772-7981'),(2851,'(720) 468-8292'),(2852,'(304) 420-0454'),(2853,'(442) 355-7338'),(2854,'(280) 527-4417'),(2855,'(320) 364-0182'),(2856,'(690) 337-7977'),(2857,'(731) 216-9761'),(2858,'(853) 293-3682'),(2859,'(580) 175-3275'),(2860,'(463) 831-7362'),(2861,'(573) 294-1391'),(2862,'(958) 593-4111'),(2863,'(906) 348-4474'),(2864,'(343) 847-3295'),(2865,'(474) 406-3416'),(2866,'(338) 808-0256'),(2867,'(669) 240-1766'),(2868,'(902) 459-2850'),(2869,'(693) 389-5636'),(2870,'(294) 031-8109'),(2871,'(111) 778-2921'),(2872,'(495) 597-5516'),(2873,'(262) 221-1388'),(2874,'(227) 849-6024'),(2875,'(805) 871-6545'),(2876,'(702) 053-2258'),(2877,'(848) 349-3357'),(2878,'(862) 087-3694'),(2879,'(898) 919-6751'),(2880,'(495) 376-4265'),(2881,'(849) 773-0840'),(2882,'(150) 747-8513'),(2883,'(542) 831-3919'),(2884,'(941) 019-2339'),(2885,'(857) 586-9378'),(2886,'(678) 339-6986'),(2887,'(492) 647-7721'),(2888,'(721) 969-9964'),(2889,'(745) 976-7229'),(2890,'(317) 824-7277'),(2891,'(845) 980-3184'),(2892,'(345) 053-3379'),(2893,'(539) 134-9511'),(2894,'(865) 127-3184'),(2895,'(469) 518-7077'),(2896,'(425) 069-9281'),(2897,'(297) 971-3744'),(2898,'(127) 413-2277'),(2899,'(557) 378-9514'),(2900,'(904) 363-6660'),(2901,'(400) 369-5187'),(2902,'(958) 072-8903'),(2903,'(226) 736-5644'),(2904,'(382) 416-1444'),(2905,'(470) 288-2819'),(2906,'(832) 046-9303'),(2907,'(703) 383-2425'),(2908,'(412) 574-9129'),(2909,'(313) 179-6321'),(2910,'(487) 141-9705'),(2911,'(947) 562-4816'),(2912,'(392) 074-0153'),(2913,'(795) 841-5066'),(2914,'(130) 201-8327'),(2915,'(732) 234-6933'),(2916,'(568) 041-4803'),(2917,'(947) 141-5727'),(2918,'(440) 849-6281'),(2919,'(317) 262-3292'),(2920,'(227) 753-7227'),(2921,'(999) 675-6452'),(2922,'(811) 997-2947'),(2923,'(606) 116-3670'),(2924,'(753) 428-6302'),(2925,'(984) 879-4265'),(2926,'(560) 041-9035'),(2927,'(453) 317-7418'),(2928,'(469) 560-5988'),(2929,'(992) 098-2556'),(2930,'(756) 953-9636'),(2931,'(995) 821-8357'),(2932,'(202) 037-6120'),(2933,'(286) 805-7154'),(2934,'(797) 299-5419'),(2935,'(721) 273-6437'),(2936,'(568) 647-4141'),(2937,'(337) 745-2532'),(2938,'(572) 810-6470'),(2939,'(557) 382-8965'),(2940,'(546) 031-3691'),(2941,'(139) 830-5237'),(2942,'(722) 524-7186'),(2943,'(986) 452-1629'),(2944,'(533) 371-6783'),(2945,'(270) 407-5889'),(2946,'(475) 974-8879'),(2947,'(317) 974-7682'),(2948,'(991) 642-2048'),(2949,'(738) 995-8367'),(2950,'(702) 717-2838'),(2951,'(840) 890-8971'),(2952,'(598) 530-8153'),(2953,'(658) 609-9909'),(2954,'(235) 162-0547'),(2955,'(396) 973-5630'),(2956,'(681) 990-1299'),(2957,'(619) 743-0875'),(2958,'(586) 414-9827'),(2959,'(575) 389-3154'),(2960,'(327) 344-9560'),(2961,'(491) 146-2017'),(2962,'(385) 937-7871'),(2963,'(248) 981-9042'),(2964,'(193) 682-2157'),(2965,'(375) 684-3263'),(2966,'(748) 533-8173'),(2967,'(250) 700-0770'),(2968,'(787) 995-6335'),(2969,'(671) 609-1613'),(2970,'(360) 977-5670'),(2971,'(603) 271-4893'),(2972,'(773) 028-4839'),(2973,'(663) 482-7599'),(2974,'(283) 687-5356'),(2975,'(938) 516-6912'),(2976,'(512) 719-4082'),(2977,'(220) 878-6958'),(2978,'(888) 484-6084'),(2979,'(871) 962-4650'),(2980,'(777) 184-7774'),(2981,'(739) 470-7279'),(2982,'(234) 452-2081'),(2983,'(643) 407-3904'),(2984,'(546) 402-9742'),(2985,'(659) 438-9104'),(2986,'(366) 278-8166'),(2987,'(553) 833-4949'),(2988,'(229) 936-5284'),(2989,'(289) 011-0175'),(2990,'(533) 702-0136'),(2991,'(287) 542-4593'),(2992,'(423) 785-8823'),(2993,'(268) 969-5184'),(2994,'(351) 192-2544'),(2995,'(602) 974-4267'),(2996,'(104) 446-4208'),(2997,'(376) 360-4371'),(2998,'(299) 818-8020'),(2999,'(976) 412-3093'),(3000,'(865) 315-2019'),(3001,'(861) 653-8951'),(3002,'(544) 943-4031'),(3003,'(710) 191-2099'),(3004,'(140) 149-0144'),(3005,'(311) 289-5325'),(3006,'(598) 471-7938'),(3007,'(639) 560-8281'),(3008,'(547) 245-5066'),(3009,'(382) 797-8045'),(3010,'(580) 471-6457'),(3011,'(594) 670-3675'),(3012,'(971) 244-1314'),(3013,'(457) 978-2529'),(3014,'(868) 885-5648'),(3015,'(504) 850-1657'),(3016,'(538) 199-3488'),(3017,'(871) 868-9184'),(3018,'(621) 130-3339'),(3019,'(151) 540-1705'),(3020,'(676) 308-1685'),(3021,'(880) 885-9660'),(3022,'(652) 010-9543'),(3023,'(947) 869-7303'),(3024,'(911) 897-5563'),(3025,'(136) 862-6974'),(3026,'(110) 683-7563'),(3027,'(551) 151-7355'),(3028,'(146) 871-3705'),(3029,'(991) 173-1840'),(3030,'(611) 846-7488'),(3031,'(420) 677-4881'),(3032,'(259) 672-8308'),(3033,'(158) 240-2511'),(3034,'(448) 979-6344'),(3035,'(836) 646-5967'),(3036,'(445) 811-8701'),(3037,'(560) 993-3785'),(3038,'(715) 617-3437'),(3039,'(426) 747-5340'),(3040,'(267) 501-9068'),(3041,'(708) 611-6948'),(3042,'(427) 268-0345'),(3043,'(171) 630-6948'),(3044,'(376) 192-1680'),(3045,'(565) 651-5426'),(3046,'(684) 072-0915'),(3047,'(182) 842-1067'),(3048,'(189) 132-4632'),(3049,'(122) 356-5300'),(3050,'(257) 938-8385'),(3051,'(735) 294-2841'),(3052,'(589) 141-6878'),(3053,'(550) 607-7149'),(3054,'(363) 296-7738'),(3055,'(492) 750-0865'),(3056,'(663) 264-0391'),(3057,'(852) 977-5362'),(3058,'(888) 072-6517'),(3059,'(103) 954-8577'),(3060,'(727) 301-9999'),(3061,'(360) 534-0539'),(3062,'(979) 266-6583'),(3063,'(940) 535-3882'),(3064,'(200) 857-0690'),(3065,'(724) 112-4015'),(3066,'(151) 489-4160'),(3067,'(592) 825-5673'),(3068,'(444) 707-1958'),(3069,'(699) 300-7878'),(3070,'(789) 626-6444'),(3071,'(650) 448-9321'),(3072,'(203) 053-0657'),(3073,'(794) 857-9476'),(3074,'(455) 281-7738'),(3075,'(118) 013-1094'),(3076,'(698) 690-5330'),(3077,'(209) 955-2327'),(3078,'(925) 062-3360'),(3079,'(799) 696-4117'),(3080,'(529) 921-9590'),(3081,'(962) 504-3517'),(3082,'(847) 960-3697'),(3083,'(930) 646-5603'),(3084,'(228) 668-2728'),(3085,'(526) 731-4069'),(3086,'(938) 546-7458'),(3087,'(128) 439-3397'),(3088,'(407) 869-8403'),(3089,'(626) 811-5025'),(3090,'(561) 568-5521'),(3091,'(387) 699-3488'),(3092,'(803) 986-6525'),(3093,'(896) 350-5222'),(3094,'(370) 977-1151'),(3095,'(670) 088-2788'),(3096,'(117) 655-3842'),(3097,'(313) 256-7440'),(3098,'(316) 977-7608'),(3099,'(595) 192-9734'),(3100,'(315) 475-1539'),(3101,'(558) 606-2812'),(3102,'(199) 596-0663'),(3103,'(656) 802-5682'),(3104,'(844) 844-2415'),(3105,'(837) 058-9241'),(3106,'(229) 680-4312'),(3107,'(636) 531-1513'),(3108,'(845) 159-8281'),(3109,'(684) 601-9538'),(3110,'(345) 998-1147'),(3111,'(533) 417-8424'),(3112,'(293) 587-0626'),(3113,'(601) 792-0645'),(3114,'(109) 655-9279'),(3115,'(827) 185-6221'),(3116,'(757) 287-5937'),(3117,'(894) 535-9277'),(3118,'(617) 169-3901'),(3119,'(735) 927-1619'),(3120,'(685) 879-2543'),(3121,'(466) 608-9977'),(3122,'(177) 245-7417'),(3123,'(925) 133-9188'),(3124,'(858) 924-9585'),(3125,'(877) 335-6944'),(3126,'(489) 944-6939'),(3127,'(278) 880-5715'),(3128,'(931) 064-2180'),(3129,'(406) 327-2544'),(3130,'(152) 029-6490'),(3131,'(648) 666-4788'),(3132,'(861) 201-7503'),(3133,'(842) 452-3800'),(3134,'(308) 188-6034'),(3135,'(242) 621-0505'),(3136,'(424) 562-6009'),(3137,'(123) 397-7552'),(3138,'(999) 708-8998'),(3139,'(536) 782-0735'),(3140,'(623) 859-9603'),(3141,'(626) 508-3900'),(3142,'(405) 832-6447'),(3143,'(240) 533-8309'),(3144,'(823) 974-8857'),(3145,'(979) 079-7914'),(3146,'(425) 508-5756'),(3147,'(415) 471-4542'),(3148,'(268) 359-8419'),(3149,'(739) 881-6389'),(3150,'(166) 604-6931'),(3151,'(315) 686-8508'),(3152,'(149) 129-1104'),(3153,'(605) 719-1014'),(3154,'(254) 513-6293'),(3155,'(838) 653-5264'),(3156,'(706) 866-6705'),(3157,'(189) 033-1896'),(3158,'(487) 732-2978'),(3159,'(479) 257-1633'),(3160,'(189) 508-0599'),(3161,'(997) 153-3800'),(3162,'(452) 339-9547'),(3163,'(701) 292-5738'),(3164,'(744) 858-2978'),(3165,'(507) 496-7542'),(3166,'(764) 639-8692'),(3167,'(196) 912-2814'),(3168,'(281) 963-8240'),(3169,'(331) 075-3411'),(3170,'(742) 291-3477'),(3171,'(739) 934-4350'),(3172,'(108) 638-2567'),(3173,'(653) 470-3700'),(3174,'(337) 618-4512'),(3175,'(966) 183-1478'),(3176,'(646) 914-0004'),(3177,'(118) 633-9990'),(3178,'(912) 576-2302'),(3179,'(490) 452-5877'),(3180,'(413) 250-4627'),(3181,'(869) 052-9405'),(3182,'(941) 838-5624'),(3183,'(374) 019-9104'),(3184,'(499) 270-2913'),(3185,'(101) 799-6721'),(3186,'(684) 173-2814'),(3187,'(419) 944-0437'),(3188,'(290) 541-0063'),(3189,'(377) 522-2067'),(3190,'(769) 462-1946'),(3191,'(201) 353-9020'),(3192,'(312) 587-2290'),(3193,'(537) 725-3649'),(3194,'(423) 683-7862'),(3195,'(454) 985-4952'),(3196,'(732) 706-8865'),(3197,'(782) 390-1503'),(3198,'(663) 381-4395'),(3199,'(383) 455-8181'),(3200,'(480) 390-1133'),(3201,'(192) 314-9265'),(3202,'(505) 007-9177'),(3203,'(342) 331-5998'),(3204,'(846) 412-8320'),(3205,'(168) 799-7100'),(3206,'(137) 773-1305'),(3207,'(263) 221-4093'),(3208,'(542) 702-8619'),(3209,'(285) 144-6432'),(3210,'(259) 121-6875'),(3211,'(342) 058-6177'),(3212,'(925) 857-7125'),(3213,'(310) 832-0380'),(3214,'(967) 692-9662'),(3215,'(626) 934-1950'),(3216,'(710) 530-9377'),(3217,'(178) 084-4963'),(3218,'(780) 477-0553'),(3219,'(578) 780-3964'),(3220,'(587) 113-7096'),(3221,'(609) 743-0339'),(3222,'(489) 717-0876'),(3223,'(322) 207-8568'),(3224,'(338) 507-3407'),(3225,'(556) 859-1769'),(3226,'(376) 573-8318'),(3227,'(608) 988-6136'),(3228,'(639) 732-9840'),(3229,'(285) 786-9170'),(3230,'(567) 986-8798'),(3231,'(700) 481-7433'),(3232,'(710) 406-5561'),(3233,'(721) 396-0693'),(3234,'(355) 362-1870'),(3235,'(837) 566-1854'),(3236,'(320) 926-9513'),(3237,'(110) 722-1386'),(3238,'(108) 016-9659'),(3239,'(141) 524-4983'),(3240,'(594) 992-6772'),(3241,'(836) 286-7389'),(3242,'(788) 933-0940'),(3243,'(193) 514-2318'),(3244,'(436) 595-2495'),(3245,'(946) 541-2986'),(3246,'(544) 881-4172'),(3247,'(310) 293-1941'),(3248,'(149) 296-9898'),(3249,'(753) 318-7327'),(3250,'(410) 338-2492'),(3251,'(580) 847-2016'),(3252,'(616) 492-5613'),(3253,'(652) 253-1864'),(3254,'(211) 103-6901'),(3255,'(334) 686-7153'),(3256,'(980) 087-2858'),(3257,'(102) 960-9003'),(3258,'(853) 026-5958'),(3259,'(943) 841-0961'),(3260,'(622) 077-3226'),(3261,'(774) 797-0270'),(3262,'(420) 835-6667'),(3263,'(731) 257-5212'),(3264,'(246) 077-4194'),(3265,'(826) 010-4974'),(3266,'(631) 388-2497'),(3267,'(239) 655-4971'),(3268,'(787) 221-8001'),(3269,'(187) 797-2136'),(3270,'(891) 862-3279'),(3271,'(253) 229-8794'),(3272,'(750) 317-0814'),(3273,'(161) 968-8572'),(3274,'(167) 032-0838'),(3275,'(357) 488-5510'),(3276,'(843) 685-7739'),(3277,'(321) 586-1446'),(3278,'(462) 798-4828'),(3279,'(868) 531-5566'),(3280,'(410) 677-1594'),(3281,'(602) 536-5985'),(3282,'(798) 951-2478'),(3283,'(781) 077-0807'),(3284,'(300) 292-5318'),(3285,'(860) 986-4921'),(3286,'(159) 734-7544'),(3287,'(889) 016-1299'),(3288,'(647) 892-2572'),(3289,'(528) 454-7724'),(3290,'(656) 809-4965'),(3291,'(849) 891-5445'),(3292,'(692) 270-5183'),(3293,'(226) 314-2137'),(3294,'(953) 897-8699'),(3295,'(527) 452-3467'),(3296,'(486) 749-2879'),(3297,'(531) 569-1325'),(3298,'(319) 323-2665'),(3299,'(161) 670-5290'),(3300,'(656) 306-6200'),(3301,'(445) 400-6948'),(3302,'(199) 109-1957'),(3303,'(500) 579-1254'),(3304,'(226) 225-0029'),(3305,'(523) 776-7479'),(3306,'(542) 001-6467'),(3307,'(843) 766-5953'),(3308,'(334) 918-6902'),(3309,'(990) 936-5391'),(3310,'(962) 746-8786'),(3311,'(711) 326-4538'),(3312,'(216) 228-4209'),(3313,'(643) 443-7394'),(3314,'(874) 667-8256'),(3315,'(417) 348-6401'),(3316,'(351) 284-0137'),(3317,'(346) 014-6444'),(3318,'(740) 379-8980'),(3319,'(504) 315-6527'),(3320,'(700) 219-9174'),(3321,'(163) 964-4695'),(3322,'(537) 712-4754'),(3323,'(190) 509-9104'),(3324,'(609) 178-1551'),(3325,'(308) 719-5801'),(3326,'(495) 250-0895'),(3327,'(738) 767-8264'),(3328,'(440) 009-9672'),(3329,'(101) 145-0809'),(3330,'(715) 315-0216'),(3331,'(740) 363-8068'),(3332,'(301) 330-9433'),(3333,'(573) 005-4309'),(3334,'(150) 583-6287'),(3335,'(410) 980-6415'),(3336,'(421) 595-1762'),(3337,'(706) 406-6058'),(3338,'(288) 137-7270'),(3339,'(501) 895-9079'),(3340,'(314) 048-4081'),(3341,'(806) 297-8583'),(3342,'(840) 413-4151'),(3343,'(939) 427-8390'),(3344,'(136) 679-3208'),(3345,'(493) 795-6489'),(3346,'(641) 786-1057'),(3347,'(539) 418-2930'),(3348,'(687) 716-1899'),(3349,'(619) 743-4342'),(3350,'(553) 470-2318'),(3351,'(489) 265-0057'),(3352,'(838) 205-5818'),(3353,'(124) 569-4902'),(3354,'(609) 136-8923'),(3355,'(657) 577-1683'),(3356,'(425) 130-1012'),(3357,'(268) 402-6084'),(3358,'(599) 071-7433'),(3359,'(175) 911-6653'),(3360,'(540) 625-0740'),(3361,'(408) 276-6764'),(3362,'(722) 668-1471'),(3363,'(882) 320-7920'),(3364,'(819) 515-9667'),(3365,'(357) 231-9440'),(3366,'(587) 109-8147'),(3367,'(638) 007-5317'),(3368,'(419) 434-5139'),(3369,'(599) 192-8259'),(3370,'(241) 441-0535'),(3371,'(784) 643-0436'),(3372,'(245) 092-2470'),(3373,'(900) 080-9450'),(3374,'(404) 309-1084'),(3375,'(492) 361-3941'),(3376,'(918) 644-9823'),(3377,'(980) 191-3884'),(3378,'(838) 472-0271'),(3379,'(648) 612-9902'),(3380,'(158) 277-6408'),(3381,'(788) 816-0533'),(3382,'(173) 474-2135'),(3383,'(979) 693-5846'),(3384,'(225) 875-8452'),(3385,'(773) 527-8483'),(3386,'(689) 730-6284'),(3387,'(961) 104-4938'),(3388,'(120) 709-3626'),(3389,'(831) 705-3837'),(3390,'(736) 094-5510'),(3391,'(457) 946-9849'),(3392,'(736) 422-6868'),(3393,'(197) 255-7596'),(3394,'(503) 986-9497'),(3395,'(885) 193-3612'),(3396,'(109) 758-2140'),(3397,'(900) 539-7851'),(3398,'(452) 571-6467'),(3399,'(726) 118-3045'),(3400,'(628) 053-0251'),(3401,'(973) 247-2477'),(3402,'(557) 924-4465'),(3403,'(399) 065-8151'),(3404,'(112) 888-0360'),(3405,'(843) 301-7086'),(3406,'(557) 877-5624'),(3407,'(671) 971-8585'),(3408,'(400) 612-0403'),(3409,'(819) 351-4449'),(3410,'(651) 750-9835'),(3411,'(144) 341-4368'),(3412,'(114) 483-9289'),(3413,'(995) 956-3736'),(3414,'(994) 153-0452'),(3415,'(326) 097-0307'),(3416,'(205) 138-9740'),(3417,'(473) 624-1134'),(3418,'(444) 159-2594'),(3419,'(765) 217-2384'),(3420,'(195) 131-1830'),(3421,'(522) 423-5298'),(3422,'(354) 255-9969'),(3423,'(827) 661-2892'),(3424,'(215) 558-7123'),(3425,'(931) 245-1673'),(3426,'(317) 948-5007'),(3427,'(876) 569-8244'),(3428,'(412) 729-5759'),(3429,'(719) 872-0520'),(3430,'(598) 756-5667'),(3431,'(834) 148-9264'),(3432,'(979) 743-3396'),(3433,'(452) 260-8295'),(3434,'(322) 857-3750'),(3435,'(292) 911-4008'),(3436,'(568) 120-5638'),(3437,'(603) 444-1659'),(3438,'(364) 670-5455'),(3439,'(320) 322-6995'),(3440,'(905) 168-1648'),(3441,'(578) 707-6209'),(3442,'(761) 472-9586'),(3443,'(504) 693-3888'),(3444,'(906) 698-6928'),(3445,'(569) 962-9133'),(3446,'(469) 815-9069'),(3447,'(439) 293-3996'),(3448,'(975) 499-7427'),(3449,'(555) 429-8020'),(3450,'(432) 077-6575'),(3451,'(276) 035-9715'),(3452,'(843) 753-7396'),(3453,'(773) 760-6938'),(3454,'(132) 610-0150'),(3455,'(571) 776-8164'),(3456,'(618) 301-2009'),(3457,'(358) 125-3719'),(3458,'(297) 022-7062'),(3459,'(283) 612-4110'),(3460,'(983) 166-5302'),(3461,'(156) 748-6621'),(3462,'(822) 294-8000'),(3463,'(853) 833-9467'),(3464,'(117) 320-0088'),(3465,'(213) 577-8463'),(3466,'(351) 315-6119'),(3467,'(323) 820-6857'),(3468,'(381) 326-8443'),(3469,'(563) 992-3934'),(3470,'(868) 426-0661'),(3471,'(478) 245-6935'),(3472,'(902) 399-9838'),(3473,'(559) 511-7807'),(3474,'(408) 361-0658'),(3475,'(281) 902-4115'),(3476,'(102) 786-8906'),(3477,'(480) 510-1721'),(3478,'(376) 194-6590'),(3479,'(807) 294-5213'),(3480,'(174) 157-2300'),(3481,'(267) 432-8610'),(3482,'(468) 616-9430'),(3483,'(656) 012-1477'),(3484,'(891) 335-2562'),(3485,'(733) 346-7978'),(3486,'(752) 744-5278'),(3487,'(780) 356-9648'),(3488,'(480) 523-1091'),(3489,'(952) 233-0094'),(3490,'(194) 401-6687'),(3491,'(806) 539-8558'),(3492,'(722) 832-0878'),(3493,'(798) 793-0401'),(3494,'(405) 723-7474'),(3495,'(237) 281-8766'),(3496,'(598) 751-8254'),(3497,'(199) 028-8061'),(3498,'(491) 310-7033'),(3499,'(404) 080-8151'),(3500,'(791) 432-9182'),(3501,'(335) 076-0195'),(3502,'(800) 190-5997'),(3503,'(720) 365-4377'),(3504,'(408) 542-8103'),(3505,'(385) 124-2739'),(3506,'(466) 694-5430'),(3507,'(150) 461-0350'),(3508,'(101) 562-5973'),(3509,'(509) 934-8787'),(3510,'(782) 822-2523'),(3511,'(311) 365-8310'),(3512,'(302) 941-9604'),(3513,'(472) 210-6408'),(3514,'(371) 303-7815'),(3515,'(806) 376-3535'),(3516,'(711) 361-4095'),(3517,'(440) 644-4862'),(3518,'(954) 027-9010'),(3519,'(756) 224-6596'),(3520,'(950) 544-0964'),(3521,'(541) 287-0127'),(3522,'(505) 201-2772'),(3523,'(676) 769-8710'),(3524,'(507) 255-8603'),(3525,'(413) 069-0176'),(3526,'(341) 032-3544'),(3527,'(692) 753-3276'),(3528,'(615) 515-5324'),(3529,'(907) 616-5991'),(3530,'(791) 144-2027'),(3531,'(224) 257-5308'),(3532,'(937) 012-1863'),(3533,'(632) 072-2546'),(3534,'(418) 358-9758'),(3535,'(692) 084-1347'),(3536,'(752) 163-5882'),(3537,'(539) 646-2447'),(3538,'(337) 115-7814'),(3539,'(636) 607-4725'),(3540,'(620) 559-0426'),(3541,'(817) 327-4948'),(3542,'(751) 721-0904'),(3543,'(577) 119-0421'),(3544,'(840) 323-3844'),(3545,'(607) 030-1459'),(3546,'(188) 951-7342'),(3547,'(248) 381-7510'),(3548,'(347) 430-3017'),(3549,'(879) 535-2891'),(3550,'(235) 906-8887'),(3551,'(830) 545-2916'),(3552,'(434) 663-4973'),(3553,'(331) 254-4969'),(3554,'(879) 129-6780'),(3555,'(363) 457-2478'),(3556,'(929) 682-8020'),(3557,'(996) 505-9749'),(3558,'(843) 424-5211'),(3559,'(888) 967-4114'),(3560,'(550) 305-7314'),(3561,'(317) 812-1432'),(3562,'(975) 122-2676'),(3563,'(189) 408-8847'),(3564,'(575) 335-8070'),(3565,'(516) 199-2552'),(3566,'(677) 543-1503'),(3567,'(189) 633-0608');
/*!40000 ALTER TABLE `telefono` ENABLE KEYS */;
UNLOCK TABLES;

--
-- Table structure for table `terapiaintensiva`
--

DROP TABLE IF EXISTS `terapiaintensiva`;
/*!40101 SET @saved_cs_client     = @@character_set_client */;
/*!50503 SET character_set_client = utf8mb4 */;
CREATE TABLE `terapiaintensiva` (
  `idTerapiaIntensiva` int(11) NOT NULL AUTO_INCREMENT,
  `Respirador` tinyint(1) NOT NULL,
  `PACIENTE_id` int(10) unsigned NOT NULL,
  PRIMARY KEY (`idTerapiaIntensiva`),
  UNIQUE KEY `PACIENTE_id` (`PACIENTE_id`),
  CONSTRAINT `terapiaintensiva_ibfk_1` FOREIGN KEY (`PACIENTE_id`) REFERENCES `paciente` (`idPACIENTE`) ON DELETE RESTRICT ON UPDATE RESTRICT
) ENGINE=InnoDB AUTO_INCREMENT=121 DEFAULT CHARSET=utf8;
/*!40101 SET character_set_client = @saved_cs_client */;

--
-- Dumping data for table `terapiaintensiva`
--

LOCK TABLES `terapiaintensiva` WRITE;
/*!40000 ALTER TABLE `terapiaintensiva` DISABLE KEYS */;
INSERT INTO `terapiaintensiva` VALUES (1,0,3),(2,1,4),(3,1,11),(4,1,14),(5,1,15),(6,0,19),(7,1,21),(8,0,23),(9,0,24),(10,0,25),(11,1,26),(12,1,30),(13,0,31),(14,0,32),(15,0,35),(16,0,43),(17,1,44),(18,0,49),(19,0,55),(20,1,57),(21,0,59),(22,1,67),(23,0,70),(24,0,82),(25,1,85),(26,0,86),(27,1,88),(28,0,89),(29,0,90),(30,1,92),(31,0,94),(32,1,97),(33,1,100),(34,0,105),(35,1,106),(36,1,109),(37,1,110),(38,0,113),(39,1,116),(40,0,124),(41,0,125),(42,0,132),(43,1,133),(44,0,141),(45,1,146),(46,0,147),(47,0,150),(48,0,151),(49,1,155),(50,1,162),(51,0,164),(52,1,165),(53,0,167),(54,0,168),(55,0,170),(56,0,172),(57,0,173),(58,1,174),(59,1,178),(60,1,180),(61,0,182),(62,0,183),(63,1,187),(64,0,189),(65,0,191),(66,0,199),(67,1,204),(68,1,206),(69,1,211),(70,0,214),(71,0,219),(72,1,238),(73,1,239),(74,1,242),(75,1,245),(76,1,248),(77,0,250),(78,0,255),(79,1,263),(80,0,264),(81,1,269),(82,1,271),(83,1,272),(84,0,273),(85,0,277),(86,1,279),(87,0,280),(88,1,281),(89,1,284),(90,1,286),(91,0,288),(92,0,291),(93,0,296),(94,1,301),(95,1,304),(96,1,307),(97,1,316),(98,1,319),(99,0,327),(100,0,336),(101,0,337),(102,0,339),(103,0,342),(104,1,343),(105,0,348),(106,0,350),(107,0,360),(108,0,361),(109,1,362),(110,0,364),(111,1,371),(112,1,374),(113,1,378),(114,1,383),(115,0,384),(116,1,387),(117,1,388),(118,0,393),(119,1,397),(120,0,400);
/*!40000 ALTER TABLE `terapiaintensiva` ENABLE KEYS */;
UNLOCK TABLES;

--
-- Table structure for table `triage_color`
--

DROP TABLE IF EXISTS `triage_color`;
/*!40101 SET @saved_cs_client     = @@character_set_client */;
/*!50503 SET character_set_client = utf8mb4 */;
CREATE TABLE `triage_color` (
  `idTRIAGE` int(11) unsigned NOT NULL AUTO_INCREMENT,
  `Color` varchar(50) NOT NULL,
  PRIMARY KEY (`idTRIAGE`)
) ENGINE=InnoDB AUTO_INCREMENT=6 DEFAULT CHARSET=utf8;
/*!40101 SET character_set_client = @saved_cs_client */;

--
-- Dumping data for table `triage_color`
--

LOCK TABLES `triage_color` WRITE;
/*!40000 ALTER TABLE `triage_color` DISABLE KEYS */;
INSERT INTO `triage_color` VALUES (1,'Rojo'),(2,'Naranja'),(3,'Amarillo'),(4,'Verde'),(5,'Azul');
/*!40000 ALTER TABLE `triage_color` ENABLE KEYS */;
UNLOCK TABLES;

--
-- Temporary view structure for view `viewcantidad_entrados_en_meses`
--

DROP TABLE IF EXISTS `viewcantidad_entrados_en_meses`;
/*!50001 DROP VIEW IF EXISTS `viewcantidad_entrados_en_meses`*/;
SET @saved_cs_client     = @@character_set_client;
/*!50503 SET character_set_client = utf8mb4 */;
/*!50001 CREATE VIEW `viewcantidad_entrados_en_meses` AS SELECT 
 1 AS `Numero del mes`,
 1 AS `Cantidad`*/;
SET character_set_client = @saved_cs_client;

--
-- Temporary view structure for view `viewcentro`
--

DROP TABLE IF EXISTS `viewcentro`;
/*!50001 DROP VIEW IF EXISTS `viewcentro`*/;
SET @saved_cs_client     = @@character_set_client;
/*!50503 SET character_set_client = utf8mb4 */;
/*!50001 CREATE VIEW `viewcentro` AS SELECT 
 1 AS `id`,
 1 AS `Nombre`,
 1 AS `Direccion`,
 1 AS `Provincia`*/;
SET character_set_client = @saved_cs_client;

--
-- Temporary view structure for view `viewcentroempchcovid`
--

DROP TABLE IF EXISTS `viewcentroempchcovid`;
/*!50001 DROP VIEW IF EXISTS `viewcentroempchcovid`*/;
SET @saved_cs_client     = @@character_set_client;
/*!50503 SET character_set_client = utf8mb4 */;
/*!50001 CREATE VIEW `viewcentroempchcovid` AS SELECT 
 1 AS `EMPLEADO_MATRICULA`,
 1 AS `SemanaControl`,
 1 AS `COVID_RES`,
 1 AS `CENTRO_NOMBRE`,
 1 AS `CENTRO_ID`*/;
SET character_set_client = @saved_cs_client;

--
-- Temporary view structure for view `viewdiamayormuertos`
--

DROP TABLE IF EXISTS `viewdiamayormuertos`;
/*!50001 DROP VIEW IF EXISTS `viewdiamayormuertos`*/;
SET @saved_cs_client     = @@character_set_client;
/*!50503 SET character_set_client = utf8mb4 */;
/*!50001 CREATE VIEW `viewdiamayormuertos` AS SELECT 
 1 AS `Fecha`,
 1 AS `Muertos`*/;
SET character_set_client = @saved_cs_client;

--
-- Temporary view structure for view `viewempleados_check_week_control`
--

DROP TABLE IF EXISTS `viewempleados_check_week_control`;
/*!50001 DROP VIEW IF EXISTS `viewempleados_check_week_control`*/;
SET @saved_cs_client     = @@character_set_client;
/*!50503 SET character_set_client = utf8mb4 */;
/*!50001 CREATE VIEW `viewempleados_check_week_control` AS SELECT 
 1 AS `Semana`,
 1 AS `Cantidad`,
 1 AS `centro_id`*/;
SET character_set_client = @saved_cs_client;

--
-- Temporary view structure for view `viewempleados_check_week_pos`
--

DROP TABLE IF EXISTS `viewempleados_check_week_pos`;
/*!50001 DROP VIEW IF EXISTS `viewempleados_check_week_pos`*/;
SET @saved_cs_client     = @@character_set_client;
/*!50503 SET character_set_client = utf8mb4 */;
/*!50001 CREATE VIEW `viewempleados_check_week_pos` AS SELECT 
 1 AS `Semana`,
 1 AS `COVID_POS`,
 1 AS `centro_id`*/;
SET character_set_client = @saved_cs_client;

--
-- Temporary view structure for view `viewempleados_med_enfer`
--

DROP TABLE IF EXISTS `viewempleados_med_enfer`;
/*!50001 DROP VIEW IF EXISTS `viewempleados_med_enfer`*/;
SET @saved_cs_client     = @@character_set_client;
/*!50503 SET character_set_client = utf8mb4 */;
/*!50001 CREATE VIEW `viewempleados_med_enfer` AS SELECT 
 1 AS `matricula`,
 1 AS `PERSONA_DNI`,
 1 AS `TITULOCURSO_id`,
 1 AS `idTITULOCURSO`,
 1 AS `titulo`*/;
SET character_set_client = @saved_cs_client;

--
-- Temporary view structure for view `viewfuncionylugar`
--

DROP TABLE IF EXISTS `viewfuncionylugar`;
/*!50001 DROP VIEW IF EXISTS `viewfuncionylugar`*/;
SET @saved_cs_client     = @@character_set_client;
/*!50503 SET character_set_client = utf8mb4 */;
/*!50001 CREATE VIEW `viewfuncionylugar` AS SELECT 
 1 AS `id`,
 1 AS `nombre`,
 1 AS `lugar`*/;
SET character_set_client = @saved_cs_client;

--
-- Temporary view structure for view `viewhospitalbysemanacheckcovid`
--

DROP TABLE IF EXISTS `viewhospitalbysemanacheckcovid`;
/*!50001 DROP VIEW IF EXISTS `viewhospitalbysemanacheckcovid`*/;
SET @saved_cs_client     = @@character_set_client;
/*!50503 SET character_set_client = utf8mb4 */;
/*!50001 CREATE VIEW `viewhospitalbysemanacheckcovid` AS SELECT 
 1 AS `Centro`,
 1 AS `Semana`,
 1 AS `Chequeos Semanales`,
 1 AS `COVID Positivos`,
 1 AS `COVID Negativos`*/;
SET character_set_client = @saved_cs_client;

--
-- Temporary view structure for view `viewmeshospitalcontagiadoscovid`
--

DROP TABLE IF EXISTS `viewmeshospitalcontagiadoscovid`;
/*!50001 DROP VIEW IF EXISTS `viewmeshospitalcontagiadoscovid`*/;
SET @saved_cs_client     = @@character_set_client;
/*!50503 SET character_set_client = utf8mb4 */;
/*!50001 CREATE VIEW `viewmeshospitalcontagiadoscovid` AS SELECT 
 1 AS `Semana`,
 1 AS `Chequeos Semanales`,
 1 AS `COVID Positivos`*/;
SET character_set_client = @saved_cs_client;

--
-- Temporary view structure for view `viewmuertosbycovid`
--

DROP TABLE IF EXISTS `viewmuertosbycovid`;
/*!50001 DROP VIEW IF EXISTS `viewmuertosbycovid`*/;
SET @saved_cs_client     = @@character_set_client;
/*!50503 SET character_set_client = utf8mb4 */;
/*!50001 CREATE VIEW `viewmuertosbycovid` AS SELECT 
 1 AS `Mes`,
 1 AS `Cantidad de Muertes`*/;
SET character_set_client = @saved_cs_client;

--
-- Temporary view structure for view `viewpacmuertos`
--

DROP TABLE IF EXISTS `viewpacmuertos`;
/*!50001 DROP VIEW IF EXISTS `viewpacmuertos`*/;
SET @saved_cs_client     = @@character_set_client;
/*!50503 SET character_set_client = utf8mb4 */;
/*!50001 CREATE VIEW `viewpacmuertos` AS SELECT 
 1 AS `Mes`,
 1 AS `Cantidad_de_Muertes`*/;
SET character_set_client = @saved_cs_client;

--
-- Temporary view structure for view `viewpacrecup`
--

DROP TABLE IF EXISTS `viewpacrecup`;
/*!50001 DROP VIEW IF EXISTS `viewpacrecup`*/;
SET @saved_cs_client     = @@character_set_client;
/*!50503 SET character_set_client = utf8mb4 */;
/*!50001 CREATE VIEW `viewpacrecup` AS SELECT 
 1 AS `Mes`,
 1 AS `Cantidad_de_Recuperados`*/;
SET character_set_client = @saved_cs_client;

--
-- Temporary view structure for view `viewtotalinfectados`
--

DROP TABLE IF EXISTS `viewtotalinfectados`;
/*!50001 DROP VIEW IF EXISTS `viewtotalinfectados`*/;
SET @saved_cs_client     = @@character_set_client;
/*!50503 SET character_set_client = utf8mb4 */;
/*!50001 CREATE VIEW `viewtotalinfectados` AS SELECT 
 1 AS `Mes`,
 1 AS `Activos`,
 1 AS `Muertos`,
 1 AS `Recuperados`,
 1 AS `Total`*/;
SET character_set_client = @saved_cs_client;

--
-- Final view structure for view `viewcantidad_entrados_en_meses`
--

/*!50001 DROP VIEW IF EXISTS `viewcantidad_entrados_en_meses`*/;
/*!50001 SET @saved_cs_client          = @@character_set_client */;
/*!50001 SET @saved_cs_results         = @@character_set_results */;
/*!50001 SET @saved_col_connection     = @@collation_connection */;
/*!50001 SET character_set_client      = utf8 */;
/*!50001 SET character_set_results     = utf8 */;
/*!50001 SET collation_connection      = utf8_general_ci */;
/*!50001 CREATE ALGORITHM=UNDEFINED */
/*!50013 DEFINER=`root`@`localhost` SQL SECURITY DEFINER */
/*!50001 VIEW `viewcantidad_entrados_en_meses` AS select month(`centrosanitario_has_empleado`.`fecIng`) AS `Numero del mes`,count(0) AS `Cantidad` from `centrosanitario_has_empleado` where (year(`centrosanitario_has_empleado`.`fecIng`) = 2020) group by month(`centrosanitario_has_empleado`.`fecIng`) order by 'Numero del mes' */;
/*!50001 SET character_set_client      = @saved_cs_client */;
/*!50001 SET character_set_results     = @saved_cs_results */;
/*!50001 SET collation_connection      = @saved_col_connection */;

--
-- Final view structure for view `viewcentro`
--

/*!50001 DROP VIEW IF EXISTS `viewcentro`*/;
/*!50001 SET @saved_cs_client          = @@character_set_client */;
/*!50001 SET @saved_cs_results         = @@character_set_results */;
/*!50001 SET @saved_col_connection     = @@collation_connection */;
/*!50001 SET character_set_client      = utf8 */;
/*!50001 SET character_set_results     = utf8 */;
/*!50001 SET collation_connection      = utf8_general_ci */;
/*!50001 CREATE ALGORITHM=UNDEFINED */
/*!50013 DEFINER=`root`@`localhost` SQL SECURITY DEFINER */
/*!50001 VIEW `viewcentro` AS select `centrosanitario`.`id` AS `id`,`centrosanitario`.`Nombre` AS `Nombre`,`centrosanitario`.`Direccion` AS `Direccion`,`provincia`.`Provincia` AS `Provincia` from (((`centrosanitario_has_telefono` join `centrosanitario` on((`centrosanitario_has_telefono`.`CENTROSANITARIO_id` = `centrosanitario`.`id`))) join `telefono` on((`centrosanitario_has_telefono`.`TELEFONO_id` = `telefono`.`idTelefono`))) join `provincia` on((`centrosanitario`.`PROVINCIA_idPROVINCIA` = `provincia`.`idPROVINCIA`))) */;
/*!50001 SET character_set_client      = @saved_cs_client */;
/*!50001 SET character_set_results     = @saved_cs_results */;
/*!50001 SET collation_connection      = @saved_col_connection */;

--
-- Final view structure for view `viewcentroempchcovid`
--

/*!50001 DROP VIEW IF EXISTS `viewcentroempchcovid`*/;
/*!50001 SET @saved_cs_client          = @@character_set_client */;
/*!50001 SET @saved_cs_results         = @@character_set_results */;
/*!50001 SET @saved_col_connection     = @@collation_connection */;
/*!50001 SET character_set_client      = utf8mb4 */;
/*!50001 SET character_set_results     = utf8mb4 */;
/*!50001 SET collation_connection      = utf8mb4_unicode_ci */;
/*!50001 CREATE ALGORITHM=UNDEFINED */
/*!50013 DEFINER=`root`@`localhost` SQL SECURITY INVOKER */
/*!50001 VIEW `viewcentroempchcovid` AS select `ecs`.`EMPLEADO_id` AS `EMPLEADO_MATRICULA`,week(cast(`ecs`.`FechaEstudio` as date),0) AS `SemanaControl`,`ecs`.`COVID_POS` AS `COVID_RES`,(select `cs`.`Nombre` from (`centrosanitario_has_empleado` `cshe` join `centrosanitario` `cs` on((`cshe`.`centro_id` = `cs`.`id`))) where (`ecs`.`EMPLEADO_id` = `cshe`.`matricula_id`)) AS `CENTRO_NOMBRE`,(select `cs`.`id` from (`centrosanitario_has_empleado` `cshe` join `centrosanitario` `cs` on((`cshe`.`centro_id` = `cs`.`id`))) where (`ecs`.`EMPLEADO_id` = `cshe`.`matricula_id`)) AS `CENTRO_ID` from `empleado_control_semanal` `ecs` order by 'FechaControl' */;
/*!50001 SET character_set_client      = @saved_cs_client */;
/*!50001 SET character_set_results     = @saved_cs_results */;
/*!50001 SET collation_connection      = @saved_col_connection */;

--
-- Final view structure for view `viewdiamayormuertos`
--

/*!50001 DROP VIEW IF EXISTS `viewdiamayormuertos`*/;
/*!50001 SET @saved_cs_client          = @@character_set_client */;
/*!50001 SET @saved_cs_results         = @@character_set_results */;
/*!50001 SET @saved_col_connection     = @@collation_connection */;
/*!50001 SET character_set_client      = utf8 */;
/*!50001 SET character_set_results     = utf8 */;
/*!50001 SET collation_connection      = utf8_general_ci */;
/*!50001 CREATE ALGORITHM=UNDEFINED */
/*!50013 DEFINER=`root`@`localhost` SQL SECURITY DEFINER */
/*!50001 VIEW `viewdiamayormuertos` AS select cast(`s`.`FechaYHora` as date) AS `Fecha`,count(`s`.`Estado`) AS `Muertos` from `salidas` `s` where (`s`.`Estado` = 1) group by `Fecha` order by `Muertos` desc limit 1 */;
/*!50001 SET character_set_client      = @saved_cs_client */;
/*!50001 SET character_set_results     = @saved_cs_results */;
/*!50001 SET collation_connection      = @saved_col_connection */;

--
-- Final view structure for view `viewempleados_check_week_control`
--

/*!50001 DROP VIEW IF EXISTS `viewempleados_check_week_control`*/;
/*!50001 SET @saved_cs_client          = @@character_set_client */;
/*!50001 SET @saved_cs_results         = @@character_set_results */;
/*!50001 SET @saved_col_connection     = @@collation_connection */;
/*!50001 SET character_set_client      = utf8 */;
/*!50001 SET character_set_results     = utf8 */;
/*!50001 SET collation_connection      = utf8_general_ci */;
/*!50001 CREATE ALGORITHM=UNDEFINED */
/*!50013 DEFINER=`root`@`localhost` SQL SECURITY DEFINER */
/*!50001 VIEW `viewempleados_check_week_control` AS select week(cast(`ecs`.`FechaEstudio` as date),0) AS `Semana`,count(`ecs`.`FechaEstudio`) AS `Cantidad`,`centrosanitario_has_empleado`.`centro_id` AS `centro_id` from (`empleado_control_semanal` `ecs` join `centrosanitario_has_empleado`) group by week(cast(`ecs`.`FechaEstudio` as date),0),`centrosanitario_has_empleado`.`centro_id`,`ecs`.`EMPLEADO_id` */;
/*!50001 SET character_set_client      = @saved_cs_client */;
/*!50001 SET character_set_results     = @saved_cs_results */;
/*!50001 SET collation_connection      = @saved_col_connection */;

--
-- Final view structure for view `viewempleados_check_week_pos`
--

/*!50001 DROP VIEW IF EXISTS `viewempleados_check_week_pos`*/;
/*!50001 SET @saved_cs_client          = @@character_set_client */;
/*!50001 SET @saved_cs_results         = @@character_set_results */;
/*!50001 SET @saved_col_connection     = @@collation_connection */;
/*!50001 SET character_set_client      = utf8 */;
/*!50001 SET character_set_results     = utf8 */;
/*!50001 SET collation_connection      = utf8_general_ci */;
/*!50001 CREATE ALGORITHM=UNDEFINED */
/*!50013 DEFINER=`root`@`localhost` SQL SECURITY DEFINER */
/*!50001 VIEW `viewempleados_check_week_pos` AS select week(cast(`ecs`.`FechaEstudio` as date),0) AS `Semana`,count(`ecs`.`COVID_POS`) AS `COVID_POS`,`centrosanitario_has_empleado`.`centro_id` AS `centro_id` from (`empleado_control_semanal` `ecs` join `centrosanitario_has_empleado`) where (`ecs`.`COVID_POS` = 1) group by week(cast(`ecs`.`FechaEstudio` as date),0),`ecs`.`EMPLEADO_id`,`centrosanitario_has_empleado`.`centro_id` */;
/*!50001 SET character_set_client      = @saved_cs_client */;
/*!50001 SET character_set_results     = @saved_cs_results */;
/*!50001 SET collation_connection      = @saved_col_connection */;

--
-- Final view structure for view `viewempleados_med_enfer`
--

/*!50001 DROP VIEW IF EXISTS `viewempleados_med_enfer`*/;
/*!50001 SET @saved_cs_client          = @@character_set_client */;
/*!50001 SET @saved_cs_results         = @@character_set_results */;
/*!50001 SET @saved_col_connection     = @@collation_connection */;
/*!50001 SET character_set_client      = utf8 */;
/*!50001 SET character_set_results     = utf8 */;
/*!50001 SET collation_connection      = utf8_general_ci */;
/*!50001 CREATE ALGORITHM=UNDEFINED */
/*!50013 DEFINER=`root`@`localhost` SQL SECURITY DEFINER */
/*!50001 VIEW `viewempleados_med_enfer` AS select `empleado`.`matricula` AS `matricula`,`empleado`.`PERSONA_DNI` AS `PERSONA_DNI`,`empleado`.`TITULOCURSO_id` AS `TITULOCURSO_id`,`empleado_titulacion`.`idTITULOCURSO` AS `idTITULOCURSO`,`empleado_titulacion`.`titulo` AS `titulo` from (`empleado` join `empleado_titulacion` on((`empleado`.`TITULOCURSO_id` = `empleado_titulacion`.`idTITULOCURSO`))) where ((locate('Medico/a ',`empleado_titulacion`.`titulo`) > 0) or (locate('Enfermero/a',`empleado_titulacion`.`titulo`) > 0)) */;
/*!50001 SET character_set_client      = @saved_cs_client */;
/*!50001 SET character_set_results     = @saved_cs_results */;
/*!50001 SET collation_connection      = @saved_col_connection */;

--
-- Final view structure for view `viewfuncionylugar`
--

/*!50001 DROP VIEW IF EXISTS `viewfuncionylugar`*/;
/*!50001 SET @saved_cs_client          = @@character_set_client */;
/*!50001 SET @saved_cs_results         = @@character_set_results */;
/*!50001 SET @saved_col_connection     = @@collation_connection */;
/*!50001 SET character_set_client      = utf8 */;
/*!50001 SET character_set_results     = utf8 */;
/*!50001 SET collation_connection      = utf8_general_ci */;
/*!50001 CREATE ALGORITHM=UNDEFINED */
/*!50013 DEFINER=`root`@`localhost` SQL SECURITY DEFINER */
/*!50001 VIEW `viewfuncionylugar` AS select `centrosanitario_funcion`.`id` AS `id`,`centrosanitario_funcion`.`nombre` AS `nombre`,`centrosanitario_lugar`.`lugar` AS `lugar` from (`centrosanitario_funcion` join `centrosanitario_lugar` on((`centrosanitario_funcion`.`LUGARHOSPI_id` = `centrosanitario_lugar`.`id`))) */;
/*!50001 SET character_set_client      = @saved_cs_client */;
/*!50001 SET character_set_results     = @saved_cs_results */;
/*!50001 SET collation_connection      = @saved_col_connection */;

--
-- Final view structure for view `viewhospitalbysemanacheckcovid`
--

/*!50001 DROP VIEW IF EXISTS `viewhospitalbysemanacheckcovid`*/;
/*!50001 SET @saved_cs_client          = @@character_set_client */;
/*!50001 SET @saved_cs_results         = @@character_set_results */;
/*!50001 SET @saved_col_connection     = @@collation_connection */;
/*!50001 SET character_set_client      = utf8 */;
/*!50001 SET character_set_results     = utf8 */;
/*!50001 SET collation_connection      = utf8_general_ci */;
/*!50001 CREATE ALGORITHM=UNDEFINED */
/*!50013 DEFINER=`root`@`localhost` SQL SECURITY DEFINER */
/*!50001 VIEW `viewhospitalbysemanacheckcovid` AS select (select `c`.`Nombre` from `centrosanitario` `c` where ((`c`.`id` = `vecwc`.`centro_id`) and (`c`.`id` = `vecwp`.`centro_id`))) AS `Centro`,`vecwp`.`Semana` AS `Semana`,`vecwc`.`Cantidad` AS `Chequeos Semanales`,`vecwp`.`COVID_POS` AS `COVID Positivos`,(`vecwc`.`Cantidad` - `vecwp`.`COVID_POS`) AS `COVID Negativos` from (`viewempleados_check_week_pos` `vecwp` join `viewempleados_check_week_control` `vecwc`) where (`vecwp`.`Semana` = `vecwc`.`Semana`) group by `Centro` order by `Centro` */;
/*!50001 SET character_set_client      = @saved_cs_client */;
/*!50001 SET character_set_results     = @saved_cs_results */;
/*!50001 SET collation_connection      = @saved_col_connection */;

--
-- Final view structure for view `viewmeshospitalcontagiadoscovid`
--

/*!50001 DROP VIEW IF EXISTS `viewmeshospitalcontagiadoscovid`*/;
/*!50001 SET @saved_cs_client          = @@character_set_client */;
/*!50001 SET @saved_cs_results         = @@character_set_results */;
/*!50001 SET @saved_col_connection     = @@collation_connection */;
/*!50001 SET character_set_client      = utf8 */;
/*!50001 SET character_set_results     = utf8 */;
/*!50001 SET collation_connection      = utf8_general_ci */;
/*!50001 CREATE ALGORITHM=UNDEFINED */
/*!50013 DEFINER=`root`@`localhost` SQL SECURITY DEFINER */
/*!50001 VIEW `viewmeshospitalcontagiadoscovid` AS select `vecwp`.`Semana` AS `Semana`,`vecwc`.`Cantidad` AS `Chequeos Semanales`,`vecwp`.`COVID_POS` AS `COVID Positivos` from (`viewempleados_check_week_pos` `vecwp` join `viewempleados_check_week_control` `vecwc` on((`vecwp`.`Semana` = `vecwc`.`Semana`))) group by `vecwp`.`Semana` order by `vecwp`.`Semana` */;
/*!50001 SET character_set_client      = @saved_cs_client */;
/*!50001 SET character_set_results     = @saved_cs_results */;
/*!50001 SET collation_connection      = @saved_col_connection */;

--
-- Final view structure for view `viewmuertosbycovid`
--

/*!50001 DROP VIEW IF EXISTS `viewmuertosbycovid`*/;
/*!50001 SET @saved_cs_client          = @@character_set_client */;
/*!50001 SET @saved_cs_results         = @@character_set_results */;
/*!50001 SET @saved_col_connection     = @@collation_connection */;
/*!50001 SET character_set_client      = utf8 */;
/*!50001 SET character_set_results     = utf8 */;
/*!50001 SET collation_connection      = utf8_general_ci */;
/*!50001 CREATE ALGORITHM=UNDEFINED */
/*!50013 DEFINER=`root`@`localhost` SQL SECURITY DEFINER */
/*!50001 VIEW `viewmuertosbycovid` AS select month(`salidas`.`FechaYHora`) AS `Mes`,count(`salidas`.`FechaYHora`) AS `Cantidad de Muertes` from `salidas` where ((`salidas`.`Estado` = 1) and (year(`salidas`.`FechaYHora`) = year(curdate()))) group by month(`salidas`.`FechaYHora`) order by `Mes` */;
/*!50001 SET character_set_client      = @saved_cs_client */;
/*!50001 SET character_set_results     = @saved_cs_results */;
/*!50001 SET collation_connection      = @saved_col_connection */;

--
-- Final view structure for view `viewpacmuertos`
--

/*!50001 DROP VIEW IF EXISTS `viewpacmuertos`*/;
/*!50001 SET @saved_cs_client          = @@character_set_client */;
/*!50001 SET @saved_cs_results         = @@character_set_results */;
/*!50001 SET @saved_col_connection     = @@collation_connection */;
/*!50001 SET character_set_client      = utf8 */;
/*!50001 SET character_set_results     = utf8 */;
/*!50001 SET collation_connection      = utf8_general_ci */;
/*!50001 CREATE ALGORITHM=UNDEFINED */
/*!50013 DEFINER=`root`@`localhost` SQL SECURITY DEFINER */
/*!50001 VIEW `viewpacmuertos` AS select month(`salidas`.`FechaYHora`) AS `Mes`,count(`salidas`.`FechaYHora`) AS `Cantidad_de_Muertes` from (`salidas` join `paciente` on((`salidas`.`PACIENTE_id` = `paciente`.`idPACIENTE`))) where ((`salidas`.`Estado` = 1) and (year(`salidas`.`FechaYHora`) = year(curdate())) and (`paciente`.`CovidTest` = 1)) group by month(`salidas`.`FechaYHora`) order by `Mes` */;
/*!50001 SET character_set_client      = @saved_cs_client */;
/*!50001 SET character_set_results     = @saved_cs_results */;
/*!50001 SET collation_connection      = @saved_col_connection */;

--
-- Final view structure for view `viewpacrecup`
--

/*!50001 DROP VIEW IF EXISTS `viewpacrecup`*/;
/*!50001 SET @saved_cs_client          = @@character_set_client */;
/*!50001 SET @saved_cs_results         = @@character_set_results */;
/*!50001 SET @saved_col_connection     = @@collation_connection */;
/*!50001 SET character_set_client      = utf8 */;
/*!50001 SET character_set_results     = utf8 */;
/*!50001 SET collation_connection      = utf8_general_ci */;
/*!50001 CREATE ALGORITHM=UNDEFINED */
/*!50013 DEFINER=`root`@`localhost` SQL SECURITY DEFINER */
/*!50001 VIEW `viewpacrecup` AS select month(`salidas`.`FechaYHora`) AS `Mes`,count(`salidas`.`FechaYHora`) AS `Cantidad_de_Recuperados` from (`salidas` join `paciente` on((`salidas`.`PACIENTE_id` = `paciente`.`idPACIENTE`))) where ((`salidas`.`Estado` = 2) and (year(`salidas`.`FechaYHora`) = year(curdate())) and (`paciente`.`CovidTest` = 1)) group by month(`salidas`.`FechaYHora`) order by `Mes` */;
/*!50001 SET character_set_client      = @saved_cs_client */;
/*!50001 SET character_set_results     = @saved_cs_results */;
/*!50001 SET collation_connection      = @saved_col_connection */;

--
-- Final view structure for view `viewtotalinfectados`
--

/*!50001 DROP VIEW IF EXISTS `viewtotalinfectados`*/;
/*!50001 SET @saved_cs_client          = @@character_set_client */;
/*!50001 SET @saved_cs_results         = @@character_set_results */;
/*!50001 SET @saved_col_connection     = @@collation_connection */;
/*!50001 SET character_set_client      = utf8 */;
/*!50001 SET character_set_results     = utf8 */;
/*!50001 SET collation_connection      = utf8_general_ci */;
/*!50001 CREATE ALGORITHM=UNDEFINED */
/*!50013 DEFINER=`root`@`localhost` SQL SECURITY DEFINER */
/*!50001 VIEW `viewtotalinfectados` AS select month(`paciente`.`FechaDeInternacion`) AS `Mes`,((count(`paciente`.`CovidTest`) - `viewpacmuertos`.`Cantidad_de_Muertes`) - `viewpacrecup`.`Cantidad_de_Recuperados`) AS `Activos`,`viewpacmuertos`.`Cantidad_de_Muertes` AS `Muertos`,`viewpacrecup`.`Cantidad_de_Recuperados` AS `Recuperados`,count(`paciente`.`CovidTest`) AS `Total` from ((`paciente` join `viewpacmuertos`) join `viewpacrecup`) where ((`paciente`.`CovidTest` = 1) and (year(`paciente`.`FechaDeInternacion`) = year(curdate())) and (month(`paciente`.`FechaDeInternacion`) = `viewpacrecup`.`Mes`) and (month(`paciente`.`FechaDeInternacion`) = `viewpacmuertos`.`Mes`)) group by month(`paciente`.`FechaDeInternacion`) order by `Mes` */;
/*!50001 SET character_set_client      = @saved_cs_client */;
/*!50001 SET character_set_results     = @saved_cs_results */;
/*!50001 SET collation_connection      = @saved_col_connection */;
/*!40103 SET TIME_ZONE=@OLD_TIME_ZONE */;

/*!40101 SET SQL_MODE=@OLD_SQL_MODE */;
/*!40014 SET FOREIGN_KEY_CHECKS=@OLD_FOREIGN_KEY_CHECKS */;
/*!40014 SET UNIQUE_CHECKS=@OLD_UNIQUE_CHECKS */;
/*!40101 SET CHARACTER_SET_CLIENT=@OLD_CHARACTER_SET_CLIENT */;
/*!40101 SET CHARACTER_SET_RESULTS=@OLD_CHARACTER_SET_RESULTS */;
/*!40101 SET COLLATION_CONNECTION=@OLD_COLLATION_CONNECTION */;
/*!40111 SET SQL_NOTES=@OLD_SQL_NOTES */;

-- Dump completed on 2020-06-29 20:52:56
