1,"(709) 879-9050"
2,"(236) 860-8508"
3,"(467) 841-0660"
4,"(302) 538-7210"
5,"(724) 580-8333"
6,"(100) 786-4335"
7,"(243) 619-3734"
8,"(867) 050-8951"
9,"(690) 831-1276"
10,"(746) 064-3395"
11,"(949) 782-4950"
12,"(522) 787-3569"
13,"(513) 723-7500"
14,"(600) 555-3815"
15,"(691) 037-2416"
16,"(516) 358-1435"
17,"(444) 815-3030"
18,"(690) 099-5536"
19,"(573) 234-4606"
20,"(591) 635-1726"
21,"(157) 623-5778"
22,"(376) 137-0389"
23,"(689) 489-7322"
24,"(682) 033-0337"
25,"(127) 640-2646"
26,"(647) 051-9582"
27,"(360) 244-9988"
28,"(611) 541-9508"
29,"(380) 444-8402"
30,"(631) 861-1231"
31,"(555) 146-7324"
32,"(367) 949-1011"
33,"(766) 868-1929"
34,"(658) 975-6668"
35,"(307) 263-9051"
36,"(831) 481-7247"
37,"(799) 682-8721"
38,"(714) 420-7477"
39,"(558) 486-0335"
40,"(632) 640-6949"
41,"(645) 458-4321"
42,"(146) 333-8333"
43,"(541) 380-5252"
44,"(522) 335-6110"
45,"(577) 372-0460"
46,"(867) 997-2791"
47,"(737) 453-0136"
48,"(599) 556-5063"
49,"(151) 126-6290"
50,"(208) 764-3977"
51,"(269) 461-1347"
52,"(273) 018-4469"
53,"(684) 595-4502"
54,"(956) 521-8259"
55,"(775) 743-1203"
56,"(463) 585-1075"
57,"(732) 058-2984"
58,"(179) 453-6147"
59,"(983) 314-0956"
60,"(539) 329-0005"
61,"(558) 804-4761"
62,"(838) 906-7773"
63,"(602) 906-7108"
64,"(419) 205-9698"
65,"(771) 009-1849"
66,"(995) 643-8716"
67,"(408) 583-7161"
68,"(271) 230-9036"
69,"(777) 792-1192"
70,"(744) 560-4359"
71,"(918) 057-6093"
72,"(508) 705-2178"
73,"(900) 959-7183"
74,"(964) 189-1048"
75,"(275) 306-5843"
76,"(458) 374-5169"
77,"(178) 694-3064"
78,"(779) 837-9335"
79,"(711) 319-4902"
80,"(451) 060-2219"
81,"(452) 288-9219"
82,"(171) 755-4806"
83,"(599) 473-5568"
84,"(528) 976-6324"
85,"(972) 951-8130"
86,"(475) 044-2324"
87,"(273) 849-2597"
88,"(281) 855-9278"
89,"(140) 754-1604"
90,"(396) 136-0734"
91,"(342) 149-2296"
92,"(811) 132-2692"
93,"(164) 084-6506"
94,"(103) 057-3500"
95,"(919) 626-9941"
96,"(584) 853-9097"
97,"(239) 986-3260"
98,"(688) 503-2621"
99,"(381) 092-7997"
100,"(311) 385-8635"
101,"(457) 574-2225"
102,"(209) 923-4412"
103,"(129) 936-6242"
104,"(405) 941-6760"
105,"(587) 900-7627"
106,"(110) 761-1925"
107,"(791) 089-7109"
108,"(876) 684-5607"
109,"(216) 723-7667"
110,"(677) 588-9165"
111,"(761) 360-9359"
112,"(345) 341-0754"
113,"(645) 704-8644"
114,"(467) 966-6042"
115,"(624) 935-5407"
116,"(978) 337-6533"
117,"(248) 317-5804"
118,"(269) 072-9218"
119,"(608) 311-0383"
120,"(561) 741-8353"
121,"(696) 908-4389"
122,"(627) 980-6535"
123,"(263) 463-1681"
124,"(569) 092-1251"
125,"(805) 607-5697"
126,"(167) 215-7183"
127,"(820) 436-3544"
128,"(591) 941-5919"
129,"(976) 364-0108"
130,"(403) 714-0120"
131,"(974) 764-2772"
132,"(395) 736-3186"
133,"(279) 382-7840"
134,"(250) 587-6496"
135,"(377) 842-8951"
136,"(219) 848-7846"
137,"(759) 493-7840"
138,"(884) 862-8635"
139,"(729) 119-7159"
140,"(753) 718-4530"
141,"(297) 440-8996"
142,"(848) 335-5096"
143,"(911) 344-7362"
144,"(209) 946-5446"
145,"(847) 405-2979"
146,"(724) 563-7102"
147,"(254) 764-6953"
148,"(161) 211-9599"
149,"(169) 786-9248"
150,"(887) 732-5046"
151,"(138) 242-4240"
152,"(337) 122-5074"
153,"(231) 102-8968"
154,"(101) 062-9742"
155,"(202) 359-5590"
156,"(237) 645-8155"
157,"(454) 400-1277"
158,"(670) 643-4912"
159,"(679) 769-6749"
160,"(595) 606-5047"
161,"(916) 823-6379"
162,"(315) 607-3711"
163,"(470) 898-0681"
164,"(377) 345-6380"
165,"(926) 503-9433"
166,"(362) 698-2090"
167,"(183) 855-3244"
168,"(487) 607-5262"
169,"(503) 997-1865"
170,"(816) 988-4423"
171,"(143) 039-9890"
172,"(757) 014-9251"
173,"(127) 485-6715"
174,"(544) 790-3202"
175,"(794) 004-0157"
176,"(368) 020-8958"
177,"(153) 988-1186"
178,"(173) 779-3129"
179,"(875) 469-8767"
180,"(628) 723-3530"
181,"(309) 396-8977"
182,"(528) 358-4306"
183,"(179) 120-8104"
184,"(151) 609-4590"
185,"(624) 101-5256"
186,"(638) 968-3333"
187,"(749) 358-0459"
188,"(742) 960-0772"
189,"(434) 876-4066"
190,"(114) 589-0352"
191,"(254) 351-0214"
192,"(853) 006-5672"
193,"(939) 781-1010"
194,"(576) 492-9109"
195,"(803) 391-8202"
196,"(459) 106-2880"
197,"(341) 006-5451"
198,"(647) 248-8934"
199,"(993) 217-6110"
200,"(778) 988-9205"
201,"(740) 437-3950"
202,"(599) 870-9421"
203,"(195) 816-0381"
204,"(647) 358-7382"
205,"(599) 085-6929"
206,"(407) 365-2978"
207,"(328) 427-1372"
208,"(806) 817-7278"
209,"(463) 684-3084"
210,"(461) 131-0399"
211,"(174) 429-8688"
212,"(113) 938-4199"
213,"(823) 921-6246"
214,"(826) 127-1431"
215,"(631) 563-8048"
216,"(536) 527-3010"
217,"(690) 071-1315"
218,"(451) 348-8212"
219,"(181) 032-2804"
220,"(313) 920-0534"
221,"(144) 659-8205"
222,"(100) 126-5189"
223,"(246) 881-4988"
224,"(741) 436-5508"
225,"(803) 181-1173"
226,"(556) 078-7433"
227,"(226) 331-7690"
228,"(126) 111-1766"
229,"(789) 515-0781"
230,"(989) 170-3999"
231,"(179) 796-8264"
232,"(935) 137-6019"
233,"(383) 233-1686"
234,"(147) 805-4850"
235,"(434) 948-3317"
236,"(135) 179-9519"
237,"(573) 725-8102"
238,"(779) 761-2520"
239,"(654) 180-7165"
240,"(199) 821-3218"
241,"(699) 089-9109"
242,"(415) 538-6333"
243,"(490) 543-5058"
244,"(143) 710-2534"
245,"(404) 856-2668"
246,"(620) 842-9559"
247,"(650) 873-2957"
248,"(388) 899-6117"
249,"(140) 568-9028"
250,"(381) 891-6767"
251,"(672) 771-6445"
252,"(870) 963-4293"
253,"(706) 864-3287"
254,"(571) 613-6055"
255,"(592) 380-3634"
256,"(111) 666-7583"
257,"(952) 390-0106"
258,"(129) 327-3185"
259,"(765) 631-7179"
260,"(558) 009-8791"
261,"(638) 842-6630"
262,"(834) 348-0295"
263,"(653) 245-2462"
264,"(523) 230-5313"
265,"(780) 871-3528"
266,"(314) 685-4486"
267,"(835) 476-4270"
268,"(550) 456-4866"
269,"(250) 264-4591"
270,"(369) 184-8122"
271,"(290) 588-5621"
272,"(507) 341-9012"
273,"(146) 328-5969"
274,"(282) 113-3310"
275,"(481) 864-1011"
276,"(352) 335-9119"
277,"(167) 108-7653"
278,"(105) 803-8898"
279,"(211) 331-5189"
280,"(156) 137-2473"
281,"(418) 977-3437"
282,"(353) 078-3300"
283,"(507) 979-2503"
284,"(403) 057-3589"
285,"(351) 730-4492"
286,"(449) 343-8327"
287,"(821) 929-3945"
288,"(275) 416-1202"
289,"(807) 368-9313"
290,"(713) 329-2504"
291,"(454) 852-2526"
292,"(902) 551-8099"
293,"(656) 983-8753"
294,"(476) 159-1845"
295,"(362) 390-0139"
296,"(376) 934-5220"
297,"4335102 / 5428"
298,"4338516"
299,"4339101"
300,"4335123"
301,"4339103"
302,"03543-449420"
303,"4339135 / 9109"
304,"4338551"
305,"4337309/7362"
306,"4338763 / 8552"
307,"4338750 / 60"
308,"4338630"
309,"4335435"
310,"4336003"
311,"4332860/61"
312,"4335108 / 5438"
313,"4335109 / 5436"
314,"4335103/ 5429"
315,"4335110 / 5439"
316,"4335104 / 5440"
317,"4335105/ 5441"
318,"4337310 / 7364"
319,"4333302"
320,"4333303 / 3518"
321,"4336021"
322,"4337306"
323,"4338553"
324,"4337302"
325,"4337307"
326,"4337308"
327,"03543-449427"
328,"4339110/36"
329,"0351-156100451"
330,"03543-449428/22"
331,"4334359/51"
332,"4338758"
333,"4338555/ 38765"
334,"4334355"
335,"4334353"
336,"4333211"
337,"4333312 / 3187"
338,"4334377 / 4366"
339,"4334281"
340,"4334280/"
341,"4333213 - 4333313"
342,"4338633"
343,"4335106 / 5437"
344,"4338405"
345,"4333304"
346,"4995883/1883"
347,"4337311 / 7338"
348,"4333314"
349,"4335442/5111"
350,"4337339"
351,"4338561 / 8766"
352,"03543-449432"
353,"4338769 - 155376415"
354,"4333305"
355,"4335122"
356,"03543-449421-9020"
357,"155494983"
358,"4337818"
359,"4334378"
360,"4333210 / 3315"
361,"03543-449430/9022"
362,"03543-449431/9443"
363,"4338500"
364,"4997931"
365,"4333208"
366,"4338631"
367,"4997930"
368,"4333517/3317"
369,"4999910"
370,"4334357 / 4379"
371,"4333332 / 3209"
372,"4337816"
373,"4332862"
374,"4333215"
375,"4338562"
376,"4338632"
377,"03543-439691"
378,"4333335"
379,"4339137"
380,"4335133"
381,"4333512/ 3216"
382,"4333217"
383,"156100370"
384,"4333228"
385,"4348527"
386,"4338528"
387,"03543-449026"
388,"4343188"
389,"4331924"
390,"4348520"
391,"4356714"
392,"4343230"
393,"4969060"
394,"0351-155494983"
395,"0351-156100319"
396,"0351-152094378"
397,"4802303"
398,"4807842"
399,"4804819"
400,"4807804"
401,"4807808"
402,"4807073"
403,"4807689"
404,"4351530"
405,"4388990"
406," 4807680 (int 377)"
407,"4806635"
408,"4806631"
409,"4806636"
410,"4804657"
411,"4393937"
412,"4806637"
413,"4805620"
414,"4805647"
415,"4807847"
416,"4807844"
417,"4805859"
418,"4807697"
419,"4805625"
420,"4807841"
421,"4807845"
422,"4809779"
423,"4809197"
424,"4809768"
425,"4809772"
426,"4809529"
427,"4805648"
428,"4809765"
429,"4809195"
430,"4809524"
431,"4809767"
432,"4809196"
433,"4809521"
434,"4809766"
435,"4809760"
436,"4809773"
437,"4809778"
438,"4809190"
439,"4809771"
440,"4809769"
441,"0291 - 4559393"
442,"011 - 4259298"
443,"0223 - 436671"
444,"011 - 92620"
445,"0221 - 5099300"
446,"02392 - 433107"
447,"0291 - 4550270"
448,"0223 - 4938128 / 0223 - 4917117"
449,"011 - 42577304"
450,"0221 - 4533626"
451,"011 - 47657770"
452,"011 - 42551767"
453,"011 - 46591535"
454,"011 - 47243000"
455,"0291 - 4593600/11"
456,"0223 - 4770262"
457,"0221 - 4211195"
458,"02293 - 422010/14"
459,"02281 - 4423644"
460,"011 - 47131762"
461,"0221 - 1142922020"
462,"0291 - 4562220"
463,"011 - 33851"
464,"0483 - 6147"
465,"011 - 43728289"
466,"011 - 1541426502"
467,"011 - 48117575"
468,"011 - 49326845"
469,"011 - 47893600"
470,"011 - 43823767"
471,"011 - 55305700"
472,"011 - 45514318"
473,"011 - 48161083"
474,"011 - 48128449"
475,"011 - 48121166"
476,"011 - 52732000"
477,"011 - 59508509"
478,"011 - 49590200"
479,"011 - 57772500"
480,"011 - 47781587"
481,"011 - 49613091"
482,"011 - 48315900"
483,"011 - 47734889"
484,"011 - 50323358"
485,"0362 - 4425050"
486,"0362 - 413594/96"
487,"0362 - 4428243"
488,"0362 - 4429155"
489,"0297 - 4461800 INT DCION 266/3"
490,"0280 - 4451240 / 4451226"
491,"0297 - 4470600"
492,"0280 - 154553375"
493,"0358 - 4643654"
494,"0351 - 5699611"
495,"0351 - 4694466"
496,"0351 - 4247351"
497,"0351 - 4257182"
498,"0351 - 4348350"
499,"0351 - 4348761"
500,"0351 - 4331053"
501,"03543 - 429142"
502,"0379 - 435122"
503,"0343 - 4313744"
504,"0343 - 4232090"
505,"0343 - 4233707/5877"
506,"0388 - 4221037"
507,"0338 - 4231999"
508,"02954 - 455000"
509,"0380 - 4453552"
510,"0261 - 4203546"
511,"0261 - 4059000"
512,"0263 - 4420158"
513,"02622 - 422324"
514,"0263 - 442253"
515,"0800 - 8002368"
516,"0261 - 4972277"
517,"0260 - 4422580"
518,"0261 - 4236184"
519,"261 - 4233560"
520,"0261 - 4497541"
521,"0261 - 4491100"
522,"0261 - 4274530"
523,"0261 - 4246553"
524,"376-4913422"
525,"0376 - 4443700"
526,"03752 - 427151"
527,"03752 - 420543 / 440140"
528,"0299 - 4489966"
529,"0299 - 4424170"
530,"0299 - 4436006"
531,"0299 - 4490800"
532,"0294 - 4426467"
533,"0294 - 4426119 / 0294 - 4426100 int 395"
534,"0387 - 4398880"
535,"0387 - 4325000"
536,"0387 - 4954900"
537,"0387 - 4222272"
538,"0264 - 4273587"
539,"0264 - 4200962"
540,"0264 - 4227404"
541,"0264 - 4330880"
542,"02657 - 422558"
543,"0266 - 4443054"
544,"0266 - 4452000"
545,"0341 - 4249925"
546,"0342 - 4599902"
547,"0341 - 4404404"
548,"0341 - 4714510"
549,"0341 - 4721111"
550,"0342 - 4575712/13/17"
551,"0342 - 4573357"
552,"0341 - 4809144"
553,"0341 - 4724649/43"
554,"0341 - 4240005"
555,"0341 - 4209024"
556,"0341 - 4476600"
557,"0341 - 5309000"
558,"0341 - 4868960"
559,"0342 - 4520091"
560,"03492 - 423976"
561,"0385 - 4213252"
562,"0381 - 4214422"
563,"0381 - 4354357"
564,"03814 - 721002"
565,"0381 - 4320776"
566,"0381 - 4309309"
567,"(614) 2662219"
568,"(121) 3217746"
569,"(997) 7745391"
570,"(447) 1295521"
571,"(939) 8667825"
572,"(207) 2908236"
573,"(888) 9050951"
574,"(210) 7183304"
575,"(600) 6214039"
576,"(965) 2361973"
577,"(514) 6236558"
578,"(310) 8658531"
579,"(261) 6348179"
580,"(567) 4130672"
581,"(651) 6943770"
582,"(227) 5474719"
583,"(789) 1151309"
584,"(349) 7506962"
585,"(360) 3459466"
586,"(682) 5051188"
587,"(867) 9411611"
588,"(222) 5537811"
589,"(237) 7360611"
590,"(852) 4007016"
591,"(333) 2341616"
592,"(445) 6667646"
593,"(714) 6984550"
594,"(322) 7813553"
595,"(562) 8586150"
596,"(332) 2093913"
597,"(949) 2265708"
598,"(126) 1815059"
599,"(455) 7545231"
600,"(801) 5703443"
601,"(298) 1868770"
602,"(713) 5243708"
603,"(292) 7053853"
604,"(600) 4270632"
605,"(942) 3100997"
606,"(902) 5349781"
607,"(670) 4666415"
608,"(484) 2568640"
609,"(627) 2655027"
610,"(534) 2624419"
611,"(881) 5254412"
612,"(886) 3429816"
613,"(797) 6043826"
614,"(298) 8565980"
615,"(769) 7527355"
616,"(808) 1456851"
617,"(911) 7737754"
618,"(608) 6784044"
619,"(532) 2715941"
620,"(247) 4309405"
621,"(508) 1905049"
622,"(781) 9248009"
623,"(642) 9093576"
624,"(187) 1765212"
625,"(163) 5893606"
626,"(653) 9341517"
627,"(495) 2107069"
628,"(702) 2988837"
629,"(705) 4257434"
630,"(736) 8633099"
631,"(978) 6715789"
632,"(959) 6683051"
633,"(859) 3149738"
634,"(427) 8465984"
635,"(931) 1246903"
636,"(923) 4572860"
637,"(884) 5926336"
638,"(218) 3460115"
639,"(297) 9969707"
640,"(347) 7032789"
641,"(173) 2833286"
642,"(821) 3508061"
643,"(996) 6458603"
644,"(921) 6940316"
645,"(234) 1259509"
646,"(210) 3949982"
647,"(558) 5019489"
648,"(495) 5160640"
649,"(802) 7552035"
650,"(770) 5122988"
651,"(533) 4872544"
652,"(135) 3193064"
653,"(748) 7441737"
654,"(647) 1542381"
655,"(156) 5523089"
656,"(313) 1313373"
657,"(689) 8173112"
658,"(892) 1547817"
659,"(615) 8872549"
660,"(523) 6575003"
661,"(798) 9717364"
662,"(610) 7260226"
663,"(791) 1224964"
664,"(548) 7001181"
665,"(577) 6774000"
666,"(934) 1001414"
667,"(792) 1987040"
668,"(757) 5790211"
669,"(293) 5898808"
670,"(351) 1228330"
671,"(131) 9379434"
672,"(687) 1724933"
673,"(396) 6982903"
674,"(753) 9422999"
675,"(863) 8525843"
676,"(630) 2067434"
677,"(425) 5238876"
678,"(629) 5546380"
679,"(305) 6087057"
680,"(127) 7986921"
681,"(322) 8395675"
682,"(953) 8231818"
683,"(992) 7857041"
684,"(616) 5895081"
685,"(770) 2773672"
686,"(606) 1201584"
687,"(303) 8010488"
688,"(659) 9919895"
689,"(401) 2486325"
690,"(145) 9089185"
691,"(910) 6246439"
692,"(522) 3513403"
693,"(884) 3034345"
694,"(810) 9261302"
695,"(692) 6352386"
696,"(317) 3460816"
697,"(709) 3753201"
698,"(378) 2104599"
699,"(289) 3512499"
700,"(395) 1475546"
701,"(866) 9252821"
702,"(191) 3762843"
703,"(945) 9838015"
704,"(622) 4983260"
705,"(196) 8862809"
706,"(357) 7572981"
707,"(143) 4042109"
708,"(264) 2912894"
709,"(215) 2427647"
710,"(457) 7204004"
711,"(918) 1196770"
712,"(717) 7750435"
713,"(413) 8541934"
714,"(646) 5404257"
715,"(750) 5569768"
716,"(558) 1905131"
717,"(940) 7083013"
718,"(493) 7694227"
719,"(600) 6024456"
720,"(233) 4350898"
721,"(254) 3827470"
722,"(601) 9318782"
723,"(912) 3618853"
724,"(246) 8639040"
725,"(801) 6300957"
726,"(480) 3355510"
727,"(982) 2088059"
728,"(600) 9333412"
729,"(239) 9758684"
730,"(872) 9290375"
731,"(839) 2470536"
732,"(389) 7967326"
733,"(882) 3433659"
734,"(292) 8825330"
735,"(585) 8689088"
736,"(708) 8257998"
737,"(920) 7628585"
738,"(884) 4634590"
739,"(635) 9486009"
740,"(854) 2465660"
741,"(285) 2601034"
742,"(870) 3189558"
743,"(401) 3062741"
744,"(473) 6089333"
745,"(841) 4620960"
746,"(536) 2126956"
747,"(370) 7409478"
748,"(453) 5392476"
749,"(817) 1641680"
750,"(117) 2173519"
751,"(912) 9522478"
752,"(714) 3513310"
753,"(981) 1530021"
754,"(221) 2133460"
755,"(983) 2985706"
756,"(359) 6777545"
757,"(492) 2659057"
758,"(229) 5697960"
759,"(472) 4030605"
760,"(792) 1679581"
761,"(529) 7482795"
762,"(852) 6456879"
763,"(464) 2891298"
764,"(814) 7006990"
765,"(272) 7949881"
766,"(847) 4088376"
767,"(568) 9912534"
768,"(512) 9209415"
769,"(627) 5551447"
770,"(587) 7678583"
771,"(445) 5986639"
772,"(696) 2194537"
773,"(479) 7096744"
774,"(584) 7660768"
775,"(999) 8593765"
776,"(248) 1359536"
777,"(144) 4549720"
778,"(602) 1384635"
779,"(228) 2483369"
780,"(345) 4524769"
781,"(908) 9716193"
782,"(580) 2025460"
783,"(129) 2593023"
784,"(807) 8583568"
785,"(903) 1625683"
786,"(243) 3606781"
787,"(805) 1796847"
788,"(878) 9763542"
789,"(728) 4482662"
790,"(229) 8042799"
791,"(463) 4056936"
792,"(909) 1042911"
793,"(961) 2924882"
794,"(144) 9221176"
795,"(460) 6695639"
796,"(158) 4855289"
797,"(472) 6035935"
798,"(458) 7651980"
799,"(730) 3041676"
800,"(212) 5685725"
801,"(717) 7589411"
802,"(592) 4620476"
803,"(387) 8649319"
804,"(548) 3312092"
805,"(771) 1482217"
806,"(666) 1534278"
807,"(931) 8215307"
808,"(238) 2876885"
809,"(680) 4469686"
810,"(121) 7357963"
811,"(870) 2613012"
812,"(695) 2906154"
813,"(998) 1841225"
814,"(228) 6943882"
815,"(231) 4369266"
816,"(503) 6905746"
817,"(465) 6753136"
818,"(967) 8869640"
819,"(704) 2488147"
820,"(335) 3494709"
821,"(946) 9340273"
822,"(909) 7365680"
823,"(620) 2199841"
824,"(392) 2237351"
825,"(114) 8260871"
826,"(311) 7997626"
827,"(986) 2441339"
828,"(642) 4882791"
829,"(900) 1327654"
830,"(596) 3311674"
831,"(521) 7519912"
832,"(209) 6311182"
833,"(682) 7335441"
834,"(224) 1070447"
835,"(734) 2665066"
836,"(684) 3526835"
837,"(765) 8802517"
838,"(404) 6929312"
839,"(245) 6367029"
840,"(353) 9779346"
841,"(537) 8450972"
842,"(461) 1441378"
843,"(412) 3449763"
844,"(156) 7874263"
845,"(940) 5119178"
846,"(821) 9652557"
847,"(517) 3091477"
848,"(728) 4848872"
849,"(371) 2270009"
850,"(781) 2141373"
851,"(760) 7265073"
852,"(213) 2836174"
853,"(648) 8645376"
854,"(509) 9778298"
855,"(967) 2309451"
856,"(531) 6617994"
857,"(813) 9683312"
858,"(672) 4792652"
859,"(345) 1155571"
860,"(204) 7421314"
861,"(240) 7804329"
862,"(315) 4393410"
863,"(946) 2126526"
864,"(103) 7520260"
865,"(988) 7662662"
866,"(675) 7484541"
867,"(805) 3261466"
868,"(417) 2005916"
869,"(391) 9604917"
870,"(522) 9602854"
871,"(177) 3900203"
872,"(488) 9217744"
873,"(230) 5976345"
874,"(351) 3476717"
875,"(833) 5466045"
876,"(296) 2309936"
877,"(400) 5024358"
878,"(803) 2528247"
879,"(825) 2126592"
880,"(248) 2511321"
881,"(948) 2602857"
882,"(273) 6534372"
883,"(645) 4205021"
884,"(574) 5777858"
885,"(552) 9691989"
886,"(255) 9476294"
887,"(966) 9387710"
888,"(610) 9944181"
889,"(913) 2273110"
890,"(533) 7199122"
891,"(102) 4095250"
892,"(426) 3431459"
893,"(912) 6308197"
894,"(420) 9021953"
895,"(766) 2750424"
896,"(964) 6923919"
897,"(456) 5412221"
898,"(925) 6212002"
899,"(651) 9025252"
900,"(752) 8087710"
901,"(298) 1105493"
902,"(859) 6521169"
903,"(670) 7847041"
904,"(948) 9723477"
905,"(996) 1626893"
906,"(442) 6954713"
907,"(891) 7272165"
908,"(298) 4714877"
909,"(698) 5748571"
910,"(511) 6758559"
911,"(924) 2854443"
912,"(755) 5863582"
913,"(239) 4401002"
914,"(237) 3825570"
915,"(144) 2889553"
916,"(566) 9606531"
917,"(975) 6939529"
918,"(665) 5951091"
919,"(868) 6171859"
920,"(911) 1292016"
921,"(744) 4073995"
922,"(453) 1791580"
923,"(639) 5399512"
924,"(697) 9010596"
925,"(324) 2406962"
926,"(339) 6631847"
927,"(921) 9442126"
928,"(730) 3638783"
929,"(685) 5492331"
930,"(197) 6217402"
931,"(670) 2814605"
932,"(682) 3259286"
933,"(127) 5333796"
934,"(436) 1166885"
935,"(783) 1263058"
936,"(632) 1861098"
937,"(351) 2836110"
938,"(530) 1756752"
939,"(825) 8602582"
940,"(490) 5593043"
941,"(277) 6668171"
942,"(374) 8902822"
943,"(964) 3663890"
944,"(220) 7359234"
945,"(757) 8632674"
946,"(536) 3896321"
947,"(601) 7187130"
948,"(216) 7367793"
949,"(853) 3129800"
950,"(275) 2115110"
951,"(762) 5838809"
952,"(854) 1702944"
953,"(146) 3260684"
954,"(632) 3131943"
955,"(312) 8502476"
956,"(243) 2594972"
957,"(313) 8091519"
958,"(614) 7286360"
959,"(747) 5507459"
960,"(109) 6089743"
961,"(205) 3982658"
962,"(199) 3965342"
963,"(966) 2764511"
964,"(466) 8636488"
965,"(732) 8798475"
966,"(694) 4856601"
967,"(121) 6337365"
968,"(567) 2498816"
969,"(414) 8164815"
970,"(960) 6958143"
971,"(372) 8221291"
972,"(773) 5381750"
973,"(433) 2577561"
974,"(334) 1301303"
975,"(765) 3148151"
976,"(191) 3514099"
977,"(607) 4657395"
978,"(245) 2921986"
979,"(337) 5546435"
980,"(277) 2080956"
981,"(390) 8369189"
982,"(610) 5081552"
983,"(926) 2493350"
984,"(963) 6561363"
985,"(386) 2958863"
986,"(174) 3960389"
987,"(797) 3797529"
988,"(578) 4683480"
989,"(615) 5021756"
990,"(230) 4095196"
991,"(838) 3732134"
992,"(114) 1703276"
993,"(376) 4733238"
994,"(630) 3784690"
995,"(695) 2431294"
996,"(494) 8303879"
997,"(697) 2651581"
998,"(290) 4910869"
999,"(904) 2784669"
1000,"(553) 9499623"
1001,"(637) 3742118"
1002,"(198) 2608973"
1003,"(715) 5125065"
1004,"(346) 2969607"
1005,"(724) 6137165"
1006,"(420) 2205100"
1007,"(400) 9268025"
1008,"(391) 8726757"
1009,"(950) 7538334"
1010,"(403) 1892184"
1011,"(553) 4079338"
1012,"(146) 9274206"
1013,"(336) 9025809"
1014,"(311) 8391903"
1015,"(705) 6840049"
1016,"(682) 5566322"
1017,"(944) 4400490"
1018,"(849) 9916660"
1019,"(327) 1534248"
1020,"(612) 3329247"
1021,"(566) 4489462"
1022,"(930) 1206872"
1023,"(186) 7706313"
1024,"(739) 2376046"
1025,"(784) 9793038"
1026,"(912) 5953299"
1027,"(631) 7915660"
1028,"(385) 1143044"
1029,"(230) 8959654"
1030,"(415) 6119250"
1031,"(447) 2331736"
1032,"(324) 7453596"
1033,"(847) 7471117"
1034,"(556) 9579120"
1035,"(962) 6274319"
1036,"(360) 8264557"
1037,"(936) 7677424"
1038,"(831) 2035894"
1039,"(552) 1159354"
1040,"(404) 6427226"
1041,"(928) 5130869"
1042,"(164) 1842097"
1043,"(262) 9804350"
1044,"(337) 9258573"
1045,"(554) 8164224"
1046,"(916) 3409966"
1047,"(947) 6343874"
1048,"(715) 4014622"
1049,"(741) 6850931"
1050,"(618) 3887907"
1051,"(777) 4071969"
1052,"(342) 1956052"
1053,"(907) 8508551"
1054,"(113) 5404700"
1055,"(886) 2887157"
1056,"(566) 4990352"
1057,"(627) 2082027"
1058,"(698) 4165324"
1059,"(479) 5549219"
1060,"(924) 5557544"
1061,"(665) 5200044"
1062,"(132) 8026579"
1063,"(483) 4658821"
1064,"(779) 5199820"
1065,"(836) 2443717"
1066,"(333) 2607997"
