id;nombre
252474;Aritate
253050;Meloperasine
254956;Mepatabid
277140;Tamsutate
284825;Decoconde
310192;Zylalondine
332582;Adisinon
334382;Napothromymuc
334828;Basperafen
340664;Robispolam
356159;Tamosoprodex
357407;Aerochloridezon
385195;Gentazone
400627;Arisonde
414478;Benytraphane
476358;Banbutamdine
480331;Adipazon
500605;Mirachloriderex
521151;Enafatec
525790;Monosildine
530397;Syndotate
537998;Monobutamnal
542460;Metopuridar
552655;Panazotex
588616;Irehydronide
596816;Lastetanlat
615052;Lisifapren
617220;Nitochloridevir
622759;Tylosilvir
631889;Acaxanon
636538;Metrooxelol
669202;Diclolonlam
676881;Noradipixel
695760;Miradipimuc
728121;Fibragofen
742675;Noraniino
760178;Acixade
761852;Aditamvant
788271;Hepasiphane
811715;Furosonxin
819677;Monoclovant
821283;Doxasoprovant
825824;Flupazol
827062;Bunanal
851897;Ibunaxel
856055;Valcozotex
857435;Acytanzon
864590;Rythmotamnor
865127;Tamsuthromylat
876764;Indosponal
881783;Mykonavir
882061;Acoxacose
888318;Cloxalol
893888;Fenosoncose
911281;Gabaxadene
913502;Levosiino
913615;Alpoxadex
940016;Ciclosponide
947593;Fibracarpamcose
958174;Adeltannor
974013;Actipuricose
974187;Iprohydrozon
976085;Xylosonvir
976883;Neuthromyvase
1003728;Pentotafen
1009182;Pipechlorideino
1023858;Monothromypin
1036170;Hibitamtec
1050552;Bucarpamlol
1057522;Banzoxin
1064102;Hapacarpamzyl
1071381;Vomasonliq
1077002;Adisiltad
1079744;Parabutamlat
1082600;Furocarpamhex
1083581;Pentotamban
1085178;Nitobutamzon
1087449;Ebispotan
1089095;Iodosihex
1090005;Valcosilxel
1094732;Amcidrophane
1115102;Acospotriol
1118462;Dextrocurtex
1128589;Levosopronide
1130893;Indomanide
1131270;Famocarpamvex
1135577;Adipurite
1149261;Flosilino
1152878;Fluxapren
1158265;Carvipurisine
1159719;Losasponide
1165482;Konixafen
1169109;Infacarpamcose
1180049;Lidohydrozyl
1181058;Actitamdene
1187227;Metrodipifast
1188326;Enapavex
1194854;Lefucurpin
1195590;Ulcoperipex
1201878;Clothromyfen
1206708;Osazoque
1212050;Omecarpamvir
1215835;Enasonpren
1245617;Candipavant
1255391;Protantad
1259419;Diclopaban
1264501;Diclonivant
1266670;Serraoxecose
1268823;Tamsunanon
1271151;Herpeperitex
1292599;Polimazyl
1298306;Chlorsonvase
1298466;Aprogolat
1314073;Acesoproque
1314111;Interoxecose
1321352;Ibusixol
1333928;Endofamuc
1342264;Zylaoxepex
1360010;Aeroconxin
1363365;Micolonne
1375498;Oxispovant
1375977;Gynonadine
1377661;Xylofaxel
1381171;Diclocarpamban
1385417;Chlorpanon
1394650;Tamotavir
1397690;Dynapurinor
1401252;Lisiclovir
1407457;Doxperivex
1410298;Acoconnal
1413273;Aprodrovase
1423893;Adigohex
1437232;Medicloque
1446516;Kitabutamliq
1446607;Doxathromynide
1447633;Konioxelol
1448585;Dextrosildex
1449810;Herpezomuc
1450250;Loxadipizon
1451221;Vomagonide
1463291;Influzotriol
1475244;Infatamnon
1486743;Alpoclosol
1489778;Ribatradene
1501200;Interoxesine
1507508;Logopurivase
1513301;Furoperapren
1513669;Actisoprolam
1515937;Iregodene
1521863;Allerhydropos
1524884;Minicurpren
1552166;Adelsoprolat
1555408;Alfihydrotan
1574787;Metoxanal
1606718;Betaxafen
1611309;Clotansol
1623174;Levotratriol
1623499;Ecohydrotad
1629485;Haloclobid
1644966;Duothromyvex
1653023;Ulcosimuc
1656788;Tenotamlat
1679820;Bilonnide
1683745;Acyhydrode
1698552;Logoxaque
1705708;Oxybutamzyl
1721906;Epicarpamxin
1748229;Amfobutamtex
1755129;Doxyfamuc
1784850;Gabadipilol
1786829;Tamosoprodex
1790326;Cloconne
1799960;Loxazolat
1823734;Dichloridefast
1837011;Oxyoxezol
1847447;Acoconrex
1850541;Oxitafen
1855009;Furozotad
1856777;Neosoprolat
1862384;Adioxeino
1869816;Loxafazon
1873546;Ribaxadorm
1887299;Iridrotec
1894308;Halotratriol
1897914;Velosoprotriol
1911391;Decoperine
1914219;Dexinidex
1940339;Calcichlorideque
1941186;Enahydrotex
1944969;Acopurilam
1948169;Viromaphane
1955261;Kitathromynal
1982792;Ofloxapos
1994147;Lastedropex
1995132;Lisisoprotex
1999760;Renaperanon
2010905;Reduclovir
2013895;Gabazocose
2014778;Ireoxedine
2014874;Hapalonpos
2035489;Valcotammuc
2047934;Chlortracin
2050497;Betaperaxel
2066140;Doxasonxin
2073291;Mirachloridemuc
2074800;Calcizolat
2104036;Allolonvant
2121999;Lomanide
2122435;Oflopavase
2122935;Adibutamnal
2130536;Serraperavex
2131461;Lidosoprobid
2176873;Adigocin
2187112;Tridrovir
2188463;Interspovase
2195152;Acythromyque
2195899;Adeltraxin
2225218;Adidipicin
2269832;Indanadene
2302197;Carviperine
2304187;Perisildar
2304425;Flonafast
2323062;Medixavex
2339094;Acefacose
2340426;Lefuhydrocin
2341194;Zytonalol
2345595;Velopuricept
2350109;Moxiperivir
2378300;Duradipiliq
2379849;Abeoxede
2392368;Calcitaliq
2402402;Radithromylol
2402439;Dexisonhex
2404935;Mecosonvex
2417285;Captosildorm
2432057;Alfucarpamvir
2432758;Gabasilvase
2434340;Xylosoproxel
2449900;Doxaxanon
2451683;Betaconmuc
2460082;Lidosicose
2481641;Medinisol
2489166;Kitathromyxin
2491332;Actilonvir
2494258;Pentozoque
2498698;Carvithromysine
2529878;Metrocarpampin
2543303;Actiperilat
2547351;Neucondex
2559930;Nevocurino
2592891;Lisixadorm
2623156;Ribapuridine
2625744;Irufavant
2639485;Dextroxavant
2646219;Moxinidar
2660733;Arixalol
2671631;Mecoperamuc
2683398;Adelgobid
2696034;Alpotasol
2716005;Episilliq
2717245;Benyperitan
2727729;Ibuoxelol
2754597;Paratrate
2757821;Dermoperamuc
2776677;Isothromytan
2784160;Aerohydroino
2814624;Indozoliq
2819171;Diclopurinon
2822019;Allertamdorm
2824005;Osaperisine
2829443;Arisopromuc
2847140;Adicarpamzyl
2859909;Levocarpamxel
2875018;Virooxerex
2886504;Abehydrolam
2887341;Neucarpamxin
2891022;Moxininon
2904894;Minioxenal
2909521;Nitoclofen
2913059;Reduxazon
2913857;Loxaxanon
2922828;Acticlopin
2932800;Banchloridexol
2939414;Redubutamfast
2942001;Ditamvant
2949657;Pipexaban
2956652;Decopurifen
2959638;Carvioxefen
2978488;Acaxacose
2993928;Robicloxin
3001197;Felosilvase
3005416;Cefatravex
3023071;Candioxefen
3034656;Acisilnor
3037972;Alpotatan
3038333;Acyfavase
3048153;Ibuperilol
3051875;Ketospotec
3056430;Moxisiban
3061429;Zapratambid
3082956;Neusoprovir
3088037;Adeltrazol
3089468;Etoclopren
3127934;Ciclonivant
3144340;Gentahydrofen
3152836;Aprodipizyl
3160063;Betapaino
3162795;Kitanixin
3167901;Serraspohex
3167966;Zaprasonque
3182844;Zylasixol
3182987;Panatamzyl
3184058;Flozodex
3186726;Isolonde
3227054;Adelpatan
3229921;Allernabid
3233344;Lastetamtex
3233391;Amfopatriol
3237232;Septoxaxol
3238230;Gynooxede
3244308;Tylotanfen
3244902;Duozoban
3246682;Triconpos
3249404;Lefucarpamnon
3251877;Laxobutamtex
3264945;Epiperabid
3265798;Azihydroque
3285039;Mecotraxin
3286638;Ibuperazyl
3298162;Iripaphane
3305248;Tamsufadar
3307755;Enaoxexin
3318511;Doxtaphane
3327572;Acychlorideino
3327783;Fenooxelat
3328095;Chlorgocin
3332326;Actilonfen
3343078;Acatamcin
3360129;Radisiltad
3372074;Calciclosol
3392047;Acytaque
3413781;Afsondar
3418673;Dynaclodar
3436525;Pantoxapin
3439957;Lyosonpex
3442627;Napoxadex
3443885;Azicarpamde
3449578;Lisitandex
3480089;Rythmopalam
3490823;Konilontriol
3504819;Zapratanban
3506037;Banchloridevant
3509375;Adelnatan
3531583;Dexatanpos
3531711;Bicurpin
3536950;Enacurxin
3550543;Irufabid
3563083;Acysidar
3579094;Indaspode
3597439;Diclonamuc
3608821;Doxmapren
3623768;Neoperixol
3635837;Captosiltan
3644711;Durasoprovase
3652127;Xylosoprobid
3654677;Loxasonbid
3664514;Norafapren
3673078;Adiclodorm
3676930;Iruclorex
3685705;Adelhydromuc
3704744;Aeropuripex
3704773;Peridipivir
3715386;Iprocarpamban
3727237;Cyclosillam
3728965;Calcimadorm
3732470;Indonanor
3746259;Duoninon
3765162;Gynozoque
3770449;Doxagoxol
3771935;Adizodex
3779526;Bisilzol
3783694;Vomasoncin
3791417;Lastetaphane
3801489;Bupazol
3806235;Tenofazol
3813123;Metrochloridevant
3821014;Clotamhex
3835300;Furotamte
3840652;Doxanaque
3845084;Dextrohydropos
3861794;Panaperahex
3863617;Tamsubutamnon
3869070;Clotantan
3873852;Mepapadex
3892791;Oxyhydronor
3897555;Vovedipivir
3918529;Tyloxamuc
3921334;Zithroclode
3932857;Metosilino
3941593;Acochloridelol
3943254;Herpesoproban
3956288;Adihydroliq
3959329;Benysoprode
3962843;Xylotrafen
3966184;Logomasine
3974742;Chlorlonlam
3974874;Aritraino
3988591;Adiconde
3995175;Novofaxin
3997336;Haloperivant
3997673;Acaside
4001389;Pentotadene
4029606;Iprospobid
4030503;Napobutammuc
4046755;Cefahydrovir
4062417;Butrabid
4064007;Amcinidorm
4066212;Lastelonde
4085345;Vovethromydex
4097729;Polylondorm
4100254;Halosidar
4114350;Natagovir
4115135;Carvigopex
4120690;Ometanzyl
4126603;Natasiltad
4127867;Zaprafapin
4129202;Amcipuricept
4142344;Metobutamtec
4143743;Furoxatad
4151832;Tamotradex
4151862;Abegotad
4164299;Endoconxol
4173610;Isoperafen
4183574;Alfusilpin
4191689;Zytosoprovir
4206950;Cycloxafen
4207078;Septotantriol
4211471;Vitaoxelam
4212527;Gentathromypin
4218676;Acytatad
4256423;Flupaban
4272516;Flutaliq
4290795;Felocarpamtad
4291577;Triperitec
4311389;Flothromyxel
4314884;Oximadine
4328049;Ramimavir
4344137;Osaxasol
4349741;Deltanatad
4350647;Nevogotec
4357276;Ibuoxezyl
4358183;Felohydrocept
4358632;Diclotrafen
4365370;Cefatandorm
4365938;Metonidex
4366515;Levooxecose
4376055;Konicurrex
4376228;Mucosonxol
4394194;Syndosifen
4406153;Zalefaino
4409526;Ecodrolat
4423873;Halotamhex
4424017;Virotande
4453477;Mirasoprodex
4470718;Fibrataxol
4483094;Metocurpex
4503866;Abepatan
4506077;Herpethromydine
4516145;Iprotampren
4517066;Acifacose
4524612;Tripurilol
4538174;Vitasitan
4565337;Ibusiltriol
4568922;Acoxatriol
4572472;Amfotamtan
4581749;Enapaxel
4582302;Ofloperirex
4602663;Tamsugoxin
4617742;Diclosilpren
4619016;Acicloque
4619091;Hibitatec
4632377;Famoninor
4646330;Afpacose
4663545;Adinifen
4671598;Lisioxeino
4683554;Muconidar
4694389;Lisimalat
4697302;Dynazozyl
4708321;Irethromyte
4722109;Aftamnal
4741037;Adichloridedex
4750048;Acaperique
4753637;Acipadene
4776763;Candizotec
4777825;Konitaxin
4806232;Azithromynon
4808170;Hibicurque
4831263;Captoperizon
4838648;Novooxeino
4843284;Vitalonzol
4845358;Clotazyl
4847070;Pipenimuc
4858576;Neospotad
4861237;Pipehydrotec
4884047;Ramidrocose
4891838;Allohydropren
4897727;Oxycarpamdar
4911933;Bastazol
4913246;Fenopazon
4919771;Zapramaque
4928345;Herpesonino
4968041;Tylotandene
5014767;Adeltadine
5021812;Dioxevase
5021860;Noratamtan
5027540;Abesoprobid
5058150;Medinanal
5060066;Hepaspocose
5072356;Xylothromyque
5076632;Ramichloridedex
5079082;Ramiperadorm
5085981;Zytobutamnide
5088092;Flocarpamzyl
5100318;Doxyzovex
5108631;Dermamapos
5118107;Serranahex
5120448;Hepaxaphane
5125406;Radisoncose
5145922;Acotanhex
5157678;Allohydroxin
5170005;Velochloridenor
5182853;Panatratex
5201706;Betadrophane
5202635;Noraconxel
5204812;Endomadene
5237599;Veloperide
5244746;Alfugosine
5246641;Muconaxol
5264138;Felohydrovant
5272263;Duolonvir
5276731;Aprofasine
5289317;Mepaoxerex
5322899;Tamospotan
5329270;Acyhydrodene
5329976;Robigodene
5337706;Tenoperadar
5342984;Serratampren
5345758;Exothromysol
5350807;Acosildine
5361893;Epinaino
5373759;Redudipifen
5391679;Vomaspodar
5428696;Hibidrozon
5429547;Furosoprofast
5447123;Iodohydrozyl
5450914;Acyxalol
5452193;Basconphane
5466779;Ibusipex
5522636;Napothromydorm
5525049;Metrohydrotan
5527319;Nitocurque
5538095;Endothromyde
5548595;Minizofen
5550110;Lastetafast
5551757;Neothromyvant
5561064;Duotamlol
5578046;Medrobutamfen
5581411;Betaconque
5600783;Laxotamfen
5601784;Osacurxin
5609958;Neupafast
5614261;Velocurnide
5623542;Acoconxol
5646648;Zapracarpamtex
5646696;Tamochloridelol
5649191;Lefucarpamtan
5649531;Bancurnon
5657380;Gabasildene
5659840;Acetalol
5662804;Dicloconphane
5663616;Ramisipos
5673206;Velogofen
5725932;Lyofanal
5738757;Indathromyque
5741497;Acaclote
5747727;Actithromydene
5756146;Hapagodex
5766204;Simeperahex
5767904;Irutaxin
5769453;Miraspodene
5774435;Herpechloridedine
5776704;Alposoprovir
5781769;Captodrolol
5792537;Nevocurnon
5812549;Ibulonpin
5819741;Parasilol
5832786;Nevolontec
5842501;Affalol
5858849;Carvisonfen
